"site.type","month","day","n","date","temp.soil.mean","temp.soil.mean.dt","temp.soil.se.daily","temp.ground.mean","temp.ground.mean.dt","temp.ground.se.daily","moisture.soil.mean","moisture.soil.mean.dt","moisture.soil.se.daily"
"concave.gentle",6,26,3,2025-06-26,16.3288070175439,0.41436660360224,1.12038455067773,15.6313333333334,-0.28310708060826,1.01289781001358,2.12315789473684,-13.7912825192048,0.106096699737978
"concave.gentle",6,26,3,2025-06-26,16.3288070175439,0.41436660360224,1.12038455067773,15.6313333333334,-0.28310708060826,1.01289781001358,2.12315789473684,-13.7912825192048,0.106096699737978
"concave.gentle",6,26,3,2025-06-26,16.3288070175439,0.41436660360224,1.12038455067773,15.6313333333334,-0.28310708060826,1.01289781001358,2.12315789473684,-13.7912825192048,0.106096699737978
"concave.gentle",6,27,3,2025-06-27,17.2409027777778,0.118539481123347,1.10500810498622,17.8090972222222,0.686733925567781,0.996559457370056,2.53159722222222,-14.5907660744322,0.0870323426383736
"concave.gentle",6,27,3,2025-06-27,17.2409027777778,0.118539481123347,1.10500810498622,17.8090972222222,0.686733925567781,0.996559457370056,2.53159722222222,-14.5907660744322,0.0870323426383736
"concave.gentle",6,27,3,2025-06-27,17.2409027777778,0.118539481123347,1.10500810498622,17.8090972222222,0.686733925567781,0.996559457370056,2.53159722222222,-14.5907660744322,0.0870323426383736
"concave.gentle",6,28,3,2025-06-28,18.3167361111111,0.223058939566222,1.02143634636898,18.6388541666667,0.545176995121756,0.889188835569224,2.73993055555556,-15.3537466159894,0.217792492151004
"concave.gentle",6,28,3,2025-06-28,18.3167361111111,0.223058939566222,1.02143634636898,18.6388541666667,0.545176995121756,0.889188835569224,2.73993055555556,-15.3537466159894,0.217792492151004
"concave.gentle",6,28,3,2025-06-28,18.3167361111111,0.223058939566222,1.02143634636898,18.6388541666667,0.545176995121756,0.889188835569224,2.73993055555556,-15.3537466159894,0.217792492151004
"concave.gentle",6,29,3,2025-06-29,19.1158680555555,0.274943012854581,1.01414661690538,19.1722222222222,0.331297179521248,0.981308024081602,2.85381944444444,-15.9871055982565,0.308582114661881
"concave.gentle",6,29,3,2025-06-29,19.1158680555555,0.274943012854581,1.01414661690538,19.1722222222222,0.331297179521248,0.981308024081602,2.85381944444444,-15.9871055982565,0.308582114661881
"concave.gentle",6,29,3,2025-06-29,19.1158680555555,0.274943012854581,1.01414661690538,19.1722222222222,0.331297179521248,0.981308024081602,2.85381944444444,-15.9871055982565,0.308582114661881
"concave.gentle",6,30,3,2025-06-30,19.3672569444444,-0.162398212907406,1.10455055946584,19.0817361111111,-0.447919046240739,0.988964116086614,2.821875,-16.7077801573518,0.378720452490039
"concave.gentle",6,30,3,2025-06-30,19.3672569444444,-0.162398212907406,1.10455055946584,19.0817361111111,-0.447919046240739,0.988964116086614,2.821875,-16.7077801573518,0.378720452490039
"concave.gentle",6,30,3,2025-06-30,19.3672569444444,-0.162398212907406,1.10455055946584,19.0817361111111,-0.447919046240739,0.988964116086614,2.821875,-16.7077801573518,0.378720452490039
"concave.gentle",7,1,3,2025-07-01,19.8743402777778,0.894516635011511,1.2100284002883,19.6129513888889,0.633127746122645,0.930017657166156,2.73298611111111,-16.2468375316551,0.436371035643358
"concave.gentle",7,1,3,2025-07-01,19.8743402777778,0.894516635011511,1.2100284002883,19.6129513888889,0.633127746122645,0.930017657166156,2.73298611111111,-16.2468375316551,0.436371035643358
"concave.gentle",7,1,3,2025-07-01,19.8743402777778,0.894516635011511,1.2100284002883,19.6129513888889,0.633127746122645,0.930017657166156,2.73298611111111,-16.2468375316551,0.436371035643358
"concave.gentle",7,2,3,2025-07-02,16.895625,-0.252743282812794,0.803440727769134,15.2838194444444,-1.86454883836833,0.395120018527628,4.11875,-13.0296182828128,0.940792828327966
"concave.gentle",7,2,3,2025-07-02,16.895625,-0.252743282812794,0.803440727769134,15.2838194444444,-1.86454883836833,0.395120018527628,4.11875,-13.0296182828128,0.940792828327966
"concave.gentle",7,2,3,2025-07-02,16.895625,-0.252743282812794,0.803440727769134,15.2838194444444,-1.86454883836833,0.395120018527628,4.11875,-13.0296182828128,0.940792828327966
"concave.gentle",7,3,3,2025-07-03,15.7936458333333,0.162467160984894,0.598281731371269,14.9934722222222,-0.637706450126207,0.408580257387037,3.68194444444445,-11.949234227904,0.778079755985453
"concave.gentle",7,3,3,2025-07-03,15.7936458333333,0.162467160984894,0.598281731371269,14.9934722222222,-0.637706450126207,0.408580257387037,3.68194444444445,-11.949234227904,0.778079755985453
"concave.gentle",7,3,3,2025-07-03,15.7936458333333,0.162467160984894,0.598281731371269,14.9934722222222,-0.637706450126207,0.408580257387037,3.68194444444445,-11.949234227904,0.778079755985453
"concave.gentle",7,4,3,2025-07-04,15.8022569444445,0.568237874993412,0.691235056969351,14.8901736111111,-0.343845458339921,0.444014927817314,5.45104166666667,-9.78297740278439,0.842018757145146
"concave.gentle",7,4,3,2025-07-04,15.8022569444445,0.568237874993412,0.691235056969351,14.8901736111111,-0.343845458339921,0.444014927817314,5.45104166666667,-9.78297740278439,0.842018757145146
"concave.gentle",7,4,3,2025-07-04,15.8022569444445,0.568237874993412,0.691235056969351,14.8901736111111,-0.343845458339921,0.444014927817314,5.45104166666667,-9.78297740278439,0.842018757145146
"concave.gentle",7,5,3,2025-07-05,15.0296527777778,-0.222083533392843,0.627995556651772,15.3450347222222,0.0932984110516226,0.469229062041087,14.8631944444444,-0.388541866726176,3.91836613235461
"concave.gentle",7,5,3,2025-07-05,15.0296527777778,-0.222083533392843,0.627995556651772,15.3450347222222,0.0932984110516226,0.469229062041087,14.8631944444444,-0.388541866726176,3.91836613235461
"concave.gentle",7,5,3,2025-07-05,15.0296527777778,-0.222083533392843,0.627995556651772,15.3450347222222,0.0932984110516226,0.469229062041087,14.8631944444444,-0.388541866726176,3.91836613235461
"concave.gentle",7,6,3,2025-07-06,16.4520138888889,0.249483918812582,0.872179577950577,17.1454166666667,0.942886696590382,0.703651387324897,12.5996527777778,-3.60287719229851,3.03974666697452
"concave.gentle",7,6,3,2025-07-06,16.4520138888889,0.249483918812582,0.872179577950577,17.1454166666667,0.942886696590382,0.703651387324897,12.5996527777778,-3.60287719229851,3.03974666697452
"concave.gentle",7,6,3,2025-07-06,16.4520138888889,0.249483918812582,0.872179577950577,17.1454166666667,0.942886696590382,0.703651387324897,12.5996527777778,-3.60287719229851,3.03974666697452
"concave.gentle",7,7,3,2025-07-07,18.0981944444445,0.442022967489109,0.887883952739342,18.3859375,0.729766023044643,0.880665650019242,11.2395833333333,-6.41658814362203,2.70408166543772
"concave.gentle",7,7,3,2025-07-07,18.0981944444445,0.442022967489109,0.887883952739342,18.3859375,0.729766023044643,0.880665650019242,11.2395833333333,-6.41658814362203,2.70408166543772
"concave.gentle",7,7,3,2025-07-07,18.0981944444445,0.442022967489109,0.887883952739342,18.3859375,0.729766023044643,0.880665650019242,11.2395833333333,-6.41658814362203,2.70408166543772
"concave.gentle",7,8,3,2025-07-08,18.6262152777778,0.30947246260453,0.921921542950436,18.8620833333333,0.545340518160062,0.956023883563196,10.096875,-8.21986781517325,2.38709252449212
"concave.gentle",7,8,3,2025-07-08,18.6262152777778,0.30947246260453,0.921921542950436,18.8620833333333,0.545340518160062,0.956023883563196,10.096875,-8.21986781517325,2.38709252449212
"concave.gentle",7,8,3,2025-07-08,18.6262152777778,0.30947246260453,0.921921542950436,18.8620833333333,0.545340518160062,0.956023883563196,10.096875,-8.21986781517325,2.38709252449212
"concave.gentle",7,9,3,2025-07-09,18.7434375,-0.241950620498352,1.04460534958018,20.2920138888889,1.30662576839052,1.13274068312158,9.13888888888889,-9.8464992316095,2.03650711554719
"concave.gentle",7,9,3,2025-07-09,18.7434375,-0.241950620498352,1.04460534958018,20.2920138888889,1.30662576839052,1.13274068312158,9.13888888888889,-9.8464992316095,2.03650711554719
"concave.gentle",7,9,3,2025-07-09,18.7434375,-0.241950620498352,1.04460534958018,20.2920138888889,1.30662576839052,1.13274068312158,9.13888888888889,-9.8464992316095,2.03650711554719
"concave.gentle",7,10,2,2025-07-10,20.5608854166667,1.14206121229367,1.86380208333335,20.6671875,1.24836329562702,1.47625,7.73645833333333,-11.6823658710397,2.81354166666667
"concave.gentle",7,10,2,2025-07-10,20.5608854166667,1.14206121229367,1.86380208333335,20.6671875,1.24836329562702,1.47625,7.73645833333333,-11.6823658710397,2.81354166666667
"concave.gentle",7,11,2,2025-07-11,19.835625,0.0586271796837821,1.9108333333333,18.3542708333334,-1.42272698698287,1.44604166666665,6.8359375,-12.9410603203162,2.37447916666667
"concave.gentle",7,11,2,2025-07-11,19.835625,0.0586271796837821,1.9108333333333,18.3542708333334,-1.42272698698287,1.44604166666665,6.8359375,-12.9410603203162,2.37447916666667
"concave.gentle",7,12,2,2025-07-12,20.2277604166667,0.169512006133504,1.98234375,19.4130729166666,-0.645175493866546,1.39088541666665,6.38958333333333,-13.6686650771999,2.08958333333333
"concave.gentle",7,12,2,2025-07-12,20.2277604166667,0.169512006133504,1.98234375,19.4130729166666,-0.645175493866546,1.39088541666665,6.38958333333333,-13.6686650771999,2.08958333333333
"concave.gentle",7,13,2,2025-07-13,20.7974479166666,0.237865495311882,2.06401041666665,20.3545833333334,-0.204999088021419,1.43916666666665,6.08541666666666,-14.4741657546881,1.95416666666666
"concave.gentle",7,13,2,2025-07-13,20.7974479166666,0.237865495311882,2.06401041666665,20.3545833333334,-0.204999088021419,1.43916666666665,6.08541666666666,-14.4741657546881,1.95416666666666
"concave.gentle",7,14,2,2025-07-14,21.19984375,0.620983153158681,2.2256770833333,20.5307291666667,-0.0481314301746192,1.5596875,5.88697916666667,-14.6918814301747,1.9171875
"concave.gentle",7,14,2,2025-07-14,21.19984375,0.620983153158681,2.2256770833333,20.5307291666667,-0.0481314301746192,1.5596875,5.88697916666667,-14.6918814301747,1.9171875
"concave.gentle",7,15,2,2025-07-15,20.78234375,1.07389294480894,2.20859375,18.5528125,-1.15563830519106,1.1521875,5.459375,-14.2490758051911,1.95520833333333
"concave.gentle",7,15,2,2025-07-15,20.78234375,1.07389294480894,2.20859375,18.5528125,-1.15563830519106,1.1521875,5.459375,-14.2490758051911,1.95520833333333
"concave.gentle",7,16,2,2025-07-16,17.9442708333333,-1.02688071952989,1.77270833333335,17.0772916666666,-1.89385988619659,1.11458333333335,6.59739583333333,-12.3737557195299,2.8828125
"concave.gentle",7,16,2,2025-07-16,17.9442708333333,-1.02688071952989,1.77270833333335,17.0772916666666,-1.89385988619659,1.11458333333335,6.59739583333333,-12.3737557195299,2.8828125
"concave.gentle",7,17,2,2025-07-17,19.3688020833333,0.860187131191463,2.17192708333335,18.2558333333333,-0.252781618808537,1.58479166666665,5.96302083333333,-12.5455941188086,2.46927083333333
"concave.gentle",7,17,2,2025-07-17,19.3688020833333,0.860187131191463,2.17192708333335,18.2558333333333,-0.252781618808537,1.58479166666665,5.96302083333333,-12.5455941188086,2.46927083333333
"concave.gentle",7,18,2,2025-07-18,19.3986979166666,1.41624072250138,2.18901041666665,17.34953125,-0.632925944165271,1.1452604166667,5.35885416666667,-12.6236030274986,2.27552083333334
"concave.gentle",7,18,2,2025-07-18,19.3986979166666,1.41624072250138,2.18901041666665,17.34953125,-0.632925944165271,1.1452604166667,5.35885416666667,-12.6236030274986,2.27552083333334
"concave.gentle",7,19,2,2025-07-19,16.4610416666667,-0.839793444889269,1.1534375,14.2349479166667,-3.06588719488927,0.10640625,5.27864583333333,-12.0221892782226,2.1453125
"concave.gentle",7,19,2,2025-07-19,16.4610416666667,-0.839793444889269,1.1534375,14.2349479166667,-3.06588719488927,0.10640625,5.27864583333333,-12.0221892782226,2.1453125
"concave.gentle",7,20,2,2025-07-20,16.33265625,-0.933681143743079,0.7459895833333,16.5568229166667,-0.709514477076429,0.64723958333335,5.98385416666667,-11.2824832270764,1.65572916666666
"concave.gentle",7,20,2,2025-07-20,16.33265625,-0.933681143743079,0.7459895833333,16.5568229166667,-0.709514477076429,0.64723958333335,5.98385416666667,-11.2824832270764,1.65572916666666
"concave.gentle",7,21,2,2025-07-21,18.6064583333334,0.336099683150891,1.39083333333335,19.208125,0.937766349817542,1.3286458333333,5.8546875,-12.4156711501825,1.62760416666667
"concave.gentle",7,21,2,2025-07-21,18.6064583333334,0.336099683150891,1.39083333333335,19.208125,0.937766349817542,1.3286458333333,5.8546875,-12.4156711501825,1.62760416666667
"concave.gentle",7,22,2,2025-07-22,19.8455208333333,0.752729236833975,1.775,19.92078125,0.827989653500675,1.4108854166667,5.78125,-13.3115415964993,1.79479166666667
"concave.gentle",7,22,2,2025-07-22,19.8455208333333,0.752729236833975,1.775,19.92078125,0.827989653500675,1.4108854166667,5.78125,-13.3115415964993,1.79479166666667
"concave.gentle",7,23,2,2025-07-23,18.3534895833333,-0.235875990694957,1.79994791666665,17.1399479166667,-1.44941765736161,1.38078125,5.44322916666667,-13.1461364073616,1.84322916666667
"concave.gentle",7,23,2,2025-07-23,18.3534895833333,-0.235875990694957,1.79994791666665,17.1399479166667,-1.44941765736161,1.38078125,5.44322916666667,-13.1461364073616,1.84322916666667
"concave.gentle",7,24,2,2025-07-24,18.0030729166666,0.645546197865318,1.91942708333335,15.1627083333333,-2.19481838546798,1.13479166666665,5.096875,-12.2606517188013,2.00729166666667
"concave.gentle",7,24,2,2025-07-24,18.0030729166666,0.645546197865318,1.91942708333335,15.1627083333333,-2.19481838546798,1.13479166666665,5.096875,-12.2606517188013,2.00729166666667
"concave.gentle",7,25,2,2025-07-25,16.3511458333333,-0.289630009071977,1.5034375,16.14015625,-0.500619592405275,1.0438020833333,5.77708333333333,-10.8636925090719,2.61458333333333
"concave.gentle",7,25,2,2025-07-25,16.3511458333333,-0.289630009071977,1.5034375,16.14015625,-0.500619592405275,1.0438020833333,5.77708333333333,-10.8636925090719,2.61458333333333
"concave.gentle",7,26,2,2025-07-26,17.3644791666667,0.548257281450335,1.94447916666665,15.6871354166666,-1.12908646854966,1.29432291666665,5.17760416666667,-11.6386177185496,2.28385416666666
"concave.gentle",7,26,2,2025-07-26,17.3644791666667,0.548257281450335,1.94447916666665,15.6871354166666,-1.12908646854966,1.29432291666665,5.17760416666667,-11.6386177185496,2.28385416666666
"concave.gentle",7,27,2,2025-07-27,17.1941145833333,-0.469085167732724,1.77786458333335,16.8173958333334,-0.845803917732725,1.18583333333335,5.0578125,-12.6053872510661,2.23177083333333
"concave.gentle",7,27,2,2025-07-27,17.1941145833333,-0.469085167732724,1.77786458333335,16.8173958333334,-0.845803917732725,1.18583333333335,5.0578125,-12.6053872510661,2.23177083333333
"concave.gentle",7,28,2,2025-07-28,18.688125,0.294992548881861,2.0451041666667,17.9733854166667,-0.419747034451488,1.44463541666665,4.83802083333333,-13.5551116177848,2.14427083333333
"concave.gentle",7,28,2,2025-07-28,18.688125,0.294992548881861,2.0451041666667,17.9733854166667,-0.419747034451488,1.44463541666665,4.83802083333333,-13.5551116177848,2.14427083333333
"concave.gentle",7,29,2,2025-07-29,18.5383854166667,0.0306839335812388,2.11859375,17.2148958333334,-1.29280564975211,1.22489583333335,4.4609375,-14.0467639830855,2.16927083333333
"concave.gentle",7,29,2,2025-07-29,18.5383854166667,0.0306839335812388,2.11859375,17.2148958333334,-1.29280564975211,1.22489583333335,4.4609375,-14.0467639830855,2.16927083333333
"concave.gentle",7,30,2,2025-07-30,17.795,-0.6054347360979,2.1917708333333,16.8568229166667,-1.5436118194312,1.64046875,4.29739583333333,-14.1030389027646,2.0984375
"concave.gentle",7,30,2,2025-07-30,17.795,-0.6054347360979,2.1917708333333,16.8568229166667,-1.5436118194312,1.64046875,4.29739583333333,-14.1030389027646,2.0984375
"concave.gentle",7,31,2,2025-07-31,18.0209895833334,-0.161381919743254,1.72973958333335,19.9094791666667,1.7271076635901,1.1471875,4.65416666666667,-13.5282048364099,2.13854166666667
"concave.gentle",7,31,2,2025-07-31,18.0209895833334,-0.161381919743254,1.72973958333335,19.9094791666667,1.7271076635901,1.1471875,4.65416666666667,-13.5282048364099,2.13854166666667
"concave.gentle",8,1,2,2025-08-01,18.6621875,0.747657391563491,1.9851041666667,17.32890625,-0.585623858436509,1.16796875,4.19479166666667,-13.7197384417698,2.1
"concave.gentle",8,1,2,2025-08-01,18.6621875,0.747657391563491,1.9851041666667,17.32890625,-0.585623858436509,1.16796875,4.19479166666667,-13.7197384417698,2.1
"concave.gentle",8,2,2,2025-08-02,17.1925520833334,-0.676128639638613,1.85473958333335,15.7922395833333,-2.07644113963866,1.02953125,3.971875,-13.896805722972,2.13958333333333
"concave.gentle",8,2,2,2025-08-02,17.1925520833334,-0.676128639638613,1.85473958333335,15.7922395833333,-2.07644113963866,1.02953125,3.971875,-13.896805722972,2.13958333333333
"concave.gentle",8,3,2,2025-08-03,17.4266145833333,-0.779974729282114,1.86859375,16.1463020833333,-2.06028722928211,1.23203125,3.940625,-14.2659643126154,2.103125
"concave.gentle",8,3,2,2025-08-03,17.4266145833333,-0.779974729282114,1.86859375,16.1463020833333,-2.06028722928211,1.23203125,3.940625,-14.2659643126154,2.103125
"concave.gentle",8,4,2,2025-08-04,19.5313541666666,0.656358996508342,2.18927083333335,19.8433854166666,0.968390246508342,1.41713541666665,4.06927083333333,-14.805724336825,1.9953125
"concave.gentle",8,4,2,2025-08-04,19.5313541666666,0.656358996508342,2.18927083333335,19.8433854166666,0.968390246508342,1.41713541666665,4.06927083333333,-14.805724336825,1.9953125
"concave.gentle",8,5,2,2025-08-05,18.9408854166666,-0.509320929064877,2.19838541666665,17.1659895833333,-2.28421676239818,1.40255208333335,3.6203125,-15.8298938457315,1.9265625
"concave.gentle",8,5,2,2025-08-05,18.9408854166666,-0.509320929064877,2.19838541666665,17.1659895833333,-2.28421676239818,1.40255208333335,3.6203125,-15.8298938457315,1.9265625
"concave.gentle",8,6,2,2025-08-06,19.21125,-0.491624948313696,2.3453125,18.1652083333333,-1.5376666149804,1.506875,3.5578125,-16.1450624483137,1.89739583333333
"concave.gentle",8,6,2,2025-08-06,19.21125,-0.491624948313696,2.3453125,18.1652083333333,-1.5376666149804,1.506875,3.5578125,-16.1450624483137,1.89739583333333
"concave.gentle",8,7,2,2025-08-07,19.2140625,-0.415844005504317,2.4621875,17.6247395833334,-2.00516692217097,1.63098958333335,3.365625,-16.2642815055043,1.86458333333333
"concave.gentle",8,7,2,2025-08-07,19.2140625,-0.415844005504317,2.4621875,17.6247395833334,-2.00516692217097,1.63098958333335,3.365625,-16.2642815055043,1.86458333333333
"concave.gentle",8,8,2,2025-08-08,19.4901041666667,0.640358485860784,2.46697916666665,18.5218229166667,-0.327922764139219,1.51213541666665,3.35416666666667,-15.4955790141392,1.89583333333333
"concave.gentle",8,8,2,2025-08-08,19.4901041666667,0.640358485860784,2.46697916666665,18.5218229166667,-0.327922764139219,1.51213541666665,3.35416666666667,-15.4955790141392,1.89583333333333
"concave.gentle",8,9,2,2025-08-09,16.7989583333333,-0.863385544679158,2.48270833333335,12.4024479166667,-5.25989596134586,1.63713541666665,2.80052083333333,-14.8618230446792,1.83177083333333
"concave.gentle",8,9,2,2025-08-09,16.7989583333333,-0.863385544679158,2.48270833333335,12.4024479166667,-5.25989596134586,1.63713541666665,2.80052083333333,-14.8618230446792,1.83177083333333
"concave.gentle",8,10,2,2025-08-10,16.3565104166667,-0.778118226021663,2.51744791666665,13.4895833333333,-3.64504530935496,1.45427083333335,2.7953125,-14.3393161426883,1.92447916666667
"concave.gentle",8,10,2,2025-08-10,16.3565104166667,-0.778118226021663,2.51744791666665,13.4895833333333,-3.64504530935496,1.45427083333335,2.7953125,-14.3393161426883,1.92447916666667
"concave.gentle",8,11,2,2025-08-11,17.38953125,-0.516653364747858,2.1883854166667,15.82734375,-2.07884086474786,1.07828125,2.91145833333333,-14.9947262814145,1.96354166666667
"concave.gentle",8,11,2,2025-08-11,17.38953125,-0.516653364747858,2.1883854166667,15.82734375,-2.07884086474786,1.07828125,2.91145833333333,-14.9947262814145,1.96354166666667
"concave.gentle",8,12,2,2025-08-12,18.93671875,-0.1973973427458,2.3269270833333,18.24265625,-0.8914598427458,1.1902604166667,2.96302083333333,-16.1710952594125,2.0328125
"concave.gentle",8,12,2,2025-08-12,18.93671875,-0.1973973427458,2.3269270833333,18.24265625,-0.8914598427458,1.1902604166667,2.96302083333333,-16.1710952594125,2.0328125
"concave.gentle",8,13,2,2025-08-13,19.2134895833333,-0.463258386830374,2.31598958333335,18.2396875,-1.43706047016372,1.0563541666667,2.75729166666667,-16.9194563034971,1.9375
"concave.gentle",8,13,2,2025-08-13,19.2134895833333,-0.463258386830374,2.31598958333335,18.2396875,-1.43706047016372,1.0563541666667,2.75729166666667,-16.9194563034971,1.9375
"concave.gentle",8,14,2,2025-08-14,18.27984375,-1.08624617800801,2.1133854166667,17.63953125,-1.72655867800801,0.99234375,2.58645833333333,-16.7796315946747,1.85
"concave.gentle",8,14,2,2025-08-14,18.27984375,-1.08624617800801,2.1133854166667,17.63953125,-1.72655867800801,0.99234375,2.58645833333333,-16.7796315946747,1.85
"concave.gentle",8,15,2,2025-08-15,18.2891145833333,-0.141593499587431,2.03203125,17.0434895833333,-1.38721849958738,0.82494791666665,2.5078125,-15.9228955829207,1.84635416666667
"concave.gentle",8,15,2,2025-08-15,18.2891145833333,-0.141593499587431,2.03203125,17.0434895833333,-1.38721849958738,0.82494791666665,2.5078125,-15.9228955829207,1.84635416666667
"concave.gentle",8,16,2,2025-08-16,16.7780208333334,-0.2114813010813,1.69916666666665,16.5075,-0.48200213441465,0.884895833333299,2.88489583333333,-14.1046063010813,2.17447916666667
"concave.gentle",8,16,2,2025-08-16,16.7780208333334,-0.2114813010813,1.69916666666665,16.5075,-0.48200213441465,0.884895833333299,2.88489583333333,-14.1046063010813,2.17447916666667
"concave.gentle",8,17,2,2025-08-17,15.7430729166666,0.134179429809544,1.86401041666665,12.8842708333333,-2.72462265352381,0.90625,2.73541666666667,-12.8734768201904,1.94583333333333
"concave.gentle",8,17,2,2025-08-17,15.7430729166666,0.134179429809544,1.86401041666665,12.8842708333333,-2.72462265352381,0.90625,2.73541666666667,-12.8734768201904,1.94583333333333
"concave.gentle",8,18,2,2025-08-18,13.9326041666667,-1.58755091316232,1.17,13.9699479166667,-1.55020716316232,0.54703125,3.92395833333333,-11.5961967464957,2.26458333333333
"concave.gentle",8,18,2,2025-08-18,13.9326041666667,-1.58755091316232,1.17,13.9699479166667,-1.55020716316232,0.54703125,3.92395833333333,-11.5961967464957,2.26458333333333
"concave.gentle",8,19,2,2025-08-19,16.2347395833334,-0.702276643651747,1.53411458333335,16.4104166666666,-0.526599560318448,0.938645833333349,3.590625,-13.3463912269851,1.88229166666667
"concave.gentle",8,19,2,2025-08-19,16.2347395833334,-0.702276643651747,1.53411458333335,16.4104166666666,-0.526599560318448,0.938645833333349,3.590625,-13.3463912269851,1.88229166666667
"concave.gentle",8,20,2,2025-08-20,18.3494791666667,-0.185681269698225,2.14989583333335,19.265625,0.730464563635124,1.2092708333333,3.46354166666667,-15.0716187696982,1.64583333333334
"concave.gentle",8,20,2,2025-08-20,18.3494791666667,-0.185681269698225,2.14989583333335,19.265625,0.730464563635124,1.2092708333333,3.46354166666667,-15.0716187696982,1.64583333333334
"concave.gentle",8,21,2,2025-08-21,19.0068229166667,-0.206591722913576,2.10140625,18.8781770833333,-0.335237556246925,0.96380208333335,3.30729166666666,-15.9061229729136,1.60520833333333
"concave.gentle",8,21,2,2025-08-21,19.0068229166667,-0.206591722913576,2.10140625,18.8781770833333,-0.335237556246925,0.96380208333335,3.30729166666666,-15.9061229729136,1.60520833333333
"concave.gentle",8,22,2,2025-08-22,17.54140625,-1.53608354359186,1.83796875,17.2201041666667,-1.85738562692516,0.9709375,2.9234375,-16.1540522935919,1.79322916666667
"concave.gentle",8,22,2,2025-08-22,17.54140625,-1.53608354359186,1.83796875,17.2201041666667,-1.85738562692516,0.9709375,2.9234375,-16.1540522935919,1.79322916666667
"concave.gentle",8,23,2,2025-08-23,18.3063541666667,-0.437759935275196,1.96875,17.7985416666667,-0.945572435275245,0.57895833333335,2.81197916666666,-15.9321349352752,1.77239583333333
"concave.gentle",8,23,2,2025-08-23,18.3063541666667,-0.437759935275196,1.96875,17.7985416666667,-0.945572435275245,0.57895833333335,2.81197916666666,-15.9321349352752,1.77239583333333
"concave.gentle",8,24,2,2025-08-24,17.7844270833333,-0.0259506910248879,1.78567708333335,15.8897395833333,-1.92063819102494,0.70984375,2.534375,-15.2760027743582,1.79791666666667
"concave.gentle",8,24,2,2025-08-24,17.7844270833333,-0.0259506910248879,1.78567708333335,15.8897395833333,-1.92063819102494,0.70984375,2.534375,-15.2760027743582,1.79791666666667
"concave.gentle",8,25,2,2025-08-25,16.2044270833333,-0.152621410625834,1.69088541666665,15.0796354166667,-1.27741307729248,0.70265625,2.9421875,-13.4148609939592,1.9859375
"concave.gentle",8,25,2,2025-08-25,16.2044270833333,-0.152621410625834,1.69088541666665,15.0796354166667,-1.27741307729248,0.70265625,2.9421875,-13.4148609939592,1.9859375
"concave.gentle",8,26,2,2025-08-26,13.5769270833333,-1.41604885057849,1.06255208333335,11.5074479166666,-3.48552801724519,0.301197916666649,6.61510416666665,-8.37787176724519,4.18697916666665
"concave.gentle",8,26,2,2025-08-26,13.5769270833333,-1.41604885057849,1.06255208333335,11.5074479166666,-3.48552801724519,0.301197916666649,6.61510416666665,-8.37787176724519,4.18697916666665
"concave.gentle",8,27,2,2025-08-27,15.3334895833333,1.16150293812338,0.859010416666649,14.71171875,0.539732104790031,0.30015625,13.6307291666667,-0.541257478543304,5.33802083333333
"concave.gentle",8,27,2,2025-08-27,15.3334895833333,1.16150293812338,0.859010416666649,14.71171875,0.539732104790031,0.30015625,13.6307291666667,-0.541257478543304,5.33802083333333
"concave.gentle",8,28,2,2025-08-28,13.4080729166667,-0.424414297666229,0.603906250000001,12.1378125,-1.69467471433293,0.34875,31.2963541666666,17.4638669523337,4.63072916666665
"concave.gentle",8,28,2,2025-08-28,13.4080729166667,-0.424414297666229,0.603906250000001,12.1378125,-1.69467471433293,0.34875,31.2963541666666,17.4638669523337,4.63072916666665
"concave.gentle",8,29,2,2025-08-29,13.2223958333334,-0.189145247947057,0.52552083333335,13.5094791666667,0.0979380853862422,0.768229166666649,26.1666666666667,12.7551255853863,6.00625
"concave.gentle",8,29,2,2025-08-29,13.2223958333334,-0.189145247947057,0.52552083333335,13.5094791666667,0.0979380853862422,0.768229166666649,26.1666666666667,12.7551255853863,6.00625
"concave.gentle",8,30,2,2025-08-30,13.1275520833333,-0.0937319110954311,0.896718750000001,12.91453125,-0.306752744428731,1.0649479166667,22.4177083333334,9.19642433890462,6.46666666666665
"concave.gentle",8,30,2,2025-08-30,13.1275520833333,-0.0937319110954311,0.896718750000001,12.91453125,-0.306752744428731,1.0649479166667,22.4177083333334,9.19642433890462,6.46666666666665
"concave.gentle",8,31,2,2025-08-31,13.05234375,-0.645473040617124,1.2827604166667,12.9440104166667,-0.753806373950423,1.18765625,21.1026041666667,7.40478737604953,5.72447916666665
"concave.gentle",8,31,2,2025-08-31,13.05234375,-0.645473040617124,1.2827604166667,12.9440104166667,-0.753806373950423,1.18765625,21.1026041666667,7.40478737604953,5.72447916666665
"concave.gentle",9,1,2,2025-09-01,13.6204166666667,-0.80013673680959,1.506875,13.90125,-0.51930340347629,1.2603125,20.1458333333333,5.72527992985701,5.359375
"concave.gentle",9,1,2,2025-09-01,13.6204166666667,-0.80013673680959,1.506875,13.90125,-0.51930340347629,1.2603125,20.1458333333333,5.72527992985701,5.359375
"concave.gentle",9,2,2,2025-09-02,14.2971354166667,-0.971566719700636,1.20182291666665,15.3307291666667,0.0620270302993635,0.656770833333351,20.1286458333334,4.85994369696606,5.90677083333335
"concave.gentle",9,2,2,2025-09-02,14.2971354166667,-0.971566719700636,1.20182291666665,15.3307291666667,0.0620270302993635,0.656770833333351,20.1286458333334,4.85994369696606,5.90677083333335
"concave.gentle",9,3,2,2025-09-03,14.5277083333334,-1.26955201081925,1.20239583333335,14.978125,-0.819135344152605,0.9116666666667,19.290625,3.49336465584739,5.2604166666667
"concave.gentle",9,3,2,2025-09-03,14.5277083333334,-1.26955201081925,1.20239583333335,14.978125,-0.819135344152605,0.9116666666667,19.290625,3.49336465584739,5.2604166666667
"concave.gentle",9,4,2,2025-09-04,14.89546875,-0.835482555759853,1.4438020833333,14.4446875,-1.28626380575985,0.905625,18.5239583333334,2.7930070275735,5.06666666666665
"concave.gentle",9,4,2,2025-09-04,14.89546875,-0.835482555759853,1.4438020833333,14.4446875,-1.28626380575985,0.905625,18.5239583333334,2.7930070275735,5.06666666666665
"concave.gentle",9,5,2,2025-09-05,14.3070833333333,-1.03279263315396,1.32458333333335,13.4858854166667,-1.85399054982066,0.667552083333351,17.8546875,2.51481153351269,4.8463541666667
"concave.gentle",9,5,2,2025-09-05,14.3070833333333,-1.03279263315396,1.32458333333335,13.4858854166667,-1.85399054982066,0.667552083333351,17.8546875,2.51481153351269,4.8463541666667
"concave.gentle",9,6,2,2025-09-06,13.7953645833333,-0.920246640816292,1.39046875,12.2897916666667,-2.42581955748294,0.79947916666665,17.3666666666666,2.65105544251706,4.70520833333335
"concave.gentle",9,6,2,2025-09-06,13.7953645833333,-0.920246640816292,1.39046875,12.2897916666667,-2.42581955748294,0.79947916666665,17.3666666666666,2.65105544251706,4.70520833333335
"concave.gentle",9,7,2,2025-09-07,13.9339583333334,-0.0950805769312657,1.34947916666665,12.7685416666667,-1.26049724359792,0.6128125,17.6546875,3.62564858973538,4.1692708333333
"concave.gentle",9,7,2,2025-09-07,13.9339583333334,-0.0950805769312657,1.34947916666665,12.7685416666667,-1.26049724359792,0.6128125,17.6546875,3.62564858973538,4.1692708333333
"concave.gentle",9,8,2,2025-09-08,12.8994270833334,-0.560315391789384,0.92463541666665,13.5106770833333,0.0509346082105653,0.60421875,23.1015625,9.64182002487727,4.2859375
"concave.gentle",9,8,2,2025-09-08,12.8994270833334,-0.560315391789384,0.92463541666665,13.5106770833333,0.0509346082105653,0.60421875,23.1015625,9.64182002487727,4.2859375
"concave.gentle",9,9,2,2025-09-09,13.0114583333333,-0.0450384627679892,0.79208333333335,12.4117708333333,-0.644725962767989,0.37822916666665,21.3390625,8.28256570389866,4.1776041666667
"concave.gentle",9,9,2,2025-09-09,13.0114583333333,-0.0450384627679892,0.79208333333335,12.4117708333333,-0.644725962767989,0.37822916666665,21.3390625,8.28256570389866,4.1776041666667
"concave.gentle",9,10,2,2025-09-10,12.57875,-0.349477450599148,0.7029166666667,13.1175,0.189272549400851,0.3628125,20.8328125,7.90458504940085,4.2526041666667
"concave.gentle",9,10,2,2025-09-10,12.57875,-0.349477450599148,0.7029166666667,13.1175,0.189272549400851,0.3628125,20.8328125,7.90458504940085,4.2526041666667
"concave.gentle",9,11,2,2025-09-11,12.6755729166666,-0.369623213328887,1.03276041666665,12.8606770833333,-0.184519046662187,0.58494791666665,19.6041666666667,6.55897053667116,4.065625
"concave.gentle",9,11,2,2025-09-11,12.6755729166666,-0.369623213328887,1.03276041666665,12.8606770833333,-0.184519046662187,0.58494791666665,19.6041666666667,6.55897053667116,4.065625
"concave.gentle",9,12,2,2025-09-12,13.1002083333333,-0.312576059044713,1.21145833333335,13.53125,0.118465607621937,0.52125,19.0458333333333,5.63304894095529,3.67916666666665
"concave.gentle",9,12,2,2025-09-12,13.1002083333333,-0.312576059044713,1.21145833333335,13.53125,0.118465607621937,0.52125,19.0458333333333,5.63304894095529,3.67916666666665
"concave.rugged",6,26,3,2025-06-26,16.3095087719298,0.395068357988173,0.955933039170125,15.2047719298246,-0.70966848411706,0.825800519495712,0.350526315789472,-15.5639140981522,0.347898054500197
"concave.rugged",6,26,3,2025-06-26,16.3095087719298,0.395068357988173,0.955933039170125,15.2047719298246,-0.70966848411706,0.825800519495712,0.350526315789472,-15.5639140981522,0.347898054500197
"concave.rugged",6,26,3,2025-06-26,16.3095087719298,0.395068357988173,0.955933039170125,15.2047719298246,-0.70966848411706,0.825800519495712,0.350526315789472,-15.5639140981522,0.347898054500197
"concave.rugged",6,27,3,2025-06-27,17.6493055555555,0.526942258901081,0.96976928406362,17.7099652777778,0.587601981123348,0.860717378203094,0.530555555555556,-16.5918077410989,0.47641470208653
"concave.rugged",6,27,3,2025-06-27,17.6493055555555,0.526942258901081,0.96976928406362,17.7099652777778,0.587601981123348,0.860717378203094,0.530555555555556,-16.5918077410989,0.47641470208653
"concave.rugged",6,27,3,2025-06-27,17.6493055555555,0.526942258901081,0.96976928406362,17.7099652777778,0.587601981123348,0.860717378203094,0.530555555555556,-16.5918077410989,0.47641470208653
"concave.rugged",6,28,3,2025-06-28,18.8107638888889,0.717086717343989,0.97767410129402,18.7796527777778,0.685975606232855,0.643627849155063,0.594791666666666,-17.4988855048782,0.554155244765332
"concave.rugged",6,28,3,2025-06-28,18.8107638888889,0.717086717343989,0.97767410129402,18.7796527777778,0.685975606232855,0.643627849155063,0.594791666666666,-17.4988855048782,0.554155244765332
"concave.rugged",6,28,3,2025-06-28,18.8107638888889,0.717086717343989,0.97767410129402,18.7796527777778,0.685975606232855,0.643627849155063,0.594791666666666,-17.4988855048782,0.554155244765332
"concave.rugged",6,29,3,2025-06-29,19.5738888888889,0.732963846187947,1.25228866916853,19.1574305555556,0.316505512854615,0.861023171892981,0.670833333333334,-18.1700917093676,0.587490149641615
"concave.rugged",6,29,3,2025-06-29,19.5738888888889,0.732963846187947,1.25228866916853,19.1574305555556,0.316505512854615,0.861023171892981,0.670833333333334,-18.1700917093676,0.587490149641615
"concave.rugged",6,29,3,2025-06-29,19.5738888888889,0.732963846187947,1.25228866916853,19.1574305555556,0.316505512854615,0.861023171892981,0.670833333333334,-18.1700917093676,0.587490149641615
"concave.rugged",6,30,3,2025-06-30,19.7279166666667,0.198261509314827,1.33532700204916,19.1729513888889,-0.35670376846294,0.806098056520713,0.655902777777779,-18.8737523795741,0.559453340434623
"concave.rugged",6,30,3,2025-06-30,19.7279166666667,0.198261509314827,1.33532700204916,19.1729513888889,-0.35670376846294,0.806098056520713,0.655902777777779,-18.8737523795741,0.559453340434623
"concave.rugged",6,30,3,2025-06-30,19.7279166666667,0.198261509314827,1.33532700204916,19.1729513888889,-0.35670376846294,0.806098056520713,0.655902777777779,-18.8737523795741,0.559453340434623
"concave.rugged",7,1,3,2025-07-01,20.22875,1.24892635723374,1.27113596692568,19.7630208333333,0.783197190567044,0.579627355370457,0.600347222222222,-18.379476420544,0.556663500247426
"concave.rugged",7,1,3,2025-07-01,20.22875,1.24892635723374,1.27113596692568,19.7630208333333,0.783197190567044,0.579627355370457,0.600347222222222,-18.379476420544,0.556663500247426
"concave.rugged",7,1,3,2025-07-01,20.22875,1.24892635723374,1.27113596692568,19.7630208333333,0.783197190567044,0.579627355370457,0.600347222222222,-18.379476420544,0.556663500247426
"concave.rugged",7,2,3,2025-07-02,16.9455902777778,-0.202778005034996,0.592038390459082,15.0146875,-2.13368078281279,0.371597162199688,1.65763888888889,-15.4907293939239,1.2317066114532
"concave.rugged",7,2,3,2025-07-02,16.9455902777778,-0.202778005034996,0.592038390459082,15.0146875,-2.13368078281279,0.371597162199688,1.65763888888889,-15.4907293939239,1.2317066114532
"concave.rugged",7,2,3,2025-07-02,16.9455902777778,-0.202778005034996,0.592038390459082,15.0146875,-2.13368078281279,0.371597162199688,1.65763888888889,-15.4907293939239,1.2317066114532
"concave.rugged",7,3,3,2025-07-03,15.5317361111111,-0.0994425612373071,0.734038674791659,14.8278472222222,-0.803331450126207,0.363779994573874,2.115625,-13.5155536723484,1.10931403066682
"concave.rugged",7,3,3,2025-07-03,15.5317361111111,-0.0994425612373071,0.734038674791659,14.8278472222222,-0.803331450126207,0.363779994573874,2.115625,-13.5155536723484,1.10931403066682
"concave.rugged",7,3,3,2025-07-03,15.5317361111111,-0.0994425612373071,0.734038674791659,14.8278472222222,-0.803331450126207,0.363779994573874,2.115625,-13.5155536723484,1.10931403066682
"concave.rugged",7,4,3,2025-07-04,15.4691666666666,0.235147597215579,0.681864815587453,14.9219097222222,-0.312109347228821,0.363131894244604,2.95381944444445,-12.2801996250066,1.27702220452154
"concave.rugged",7,4,3,2025-07-04,15.4691666666666,0.235147597215579,0.681864815587453,14.9219097222222,-0.312109347228821,0.363131894244604,2.95381944444445,-12.2801996250066,1.27702220452154
"concave.rugged",7,4,3,2025-07-04,15.4691666666666,0.235147597215579,0.681864815587453,14.9219097222222,-0.312109347228821,0.363131894244604,2.95381944444445,-12.2801996250066,1.27702220452154
"concave.rugged",7,5,3,2025-07-05,15.1204513888889,-0.131284922281711,0.522889712443497,15.3956944444444,0.143958133273823,0.710666870380107,8.55069444444444,-6.70104186672617,3.31339044708325
"concave.rugged",7,5,3,2025-07-05,15.1204513888889,-0.131284922281711,0.522889712443497,15.3956944444444,0.143958133273823,0.710666870380107,8.55069444444444,-6.70104186672617,3.31339044708325
"concave.rugged",7,5,3,2025-07-05,15.1204513888889,-0.131284922281711,0.522889712443497,15.3956944444444,0.143958133273823,0.710666870380107,8.55069444444444,-6.70104186672617,3.31339044708325
"concave.rugged",7,6,3,2025-07-06,16.6689583333333,0.466428363257049,0.900599206955186,17.3221527777778,1.11962280770152,0.939386838388387,7.01875000000001,-9.18377997007627,2.8009783937732
"concave.rugged",7,6,3,2025-07-06,16.6689583333333,0.466428363257049,0.900599206955186,17.3221527777778,1.11962280770152,0.939386838388387,7.01875000000001,-9.18377997007627,2.8009783937732
"concave.rugged",7,6,3,2025-07-06,16.6689583333333,0.466428363257049,0.900599206955186,17.3221527777778,1.11962280770152,0.939386838388387,7.01875000000001,-9.18377997007627,2.8009783937732
"concave.rugged",7,7,3,2025-07-07,18.2732638888889,0.617092411933543,1.21571371744565,18.4251041666667,0.76893268971131,1.07022126199389,6.32812500000001,-11.3280464769553,2.4082489292207
"concave.rugged",7,7,3,2025-07-07,18.2732638888889,0.617092411933543,1.21571371744565,18.4251041666667,0.76893268971131,1.07022126199389,6.32812500000001,-11.3280464769553,2.4082489292207
"concave.rugged",7,7,3,2025-07-07,18.2732638888889,0.617092411933543,1.21571371744565,18.4251041666667,0.76893268971131,1.07022126199389,6.32812500000001,-11.3280464769553,2.4082489292207
"concave.rugged",7,8,3,2025-07-08,18.6593402777778,0.342597462604496,1.2084970933891,18.6290625,0.312319684826728,0.995920042497127,4.97673611111111,-13.3400067040622,1.96689307758839
"concave.rugged",7,8,3,2025-07-08,18.6593402777778,0.342597462604496,1.2084970933891,18.6290625,0.312319684826728,0.995920042497127,4.97673611111111,-13.3400067040622,1.96689307758839
"concave.rugged",7,8,3,2025-07-08,18.6593402777778,0.342597462604496,1.2084970933891,18.6290625,0.312319684826728,0.995920042497127,4.97673611111111,-13.3400067040622,1.96689307758839
"concave.rugged",7,9,3,2025-07-09,18.8248611111111,-0.160527009387285,1.10052343188242,20.1719791666667,1.18659104616828,0.927527868220285,3.959375,-15.0260131204984,1.85133337287565
"concave.rugged",7,9,3,2025-07-09,18.8248611111111,-0.160527009387285,1.10052343188242,20.1719791666667,1.18659104616828,0.927527868220285,3.959375,-15.0260131204984,1.85133337287565
"concave.rugged",7,9,3,2025-07-09,18.8248611111111,-0.160527009387285,1.10052343188242,20.1719791666667,1.18659104616828,0.927527868220285,3.959375,-15.0260131204984,1.85133337287565
"concave.rugged",7,10,3,2025-07-10,20.6713888888889,1.25256468451591,1.27389730583894,21.5704513888889,2.15162718451588,0.919444462146494,3.07152777777778,-16.3472964265952,1.71603577072175
"concave.rugged",7,10,3,2025-07-10,20.6713888888889,1.25256468451591,1.27389730583894,21.5704513888889,2.15162718451588,0.919444462146494,3.07152777777778,-16.3472964265952,1.71603577072175
"concave.rugged",7,10,3,2025-07-10,20.6713888888889,1.25256468451591,1.27389730583894,21.5704513888889,2.15162718451588,0.919444462146494,3.07152777777778,-16.3472964265952,1.71603577072175
"concave.rugged",7,11,3,2025-07-11,19.8916319444444,0.114634124128215,1.27071975860508,19.251875,-0.525122820316219,0.839175493719416,2.39166666666667,-17.3853311536496,1.42442587626299
"concave.rugged",7,11,3,2025-07-11,19.8916319444444,0.114634124128215,1.27071975860508,19.251875,-0.525122820316219,0.839175493719416,2.39166666666667,-17.3853311536496,1.42442587626299
"concave.rugged",7,11,3,2025-07-11,19.8916319444444,0.114634124128215,1.27071975860508,19.251875,-0.525122820316219,0.839175493719416,2.39166666666667,-17.3853311536496,1.42442587626299
"concave.rugged",7,12,3,2025-07-12,20.3047916666667,0.246543256133504,1.27907635742554,20.3272916666667,0.269043256133505,0.804387767802061,1.93923611111111,-18.1190122994221,1.24244102399654
"concave.rugged",7,12,3,2025-07-12,20.3047916666667,0.246543256133504,1.27907635742554,20.3272916666667,0.269043256133505,0.804387767802061,1.93923611111111,-18.1190122994221,1.24244102399654
"concave.rugged",7,12,3,2025-07-12,20.3047916666667,0.246543256133504,1.27907635742554,20.3272916666667,0.269043256133505,0.804387767802061,1.93923611111111,-18.1190122994221,1.24244102399654
"concave.rugged",7,13,3,2025-07-13,21.0949305555556,0.535348134200798,1.37175118257862,21.3492013888889,0.789618967534099,0.853942904154118,1.6125,-18.9470824213548,1.11100297867929
"concave.rugged",7,13,3,2025-07-13,21.0949305555556,0.535348134200798,1.37175118257862,21.3492013888889,0.789618967534099,0.853942904154118,1.6125,-18.9470824213548,1.11100297867929
"concave.rugged",7,13,3,2025-07-13,21.0949305555556,0.535348134200798,1.37175118257862,21.3492013888889,0.789618967534099,0.853942904154118,1.6125,-18.9470824213548,1.11100297867929
"concave.rugged",7,14,3,2025-07-14,21.4361458333333,0.857285236492013,1.46216630338542,21.4883333333333,0.909472736492013,0.824590204497372,1.33368055555556,-19.2451800412858,0.966595635660583
"concave.rugged",7,14,3,2025-07-14,21.4361458333333,0.857285236492013,1.46216630338542,21.4883333333333,0.909472736492013,0.824590204497372,1.33368055555556,-19.2451800412858,0.966595635660583
"concave.rugged",7,14,3,2025-07-14,21.4361458333333,0.857285236492013,1.46216630338542,21.4883333333333,0.909472736492013,0.824590204497372,1.33368055555556,-19.2451800412858,0.966595635660583
"concave.rugged",7,15,3,2025-07-15,20.9553472222222,1.24689641703117,1.1202613506799,19.2386111111111,-0.469839694079964,0.645388672341977,1.00555555555556,-18.7028952496355,0.759705321135387
"concave.rugged",7,15,3,2025-07-15,20.9553472222222,1.24689641703117,1.1202613506799,19.2386111111111,-0.469839694079964,0.645388672341977,1.00555555555556,-18.7028952496355,0.759705321135387
"concave.rugged",7,15,3,2025-07-15,20.9553472222222,1.24689641703117,1.1202613506799,19.2386111111111,-0.469839694079964,0.645388672341977,1.00555555555556,-18.7028952496355,0.759705321135387
"concave.rugged",7,16,3,2025-07-16,17.8616319444444,-1.10951960841881,0.971325824976264,17.4779166666667,-1.49323488619657,0.883877739406074,1.90451388888889,-17.0666376639744,1.64261644274331
"concave.rugged",7,16,3,2025-07-16,17.8616319444444,-1.10951960841881,0.971325824976264,17.4779166666667,-1.49323488619657,0.883877739406074,1.90451388888889,-17.0666376639744,1.64261644274331
"concave.rugged",7,16,3,2025-07-16,17.8616319444444,-1.10951960841881,0.971325824976264,17.4779166666667,-1.49323488619657,0.883877739406074,1.90451388888889,-17.0666376639744,1.64261644274331
"concave.rugged",7,17,3,2025-07-17,19.0762847222222,0.567669770080347,1.10151272762086,18.7169097222222,0.208294770080347,0.829560923885108,1.51006944444444,-16.9985455076974,1.2552992897735
"concave.rugged",7,17,3,2025-07-17,19.0762847222222,0.567669770080347,1.10151272762086,18.7169097222222,0.208294770080347,0.829560923885108,1.51006944444444,-16.9985455076974,1.2552992897735
"concave.rugged",7,17,3,2025-07-17,19.0762847222222,0.567669770080347,1.10151272762086,18.7169097222222,0.208294770080347,0.829560923885108,1.51006944444444,-16.9985455076974,1.2552992897735
"concave.rugged",7,18,3,2025-07-18,19.0832291666667,1.1007719725014,0.990712442469153,17.9027430555556,-0.0797141386097036,0.431561399302188,1.14861111111111,-16.8338460830542,0.956574724982482
"concave.rugged",7,18,3,2025-07-18,19.0832291666667,1.1007719725014,0.990712442469153,17.9027430555556,-0.0797141386097036,0.431561399302188,1.14861111111111,-16.8338460830542,0.956574724982482
"concave.rugged",7,18,3,2025-07-18,19.0832291666667,1.1007719725014,0.990712442469153,17.9027430555556,-0.0797141386097036,0.431561399302188,1.14861111111111,-16.8338460830542,0.956574724982482
"concave.rugged",7,19,3,2025-07-19,16.8647222222222,-0.436112889333735,0.73210999290742,15.2490277777778,-2.0518073337782,0.603091141384733,1.33125,-15.969585111556,0.847768209771987
"concave.rugged",7,19,3,2025-07-19,16.8647222222222,-0.436112889333735,0.73210999290742,15.2490277777778,-2.0518073337782,0.603091141384733,1.33125,-15.969585111556,0.847768209771987
"concave.rugged",7,19,3,2025-07-19,16.8647222222222,-0.436112889333735,0.73210999290742,15.2490277777778,-2.0518073337782,0.603091141384733,1.33125,-15.969585111556,0.847768209771987
"concave.rugged",7,20,3,2025-07-20,16.9090625,-0.357274893743113,0.922882153464909,17.3588541666667,0.0925167729235881,0.70542651361918,1.93680555555556,-15.3295318381875,0.973535137806928
"concave.rugged",7,20,3,2025-07-20,16.9090625,-0.357274893743113,0.922882153464909,17.3588541666667,0.0925167729235881,0.70542651361918,1.93680555555556,-15.3295318381875,0.973535137806928
"concave.rugged",7,20,3,2025-07-20,16.9090625,-0.357274893743113,0.922882153464909,17.3588541666667,0.0925167729235881,0.70542651361918,1.93680555555556,-15.3295318381875,0.973535137806928
"concave.rugged",7,21,3,2025-07-21,18.9401736111111,0.66981496092864,1.25031513726227,19.9209027777778,1.65054412759534,0.689269115673536,1.65451388888889,-16.6158447612936,0.855654685702781
"concave.rugged",7,21,3,2025-07-21,18.9401736111111,0.66981496092864,1.25031513726227,19.9209027777778,1.65054412759534,0.689269115673536,1.65451388888889,-16.6158447612936,0.855654685702781
"concave.rugged",7,21,3,2025-07-21,18.9401736111111,0.66981496092864,1.25031513726227,19.9209027777778,1.65054412759534,0.689269115673536,1.65451388888889,-16.6158447612936,0.855654685702781
"concave.rugged",7,22,3,2025-07-22,20.1392361111111,1.04644451461177,1.3061802800336,20.5984027777778,1.50561118127847,0.545774873397897,1.28090277777778,-17.8118888187215,0.717677927647069
"concave.rugged",7,22,3,2025-07-22,20.1392361111111,1.04644451461177,1.3061802800336,20.5984027777778,1.50561118127847,0.545774873397897,1.28090277777778,-17.8118888187215,0.717677927647069
"concave.rugged",7,22,3,2025-07-22,20.1392361111111,1.04644451461177,1.3061802800336,20.5984027777778,1.50561118127847,0.545774873397897,1.28090277777778,-17.8118888187215,0.717677927647069
"concave.rugged",7,23,3,2025-07-23,18.5664930555556,-0.0228725184727393,0.99298957324986,17.9897569444445,-0.59960862958384,0.572643420739955,1.078125,-17.5112405740283,0.622756680030933
"concave.rugged",7,23,3,2025-07-23,18.5664930555556,-0.0228725184727393,0.99298957324986,17.9897569444445,-0.59960862958384,0.572643420739955,1.078125,-17.5112405740283,0.622756680030933
"concave.rugged",7,23,3,2025-07-23,18.5664930555556,-0.0228725184727393,0.99298957324986,17.9897569444445,-0.59960862958384,0.572643420739955,1.078125,-17.5112405740283,0.622756680030933
"concave.rugged",7,24,3,2025-07-24,17.9693055555556,0.611778836754235,0.870892040014553,15.8148611111111,-1.54266560769023,0.648052896130014,0.948611111111112,-16.4089156076902,0.607058850137996
"concave.rugged",7,24,3,2025-07-24,17.9693055555556,0.611778836754235,0.870892040014553,15.8148611111111,-1.54266560769023,0.648052896130014,0.948611111111112,-16.4089156076902,0.607058850137996
"concave.rugged",7,24,3,2025-07-24,17.9693055555556,0.611778836754235,0.870892040014553,15.8148611111111,-1.54266560769023,0.648052896130014,0.948611111111112,-16.4089156076902,0.607058850137996
"concave.rugged",7,25,3,2025-07-25,16.7047222222222,0.0639463798169579,0.842403266211833,17.2833680555555,0.642592213150258,0.991277607236446,1.96458333333333,-14.6761925090719,1.49806238184004
"concave.rugged",7,25,3,2025-07-25,16.7047222222222,0.0639463798169579,0.842403266211833,17.2833680555555,0.642592213150258,0.991277607236446,1.96458333333333,-14.6761925090719,1.49806238184004
"concave.rugged",7,25,3,2025-07-25,16.7047222222222,0.0639463798169579,0.842403266211833,17.2833680555555,0.642592213150258,0.991277607236446,1.96458333333333,-14.6761925090719,1.49806238184004
"concave.rugged",7,26,3,2025-07-26,17.3686111111111,0.552389225894819,0.833351089943912,16.5016319444444,-0.314589940771881,0.441812960299372,1.28888888888889,-15.5273329963274,1.07756566498088
"concave.rugged",7,26,3,2025-07-26,17.3686111111111,0.552389225894819,0.833351089943912,16.5016319444444,-0.314589940771881,0.441812960299372,1.28888888888889,-15.5273329963274,1.07756566498088
"concave.rugged",7,26,3,2025-07-26,17.3686111111111,0.552389225894819,0.833351089943912,16.5016319444444,-0.314589940771881,0.441812960299372,1.28888888888889,-15.5273329963274,1.07756566498088
"concave.rugged",7,27,3,2025-07-27,17.6274652777778,-0.0357344732882746,0.958526298381761,18.4229513888889,0.759751637822794,0.516522750080092,1.25798611111111,-16.405213639955,0.948512544191799
"concave.rugged",7,27,3,2025-07-27,17.6274652777778,-0.0357344732882746,0.958526298381761,18.4229513888889,0.759751637822794,0.516522750080092,1.25798611111111,-16.405213639955,0.948512544191799
"concave.rugged",7,27,3,2025-07-27,17.6274652777778,-0.0357344732882746,0.958526298381761,18.4229513888889,0.759751637822794,0.516522750080092,1.25798611111111,-16.405213639955,0.948512544191799
"concave.rugged",7,28,2,2025-07-28,19.7786979166667,1.38556546554851,2.04963541666665,19.9203125,1.52718004888186,0.9244791666667,1.359375,-17.0337574511181,1.21145833333333
"concave.rugged",7,28,2,2025-07-28,19.7786979166667,1.38556546554851,2.04963541666665,19.9203125,1.52718004888186,0.9244791666667,1.359375,-17.0337574511181,1.21145833333333
"concave.rugged",7,29,2,2025-07-29,19.1940625,0.686361016914537,1.9810416666667,18.44734375,-0.0603577330854623,0.9209895833333,0.988020833333335,-17.5196806497521,0.988020833333335
"concave.rugged",7,29,2,2025-07-29,19.1940625,0.686361016914537,1.9810416666667,18.44734375,-0.0603577330854623,0.9209895833333,0.988020833333335,-17.5196806497521,0.988020833333335
"concave.rugged",7,30,2,2025-07-30,18.6306770833333,0.2302423472354,1.37796875,18.4519791666666,0.0515444305687502,0.138229166666651,0.943749999999998,-17.4566847360979,0.914583333333332
"concave.rugged",7,30,2,2025-07-30,18.6306770833333,0.2302423472354,1.37796875,18.4519791666666,0.0515444305687502,0.138229166666651,0.943749999999998,-17.4566847360979,0.914583333333332
"concave.rugged",7,31,2,2025-07-31,19.5120833333334,1.32971183025674,1.21020833333335,21.6903125,3.50794099692339,0.0142708333333008,1.2953125,-16.8870590030766,1.1640625
"concave.rugged",7,31,2,2025-07-31,19.5120833333334,1.32971183025674,1.21020833333335,21.6903125,3.50794099692339,0.0142708333333008,1.2953125,-16.8870590030766,1.1640625
"concave.rugged",8,1,2,2025-08-01,19.5105729166666,1.59604280823014,1.62098958333335,18.51,0.595469891563493,0.3061458333333,0.847916666666665,-17.0666134417698,0.847916666666665
"concave.rugged",8,1,2,2025-08-01,19.5105729166666,1.59604280823014,1.62098958333335,18.51,0.595469891563493,0.3061458333333,0.847916666666665,-17.0666134417698,0.847916666666665
"concave.rugged",8,2,2,2025-08-02,18.2896354166667,0.420954693694737,1.28421875,17.6345833333334,-0.234097389638611,0.11447916666665,0.825520833333333,-17.0431598896386,0.786979166666667
"concave.rugged",8,2,2,2025-08-02,18.2896354166667,0.420954693694737,1.28421875,17.6345833333334,-0.234097389638611,0.11447916666665,0.825520833333333,-17.0431598896386,0.786979166666667
"concave.rugged",8,3,2,2025-08-03,19.1465104166667,0.939921104051287,1.11015625,18.5290625,0.322473187384587,0.0187499999999989,0.818750000000002,-17.3878393126154,0.779166666666668
"concave.rugged",8,3,2,2025-08-03,19.1465104166667,0.939921104051287,1.11015625,18.5290625,0.322473187384587,0.0187499999999989,0.818750000000002,-17.3878393126154,0.779166666666668
"concave.rugged",8,4,2,2025-08-04,20.9447395833334,2.06974441317504,2.11473958333335,21.2950520833334,2.42005691317504,0.835989583333349,0.922916666666665,-17.9520785034916,0.872916666666665
"concave.rugged",8,4,2,2025-08-04,20.9447395833334,2.06974441317504,2.11473958333335,21.2950520833334,2.42005691317504,0.835989583333349,0.922916666666665,-17.9520785034916,0.872916666666665
"concave.rugged",8,5,2,2025-08-05,20.6353645833333,1.18515823760177,1.73359375,19.335625,-0.114581345731526,0.267187499999999,0.724479166666668,-18.7257271790649,0.707812500000002
"concave.rugged",8,5,2,2025-08-05,20.6353645833333,1.18515823760177,1.73359375,19.335625,-0.114581345731526,0.267187499999999,0.724479166666668,-18.7257271790649,0.707812500000002
"concave.rugged",8,6,2,2025-08-06,20.6518229166666,0.948947968352954,2.27588541666665,20.2158333333333,0.512958385019605,1.1065625,0.765624999999998,-18.9372499483137,0.727083333333332
"concave.rugged",8,6,2,2025-08-06,20.6518229166666,0.948947968352954,2.27588541666665,20.2158333333333,0.512958385019605,1.1065625,0.765624999999998,-18.9372499483137,0.727083333333332
"concave.rugged",8,7,2,2025-08-07,20.6505729166667,1.02066641116233,2.25244791666665,19.4634375,-0.166469005504316,0.561249999999999,0.627604166666665,-19.0023023388377,0.627604166666665
"concave.rugged",8,7,2,2025-08-07,20.6505729166667,1.02066641116233,2.25244791666665,19.4634375,-0.166469005504316,0.561249999999999,0.627604166666665,-19.0023023388377,0.627604166666665
"concave.rugged",8,8,2,2025-08-08,21.1706770833333,2.32093140252743,2.03140625,20.40265625,1.55291056919413,0.8997395833333,0.626041666666665,-18.2237040141392,0.626041666666665
"concave.rugged",8,8,2,2025-08-08,21.1706770833333,2.32093140252743,2.03140625,20.40265625,1.55291056919413,0.8997395833333,0.626041666666665,-18.2237040141392,0.626041666666665
"concave.rugged",8,9,2,2025-08-09,17.0914583333333,-0.570885544679207,2.5128125,12.808125,-4.85421887801251,1.8030208333333,0.396354166666667,-17.2659897113458,0.396354166666666
"concave.rugged",8,9,2,2025-08-09,17.0914583333333,-0.570885544679207,2.5128125,12.808125,-4.85421887801251,1.8030208333333,0.396354166666667,-17.2659897113458,0.396354166666666
"concave.rugged",8,10,2,2025-08-10,16.6888541666667,-0.445774476021612,2.406875,14.5154166666667,-2.61921197602161,1.0975,0.467708333333334,-16.666920309355,0.467708333333334
"concave.rugged",8,10,2,2025-08-10,16.6888541666667,-0.445774476021612,2.406875,14.5154166666667,-2.61921197602161,1.0975,0.467708333333334,-16.666920309355,0.467708333333334
"concave.rugged",8,11,2,2025-08-11,18.935,1.02881538525214,2.6205208333333,18.1774479166667,0.271263301918793,1.20505208333335,0.601041666666665,-17.3051429480812,0.601041666666665
"concave.rugged",8,11,2,2025-08-11,18.935,1.02881538525214,2.6205208333333,18.1774479166667,0.271263301918793,1.20505208333335,0.601041666666665,-17.3051429480812,0.601041666666665
"concave.rugged",8,12,2,2025-08-12,20.813125,1.6790089072542,2.7586458333333,20.7779166666667,1.6438005739209,1.205,0.652604166666665,-18.4815119260791,0.652604166666665
"concave.rugged",8,12,2,2025-08-12,20.813125,1.6790089072542,2.7586458333333,20.7779166666667,1.6438005739209,1.205,0.652604166666665,-18.4815119260791,0.652604166666665
"concave.rugged",8,13,2,2025-08-13,20.7724479166667,1.09569994650298,2.89421875,20.3461979166667,0.669449946502926,1.29098958333335,0.5765625,-19.1001854701637,0.5765625
"concave.rugged",8,13,2,2025-08-13,20.7724479166667,1.09569994650298,2.89421875,20.3461979166667,0.669449946502926,1.29098958333335,0.5765625,-19.1001854701637,0.5765625
"concave.rugged",8,14,2,2025-08-14,20.1814583333333,0.815368405325291,2.078125,20.2056770833333,0.839587155325342,0.574114583333349,0.503125,-18.862964928008,0.503125
"concave.rugged",8,14,2,2025-08-14,20.1814583333333,0.815368405325291,2.078125,20.2056770833333,0.839587155325342,0.574114583333349,0.503125,-18.862964928008,0.503125
"concave.rugged",8,15,2,2025-08-15,19.8830208333333,1.45231275041257,2.29125,19.00734375,0.57663566707927,0.6821354166667,0.434375,-17.9963330829207,0.434375
"concave.rugged",8,15,2,2025-08-15,19.8830208333333,1.45231275041257,2.29125,19.00734375,0.57663566707927,0.6821354166667,0.434375,-17.9963330829207,0.434375
"concave.rugged",8,16,2,2025-08-16,18.0757291666666,1.086227032252,0.61010416666665,18.16609375,1.17659161558535,0.452135416666701,0.725,-16.2645021344146,0.725
"concave.rugged",8,16,2,2025-08-16,18.0757291666666,1.086227032252,0.61010416666665,18.16609375,1.17659161558535,0.452135416666701,0.725,-16.2645021344146,0.725
"concave.rugged",8,17,2,2025-08-17,16.2278125,0.618919013142895,1.19625,13.7689583333333,-1.83993515352376,0.470729166666651,0.680208333333335,-14.9286851535238,0.680208333333335
"concave.rugged",8,17,2,2025-08-17,16.2278125,0.618919013142895,1.19625,13.7689583333333,-1.83993515352376,0.470729166666651,0.680208333333335,-14.9286851535238,0.680208333333335
"concave.rugged",8,18,2,2025-08-18,15.42359375,-0.0965613298290249,1.2750520833333,16.34859375,0.828438670170976,0.704010416666701,1.35677083333334,-14.1633842464957,1.35677083333334
"concave.rugged",8,18,2,2025-08-18,15.42359375,-0.0965613298290249,1.2750520833333,16.34859375,0.828438670170976,0.704010416666701,1.35677083333334,-14.1633842464957,1.35677083333334
"concave.rugged",8,19,2,2025-08-19,18.4783333333333,1.5413171063482,2.0140625,19.3561458333334,2.41912960634825,1.16947916666665,1.1421875,-15.7948287269851,1.12760416666667
"concave.rugged",8,19,2,2025-08-19,18.4783333333333,1.5413171063482,2.0140625,19.3561458333334,2.41912960634825,1.16947916666665,1.1421875,-15.7948287269851,1.12760416666667
"concave.rugged",8,20,2,2025-08-20,20.5120833333333,1.97692289696842,2.5440625,21.9152604166666,3.38009998030177,1.15911458333335,0.932812500000002,-17.6023479363649,0.930729166666668
"concave.rugged",8,20,2,2025-08-20,20.5120833333333,1.97692289696842,2.5440625,21.9152604166666,3.38009998030177,1.15911458333335,0.932812500000002,-17.6023479363649,0.930729166666668
"concave.rugged",8,21,2,2025-08-21,20.2559375,1.04252286041972,2.1834375,19.88203125,0.668616610419726,1.0677604166667,0.753125,-18.4602896395803,0.753125
"concave.rugged",8,21,2,2025-08-21,20.2559375,1.04252286041972,2.1834375,19.88203125,0.668616610419726,1.0677604166667,0.753125,-18.4602896395803,0.753125
"concave.rugged",8,22,2,2025-08-22,19.24125,0.163760206408138,1.9510416666667,19.6229166666667,0.545426873074836,0.759375,0.758333333333335,-18.3191564602585,0.758333333333335
"concave.rugged",8,22,2,2025-08-22,19.24125,0.163760206408138,1.9510416666667,19.6229166666667,0.545426873074836,0.759375,0.758333333333335,-18.3191564602585,0.758333333333335
"concave.rugged",8,23,2,2025-08-23,20.3761458333333,1.6320317313914,2.68625,20.6138541666666,1.86974006472475,1.49239583333335,0.704166666666665,-18.0399474352752,0.704166666666665
"concave.rugged",8,23,2,2025-08-23,20.3761458333333,1.6320317313914,2.68625,20.6138541666666,1.86974006472475,1.49239583333335,0.704166666666665,-18.0399474352752,0.704166666666665
"concave.rugged",8,24,2,2025-08-24,19.3436979166666,1.53332014230841,2.38598958333335,17.6772916666666,-0.133086107691588,0.730416666666651,0.355729166666666,-17.4546486076916,0.355729166666666
"concave.rugged",8,24,2,2025-08-24,19.3436979166666,1.53332014230841,2.38598958333335,17.6772916666666,-0.133086107691588,0.730416666666651,0.355729166666666,-17.4546486076916,0.355729166666666
"concave.rugged",8,25,2,2025-08-25,16.9477083333334,0.590659839374167,0.851458333333349,15.89875,-0.458298493959185,0.1835416666667,0.7390625,-15.6179859939592,0.7390625
"concave.rugged",8,25,2,2025-08-25,16.9477083333334,0.590659839374167,0.851458333333349,15.89875,-0.458298493959185,0.1835416666667,0.7390625,-15.6179859939592,0.7390625
"concave.rugged",8,26,2,2025-08-26,13.8063541666667,-1.18662176724514,0.6315625,11.7507291666667,-3.24224676724519,0.548541666666649,3.44375,-11.5492259339118,3.44375
"concave.rugged",8,26,2,2025-08-26,13.8063541666667,-1.18662176724514,0.6315625,11.7507291666667,-3.24224676724519,0.548541666666649,3.44375,-11.5492259339118,3.44375
"concave.rugged",8,27,2,2025-08-27,15.49203125,1.32004460479003,0.780468750000001,14.7779166666667,0.60593002145673,0.2225,9.31979166666667,-4.8521949785433,4.80520833333334
"concave.rugged",8,27,2,2025-08-27,15.49203125,1.32004460479003,0.780468750000001,14.7779166666667,0.60593002145673,0.2225,9.31979166666667,-4.8521949785433,4.80520833333334
"concave.rugged",8,28,2,2025-08-28,13.4192708333333,-0.413216380999579,0.730833333333351,12.2875,-1.54498721433293,0.6195833333333,25.5479166666667,11.7154294523338,0.553125
"concave.rugged",8,28,2,2025-08-28,13.4192708333333,-0.413216380999579,0.730833333333351,12.2875,-1.54498721433293,0.6195833333333,25.5479166666667,11.7154294523338,0.553125
"concave.rugged",8,29,2,2025-08-29,13.985,0.573458918719592,1.1103125,14.3657291666667,0.954188085386292,0.8165625,21.984375,8.57283391871959,0.0531250000000014
"concave.rugged",8,29,2,2025-08-29,13.985,0.573458918719592,1.1103125,14.3657291666667,0.954188085386292,0.8165625,21.984375,8.57283391871959,0.0531250000000014
"concave.rugged",8,30,2,2025-08-30,14.0997395833333,0.878455588904619,1.84432291666665,14.1631770833333,0.941893088904568,1.43078125,19.0859375,5.86465350557127,0.525520833333299
"concave.rugged",8,30,2,2025-08-30,14.0997395833333,0.878455588904619,1.84432291666665,14.1631770833333,0.941893088904568,1.43078125,19.0859375,5.86465350557127,0.525520833333299
"concave.rugged",8,31,2,2025-08-31,14.49671875,0.798901959382877,2.7558854166667,14.6109375,0.913120709382877,1.9792708333333,16.8963541666667,3.19853737604953,0.91822916666665
"concave.rugged",8,31,2,2025-08-31,14.49671875,0.798901959382877,2.7558854166667,14.6109375,0.913120709382877,1.9792708333333,16.8963541666667,3.19853737604953,0.91822916666665
"concave.rugged",9,1,2,2025-09-01,15.4747916666667,1.05423826319036,3.03520833333335,15.91734375,1.49679034652371,1.9143229166667,15.4057291666667,0.98517576319041,1.1890625
"concave.rugged",9,1,2,2025-09-01,15.4747916666667,1.05423826319036,3.03520833333335,15.91734375,1.49679034652371,1.9143229166667,15.4057291666667,0.98517576319041,1.1890625
"concave.rugged",9,2,2,2025-09-02,16.6950520833333,1.42634994696601,3.23921875,17.5941666666667,2.32546453029941,2.41625,14.6072916666667,-0.661410469700636,1.84166666666665
"concave.rugged",9,2,2,2025-09-02,16.6950520833333,1.42634994696601,3.23921875,17.5941666666667,2.32546453029941,2.41625,14.6072916666667,-0.661410469700636,1.84166666666665
"concave.rugged",9,3,2,2025-09-03,16.86734375,1.0700834058474,3.7158854166667,17.2269270833334,1.42966673918074,2.43348958333335,13.2223958333333,-2.5748645108193,1.9328125
"concave.rugged",9,3,2,2025-09-03,16.86734375,1.0700834058474,3.7158854166667,17.2269270833334,1.42966673918074,2.43348958333335,13.2223958333333,-2.5748645108193,1.9328125
"concave.rugged",9,4,2,2025-09-04,17.26265625,1.53170494424015,3.6169270833333,17.11265625,1.38170494424015,1.8547395833333,11.9432291666667,-3.7877221390932,2.44010416666665
"concave.rugged",9,4,2,2025-09-04,17.26265625,1.53170494424015,3.6169270833333,17.11265625,1.38170494424015,1.8547395833333,11.9432291666667,-3.7877221390932,2.44010416666665
"concave.rugged",9,5,2,2025-09-05,16.496875,1.15699903351269,2.8680208333333,15.6402604166667,0.300384450179342,1.76848958333335,10.8604166666667,-4.47945929982062,2.75312500000001
"concave.rugged",9,5,2,2025-09-05,16.496875,1.15699903351269,2.8680208333333,15.6402604166667,0.300384450179342,1.76848958333335,10.8604166666667,-4.47945929982062,2.75312500000001
"concave.rugged",9,6,2,2025-09-06,15.7259375,1.01032627585041,2.9434375,14.3139583333333,-0.401652890816292,1.2059375,9.94843749999999,-4.76717372414961,2.95052083333332
"concave.rugged",9,6,2,2025-09-06,15.7259375,1.01032627585041,2.9434375,14.3139583333333,-0.401652890816292,1.2059375,9.94843749999999,-4.76717372414961,2.95052083333332
"concave.rugged",9,7,2,2025-09-07,15.5128645833334,1.48382567306873,1.84619791666665,14.1036458333333,0.0746069230687345,0.667395833333351,10.8651041666667,-3.16393474359797,2.68385416666665
"concave.rugged",9,7,2,2025-09-07,15.5128645833334,1.48382567306873,1.84619791666665,14.1036458333333,0.0746069230687345,0.667395833333351,10.8651041666667,-3.16393474359797,2.68385416666665
"concave.rugged",9,8,2,2025-09-08,13.8730729166667,0.413330441543915,1.41442708333335,14.5510416666666,1.09129919154392,1.33583333333335,20.6479166666666,7.18817419154392,1.50729166666665
"concave.rugged",9,8,2,2025-09-08,13.8730729166667,0.413330441543915,1.41442708333335,14.5510416666666,1.09129919154392,1.33583333333335,20.6479166666666,7.18817419154392,1.50729166666665
"concave.rugged",9,9,2,2025-09-09,13.9841145833333,0.927617787232011,2.08307291666665,13.8506770833334,0.794180287232011,1.39786458333335,17.315625,4.25912820389866,0.425000000000001
"concave.rugged",9,9,2,2025-09-09,13.9841145833333,0.927617787232011,2.08307291666665,13.8506770833334,0.794180287232011,1.39786458333335,17.315625,4.25912820389866,0.425000000000001
"concave.rugged",9,10,2,2025-09-10,13.8824479166666,0.954220466067501,1.63723958333335,14.585625,1.65739754940085,0.9784375,16.2265625,3.29833504940085,0.4901041666667
"concave.rugged",9,10,2,2025-09-10,13.8824479166666,0.954220466067501,1.63723958333335,14.585625,1.65739754940085,0.9784375,16.2265625,3.29833504940085,0.4901041666667
"concave.rugged",9,11,2,2025-09-11,14.28328125,1.23808512000446,2.03421875,14.5244791666667,1.47928303667116,1.0846875,14.5171875,1.47199137000446,0.7640625
"concave.rugged",9,11,2,2025-09-11,14.28328125,1.23808512000446,2.03421875,14.5244791666667,1.47928303667116,1.0846875,14.5171875,1.47199137000446,0.7640625
"concave.rugged",9,12,2,2025-09-12,14.405625,0.992840607621938,2.2472916666667,14.7309895833334,1.31820519095529,1.41057291666665,13.4380208333333,0.0252364409552372,0.7546875
"concave.rugged",9,12,2,2025-09-12,14.405625,0.992840607621938,2.2472916666667,14.7309895833334,1.31820519095529,1.41057291666665,13.4380208333333,0.0252364409552372,0.7546875
"convex.gentle",6,26,3,2025-06-26,15.3395789473684,-0.574861466573193,0.742303148930618,14.529298245614,-1.38514216832759,0.479139862351976,5.70982456140351,-10.2046158525381,1.87559151231909
"convex.gentle",6,26,3,2025-06-26,15.3395789473684,-0.574861466573193,0.742303148930618,14.529298245614,-1.38514216832759,0.479139862351976,5.70982456140351,-10.2046158525381,1.87559151231909
"convex.gentle",6,26,3,2025-06-26,15.3395789473684,-0.574861466573193,0.742303148930618,14.529298245614,-1.38514216832759,0.479139862351976,5.70982456140351,-10.2046158525381,1.87559151231909
"convex.gentle",6,27,3,2025-06-27,16.4197569444444,-0.702606352210019,0.841245858202545,16.7871875,-0.335175796654453,0.436683344114052,5.57534722222222,-11.5470160744322,1.74245545640456
"convex.gentle",6,27,3,2025-06-27,16.4197569444444,-0.702606352210019,0.841245858202545,16.7871875,-0.335175796654453,0.436683344114052,5.57534722222222,-11.5470160744322,1.74245545640456
"convex.gentle",6,27,3,2025-06-27,16.4197569444444,-0.702606352210019,0.841245858202545,16.7871875,-0.335175796654453,0.436683344114052,5.57534722222222,-11.5470160744322,1.74245545640456
"convex.gentle",6,28,3,2025-06-28,17.4600694444444,-0.633607727100478,0.776337309302124,17.7222222222222,-0.37145494932271,0.414533350967593,5.61041666666667,-12.4832605048782,1.69652305196731
"convex.gentle",6,28,3,2025-06-28,17.4600694444444,-0.633607727100478,0.776337309302124,17.7222222222222,-0.37145494932271,0.414533350967593,5.61041666666667,-12.4832605048782,1.69652305196731
"convex.gentle",6,28,3,2025-06-28,17.4600694444444,-0.633607727100478,0.776337309302124,17.7222222222222,-0.37145494932271,0.414533350967593,5.61041666666667,-12.4832605048782,1.69652305196731
"convex.gentle",6,29,3,2025-06-29,18.1888888888889,-0.652036153812053,0.945071302511424,18.0459027777778,-0.795022264923186,0.580898942339753,5.540625,-13.300300042701,1.66583877007061
"convex.gentle",6,29,3,2025-06-29,18.1888888888889,-0.652036153812053,0.945071302511424,18.0459027777778,-0.795022264923186,0.580898942339753,5.540625,-13.300300042701,1.66583877007061
"convex.gentle",6,29,3,2025-06-29,18.1888888888889,-0.652036153812053,0.945071302511424,18.0459027777778,-0.795022264923186,0.580898942339753,5.540625,-13.300300042701,1.66583877007061
"convex.gentle",6,30,3,2025-06-30,18.3832986111111,-1.14635654624074,0.935858297005299,18.0117361111111,-1.51791904624074,0.566638152026311,5.42847222222222,-14.1011829351296,1.66269027965204
"convex.gentle",6,30,3,2025-06-30,18.3832986111111,-1.14635654624074,0.935858297005299,18.0117361111111,-1.51791904624074,0.566638152026311,5.42847222222222,-14.1011829351296,1.66269027965204
"convex.gentle",6,30,3,2025-06-30,18.3832986111111,-1.14635654624074,0.935858297005299,18.0117361111111,-1.51791904624074,0.566638152026311,5.42847222222222,-14.1011829351296,1.66269027965204
"convex.gentle",7,1,3,2025-07-01,18.9233333333333,-0.0564903094329227,0.848049630835344,18.7902777777778,-0.189545864988489,0.413904649040458,5.26944444444444,-13.7103791983218,1.62288683975111
"convex.gentle",7,1,3,2025-07-01,18.9233333333333,-0.0564903094329227,0.848049630835344,18.7902777777778,-0.189545864988489,0.413904649040458,5.26944444444444,-13.7103791983218,1.62288683975111
"convex.gentle",7,1,3,2025-07-01,18.9233333333333,-0.0564903094329227,0.848049630835344,18.7902777777778,-0.189545864988489,0.413904649040458,5.26944444444444,-13.7103791983218,1.62288683975111
"convex.gentle",7,2,3,2025-07-02,16.1449305555556,-1.00343772725719,0.654865775397237,14.5560416666667,-2.59232661614609,0.637949327058706,7.65625,-9.49211828281276,2.4886585189532
"convex.gentle",7,2,3,2025-07-02,16.1449305555556,-1.00343772725719,0.654865775397237,14.5560416666667,-2.59232661614609,0.637949327058706,7.65625,-9.49211828281276,2.4886585189532
"convex.gentle",7,2,3,2025-07-02,16.1449305555556,-1.00343772725719,0.654865775397237,14.5560416666667,-2.59232661614609,0.637949327058706,7.65625,-9.49211828281276,2.4886585189532
"convex.gentle",7,3,3,2025-07-03,14.9870138888889,-0.644164783459574,0.638975700812475,14.6250694444445,-1.00610922790397,0.202918113420774,11.6965277777778,-3.93465089457066,6.46751168852172
"convex.gentle",7,3,3,2025-07-03,14.9870138888889,-0.644164783459574,0.638975700812475,14.6250694444445,-1.00610922790397,0.202918113420774,11.6965277777778,-3.93465089457066,6.46751168852172
"convex.gentle",7,3,3,2025-07-03,14.9870138888889,-0.644164783459574,0.638975700812475,14.6250694444445,-1.00610922790397,0.202918113420774,11.6965277777778,-3.93465089457066,6.46751168852172
"convex.gentle",7,4,3,2025-07-04,15.2454861111111,0.0114670416600783,0.520638895419096,14.6777083333333,-0.556310736117721,0.156340529329765,12.2961805555556,-2.9378385138955,5.70250933172701
"convex.gentle",7,4,3,2025-07-04,15.2454861111111,0.0114670416600783,0.520638895419096,14.6777083333333,-0.556310736117721,0.156340529329765,12.2961805555556,-2.9378385138955,5.70250933172701
"convex.gentle",7,4,3,2025-07-04,15.2454861111111,0.0114670416600783,0.520638895419096,14.6777083333333,-0.556310736117721,0.156340529329765,12.2961805555556,-2.9378385138955,5.70250933172701
"convex.gentle",7,5,3,2025-07-05,14.8455555555556,-0.406180755615043,0.409803168498816,15.2621875,0.0104511888293898,0.3306181079937,20.9659722222222,5.71423591105162,2.54028212042488
"convex.gentle",7,5,3,2025-07-05,14.8455555555556,-0.406180755615043,0.409803168498816,15.2621875,0.0104511888293898,0.3306181079937,20.9659722222222,5.71423591105162,2.54028212042488
"convex.gentle",7,5,3,2025-07-05,14.8455555555556,-0.406180755615043,0.409803168498816,15.2621875,0.0104511888293898,0.3306181079937,20.9659722222222,5.71423591105162,2.54028212042488
"convex.gentle",7,6,3,2025-07-06,16.1422916666667,-0.0602383034095849,0.739926248260314,16.7588541666667,0.556324196590382,0.713521960899843,19.2197916666667,3.01726169659038,1.91442756817099
"convex.gentle",7,6,3,2025-07-06,16.1422916666667,-0.0602383034095849,0.739926248260314,16.7588541666667,0.556324196590382,0.713521960899843,19.2197916666667,3.01726169659038,1.91442756817099
"convex.gentle",7,6,3,2025-07-06,16.1422916666667,-0.0602383034095849,0.739926248260314,16.7588541666667,0.556324196590382,0.713521960899843,19.2197916666667,3.01726169659038,1.91442756817099
"convex.gentle",7,7,3,2025-07-07,17.3076388888889,-0.348532588066457,0.834236423272887,17.4769097222222,-0.179261754733124,0.683668387680219,17.0295138888889,-0.62665758806649,1.61059502180621
"convex.gentle",7,7,3,2025-07-07,17.3076388888889,-0.348532588066457,0.834236423272887,17.4769097222222,-0.179261754733124,0.683668387680219,17.0295138888889,-0.62665758806649,1.61059502180621
"convex.gentle",7,7,3,2025-07-07,17.3076388888889,-0.348532588066457,0.834236423272887,17.4769097222222,-0.179261754733124,0.683668387680219,17.0295138888889,-0.62665758806649,1.61059502180621
"convex.gentle",7,8,3,2025-07-08,17.7477777777778,-0.568965037395505,0.708086357406165,18.0921527777778,-0.224590037395505,0.765063059871941,15.1815972222222,-3.13514559295107,1.50741612081867
"convex.gentle",7,8,3,2025-07-08,17.7477777777778,-0.568965037395505,0.708086357406165,18.0921527777778,-0.224590037395505,0.765063059871941,15.1815972222222,-3.13514559295107,1.50741612081867
"convex.gentle",7,8,3,2025-07-08,17.7477777777778,-0.568965037395505,0.708086357406165,18.0921527777778,-0.224590037395505,0.765063059871941,15.1815972222222,-3.13514559295107,1.50741612081867
"convex.gentle",7,9,3,2025-07-09,18.0497569444444,-0.935631176053953,0.701448444425618,19.4571527777778,0.471764657279382,0.806182352381433,13.6434027777778,-5.34198534272062,1.36451075047279
"convex.gentle",7,9,3,2025-07-09,18.0497569444444,-0.935631176053953,0.701448444425618,19.4571527777778,0.471764657279382,0.806182352381433,13.6434027777778,-5.34198534272062,1.36451075047279
"convex.gentle",7,9,3,2025-07-09,18.0497569444444,-0.935631176053953,0.701448444425618,19.4571527777778,0.471764657279382,0.806182352381433,13.6434027777778,-5.34198534272062,1.36451075047279
"convex.gentle",7,10,3,2025-07-10,19.5760763888889,0.157252184515882,0.787644031997934,20.4666319444445,1.04780774007148,0.70826361567985,11.6097222222222,-7.80910198215079,0.843751786120663
"convex.gentle",7,10,3,2025-07-10,19.5760763888889,0.157252184515882,0.787644031997934,20.4666319444445,1.04780774007148,0.70826361567985,11.6097222222222,-7.80910198215079,0.843751786120663
"convex.gentle",7,10,3,2025-07-10,19.5760763888889,0.157252184515882,0.787644031997934,20.4666319444445,1.04780774007148,0.70826361567985,11.6097222222222,-7.80910198215079,0.843751786120663
"convex.gentle",7,11,3,2025-07-11,18.8922569444445,-0.884740875871752,0.757294189237484,18.0886805555555,-1.68831726476069,0.542742152568215,9.96076388888889,-9.81623393142733,0.77591053453366
"convex.gentle",7,11,3,2025-07-11,18.8922569444445,-0.884740875871752,0.757294189237484,18.0886805555555,-1.68831726476069,0.542742152568215,9.96076388888889,-9.81623393142733,0.77591053453366
"convex.gentle",7,11,3,2025-07-11,18.8922569444445,-0.884740875871752,0.757294189237484,18.0886805555555,-1.68831726476069,0.542742152568215,9.96076388888889,-9.81623393142733,0.77591053453366
"convex.gentle",7,12,3,2025-07-12,19.3090972222222,-0.749151188310962,0.804866923841772,19.0493055555556,-1.00894285497763,0.570410986338129,8.82222222222223,-11.236026188311,0.80070867350276
"convex.gentle",7,12,3,2025-07-12,19.3090972222222,-0.749151188310962,0.804866923841772,19.0493055555556,-1.00894285497763,0.570410986338129,8.82222222222223,-11.236026188311,0.80070867350276
"convex.gentle",7,12,3,2025-07-12,19.3090972222222,-0.749151188310962,0.804866923841772,19.0493055555556,-1.00894285497763,0.570410986338129,8.82222222222223,-11.236026188311,0.80070867350276
"convex.gentle",7,13,3,2025-07-13,19.9178819444444,-0.641700476910336,0.878717097101266,20.2739930555555,-0.285589365799235,0.602021227613522,6.85277777777778,-13.706804643577,1.61664858207478
"convex.gentle",7,13,3,2025-07-13,19.9178819444444,-0.641700476910336,0.878717097101266,20.2739930555555,-0.285589365799235,0.602021227613522,6.85277777777778,-13.706804643577,1.61664858207478
"convex.gentle",7,13,3,2025-07-13,19.9178819444444,-0.641700476910336,0.878717097101266,20.2739930555555,-0.285589365799235,0.602021227613522,6.85277777777778,-13.706804643577,1.61664858207478
"convex.gentle",7,14,3,2025-07-14,20.3206944444444,-0.258166152396887,0.917682536317126,20.2881597222222,-0.29070087461912,0.620735947145249,5.67395833333333,-14.904902263508,1.85675800116339
"convex.gentle",7,14,3,2025-07-14,20.3206944444444,-0.258166152396887,0.917682536317126,20.2881597222222,-0.29070087461912,0.620735947145249,5.67395833333333,-14.904902263508,1.85675800116339
"convex.gentle",7,14,3,2025-07-14,20.3206944444444,-0.258166152396887,0.917682536317126,20.2881597222222,-0.29070087461912,0.620735947145249,5.67395833333333,-14.904902263508,1.85675800116339
"convex.gentle",7,15,3,2025-07-15,19.7056597222222,-0.00279108296883024,0.784139928839006,18.1272916666667,-1.5811591385244,0.525618025920412,4.809375,-14.8990758051911,1.80634921792728
"convex.gentle",7,15,3,2025-07-15,19.7056597222222,-0.00279108296883024,0.784139928839006,18.1272916666667,-1.5811591385244,0.525618025920412,4.809375,-14.8990758051911,1.80634921792728
"convex.gentle",7,15,3,2025-07-15,19.7056597222222,-0.00279108296883024,0.784139928839006,18.1272916666667,-1.5811591385244,0.525618025920412,4.809375,-14.8990758051911,1.80634921792728
"convex.gentle",7,16,3,2025-07-16,17.2863888888889,-1.68476266397434,0.654583267948301,17.0764930555556,-1.89465849730767,0.282164923457392,5.44583333333333,-13.5253182195299,1.62487190111194
"convex.gentle",7,16,3,2025-07-16,17.2863888888889,-1.68476266397434,0.654583267948301,17.0764930555556,-1.89465849730767,0.282164923457392,5.44583333333333,-13.5253182195299,1.62487190111194
"convex.gentle",7,16,3,2025-07-16,17.2863888888889,-1.68476266397434,0.654583267948301,17.0764930555556,-1.89465849730767,0.282164923457392,5.44583333333333,-13.5253182195299,1.62487190111194
"convex.gentle",7,17,3,2025-07-17,18.6617013888889,0.153086436747014,0.684324395466861,18.1006944444444,-0.407920507697453,0.411755506842521,4.75173611111111,-13.7568788410308,1.64718697996073
"convex.gentle",7,17,3,2025-07-17,18.6617013888889,0.153086436747014,0.684324395466861,18.1006944444444,-0.407920507697453,0.411755506842521,4.75173611111111,-13.7568788410308,1.64718697996073
"convex.gentle",7,17,3,2025-07-17,18.6617013888889,0.153086436747014,0.684324395466861,18.1006944444444,-0.407920507697453,0.411755506842521,4.75173611111111,-13.7568788410308,1.64718697996073
"convex.gentle",7,18,3,2025-07-18,18.4635763888889,0.481119194723629,0.600179559157995,17.0602083333333,-0.922248860831938,0.518649320188691,4.31180555555555,-13.6706516386097,1.56686131295514
"convex.gentle",7,18,3,2025-07-18,18.4635763888889,0.481119194723629,0.600179559157995,17.0602083333333,-0.922248860831938,0.518649320188691,4.31180555555555,-13.6706516386097,1.56686131295514
"convex.gentle",7,18,3,2025-07-18,18.4635763888889,0.481119194723629,0.600179559157995,17.0602083333333,-0.922248860831938,0.518649320188691,4.31180555555555,-13.6706516386097,1.56686131295514
"convex.gentle",7,19,3,2025-07-19,16.1294444444444,-1.17139066711154,1.03217369079563,14.4896527777778,-2.8111823337782,0.952053810122538,5.25,-12.050835111556,1.53598415470192
"convex.gentle",7,19,3,2025-07-19,16.1294444444444,-1.17139066711154,1.03217369079563,14.4896527777778,-2.8111823337782,0.952053810122538,5.25,-12.050835111556,1.53598415470192
"convex.gentle",7,19,3,2025-07-19,16.1294444444444,-1.17139066711154,1.03217369079563,14.4896527777778,-2.8111823337782,0.952053810122538,5.25,-12.050835111556,1.53598415470192
"convex.gentle",7,20,3,2025-07-20,16.0152777777778,-1.25105961596531,0.928824485318597,16.41,-0.856337393743079,0.531436041090229,7.1263888888889,-10.1399485048542,2.75972196010177
"convex.gentle",7,20,3,2025-07-20,16.0152777777778,-1.25105961596531,0.928824485318597,16.41,-0.856337393743079,0.531436041090229,7.1263888888889,-10.1399485048542,2.75972196010177
"convex.gentle",7,20,3,2025-07-20,16.0152777777778,-1.25105961596531,0.928824485318597,16.41,-0.856337393743079,0.531436041090229,7.1263888888889,-10.1399485048542,2.75972196010177
"convex.gentle",7,21,3,2025-07-21,18.1565625,-0.113796150182459,0.80598371419061,19.0018402777778,0.731481627595341,0.392420232763036,6.48715277777777,-11.7832058724047,2.58395016250749
"convex.gentle",7,21,3,2025-07-21,18.1565625,-0.113796150182459,0.80598371419061,19.0018402777778,0.731481627595341,0.392420232763036,6.48715277777777,-11.7832058724047,2.58395016250749
"convex.gentle",7,21,3,2025-07-21,18.1565625,-0.113796150182459,0.80598371419061,19.0018402777778,0.731481627595341,0.392420232763036,6.48715277777777,-11.7832058724047,2.58395016250749
"convex.gentle",7,22,3,2025-07-22,19.3457986111111,0.253007014611775,0.885830484043219,19.6883680555556,0.595576459056242,0.469539402172931,5.75590277777777,-13.3368888187216,2.24770992746327
"convex.gentle",7,22,3,2025-07-22,19.3457986111111,0.253007014611775,0.885830484043219,19.6883680555556,0.595576459056242,0.469539402172931,5.75590277777777,-13.3368888187216,2.24770992746327
"convex.gentle",7,22,3,2025-07-22,19.3457986111111,0.253007014611775,0.885830484043219,19.6883680555556,0.595576459056242,0.469539402172931,5.75590277777777,-13.3368888187216,2.24770992746327
"convex.gentle",7,23,3,2025-07-23,17.7371875,-0.852178074028307,0.669386625305404,16.8062847222222,-1.78308085180607,0.115832963836684,4.93263888888889,-13.6567266851394,1.79415104858722
"convex.gentle",7,23,3,2025-07-23,17.7371875,-0.852178074028307,0.669386625305404,16.8062847222222,-1.78308085180607,0.115832963836684,4.93263888888889,-13.6567266851394,1.79415104858722
"convex.gentle",7,23,3,2025-07-23,17.7371875,-0.852178074028307,0.669386625305404,16.8062847222222,-1.78308085180607,0.115832963836684,4.93263888888889,-13.6567266851394,1.79415104858722
"convex.gentle",7,24,3,2025-07-24,17.1203472222222,-0.237179496579098,0.598705744847981,14.5763194444445,-2.78120727435686,0.225085297082195,4.16215277777778,-13.1953739410236,1.49244120920202
"convex.gentle",7,24,3,2025-07-24,17.1203472222222,-0.237179496579098,0.598705744847981,14.5763194444445,-2.78120727435686,0.225085297082195,4.16215277777778,-13.1953739410236,1.49244120920202
"convex.gentle",7,24,3,2025-07-24,17.1203472222222,-0.237179496579098,0.598705744847981,14.5763194444445,-2.78120727435686,0.225085297082195,4.16215277777778,-13.1953739410236,1.49244120920202
"convex.gentle",7,25,3,2025-07-25,15.9955555555556,-0.645220286849709,0.435224748097019,16.5669791666667,-0.0737966757386097,0.0748570928240125,4.97430555555555,-11.6664702868497,1.45392940366479
"convex.gentle",7,25,3,2025-07-25,15.9955555555556,-0.645220286849709,0.435224748097019,16.5669791666667,-0.0737966757386097,0.0748570928240125,4.97430555555555,-11.6664702868497,1.45392940366479
"convex.gentle",7,25,3,2025-07-25,15.9955555555556,-0.645220286849709,0.435224748097019,16.5669791666667,-0.0737966757386097,0.0748570928240125,4.97430555555555,-11.6664702868497,1.45392940366479
"convex.gentle",7,26,3,2025-07-26,16.8086458333333,-0.00757605188298172,0.480057576811772,15.6738541666667,-1.14236771854965,0.427699204487999,4.14618055555556,-12.6700413296608,1.51568290903752
"convex.gentle",7,26,3,2025-07-26,16.8086458333333,-0.00757605188298172,0.480057576811772,15.6738541666667,-1.14236771854965,0.427699204487999,4.14618055555556,-12.6700413296608,1.51568290903752
"convex.gentle",7,26,3,2025-07-26,16.8086458333333,-0.00757605188298172,0.480057576811772,15.6738541666667,-1.14236771854965,0.427699204487999,4.14618055555556,-12.6700413296608,1.51568290903752
"convex.gentle",7,27,3,2025-07-27,16.9284027777778,-0.734796973288308,0.67946921072531,17.0913194444444,-0.571880306621641,0.401251953045135,3.97638888888889,-13.6868108621772,1.47285752638094
"convex.gentle",7,27,3,2025-07-27,16.9284027777778,-0.734796973288308,0.67946921072531,17.0913194444444,-0.571880306621641,0.401251953045135,3.97638888888889,-13.6868108621772,1.47285752638094
"convex.gentle",7,27,3,2025-07-27,16.9284027777778,-0.734796973288308,0.67946921072531,17.0913194444444,-0.571880306621641,0.401251953045135,3.97638888888889,-13.6868108621772,1.47285752638094
"convex.gentle",7,28,3,2025-07-28,18.4588194444445,0.0656869933263285,0.691525926248878,18.2105208333333,-0.182611617784804,0.315009168416338,3.73541666666667,-14.6577157844515,1.38184939127317
"convex.gentle",7,28,3,2025-07-28,18.4588194444445,0.0656869933263285,0.691525926248878,18.2105208333333,-0.182611617784804,0.315009168416338,3.73541666666667,-14.6577157844515,1.38184939127317
"convex.gentle",7,28,3,2025-07-28,18.4588194444445,0.0656869933263285,0.691525926248878,18.2105208333333,-0.182611617784804,0.315009168416338,3.73541666666667,-14.6577157844515,1.38184939127317
"convex.gentle",7,29,3,2025-07-29,18.1143055555556,-0.393395927529896,0.692733994233698,17.3010416666667,-1.2066598164188,0.433649628323005,3.27013888888889,-15.2375625941966,1.37262952408073
"convex.gentle",7,29,3,2025-07-29,18.1143055555556,-0.393395927529896,0.692733994233698,17.3010416666667,-1.2066598164188,0.433649628323005,3.27013888888889,-15.2375625941966,1.37262952408073
"convex.gentle",7,29,3,2025-07-29,18.1143055555556,-0.393395927529896,0.692733994233698,17.3010416666667,-1.2066598164188,0.433649628323005,3.27013888888889,-15.2375625941966,1.37262952408073
"convex.gentle",7,30,3,2025-07-30,17.2511458333333,-1.14928890276457,0.643275895176271,16.5626388888889,-1.837795847209,0.5504714589881,3.16215277777778,-15.2382819583201,1.34424373645326
"convex.gentle",7,30,3,2025-07-30,17.2511458333333,-1.14928890276457,0.643275895176271,16.5626388888889,-1.837795847209,0.5504714589881,3.16215277777778,-15.2382819583201,1.34424373645326
"convex.gentle",7,30,3,2025-07-30,17.2511458333333,-1.14928890276457,0.643275895176271,16.5626388888889,-1.837795847209,0.5504714589881,3.16215277777778,-15.2382819583201,1.34424373645326
"convex.gentle",7,31,3,2025-07-31,17.6548263888889,-0.527545114187738,0.477682091566956,20.0023263888889,1.81995488581229,0.107920241611005,3.82916666666667,-14.3532048364099,1.43118530502336
"convex.gentle",7,31,3,2025-07-31,17.6548263888889,-0.527545114187738,0.477682091566956,20.0023263888889,1.81995488581229,0.107920241611005,3.82916666666667,-14.3532048364099,1.43118530502336
"convex.gentle",7,31,3,2025-07-31,17.6548263888889,-0.527545114187738,0.477682091566956,20.0023263888889,1.81995488581229,0.107920241611005,3.82916666666667,-14.3532048364099,1.43118530502336
"convex.gentle",8,1,3,2025-08-01,17.99125,0.0767198915635241,0.479128587707963,17.0815625,-0.832967608436508,0.132505582189359,3.21944444444444,-14.6950856639921,1.35530151877363
"convex.gentle",8,1,3,2025-08-01,17.99125,0.0767198915635241,0.479128587707963,17.0815625,-0.832967608436508,0.132505582189359,3.21944444444444,-14.6950856639921,1.35530151877363
"convex.gentle",8,1,3,2025-08-01,17.99125,0.0767198915635241,0.479128587707963,17.0815625,-0.832967608436508,0.132505582189359,3.21944444444444,-14.6950856639921,1.35530151877363
"convex.gentle",8,2,3,2025-08-02,16.7744097222222,-1.09427100074976,0.519933585103517,15.8297569444444,-2.03892377852753,0.156888306546706,3.096875,-14.771805722972,1.2790466318545
"convex.gentle",8,2,3,2025-08-02,16.7744097222222,-1.09427100074976,0.519933585103517,15.8297569444444,-2.03892377852753,0.156888306546706,3.096875,-14.771805722972,1.2790466318545
"convex.gentle",8,2,3,2025-08-02,16.7744097222222,-1.09427100074976,0.519933585103517,15.8297569444444,-2.03892377852753,0.156888306546706,3.096875,-14.771805722972,1.2790466318545
"convex.gentle",8,3,3,2025-08-03,17.3896180555556,-0.816971257059847,0.564199491333036,16.654375,-1.55221431261541,0.0910980430266725,3.10347222222222,-15.1031170903932,1.23926150311771
"convex.gentle",8,3,3,2025-08-03,17.3896180555556,-0.816971257059847,0.564199491333036,16.654375,-1.55221431261541,0.0910980430266725,3.10347222222222,-15.1031170903932,1.23926150311771
"convex.gentle",8,3,3,2025-08-03,17.3896180555556,-0.816971257059847,0.564199491333036,16.654375,-1.55221431261541,0.0910980430266725,3.10347222222222,-15.1031170903932,1.23926150311771
"convex.gentle",8,4,3,2025-08-04,19.2944097222222,0.419414552063892,0.655809944867149,19.6439236111111,0.768928440952793,0.202305096795492,3.178125,-15.6968701701583,1.25545439035958
"convex.gentle",8,4,3,2025-08-04,19.2944097222222,0.419414552063892,0.655809944867149,19.6439236111111,0.768928440952793,0.202305096795492,3.178125,-15.6968701701583,1.25545439035958
"convex.gentle",8,4,3,2025-08-04,19.2944097222222,0.419414552063892,0.655809944867149,19.6439236111111,0.768928440952793,0.202305096795492,3.178125,-15.6968701701583,1.25545439035958
"convex.gentle",8,5,3,2025-08-05,18.7772916666667,-0.67291467906486,0.670332485888713,17.3638541666667,-2.08635217906486,0.125777371547042,2.90138888888889,-16.5488174568426,1.17986341025543
"convex.gentle",8,5,3,2025-08-05,18.7772916666667,-0.67291467906486,0.670332485888713,17.3638541666667,-2.08635217906486,0.125777371547042,2.90138888888889,-16.5488174568426,1.17986341025543
"convex.gentle",8,5,3,2025-08-05,18.7772916666667,-0.67291467906486,0.670332485888713,17.3638541666667,-2.08635217906486,0.125777371547042,2.90138888888889,-16.5488174568426,1.17986341025543
"convex.gentle",8,6,3,2025-08-06,19.0620486111111,-0.640826337202596,0.67337590842922,18.6253819444444,-1.07749300386926,0.330147631410903,2.90694444444445,-16.7959305038693,1.15629603470254
"convex.gentle",8,6,3,2025-08-06,19.0620486111111,-0.640826337202596,0.67337590842922,18.6253819444444,-1.07749300386926,0.330147631410903,2.90694444444445,-16.7959305038693,1.15629603470254
"convex.gentle",8,6,3,2025-08-06,19.0620486111111,-0.640826337202596,0.67337590842922,18.6253819444444,-1.07749300386926,0.330147631410903,2.90694444444445,-16.7959305038693,1.15629603470254
"convex.gentle",8,7,3,2025-08-07,19.1245138888889,-0.505392616615416,0.701120089960299,17.8902083333334,-1.73969817217095,0.288910508088626,2.696875,-16.9330315055043,1.13271675042343
"convex.gentle",8,7,3,2025-08-07,19.1245138888889,-0.505392616615416,0.701120089960299,17.8902083333334,-1.73969817217095,0.288910508088626,2.696875,-16.9330315055043,1.13271675042343
"convex.gentle",8,7,3,2025-08-07,19.1245138888889,-0.505392616615416,0.701120089960299,17.8902083333334,-1.73969817217095,0.288910508088626,2.696875,-16.9330315055043,1.13271675042343
"convex.gentle",8,8,3,2025-08-08,19.5054166666667,0.655670985860799,0.72086098764791,18.9572222222222,0.107476541416367,0.173773462283673,2.65208333333333,-16.1976623474725,1.15773053359835
"convex.gentle",8,8,3,2025-08-08,19.5054166666667,0.655670985860799,0.72086098764791,18.9572222222222,0.107476541416367,0.173773462283673,2.65208333333333,-16.1976623474725,1.15773053359835
"convex.gentle",8,8,3,2025-08-08,19.5054166666667,0.655670985860799,0.72086098764791,18.9572222222222,0.107476541416367,0.173773462283673,2.65208333333333,-16.1976623474725,1.15773053359835
"convex.gentle",8,9,3,2025-08-09,16.5988541666666,-1.06348971134587,0.635845287472271,12.5064930555555,-5.15585082245697,0.367069353201533,2.09791666666667,-15.5644272113458,1.02205708962095
"convex.gentle",8,9,3,2025-08-09,16.5988541666666,-1.06348971134587,0.635845287472271,12.5064930555555,-5.15585082245697,0.367069353201533,2.09791666666667,-15.5644272113458,1.02205708962095
"convex.gentle",8,9,3,2025-08-09,16.5988541666666,-1.06348971134587,0.635845287472271,12.5064930555555,-5.15585082245697,0.367069353201533,2.09791666666667,-15.5644272113458,1.02205708962095
"convex.gentle",8,10,3,2025-08-10,16.3536805555556,-0.780948087132745,0.575846625149766,13.6583680555556,-3.47626058713275,0.154362550730117,2.203125,-14.9315036426883,0.992509015783755
"convex.gentle",8,10,3,2025-08-10,16.3536805555556,-0.780948087132745,0.575846625149766,13.6583680555556,-3.47626058713275,0.154362550730117,2.203125,-14.9315036426883,0.992509015783755
"convex.gentle",8,10,3,2025-08-10,16.3536805555556,-0.780948087132745,0.575846625149766,13.6583680555556,-3.47626058713275,0.154362550730117,2.203125,-14.9315036426883,0.992509015783755
"convex.gentle",8,11,3,2025-08-11,17.6681944444444,-0.237990170303425,0.75878100657148,16.3586805555556,-1.54750405919229,0.191377067723731,2.38229166666666,-15.5238929480812,1.02334459395949
"convex.gentle",8,11,3,2025-08-11,17.6681944444444,-0.237990170303425,0.75878100657148,16.3586805555556,-1.54750405919229,0.191377067723731,2.38229166666666,-15.5238929480812,1.02334459395949
"convex.gentle",8,11,3,2025-08-11,17.6681944444444,-0.237990170303425,0.75878100657148,16.3586805555556,-1.54750405919229,0.191377067723731,2.38229166666666,-15.5238929480812,1.02334459395949
"convex.gentle",8,12,3,2025-08-12,19.1561111111111,0.0219950183653334,0.690812203169736,18.8823958333333,-0.251720259412465,0.0707521747064667,2.509375,-16.6247410927458,1.06870938844217
"convex.gentle",8,12,3,2025-08-12,19.1561111111111,0.0219950183653334,0.690812203169736,18.8823958333333,-0.251720259412465,0.0707521747064667,2.509375,-16.6247410927458,1.06870938844217
"convex.gentle",8,12,3,2025-08-12,19.1561111111111,0.0219950183653334,0.690812203169736,18.8823958333333,-0.251720259412465,0.0707521747064667,2.509375,-16.6247410927458,1.06870938844217
"convex.gentle",8,13,3,2025-08-13,19.3840972222222,-0.292650747941491,0.714242957618574,18.9759722222222,-0.700775747941492,0.346829328060434,2.41041666666667,-17.2663313034971,1.08434514715018
"convex.gentle",8,13,3,2025-08-13,19.3840972222222,-0.292650747941491,0.714242957618574,18.9759722222222,-0.700775747941492,0.346829328060434,2.41041666666667,-17.2663313034971,1.08434514715018
"convex.gentle",8,13,3,2025-08-13,19.3840972222222,-0.292650747941491,0.714242957618574,18.9759722222222,-0.700775747941492,0.346829328060434,2.41041666666667,-17.2663313034971,1.08434514715018
"convex.gentle",8,14,3,2025-08-14,18.6204513888889,-0.745638539119109,0.683129406005298,18.6989930555556,-0.667096872452442,0.193686531320882,2.35659722222222,-17.0094927057858,1.07139342608436
"convex.gentle",8,14,3,2025-08-14,18.6204513888889,-0.745638539119109,0.683129406005298,18.6989930555556,-0.667096872452442,0.193686531320882,2.35659722222222,-17.0094927057858,1.07139342608436
"convex.gentle",8,14,3,2025-08-14,18.6204513888889,-0.745638539119109,0.683129406005298,18.6989930555556,-0.667096872452442,0.193686531320882,2.35659722222222,-17.0094927057858,1.07139342608436
"convex.gentle",8,15,3,2025-08-15,18.3089930555555,-0.121715027365197,0.579280827619308,17.3258333333333,-1.1048747495874,0.114221603899833,2.15416666666667,-16.2765414162541,1.08728712263001
"convex.gentle",8,15,3,2025-08-15,18.3089930555555,-0.121715027365197,0.579280827619308,17.3258333333333,-1.1048747495874,0.114221603899833,2.15416666666667,-16.2765414162541,1.08728712263001
"convex.gentle",8,15,3,2025-08-15,18.3089930555555,-0.121715027365197,0.579280827619308,17.3258333333333,-1.1048747495874,0.114221603899833,2.15416666666667,-16.2765414162541,1.08728712263001
"convex.gentle",8,16,3,2025-08-16,16.7497569444445,-0.239745189970183,0.449002899362777,17.1835763888889,0.194074254474216,0.0404434303091328,2.48055555555556,-14.5089465788591,1.11145171645779
"convex.gentle",8,16,3,2025-08-16,16.7497569444445,-0.239745189970183,0.449002899362777,17.1835763888889,0.194074254474216,0.0404434303091328,2.48055555555556,-14.5089465788591,1.11145171645779
"convex.gentle",8,16,3,2025-08-16,16.7497569444445,-0.239745189970183,0.449002899362777,17.1835763888889,0.194074254474216,0.0404434303091328,2.48055555555556,-14.5089465788591,1.11145171645779
"convex.gentle",8,17,3,2025-08-17,15.6205555555556,0.0116620686984602,0.472917834270038,13.0589236111111,-2.54996987574601,0.21251444440742,2.32222222222222,-13.2866712646349,1.09179758500744
"convex.gentle",8,17,3,2025-08-17,15.6205555555556,0.0116620686984602,0.472917834270038,13.0589236111111,-2.54996987574601,0.21251444440742,2.32222222222222,-13.2866712646349,1.09179758500744
"convex.gentle",8,17,3,2025-08-17,15.6205555555556,0.0116620686984602,0.472917834270038,13.0589236111111,-2.54996987574601,0.21251444440742,2.32222222222222,-13.2866712646349,1.09179758500744
"convex.gentle",8,18,3,2025-08-18,14.40375,-1.11640507982902,0.437908605486665,14.8187152777778,-0.701439802051224,0.0656956281458972,3.05138888888889,-12.4687661909401,1.02688018002496
"convex.gentle",8,18,3,2025-08-18,14.40375,-1.11640507982902,0.437908605486665,14.8187152777778,-0.701439802051224,0.0656956281458972,3.05138888888889,-12.4687661909401,1.02688018002496
"convex.gentle",8,18,3,2025-08-18,14.40375,-1.11640507982902,0.437908605486665,14.8187152777778,-0.701439802051224,0.0656956281458972,3.05138888888889,-12.4687661909401,1.02688018002496
"convex.gentle",8,19,3,2025-08-19,16.9523263888889,0.015310161903803,0.487864381617954,17.6406597222222,0.703643495237102,0.170329375367385,2.984375,-13.9526412269851,1.04406512070519
"convex.gentle",8,19,3,2025-08-19,16.9523263888889,0.015310161903803,0.487864381617954,17.6406597222222,0.703643495237102,0.170329375367385,2.984375,-13.9526412269851,1.04406512070519
"convex.gentle",8,19,3,2025-08-19,16.9523263888889,0.015310161903803,0.487864381617954,17.6406597222222,0.703643495237102,0.170329375367385,2.984375,-13.9526412269851,1.04406512070519
"convex.gentle",8,20,3,2025-08-20,19.0426041666667,0.507443730301792,0.549338472640646,20.4312847222222,1.89612428585736,0.228240397098494,2.83541666666666,-15.6997437696982,1.09141466954718
"convex.gentle",8,20,3,2025-08-20,19.0426041666667,0.507443730301792,0.549338472640646,20.4312847222222,1.89612428585736,0.228240397098494,2.83541666666666,-15.6997437696982,1.09141466954718
"convex.gentle",8,20,3,2025-08-20,19.0426041666667,0.507443730301792,0.549338472640646,20.4312847222222,1.89612428585736,0.228240397098494,2.83541666666666,-15.6997437696982,1.09141466954718
"convex.gentle",8,21,3,2025-08-21,19.1756597222222,-0.0377549173580753,0.553594519589921,19.2926388888889,0.0792242493086259,0.173574867744683,2.73541666666667,-16.4779979729136,1.08251521592462
"convex.gentle",8,21,3,2025-08-21,19.1756597222222,-0.0377549173580753,0.553594519589921,19.2926388888889,0.0792242493086259,0.173574867744683,2.73541666666667,-16.4779979729136,1.08251521592462
"convex.gentle",8,21,3,2025-08-21,19.1756597222222,-0.0377549173580753,0.553594519589921,19.2926388888889,0.0792242493086259,0.173574867744683,2.73541666666667,-16.4779979729136,1.08251521592462
"convex.gentle",8,22,3,2025-08-22,17.8594097222222,-1.21808007136963,0.572654467568764,18.1220138888889,-0.955475904702963,0.0807861880460469,2.75833333333333,-16.3191564602585,1.04138034259334
"convex.gentle",8,22,3,2025-08-22,17.8594097222222,-1.21808007136963,0.572654467568764,18.1220138888889,-0.955475904702963,0.0807861880460469,2.75833333333333,-16.3191564602585,1.04138034259334
"convex.gentle",8,22,3,2025-08-22,17.8594097222222,-1.21808007136963,0.572654467568764,18.1220138888889,-0.955475904702963,0.0807861880460469,2.75833333333333,-16.3191564602585,1.04138034259334
"convex.gentle",8,23,3,2025-08-23,18.6600694444444,-0.0840446574974626,0.713784028013891,18.5173263888889,-0.22678771305303,0.364308191482926,2.55902777777778,-16.1850863241641,1.01610055343142
"convex.gentle",8,23,3,2025-08-23,18.6600694444444,-0.0840446574974626,0.713784028013891,18.5173263888889,-0.22678771305303,0.364308191482926,2.55902777777778,-16.1850863241641,1.01610055343142
"convex.gentle",8,23,3,2025-08-23,18.6600694444444,-0.0840446574974626,0.713784028013891,18.5173263888889,-0.22678771305303,0.364308191482926,2.55902777777778,-16.1850863241641,1.01610055343142
"convex.gentle",8,24,3,2025-08-24,17.8352430555555,0.0248652811972955,0.748687872114595,16.3510763888889,-1.45930138546934,0.338301888020567,2.20798611111111,-15.6023916632471,1.0698165726121
"convex.gentle",8,24,3,2025-08-24,17.8352430555555,0.0248652811972955,0.748687872114595,16.3510763888889,-1.45930138546934,0.338301888020567,2.20798611111111,-15.6023916632471,1.0698165726121
"convex.gentle",8,24,3,2025-08-24,17.8352430555555,0.0248652811972955,0.748687872114595,16.3510763888889,-1.45930138546934,0.338301888020567,2.20798611111111,-15.6023916632471,1.0698165726121
"convex.gentle",8,25,3,2025-08-25,16.0707986111111,-0.286249882848084,0.48948534160192,15.2701736111111,-1.08687488284808,0.0657086199323026,2.53020833333333,-13.8268401606259,1.06205685884139
"convex.gentle",8,25,3,2025-08-25,16.0707986111111,-0.286249882848084,0.48948534160192,15.2701736111111,-1.08687488284808,0.0657086199323026,2.53020833333333,-13.8268401606259,1.06205685884139
"convex.gentle",8,25,3,2025-08-25,16.0707986111111,-0.286249882848084,0.48948534160192,15.2701736111111,-1.08687488284808,0.0657086199323026,2.53020833333333,-13.8268401606259,1.06205685884139
"convex.gentle",8,26,3,2025-08-26,13.4629166666667,-1.53005926724517,0.334511962473981,11.5573958333333,-3.4355801005785,0.0430351234001159,4.58125,-10.4117259339118,0.568679724494311
"convex.gentle",8,26,3,2025-08-26,13.4629166666667,-1.53005926724517,0.334511962473981,11.5573958333333,-3.4355801005785,0.0430351234001159,4.58125,-10.4117259339118,0.568679724494311
"convex.gentle",8,26,3,2025-08-26,13.4629166666667,-1.53005926724517,0.334511962473981,11.5573958333333,-3.4355801005785,0.0430351234001159,4.58125,-10.4117259339118,0.568679724494311
"convex.gentle",8,27,3,2025-08-27,15.1628125,0.99082585479003,0.414936263617177,14.4412152777778,0.26922863256783,0.256597934050273,14.6861111111111,0.514124465901131,2.0295912327245
"convex.gentle",8,27,3,2025-08-27,15.1628125,0.99082585479003,0.414936263617177,14.4412152777778,0.26922863256783,0.256597934050273,14.6861111111111,0.514124465901131,2.0295912327245
"convex.gentle",8,27,3,2025-08-27,15.1628125,0.99082585479003,0.414936263617177,14.4412152777778,0.26922863256783,0.256597934050273,14.6861111111111,0.514124465901131,2.0295912327245
"convex.gentle",8,28,3,2025-08-28,13.3572569444444,-0.475230269888495,0.342720756768522,12.2144444444444,-1.6180427698885,0.16429764160403,33.5024305555556,19.6699433412226,2.37118375880424
"convex.gentle",8,28,3,2025-08-28,13.3572569444444,-0.475230269888495,0.342720756768522,12.2144444444444,-1.6180427698885,0.16429764160403,33.5024305555556,19.6699433412226,2.37118375880424
"convex.gentle",8,28,3,2025-08-28,13.3572569444444,-0.475230269888495,0.342720756768522,12.2144444444444,-1.6180427698885,0.16429764160403,33.5024305555556,19.6699433412226,2.37118375880424
"convex.gentle",8,29,3,2025-08-29,13.5469791666667,0.135438085386259,0.399716714646244,13.4795138888889,0.0679728076084588,0.29623801261429,29.8451388888889,16.4335978076085,2.14500492482131
"convex.gentle",8,29,3,2025-08-29,13.5469791666667,0.135438085386259,0.399716714646244,13.4795138888889,0.0679728076084588,0.29623801261429,29.8451388888889,16.4335978076085,2.14500492482131
"convex.gentle",8,29,3,2025-08-29,13.5469791666667,0.135438085386259,0.399716714646244,13.4795138888889,0.0679728076084588,0.29623801261429,29.8451388888889,16.4335978076085,2.14500492482131
"convex.gentle",8,30,3,2025-08-30,13.4422222222222,0.220938227793469,0.564946538862536,13.1123958333333,-0.108888161095397,0.348595183138212,27.2548611111111,14.0335771166824,1.96183090568676
"convex.gentle",8,30,3,2025-08-30,13.4422222222222,0.220938227793469,0.564946538862536,13.1123958333333,-0.108888161095397,0.348595183138212,27.2548611111111,14.0335771166824,1.96183090568676
"convex.gentle",8,30,3,2025-08-30,13.4422222222222,0.220938227793469,0.564946538862536,13.1123958333333,-0.108888161095397,0.348595183138212,27.2548611111111,14.0335771166824,1.96183090568676
"convex.gentle",8,31,3,2025-08-31,13.6428472222222,-0.0549695683948901,0.606334485848165,13.4960416666667,-0.201775123950423,0.264036981015445,24.9916666666667,11.2938498760495,1.75220140968228
"convex.gentle",8,31,3,2025-08-31,13.6428472222222,-0.0549695683948901,0.606334485848165,13.4960416666667,-0.201775123950423,0.264036981015445,24.9916666666667,11.2938498760495,1.75220140968228
"convex.gentle",8,31,3,2025-08-31,13.6428472222222,-0.0549695683948901,0.606334485848165,13.4960416666667,-0.201775123950423,0.264036981015445,24.9916666666667,11.2938498760495,1.75220140968228
"convex.gentle",9,1,3,2025-09-01,14.2303125,-0.19024090347629,0.526490622498338,14.3362847222222,-0.0842686812540574,0.161343387996855,23.3302083333333,8.90965492985704,1.72336952851926
"convex.gentle",9,1,3,2025-09-01,14.2303125,-0.19024090347629,0.526490622498338,14.3362847222222,-0.0842686812540574,0.161343387996855,23.3302083333333,8.90965492985704,1.72336952851926
"convex.gentle",9,1,3,2025-09-01,14.2303125,-0.19024090347629,0.526490622498338,14.3362847222222,-0.0842686812540574,0.161343387996855,23.3302083333333,8.90965492985704,1.72336952851926
"convex.gentle",9,2,3,2025-09-02,15.2603125,-0.00838963636728707,0.562376114829969,16.4311111111111,1.16240897474385,0.322850219044543,22.4902777777778,7.22157564141051,1.85443138845806
"convex.gentle",9,2,3,2025-09-02,15.2603125,-0.00838963636728707,0.562376114829969,16.4311111111111,1.16240897474385,0.322850219044543,22.4902777777778,7.22157564141051,1.85443138845806
"convex.gentle",9,2,3,2025-09-02,15.2603125,-0.00838963636728707,0.562376114829969,16.4311111111111,1.16240897474385,0.322850219044543,22.4902777777778,7.22157564141051,1.85443138845806
"convex.gentle",9,3,3,2025-09-03,15.7023958333333,-0.0948645108192707,0.519500809293387,16.0346180555555,0.237357711402929,0.200810535075481,21.409375,5.6121146558474,1.82787341969456
"convex.gentle",9,3,3,2025-09-03,15.7023958333333,-0.0948645108192707,0.519500809293387,16.0346180555555,0.237357711402929,0.200810535075481,21.409375,5.6121146558474,1.82787341969456
"convex.gentle",9,3,3,2025-09-03,15.7023958333333,-0.0948645108192707,0.519500809293387,16.0346180555555,0.237357711402929,0.200810535075481,21.409375,5.6121146558474,1.82787341969456
"convex.gentle",9,4,3,2025-09-04,15.8805902777778,0.149638972017915,0.486051479477401,15.3357638888889,-0.395187416870953,0.148657552939331,20.1881944444444,4.45724313868458,1.94875059516024
"convex.gentle",9,4,3,2025-09-04,15.8805902777778,0.149638972017915,0.486051479477401,15.3357638888889,-0.395187416870953,0.148657552939331,20.1881944444444,4.45724313868458,1.94875059516024
"convex.gentle",9,4,3,2025-09-04,15.8805902777778,0.149638972017915,0.486051479477401,15.3357638888889,-0.395187416870953,0.148657552939331,20.1881944444444,4.45724313868458,1.94875059516024
"convex.gentle",9,5,3,2025-09-05,14.9949305555555,-0.344945410931775,0.49861296449091,14.0374305555556,-1.30244541093174,0.204263231250301,19.0402777777778,3.70040181129046,2.06182792197181
"convex.gentle",9,5,3,2025-09-05,14.9949305555555,-0.344945410931775,0.49861296449091,14.0374305555556,-1.30244541093174,0.204263231250301,19.0402777777778,3.70040181129046,2.06182792197181
"convex.gentle",9,5,3,2025-09-05,14.9949305555555,-0.344945410931775,0.49861296449091,14.0374305555556,-1.30244541093174,0.204263231250301,19.0402777777778,3.70040181129046,2.06182792197181
"convex.gentle",9,6,3,2025-09-06,14.4543055555556,-0.261305668594026,0.47545800718795,12.7772916666667,-1.93831955748293,0.131460658215909,17.9059027777778,3.19029155362817,1.99241784101682
"convex.gentle",9,6,3,2025-09-06,14.4543055555556,-0.261305668594026,0.47545800718795,12.7772916666667,-1.93831955748293,0.131460658215909,17.9059027777778,3.19029155362817,1.99241784101682
"convex.gentle",9,6,3,2025-09-06,14.4543055555556,-0.261305668594026,0.47545800718795,12.7772916666667,-1.93831955748293,0.131460658215909,17.9059027777778,3.19029155362817,1.99241784101682
"convex.gentle",9,7,3,2025-09-07,14.1788194444444,0.149780534179817,0.450692048925747,12.8796180555555,-1.14942085470908,0.141787024206771,18.1847222222222,4.15568331195758,2.2923154332098
"convex.gentle",9,7,3,2025-09-07,14.1788194444444,0.149780534179817,0.450692048925747,12.8796180555555,-1.14942085470908,0.141787024206771,18.1847222222222,4.15568331195758,2.2923154332098
"convex.gentle",9,7,3,2025-09-07,14.1788194444444,0.149780534179817,0.450692048925747,12.8796180555555,-1.14942085470908,0.141787024206771,18.1847222222222,4.15568331195758,2.2923154332098
"convex.gentle",9,8,3,2025-09-08,13.1205208333333,-0.339221641789401,0.427280353437913,13.8477083333333,0.387965858210599,0.274446076436752,28.375,14.9152575248773,3.36685525934578
"convex.gentle",9,8,3,2025-09-08,13.1205208333333,-0.339221641789401,0.427280353437913,13.8477083333333,0.387965858210599,0.274446076436752,28.375,14.9152575248773,3.36685525934578
"convex.gentle",9,8,3,2025-09-08,13.1205208333333,-0.339221641789401,0.427280353437913,13.8477083333333,0.387965858210599,0.274446076436752,28.375,14.9152575248773,3.36685525934578
"convex.gentle",9,9,3,2025-09-09,13.1797916666666,0.123294870565294,0.538062246308713,12.6927083333333,-0.363788462768005,0.249810091353219,25.428125,12.3716282038987,2.7374168265946
"convex.gentle",9,9,3,2025-09-09,13.1797916666666,0.123294870565294,0.538062246308713,12.6927083333333,-0.363788462768005,0.249810091353219,25.428125,12.3716282038987,2.7374168265946
"convex.gentle",9,9,3,2025-09-09,13.1797916666666,0.123294870565294,0.538062246308713,12.6927083333333,-0.363788462768005,0.249810091353219,25.428125,12.3716282038987,2.7374168265946
"convex.gentle",9,10,3,2025-09-10,12.7610069444445,-0.167220506154682,0.46317684743978,13.2678472222222,0.339619771623084,0.209109399438776,24.4989583333333,11.5707308827342,2.2582051233338
"convex.gentle",9,10,3,2025-09-10,12.7610069444445,-0.167220506154682,0.46317684743978,13.2678472222222,0.339619771623084,0.209109399438776,24.4989583333333,11.5707308827342,2.2582051233338
"convex.gentle",9,10,3,2025-09-10,12.7610069444445,-0.167220506154682,0.46317684743978,13.2678472222222,0.339619771623084,0.209109399438776,24.4989583333333,11.5707308827342,2.2582051233338
"convex.gentle",9,11,3,2025-09-11,13.0314236111111,-0.0137725188844365,0.478772990202825,13.3722569444445,0.32706081444893,0.277260812346905,22.4177083333333,9.3725122033378,2.06551687325565
"convex.gentle",9,11,3,2025-09-11,13.0314236111111,-0.0137725188844365,0.478772990202825,13.3722569444445,0.32706081444893,0.277260812346905,22.4177083333333,9.3725122033378,2.06551687325565
"convex.gentle",9,11,3,2025-09-11,13.0314236111111,-0.0137725188844365,0.478772990202825,13.3722569444445,0.32706081444893,0.277260812346905,22.4177083333333,9.3725122033378,2.06551687325565
"convex.gentle",9,12,3,2025-09-12,13.3423958333333,-0.07038855904473,0.464465290029687,13.7199652777778,0.307180885399704,0.2322393776267,20.5236111111111,7.11082671873304,1.68349762560013
"convex.gentle",9,12,3,2025-09-12,13.3423958333333,-0.07038855904473,0.464465290029687,13.7199652777778,0.307180885399704,0.2322393776267,20.5236111111111,7.11082671873304,1.68349762560013
"convex.gentle",9,12,3,2025-09-12,13.3423958333333,-0.07038855904473,0.464465290029687,13.7199652777778,0.307180885399704,0.2322393776267,20.5236111111111,7.11082671873304,1.68349762560013
"convex.rugged",6,26,3,2025-06-26,15.8695442251462,-0.0448961887954263,0.457075218703816,15.0544978070175,-0.859942606924093,0.338984556680366,2.9994298245614,-12.9150105893802,1.54784523984265
"convex.rugged",6,26,3,2025-06-26,15.8695442251462,-0.0448961887954263,0.457075218703816,15.0544978070175,-0.859942606924093,0.338984556680366,2.9994298245614,-12.9150105893802,1.54784523984265
"convex.rugged",6,26,3,2025-06-26,15.8695442251462,-0.0448961887954263,0.457075218703816,15.0544978070175,-0.859942606924093,0.338984556680366,2.9994298245614,-12.9150105893802,1.54784523984265
"convex.rugged",6,27,3,2025-06-27,16.721875,-0.400488296654452,0.701728492282314,16.9843402777778,-0.138023018876652,0.39392487818708,3.09201388888889,-14.0303494077656,1.58388243554796
"convex.rugged",6,27,3,2025-06-27,16.721875,-0.400488296654452,0.701728492282314,16.9843402777778,-0.138023018876652,0.39392487818708,3.09201388888889,-14.0303494077656,1.58388243554796
"convex.rugged",6,27,3,2025-06-27,16.721875,-0.400488296654452,0.701728492282314,16.9843402777778,-0.138023018876652,0.39392487818708,3.09201388888889,-14.0303494077656,1.58388243554796
"convex.rugged",6,28,3,2025-06-28,17.9282638888889,-0.165413282656045,0.699874186086538,18.6324305555556,0.538753384010655,0.273520121997169,3.134375,-14.9593021715449,1.60921115670847
"convex.rugged",6,28,3,2025-06-28,17.9282638888889,-0.165413282656045,0.699874186086538,18.6324305555556,0.538753384010655,0.273520121997169,3.134375,-14.9593021715449,1.60921115670847
"convex.rugged",6,28,3,2025-06-28,17.9282638888889,-0.165413282656045,0.699874186086538,18.6324305555556,0.538753384010655,0.273520121997169,3.134375,-14.9593021715449,1.60921115670847
"convex.rugged",6,29,3,2025-06-29,18.895625,0.0546999572990477,0.762660312534233,18.9737847222222,0.132859679521282,0.333063781710214,3.08645833333333,-15.7544667093676,1.5801305096928
"convex.rugged",6,29,3,2025-06-29,18.895625,0.0546999572990477,0.762660312534233,18.9737847222222,0.132859679521282,0.333063781710214,3.08645833333333,-15.7544667093676,1.5801305096928
"convex.rugged",6,29,3,2025-06-29,18.895625,0.0546999572990477,0.762660312534233,18.9737847222222,0.132859679521282,0.333063781710214,3.08645833333333,-15.7544667093676,1.5801305096928
"convex.rugged",6,30,3,2025-06-30,19.0739583333333,-0.455696824018506,0.758699347434428,19.0013888888889,-0.528266268462974,0.233783221524304,2.98298611111111,-16.5466690462407,1.52911088460423
"convex.rugged",6,30,3,2025-06-30,19.0739583333333,-0.455696824018506,0.758699347434428,19.0013888888889,-0.528266268462974,0.233783221524304,2.98298611111111,-16.5466690462407,1.52911088460423
"convex.rugged",6,30,3,2025-06-30,19.0739583333333,-0.455696824018506,0.758699347434428,19.0013888888889,-0.528266268462974,0.233783221524304,2.98298611111111,-16.5466690462407,1.52911088460423
"convex.rugged",7,1,3,2025-07-01,19.8775347222222,0.897711079455944,0.744952821855255,19.7808680555556,0.801044412789312,0.239126030451389,2.91770833333333,-16.0621153094329,1.50060763637817
"convex.rugged",7,1,3,2025-07-01,19.8775347222222,0.897711079455944,0.744952821855255,19.7808680555556,0.801044412789312,0.239126030451389,2.91770833333333,-16.0621153094329,1.50060763637817
"convex.rugged",7,1,3,2025-07-01,19.8775347222222,0.897711079455944,0.744952821855255,19.7808680555556,0.801044412789312,0.239126030451389,2.91770833333333,-16.0621153094329,1.50060763637817
"convex.rugged",7,2,3,2025-07-02,16.6467013888889,-0.501666893923861,0.565391006097746,14.9446180555555,-2.20375022725723,0.326739570400279,4.47916666666667,-12.6692016161461,2.2398145068028
"convex.rugged",7,2,3,2025-07-02,16.6467013888889,-0.501666893923861,0.565391006097746,14.9446180555555,-2.20375022725723,0.326739570400279,4.47916666666667,-12.6692016161461,2.2398145068028
"convex.rugged",7,2,3,2025-07-02,16.6467013888889,-0.501666893923861,0.565391006097746,14.9446180555555,-2.20375022725723,0.326739570400279,4.47916666666667,-12.6692016161461,2.2398145068028
"convex.rugged",7,3,3,2025-07-03,15.8201388888889,0.188960216540459,0.417371644637353,15.1926388888889,-0.438539783459541,0.135679903512667,4.08194444444444,-11.549234227904,2.05089206233539
"convex.rugged",7,3,3,2025-07-03,15.8201388888889,0.188960216540459,0.417371644637353,15.1926388888889,-0.438539783459541,0.135679903512667,4.08194444444444,-11.549234227904,2.05089206233539
"convex.rugged",7,3,3,2025-07-03,15.8201388888889,0.188960216540459,0.417371644637353,15.1926388888889,-0.438539783459541,0.135679903512667,4.08194444444444,-11.549234227904,2.05089206233539
"convex.rugged",7,4,3,2025-07-04,15.9301388888889,0.696119819437812,0.19171578414024,15.0909027777778,-0.143116291673289,0.352853864552942,4.55694444444445,-10.6770746250066,2.18400566916031
"convex.rugged",7,4,3,2025-07-04,15.9301388888889,0.696119819437812,0.19171578414024,15.0909027777778,-0.143116291673289,0.352853864552942,4.55694444444445,-10.6770746250066,2.18400566916031
"convex.rugged",7,4,3,2025-07-04,15.9301388888889,0.696119819437812,0.19171578414024,15.0909027777778,-0.143116291673289,0.352853864552942,4.55694444444445,-10.6770746250066,2.18400566916031
"convex.rugged",7,5,3,2025-07-05,14.5541666666667,-0.697569644503944,0.350890829570406,14.3185763888889,-0.933159922281743,0.320082174040505,10.3392361111111,-4.9125002000595,0.336822737247905
"convex.rugged",7,5,3,2025-07-05,14.5541666666667,-0.697569644503944,0.350890829570406,14.3185763888889,-0.933159922281743,0.320082174040505,10.3392361111111,-4.9125002000595,0.336822737247905
"convex.rugged",7,5,3,2025-07-05,14.5541666666667,-0.697569644503944,0.350890829570406,14.3185763888889,-0.933159922281743,0.320082174040505,10.3392361111111,-4.9125002000595,0.336822737247905
"convex.rugged",7,6,3,2025-07-06,15.6867708333333,-0.515759136742952,0.57565455962726,16.6576041666667,0.455074196590383,0.381548669631359,9.42951388888889,-6.7730160811874,0.340534908518574
"convex.rugged",7,6,3,2025-07-06,15.6867708333333,-0.515759136742952,0.57565455962726,16.6576041666667,0.455074196590383,0.381548669631359,9.42951388888889,-6.7730160811874,0.340534908518574
"convex.rugged",7,6,3,2025-07-06,15.6867708333333,-0.515759136742952,0.57565455962726,16.6576041666667,0.455074196590383,0.381548669631359,9.42951388888889,-6.7730160811874,0.340534908518574
"convex.rugged",7,7,3,2025-07-07,17.6382986111111,-0.0178728658442241,0.663906815446894,18.0339930555556,0.37782157860021,0.291912262257143,8.83402777777778,-8.82214369917758,0.714264975379594
"convex.rugged",7,7,3,2025-07-07,17.6382986111111,-0.0178728658442241,0.663906815446894,18.0339930555556,0.37782157860021,0.291912262257143,8.83402777777778,-8.82214369917758,0.714264975379594
"convex.rugged",7,7,3,2025-07-07,17.6382986111111,-0.0178728658442241,0.663906815446894,18.0339930555556,0.37782157860021,0.291912262257143,8.83402777777778,-8.82214369917758,0.714264975379594
"convex.rugged",7,8,3,2025-07-08,18.0972916666667,-0.219451148506604,0.751004205703886,18.3515625,0.0348196848267293,0.33487683547291,7.39236111111111,-10.9243817040622,1.20234301988302
"convex.rugged",7,8,3,2025-07-08,18.0972916666667,-0.219451148506604,0.751004205703886,18.3515625,0.0348196848267293,0.33487683547291,7.39236111111111,-10.9243817040622,1.20234301988302
"convex.rugged",7,8,3,2025-07-08,18.0972916666667,-0.219451148506604,0.751004205703886,18.3515625,0.0348196848267293,0.33487683547291,7.39236111111111,-10.9243817040622,1.20234301988302
"convex.rugged",7,9,3,2025-07-09,18.2065972222222,-0.778790898276185,0.726591201477429,20.2275694444445,1.24218132394608,0.307609353987305,6.41145833333333,-12.5739297871651,1.67923397731784
"convex.rugged",7,9,3,2025-07-09,18.2065972222222,-0.778790898276185,0.726591201477429,20.2275694444445,1.24218132394608,0.307609353987305,6.41145833333333,-12.5739297871651,1.67923397731784
"convex.rugged",7,9,3,2025-07-09,18.2065972222222,-0.778790898276185,0.726591201477429,20.2275694444445,1.24218132394608,0.307609353987305,6.41145833333333,-12.5739297871651,1.67923397731784
"convex.rugged",7,10,3,2025-07-10,20.1078125,0.688988295626983,0.862321696797292,21.3826388888889,1.96381468451588,0.302346211848379,5.40069444444444,-14.0181297599285,2.08082916629168
"convex.rugged",7,10,3,2025-07-10,20.1078125,0.688988295626983,0.862321696797292,21.3826388888889,1.96381468451588,0.302346211848379,5.40069444444444,-14.0181297599285,2.08082916629168
"convex.rugged",7,10,3,2025-07-10,20.1078125,0.688988295626983,0.862321696797292,21.3826388888889,1.96381468451588,0.302346211848379,5.40069444444444,-14.0181297599285,2.08082916629168
"convex.rugged",7,11,3,2025-07-11,19.2919097222222,-0.485088098093986,0.835276667087407,18.6539930555556,-1.12300476476065,0.310120724498556,4.54479166666667,-15.2322061536496,2.06447199848367
"convex.rugged",7,11,3,2025-07-11,19.2919097222222,-0.485088098093986,0.835276667087407,18.6539930555556,-1.12300476476065,0.310120724498556,4.54479166666667,-15.2322061536496,2.06447199848367
"convex.rugged",7,11,3,2025-07-11,19.2919097222222,-0.485088098093986,0.835276667087407,18.6539930555556,-1.12300476476065,0.310120724498556,4.54479166666667,-15.2322061536496,2.06447199848367
"convex.rugged",7,12,3,2025-07-12,19.6553125,-0.402935910533195,0.819236366443156,19.8025347222222,-0.255713688310963,0.340707417257646,4.15069444444445,-15.9075539660887,2.0138625776538
"convex.rugged",7,12,3,2025-07-12,19.6553125,-0.402935910533195,0.819236366443156,19.8025347222222,-0.255713688310963,0.340707417257646,4.15069444444445,-15.9075539660887,2.0138625776538
"convex.rugged",7,12,3,2025-07-12,19.6553125,-0.402935910533195,0.819236366443156,19.8025347222222,-0.255713688310963,0.340707417257646,4.15069444444445,-15.9075539660887,2.0138625776538
"convex.rugged",7,13,3,2025-07-13,20.2783333333333,-0.281249088021435,0.88951738102838,20.8316319444445,0.272049523089697,0.364984304967067,3.846875,-16.7127074213548,1.92669515609944
"convex.rugged",7,13,3,2025-07-13,20.2783333333333,-0.281249088021435,0.88951738102838,20.8316319444445,0.272049523089697,0.364984304967067,3.846875,-16.7127074213548,1.92669515609944
"convex.rugged",7,13,3,2025-07-13,20.2783333333333,-0.281249088021435,0.88951738102838,20.8316319444445,0.272049523089697,0.364984304967067,3.846875,-16.7127074213548,1.92669515609944
"convex.rugged",7,14,3,2025-07-14,20.8933333333333,0.31447273649198,0.878032079158415,21.225625,0.64676440315868,0.294651474566341,3.51527777777778,-17.0635828190635,1.80598949780034
"convex.rugged",7,14,3,2025-07-14,20.8933333333333,0.31447273649198,0.878032079158415,21.225625,0.64676440315868,0.294651474566341,3.51527777777778,-17.0635828190635,1.80598949780034
"convex.rugged",7,14,3,2025-07-14,20.8933333333333,0.31447273649198,0.878032079158415,21.225625,0.64676440315868,0.294651474566341,3.51527777777778,-17.0635828190635,1.80598949780034
"convex.rugged",7,15,3,2025-07-15,20.1488194444445,0.440368639253403,0.913938578441673,18.3051736111111,-1.40327719407996,0.428313811489951,3.07881944444444,-16.6296313607466,1.62541509269864
"convex.rugged",7,15,3,2025-07-15,20.1488194444445,0.440368639253403,0.913938578441673,18.3051736111111,-1.40327719407996,0.428313811489951,3.07881944444444,-16.6296313607466,1.62541509269864
"convex.rugged",7,15,3,2025-07-15,20.1488194444445,0.440368639253403,0.913938578441673,18.3051736111111,-1.40327719407996,0.428313811489951,3.07881944444444,-16.6296313607466,1.62541509269864
"convex.rugged",7,16,3,2025-07-16,17.0836111111111,-1.88754044175211,0.744901080573712,16.7845486111111,-2.18660294175211,0.47296419828642,4.09791666666667,-14.8732348861966,2.12940795884874
"convex.rugged",7,16,3,2025-07-16,17.0836111111111,-1.88754044175211,0.744901080573712,16.7845486111111,-2.18660294175211,0.47296419828642,4.09791666666667,-14.8732348861966,2.12940795884874
"convex.rugged",7,16,3,2025-07-16,17.0836111111111,-1.88754044175211,0.744901080573712,16.7845486111111,-2.18660294175211,0.47296419828642,4.09791666666667,-14.8732348861966,2.12940795884874
"convex.rugged",7,17,3,2025-07-17,18.8388888888889,0.330273936747014,0.795948840724404,18.5245833333334,0.0159683811914798,0.272420449811857,3.41388888888889,-15.094726063253,1.85488187802968
"convex.rugged",7,17,3,2025-07-17,18.8388888888889,0.330273936747014,0.795948840724404,18.5245833333334,0.0159683811914798,0.272420449811857,3.41388888888889,-15.094726063253,1.85488187802968
"convex.rugged",7,17,3,2025-07-17,18.8388888888889,0.330273936747014,0.795948840724404,18.5245833333334,0.0159683811914798,0.272420449811857,3.41388888888889,-15.094726063253,1.85488187802968
"convex.rugged",7,18,3,2025-07-18,19.2519097222222,1.26945252805696,0.680723708144971,18.4293402777778,0.446883083612529,0.271461886364276,3.21284722222222,-14.7696099719431,1.76592603682997
"convex.rugged",7,18,3,2025-07-18,19.2519097222222,1.26945252805696,0.680723708144971,18.4293402777778,0.446883083612529,0.271461886364276,3.21284722222222,-14.7696099719431,1.76592603682997
"convex.rugged",7,18,3,2025-07-18,19.2519097222222,1.26945252805696,0.680723708144971,18.4293402777778,0.446883083612529,0.271461886364276,3.21284722222222,-14.7696099719431,1.76592603682997
"convex.rugged",7,19,3,2025-07-19,16.9530902777778,-0.347744833778203,0.770129599307776,15.1888194444444,-2.11201566711154,0.457847170873582,3.06944444444444,-14.2313906671115,1.68934327198069
"convex.rugged",7,19,3,2025-07-19,16.9530902777778,-0.347744833778203,0.770129599307776,15.1888194444444,-2.11201566711154,0.457847170873582,3.06944444444444,-14.2313906671115,1.68934327198069
"convex.rugged",7,19,3,2025-07-19,16.9530902777778,-0.347744833778203,0.770129599307776,15.1888194444444,-2.11201566711154,0.457847170873582,3.06944444444444,-14.2313906671115,1.68934327198069
"convex.rugged",7,20,3,2025-07-20,16.6222222222222,-0.644115171520879,0.73349072631644,16.8216666666667,-0.444670727076412,0.40481432125518,3.26111111111111,-14.005226282632,1.7744755571961
"convex.rugged",7,20,3,2025-07-20,16.6222222222222,-0.644115171520879,0.73349072631644,16.8216666666667,-0.444670727076412,0.40481432125518,3.26111111111111,-14.005226282632,1.7744755571961
"convex.rugged",7,20,3,2025-07-20,16.6222222222222,-0.644115171520879,0.73349072631644,16.8216666666667,-0.444670727076412,0.40481432125518,3.26111111111111,-14.005226282632,1.7744755571961
"convex.rugged",7,21,3,2025-07-21,18.7363888888889,0.466030238706441,0.790807072463566,20.1178125,1.84745384981754,0.31623164907049,3.35659722222222,-14.9137614279602,1.80988160299495
"convex.rugged",7,21,3,2025-07-21,18.7363888888889,0.466030238706441,0.790807072463566,20.1178125,1.84745384981754,0.31623164907049,3.35659722222222,-14.9137614279602,1.80988160299495
"convex.rugged",7,21,3,2025-07-21,18.7363888888889,0.466030238706441,0.790807072463566,20.1178125,1.84745384981754,0.31623164907049,3.35659722222222,-14.9137614279602,1.80988160299495
"convex.rugged",7,22,3,2025-07-22,20.46,1.36720840350068,0.828582193851413,20.8371875,1.74439590350064,0.193835190724477,3.25868055555555,-15.8341110409438,1.77442898162791
"convex.rugged",7,22,3,2025-07-22,20.46,1.36720840350068,0.828582193851413,20.8371875,1.74439590350064,0.193835190724477,3.25868055555555,-15.8341110409438,1.77442898162791
"convex.rugged",7,22,3,2025-07-22,20.46,1.36720840350068,0.828582193851413,20.8371875,1.74439590350064,0.193835190724477,3.25868055555555,-15.8341110409438,1.77442898162791
"convex.rugged",7,23,3,2025-07-23,18.0059722222222,-0.583393351806106,0.999668818736829,16.6572916666667,-1.93207390736164,0.561887516983509,3.01076388888889,-15.5786016851394,1.66930350584828
"convex.rugged",7,23,3,2025-07-23,18.0059722222222,-0.583393351806106,0.999668818736829,16.6572916666667,-1.93207390736164,0.561887516983509,3.01076388888889,-15.5786016851394,1.66930350584828
"convex.rugged",7,23,3,2025-07-23,18.0059722222222,-0.583393351806106,0.999668818736829,16.6572916666667,-1.93207390736164,0.561887516983509,3.01076388888889,-15.5786016851394,1.66930350584828
"convex.rugged",7,24,3,2025-07-24,17.3540277777778,-0.00349894102353214,0.903298935443162,14.5369444444444,-2.8205822743569,0.534347808130636,3.00798611111111,-14.3495406076902,1.65130883455853
"convex.rugged",7,24,3,2025-07-24,17.3540277777778,-0.00349894102353214,0.903298935443162,14.5369444444444,-2.8205822743569,0.534347808130636,3.00798611111111,-14.3495406076902,1.65130883455853
"convex.rugged",7,24,3,2025-07-24,17.3540277777778,-0.00349894102353214,0.903298935443162,14.5369444444444,-2.8205822743569,0.534347808130636,3.00798611111111,-14.3495406076902,1.65130883455853
"convex.rugged",7,25,3,2025-07-25,15.2878125,-1.35296334240528,0.750437938787124,15.9292708333333,-0.711505009071943,0.649389796043071,4.90902777777778,-11.7317480646275,2.46428073049956
"convex.rugged",7,25,3,2025-07-25,15.2878125,-1.35296334240528,0.750437938787124,15.9292708333333,-0.711505009071943,0.649389796043071,4.90902777777778,-11.7317480646275,2.46428073049956
"convex.rugged",7,25,3,2025-07-25,15.2878125,-1.35296334240528,0.750437938787124,15.9292708333333,-0.711505009071943,0.649389796043071,4.90902777777778,-11.7317480646275,2.46428073049956
"convex.rugged",7,26,3,2025-07-26,17.1188194444444,0.302597559228118,0.658403302401386,16.8297222222222,0.0135003370059188,0.354165044590524,3.93159722222222,-12.8846246629941,2.14125339969857
"convex.rugged",7,26,3,2025-07-26,17.1188194444444,0.302597559228118,0.658403302401386,16.8297222222222,0.0135003370059188,0.354165044590524,3.93159722222222,-12.8846246629941,2.14125339969857
"convex.rugged",7,26,3,2025-07-26,17.1188194444444,0.302597559228118,0.658403302401386,16.8297222222222,0.0135003370059188,0.354165044590524,3.93159722222222,-12.8846246629941,2.14125339969857
"convex.rugged",7,27,3,2025-07-27,17.2908680555556,-0.372331695510507,0.734496557939245,18.4479513888889,0.784751637822826,0.290649244392297,3.79027777777778,-13.8729219732883,2.03221320942203
"convex.rugged",7,27,3,2025-07-27,17.2908680555556,-0.372331695510507,0.734496557939245,18.4479513888889,0.784751637822826,0.290649244392297,3.79027777777778,-13.8729219732883,2.03221320942203
"convex.rugged",7,27,3,2025-07-27,17.2908680555556,-0.372331695510507,0.734496557939245,18.4479513888889,0.784751637822826,0.290649244392297,3.79027777777778,-13.8729219732883,2.03221320942203
"convex.rugged",7,28,3,2025-07-28,18.9452777777778,0.552145326659629,0.819956843829377,19.5447222222222,1.1515897711041,0.404575449834043,3.56527777777778,-14.8278546733404,1.89158266353702
"convex.rugged",7,28,3,2025-07-28,18.9452777777778,0.552145326659629,0.819956843829377,19.5447222222222,1.1515897711041,0.404575449834043,3.56527777777778,-14.8278546733404,1.89158266353702
"convex.rugged",7,28,3,2025-07-28,18.9452777777778,0.552145326659629,0.819956843829377,19.5447222222222,1.1515897711041,0.404575449834043,3.56527777777778,-14.8278546733404,1.89158266353702
"convex.rugged",7,29,3,2025-07-29,19.1673611111111,0.659659628025671,0.72549146300659,18.5634375,0.0557360169145369,0.423025467497685,3.22256944444445,-15.285132038641,1.74932157953271
"convex.rugged",7,29,3,2025-07-29,19.1673611111111,0.659659628025671,0.72549146300659,18.5634375,0.0557360169145369,0.423025467497685,3.22256944444445,-15.285132038641,1.74932157953271
"convex.rugged",7,29,3,2025-07-29,19.1673611111111,0.659659628025671,0.72549146300659,18.5634375,0.0557360169145369,0.423025467497685,3.22256944444445,-15.285132038641,1.74932157953271
"convex.rugged",7,30,3,2025-07-30,18.0738888888889,-0.326545847209,0.788362417093035,17.3528819444444,-1.04755279165347,0.543761259107219,3.06458333333333,-15.3358514027646,1.66686240170078
"convex.rugged",7,30,3,2025-07-30,18.0738888888889,-0.326545847209,0.788362417093035,17.3528819444444,-1.04755279165347,0.543761259107219,3.06458333333333,-15.3358514027646,1.66686240170078
"convex.rugged",7,30,3,2025-07-30,18.0738888888889,-0.326545847209,0.788362417093035,17.3528819444444,-1.04755279165347,0.543761259107219,3.06458333333333,-15.3358514027646,1.66686240170078
"convex.rugged",7,31,3,2025-07-31,17.8116319444444,-0.370739558632173,0.894513898997457,20.0961458333333,1.91377433025669,0.618827436231889,3.93368055555555,-14.2486909475211,2.17412081905331
"convex.rugged",7,31,3,2025-07-31,17.8116319444444,-0.370739558632173,0.894513898997457,20.0961458333333,1.91377433025669,0.618827436231889,3.93368055555555,-14.2486909475211,2.17412081905331
"convex.rugged",7,31,3,2025-07-31,17.8116319444444,-0.370739558632173,0.894513898997457,20.0961458333333,1.91377433025669,0.618827436231889,3.93368055555555,-14.2486909475211,2.17412081905331
"convex.rugged",8,1,3,2025-08-01,18.7132638888889,0.798733780452391,0.972438358911601,17.4657638888889,-0.448766219547643,0.509303382453018,3.05659722222222,-14.8579328862143,1.79188006777134
"convex.rugged",8,1,3,2025-08-01,18.7132638888889,0.798733780452391,0.972438358911601,17.4657638888889,-0.448766219547643,0.509303382453018,3.05659722222222,-14.8579328862143,1.79188006777134
"convex.rugged",8,1,3,2025-08-01,18.7132638888889,0.798733780452391,0.972438358911601,17.4657638888889,-0.448766219547643,0.509303382453018,3.05659722222222,-14.8579328862143,1.79188006777134
"convex.rugged",8,2,3,2025-08-02,17.1802430555556,-0.688437667416396,0.763822344797288,16.3206597222222,-1.54802100074976,0.372657276783153,2.68333333333333,-15.1853473896386,1.72809465179969
"convex.rugged",8,2,3,2025-08-02,17.1802430555556,-0.688437667416396,0.763822344797288,16.3206597222222,-1.54802100074976,0.372657276783153,2.68333333333333,-15.1853473896386,1.72809465179969
"convex.rugged",8,2,3,2025-08-02,17.1802430555556,-0.688437667416396,0.763822344797288,16.3206597222222,-1.54802100074976,0.372657276783153,2.68333333333333,-15.1853473896386,1.72809465179969
"convex.rugged",8,3,3,2025-08-03,17.2812152777778,-0.925374034837648,0.982474297292253,16.9209722222222,-1.28561709039321,0.536544984686478,2.66354166666667,-15.5430476459487,1.68023976170924
"convex.rugged",8,3,3,2025-08-03,17.2812152777778,-0.925374034837648,0.982474297292253,16.9209722222222,-1.28561709039321,0.536544984686478,2.66354166666667,-15.5430476459487,1.68023976170924
"convex.rugged",8,3,3,2025-08-03,17.2812152777778,-0.925374034837648,0.982474297292253,16.9209722222222,-1.28561709039321,0.536544984686478,2.66354166666667,-15.5430476459487,1.68023976170924
"convex.rugged",8,4,3,2025-08-04,19.5045833333334,0.629588163175059,0.889899418132387,20.5668402777778,1.69184510761949,0.368355909614289,2.80972222222222,-16.0652729479361,1.72102273277278
"convex.rugged",8,4,3,2025-08-04,19.5045833333334,0.629588163175059,0.889899418132387,20.5668402777778,1.69184510761949,0.368355909614289,2.80972222222222,-16.0652729479361,1.72102273277278
"convex.rugged",8,4,3,2025-08-04,19.5045833333334,0.629588163175059,0.889899418132387,20.5668402777778,1.69184510761949,0.368355909614289,2.80972222222222,-16.0652729479361,1.72102273277278
"convex.rugged",8,5,3,2025-08-05,18.8217708333333,-0.628435512398192,1.06770541835647,17.5986111111111,-1.85159523462043,0.58408558989361,2.54270833333333,-16.9074980123982,1.60448420829025
"convex.rugged",8,5,3,2025-08-05,18.8217708333333,-0.628435512398192,1.06770541835647,17.5986111111111,-1.85159523462043,0.58408558989361,2.54270833333333,-16.9074980123982,1.60448420829025
"convex.rugged",8,5,3,2025-08-05,18.8217708333333,-0.628435512398192,1.06770541835647,17.5986111111111,-1.85159523462043,0.58408558989361,2.54270833333333,-16.9074980123982,1.60448420829025
"convex.rugged",8,6,3,2025-08-06,19.2135416666667,-0.489333281647029,0.865207921565956,19.7575694444445,0.0546944961307716,0.441878881199442,2.59791666666667,-17.104958281647,1.62771185754841
"convex.rugged",8,6,3,2025-08-06,19.2135416666667,-0.489333281647029,0.865207921565956,19.7575694444445,0.0546944961307716,0.441878881199442,2.59791666666667,-17.104958281647,1.62771185754841
"convex.rugged",8,6,3,2025-08-06,19.2135416666667,-0.489333281647029,0.865207921565956,19.7575694444445,0.0546944961307716,0.441878881199442,2.59791666666667,-17.104958281647,1.62771185754841
"convex.rugged",8,7,3,2025-08-07,19.5967361111111,-0.0331703943931826,0.881638922775311,18.9401388888889,-0.689767616615415,0.489607831587609,2.45902777777778,-17.1708787277265,1.5766077613595
"convex.rugged",8,7,3,2025-08-07,19.5967361111111,-0.0331703943931826,0.881638922775311,18.9401388888889,-0.689767616615415,0.489607831587609,2.45902777777778,-17.1708787277265,1.5766077613595
"convex.rugged",8,7,3,2025-08-07,19.5967361111111,-0.0331703943931826,0.881638922775311,18.9401388888889,-0.689767616615415,0.489607831587609,2.45902777777778,-17.1708787277265,1.5766077613595
"convex.rugged",8,8,3,2025-08-08,19.5884027777778,0.738657096971899,0.862570041970583,19.4129513888889,0.563205708082999,0.363605436211651,2.48159722222222,-16.3681484585836,1.56633145208334
"convex.rugged",8,8,3,2025-08-08,19.5884027777778,0.738657096971899,0.862570041970583,19.4129513888889,0.563205708082999,0.363605436211651,2.48159722222222,-16.3681484585836,1.56633145208334
"convex.rugged",8,8,3,2025-08-08,19.5884027777778,0.738657096971899,0.862570041970583,19.4129513888889,0.563205708082999,0.363605436211651,2.48159722222222,-16.3681484585836,1.56633145208334
"convex.rugged",8,9,3,2025-08-09,17.4902777777778,-0.172066100234741,0.421186322038471,14.1370138888889,-3.52532998912361,0.294966160648725,2.11597222222222,-15.5463716557903,1.45671553783812
"convex.rugged",8,9,3,2025-08-09,17.4902777777778,-0.172066100234741,0.421186322038471,14.1370138888889,-3.52532998912361,0.294966160648725,2.11597222222222,-15.5463716557903,1.45671553783812
"convex.rugged",8,9,3,2025-08-09,17.4902777777778,-0.172066100234741,0.421186322038471,14.1370138888889,-3.52532998912361,0.294966160648725,2.11597222222222,-15.5463716557903,1.45671553783812
"convex.rugged",8,10,3,2025-08-10,16.9369097222222,-0.197718920466112,0.404982354213311,14.8402430555555,-2.29438558713278,0.19805231401722,2.18576388888889,-14.9488647537994,1.43312467359055
"convex.rugged",8,10,3,2025-08-10,16.9369097222222,-0.197718920466112,0.404982354213311,14.8402430555555,-2.29438558713278,0.19805231401722,2.18576388888889,-14.9488647537994,1.43312467359055
"convex.rugged",8,10,3,2025-08-10,16.9369097222222,-0.197718920466112,0.404982354213311,14.8402430555555,-2.29438558713278,0.19805231401722,2.18576388888889,-14.9488647537994,1.43312467359055
"convex.rugged",8,11,3,2025-08-11,18.1790972222222,0.272912607474376,0.45641143109568,17.275,-0.631184614747825,0.453835159497948,2.40069444444444,-15.5054901703034,1.46723786094362
"convex.rugged",8,11,3,2025-08-11,18.1790972222222,0.272912607474376,0.45641143109568,17.275,-0.631184614747825,0.453835159497948,2.40069444444444,-15.5054901703034,1.46723786094362
"convex.rugged",8,11,3,2025-08-11,18.1790972222222,0.272912607474376,0.45641143109568,17.275,-0.631184614747825,0.453835159497948,2.40069444444444,-15.5054901703034,1.46723786094362
"convex.rugged",8,12,3,2025-08-12,19.2665625,0.1324464072542,0.615362688522752,19.5315625,0.397446407254201,0.376829411130025,2.57361111111111,-16.5605049816347,1.49334767814084
"convex.rugged",8,12,3,2025-08-12,19.2665625,0.1324464072542,0.615362688522752,19.5315625,0.397446407254201,0.376829411130025,2.57361111111111,-16.5605049816347,1.49334767814084
"convex.rugged",8,12,3,2025-08-12,19.2665625,0.1324464072542,0.615362688522752,19.5315625,0.397446407254201,0.376829411130025,2.57361111111111,-16.5605049816347,1.49334767814084
"convex.rugged",8,13,3,2025-08-13,20.0334722222222,0.356724252058509,0.575520271911894,20.2956597222222,0.618911752058509,0.155180766722954,2.609375,-17.0673729701637,1.50532198725087
"convex.rugged",8,13,3,2025-08-13,20.0334722222222,0.356724252058509,0.575520271911894,20.2956597222222,0.618911752058509,0.155180766722954,2.609375,-17.0673729701637,1.50532198725087
"convex.rugged",8,13,3,2025-08-13,20.0334722222222,0.356724252058509,0.575520271911894,20.2956597222222,0.618911752058509,0.155180766722954,2.609375,-17.0673729701637,1.50532198725087
"convex.rugged",8,14,3,2025-08-14,19.1738194444445,-0.192270483563541,0.785974451798043,19.2280555555556,-0.138034372452442,0.606415264002419,2.52916666666667,-16.8369232613413,1.44599742904848
"convex.rugged",8,14,3,2025-08-14,19.1738194444445,-0.192270483563541,0.785974451798043,19.2280555555556,-0.138034372452442,0.606415264002419,2.52916666666667,-16.8369232613413,1.44599742904848
"convex.rugged",8,14,3,2025-08-14,19.1738194444445,-0.192270483563541,0.785974451798043,19.2280555555556,-0.138034372452442,0.606415264002419,2.52916666666667,-16.8369232613413,1.44599742904848
"convex.rugged",8,15,3,2025-08-15,19.0044097222222,0.573701639301503,0.796041390264026,17.6370486111111,-0.793659471809631,0.518887184606774,2.60763888888889,-15.8230691940318,1.43964128628593
"convex.rugged",8,15,3,2025-08-15,19.0044097222222,0.573701639301503,0.796041390264026,17.6370486111111,-0.793659471809631,0.518887184606774,2.60763888888889,-15.8230691940318,1.43964128628593
"convex.rugged",8,15,3,2025-08-15,19.0044097222222,0.573701639301503,0.796041390264026,17.6370486111111,-0.793659471809631,0.518887184606774,2.60763888888889,-15.8230691940318,1.43964128628593
"convex.rugged",8,16,3,2025-08-16,16.5697222222222,-0.419779912192417,0.651446558355435,16.5164236111111,-0.47307852330355,0.399325355789289,3.28541666666667,-13.704085467748,1.7343475765266
"convex.rugged",8,16,3,2025-08-16,16.5697222222222,-0.419779912192417,0.651446558355435,16.5164236111111,-0.47307852330355,0.399325355789289,3.28541666666667,-13.704085467748,1.7343475765266
"convex.rugged",8,16,3,2025-08-16,16.5697222222222,-0.419779912192417,0.651446558355435,16.5164236111111,-0.47307852330355,0.399325355789289,3.28541666666667,-13.704085467748,1.7343475765266
"convex.rugged",8,17,3,2025-08-17,15.8542361111111,0.245342624253994,0.382568503747737,13.3813888888889,-2.22750459796821,0.12464767089509,3.20763888888889,-12.4012545979682,1.68907262683834
"convex.rugged",8,17,3,2025-08-17,15.8542361111111,0.245342624253994,0.382568503747737,13.3813888888889,-2.22750459796821,0.12464767089509,3.20763888888889,-12.4012545979682,1.68907262683834
"convex.rugged",8,17,3,2025-08-17,15.8542361111111,0.245342624253994,0.382568503747737,13.3813888888889,-2.22750459796821,0.12464767089509,3.20763888888889,-12.4012545979682,1.68907262683834
"convex.rugged",8,18,3,2025-08-18,14.1896527777778,-1.33050230205126,0.242642414252032,15.0347569444444,-0.485398135384591,0.156650993940013,3.87222222222222,-11.6479328576068,2.01746339265479
"convex.rugged",8,18,3,2025-08-18,14.1896527777778,-1.33050230205126,0.242642414252032,15.0347569444444,-0.485398135384591,0.156650993940013,3.87222222222222,-11.6479328576068,2.01746339265479
"convex.rugged",8,18,3,2025-08-18,14.1896527777778,-1.33050230205126,0.242642414252032,15.0347569444444,-0.485398135384591,0.156650993940013,3.87222222222222,-11.6479328576068,2.01746339265479
"convex.rugged",8,19,3,2025-08-19,16.7642361111111,-0.172780115873997,0.353192913481968,18.3340625,1.3970462730149,0.283794380808912,3.48611111111111,-13.450905115874,1.79317335442292
"convex.rugged",8,19,3,2025-08-19,16.7642361111111,-0.172780115873997,0.353192913481968,18.3340625,1.3970462730149,0.283794380808912,3.48611111111111,-13.450905115874,1.79317335442292
"convex.rugged",8,19,3,2025-08-19,16.7642361111111,-0.172780115873997,0.353192913481968,18.3340625,1.3970462730149,0.283794380808912,3.48611111111111,-13.450905115874,1.79317335442292
"convex.rugged",8,20,3,2025-08-20,19.1461458333333,0.610985396968457,0.451180963061826,21.1884027777778,2.65324234141289,0.174059739793466,3.46319444444445,-15.0719659919204,1.76212168144429
"convex.rugged",8,20,3,2025-08-20,19.1461458333333,0.610985396968457,0.451180963061826,21.1884027777778,2.65324234141289,0.174059739793466,3.46319444444445,-15.0719659919204,1.76212168144429
"convex.rugged",8,20,3,2025-08-20,19.1461458333333,0.610985396968457,0.451180963061826,21.1884027777778,2.65324234141289,0.174059739793466,3.46319444444445,-15.0719659919204,1.76212168144429
"convex.rugged",8,21,3,2025-08-21,19.721875,0.508460360419724,0.450432618209927,20.0213888888889,0.807974249308625,0.0602718070999605,3.49027777777778,-15.7231368618025,1.77400913483945
"convex.rugged",8,21,3,2025-08-21,19.721875,0.508460360419724,0.450432618209927,20.0213888888889,0.807974249308625,0.0602718070999605,3.49027777777778,-15.7231368618025,1.77400913483945
"convex.rugged",8,21,3,2025-08-21,19.721875,0.508460360419724,0.450432618209927,20.0213888888889,0.807974249308625,0.0602718070999605,3.49027777777778,-15.7231368618025,1.77400913483945
"convex.rugged",8,22,3,2025-08-22,18.0745138888889,-1.002975904703,0.552667227045639,18.4455555555556,-0.631934238036296,0.239997146652298,3.32048611111111,-15.7570036824808,1.68806471318115
"convex.rugged",8,22,3,2025-08-22,18.0745138888889,-1.002975904703,0.552667227045639,18.4455555555556,-0.631934238036296,0.239997146652298,3.32048611111111,-15.7570036824808,1.68806471318115
"convex.rugged",8,22,3,2025-08-22,18.0745138888889,-1.002975904703,0.552667227045639,18.4455555555556,-0.631934238036296,0.239997146652298,3.32048611111111,-15.7570036824808,1.68806471318115
"convex.rugged",8,23,3,2025-08-23,19.0726736111111,0.328559509169237,0.538795912789338,19.2827777777778,0.53866367583587,0.281057292090287,3.20729166666667,-15.5368224352752,1.63402751953769
"convex.rugged",8,23,3,2025-08-23,19.0726736111111,0.328559509169237,0.538795912789338,19.2827777777778,0.53866367583587,0.281057292090287,3.20729166666667,-15.5368224352752,1.63402751953769
"convex.rugged",8,23,3,2025-08-23,19.0726736111111,0.328559509169237,0.538795912789338,19.2827777777778,0.53866367583587,0.281057292090287,3.20729166666667,-15.5368224352752,1.63402751953769
"convex.rugged",8,24,3,2025-08-24,18.6082291666666,0.797851392308396,0.569338704401748,17.0457986111111,-0.764579163247137,0.239299177302622,2.98680555555555,-14.8235722188027,1.53224178167406
"convex.rugged",8,24,3,2025-08-24,18.6082291666666,0.797851392308396,0.569338704401748,17.0457986111111,-0.764579163247137,0.239299177302622,2.98680555555555,-14.8235722188027,1.53224178167406
"convex.rugged",8,24,3,2025-08-24,18.6082291666666,0.797851392308396,0.569338704401748,17.0457986111111,-0.764579163247137,0.239299177302622,2.98680555555555,-14.8235722188027,1.53224178167406
"convex.rugged",8,25,3,2025-08-25,16.5144791666667,0.157430672707483,0.44064571382227,15.2798263888889,-1.07722210507032,0.162268646889985,3.29479166666667,-13.0622568272925,1.60193714565655
"convex.rugged",8,25,3,2025-08-25,16.5144791666667,0.157430672707483,0.44064571382227,15.2798263888889,-1.07722210507032,0.162268646889985,3.29479166666667,-13.0622568272925,1.60193714565655
"convex.rugged",8,25,3,2025-08-25,16.5144791666667,0.157430672707483,0.44064571382227,15.2798263888889,-1.07722210507032,0.162268646889985,3.29479166666667,-13.0622568272925,1.60193714565655
"convex.rugged",8,26,3,2025-08-26,14.0877777777778,-0.905198156134036,0.216387459768314,11.9464930555555,-3.0464828783563,0.129085076344252,5.13680555555556,-9.85617037835628,1.65877061137612
"convex.rugged",8,26,3,2025-08-26,14.0877777777778,-0.905198156134036,0.216387459768314,11.9464930555555,-3.0464828783563,0.129085076344252,5.13680555555556,-9.85617037835628,1.65877061137612
"convex.rugged",8,26,3,2025-08-26,14.0877777777778,-0.905198156134036,0.216387459768314,11.9464930555555,-3.0464828783563,0.129085076344252,5.13680555555556,-9.85617037835628,1.65877061137612
"convex.rugged",8,27,3,2025-08-27,15.5214930555555,1.34950641034556,0.148991841769837,14.5675,0.395513354790031,0.272222166861513,9.97118055555556,-4.20080608965441,0.525694788455771
"convex.rugged",8,27,3,2025-08-27,15.5214930555555,1.34950641034556,0.148991841769837,14.5675,0.395513354790031,0.272222166861513,9.97118055555556,-4.20080608965441,0.525694788455771
"convex.rugged",8,27,3,2025-08-27,15.5214930555555,1.34950641034556,0.148991841769837,14.5675,0.395513354790031,0.272222166861513,9.97118055555556,-4.20080608965441,0.525694788455771
"convex.rugged",8,28,3,2025-08-28,13.3982638888889,-0.434223325444062,0.0985767558014396,12.3537847222222,-1.4787024921107,0.310913020936044,28.1965277777778,14.3640405634448,0.896705271181228
"convex.rugged",8,28,3,2025-08-28,13.3982638888889,-0.434223325444062,0.0985767558014396,12.3537847222222,-1.4787024921107,0.310913020936044,28.1965277777778,14.3640405634448,0.896705271181228
"convex.rugged",8,28,3,2025-08-28,13.3982638888889,-0.434223325444062,0.0985767558014396,12.3537847222222,-1.4787024921107,0.310913020936044,28.1965277777778,14.3640405634448,0.896705271181228
"convex.rugged",8,29,3,2025-08-29,13.1150694444445,-0.296471636835941,0.128339721461979,13.0152430555556,-0.396298025724842,0.24389315992209,24.93125,11.5197089187196,1.37016471472816
"convex.rugged",8,29,3,2025-08-29,13.1150694444445,-0.296471636835941,0.128339721461979,13.0152430555556,-0.396298025724842,0.24389315992209,24.93125,11.5197089187196,1.37016471472816
"convex.rugged",8,29,3,2025-08-29,13.1150694444445,-0.296471636835941,0.128339721461979,13.0152430555556,-0.396298025724842,0.24389315992209,24.93125,11.5197089187196,1.37016471472816
"convex.rugged",8,30,3,2025-08-30,12.5850694444444,-0.636214549984298,0.263293102569609,12.8816319444445,-0.339652049984265,0.165162059747196,21.9458333333334,8.72454933890464,2.11390665486585
"convex.rugged",8,30,3,2025-08-30,12.5850694444444,-0.636214549984298,0.263293102569609,12.8816319444445,-0.339652049984265,0.165162059747196,21.9458333333334,8.72454933890464,2.11390665486585
"convex.rugged",8,30,3,2025-08-30,12.5850694444444,-0.636214549984298,0.263293102569609,12.8816319444445,-0.339652049984265,0.165162059747196,21.9458333333334,8.72454933890464,2.11390665486585
"convex.rugged",8,31,3,2025-08-31,13.18,-0.517816790617124,0.417864740217349,13.7448958333333,0.0470790427161768,0.120149781739641,19.6326388888889,5.93482209827174,2.46888348892892
"convex.rugged",8,31,3,2025-08-31,13.18,-0.517816790617124,0.417864740217349,13.7448958333333,0.0470790427161768,0.120149781739641,19.6326388888889,5.93482209827174,2.46888348892892
"convex.rugged",8,31,3,2025-08-31,13.18,-0.517816790617124,0.417864740217349,13.7448958333333,0.0470790427161768,0.120149781739641,19.6326388888889,5.93482209827174,2.46888348892892
"convex.rugged",9,1,3,2025-09-01,14.3165277777778,-0.104025625698524,0.296962038491719,15.0656597222222,0.645106318745943,0.156875603295551,17.9822916666667,3.56173826319038,2.57759071343674
"convex.rugged",9,1,3,2025-09-01,14.3165277777778,-0.104025625698524,0.296962038491719,15.0656597222222,0.645106318745943,0.156875603295551,17.9822916666667,3.56173826319038,2.57759071343674
"convex.rugged",9,1,3,2025-09-01,14.3165277777778,-0.104025625698524,0.296962038491719,15.0656597222222,0.645106318745943,0.156875603295551,17.9822916666667,3.56173826319038,2.57759071343674
"convex.rugged",9,2,3,2025-09-02,15.5022222222222,0.233520085854948,0.353409660407075,16.8758680555556,1.60716591918828,0.132602057313537,16.6604166666667,1.39171453029938,2.69270275896693
"convex.rugged",9,2,3,2025-09-02,15.5022222222222,0.233520085854948,0.353409660407075,16.8758680555556,1.60716591918828,0.132602057313537,16.6604166666667,1.39171453029938,2.69270275896693
"convex.rugged",9,2,3,2025-09-02,15.5022222222222,0.233520085854948,0.353409660407075,16.8758680555556,1.60716591918828,0.132602057313537,16.6604166666667,1.39171453029938,2.69270275896693
"convex.rugged",9,3,3,2025-09-03,15.7414236111111,-0.0558367330415042,0.495784246860286,16.5065277777778,0.709267433625162,0.183645137443251,15.2916666666667,-0.505593677485949,2.81569366001293
"convex.rugged",9,3,3,2025-09-03,15.7414236111111,-0.0558367330415042,0.495784246860286,16.5065277777778,0.709267433625162,0.183645137443251,15.2916666666667,-0.505593677485949,2.81569366001293
"convex.rugged",9,3,3,2025-09-03,15.7414236111111,-0.0558367330415042,0.495784246860286,16.5065277777778,0.709267433625162,0.183645137443251,15.2916666666667,-0.505593677485949,2.81569366001293
"convex.rugged",9,4,3,2025-09-04,16.0295486111111,0.298597305351248,0.548298218614175,15.9000347222222,0.169083416462348,0.117272088812435,13.9069444444445,-1.8240068613154,2.89207529516857
"convex.rugged",9,4,3,2025-09-04,16.0295486111111,0.298597305351248,0.548298218614175,15.9000347222222,0.169083416462348,0.117272088812435,13.9069444444445,-1.8240068613154,2.89207529516857
"convex.rugged",9,4,3,2025-09-04,16.0295486111111,0.298597305351248,0.548298218614175,15.9000347222222,0.169083416462348,0.117272088812435,13.9069444444445,-1.8240068613154,2.89207529516857
"convex.rugged",9,5,3,2025-09-05,14.9104513888889,-0.429424577598442,0.504141608412699,14.3694791666667,-0.970396799820642,0.242938292645595,12.6545138888889,-2.68536207759841,2.93154497186517
"convex.rugged",9,5,3,2025-09-05,14.9104513888889,-0.429424577598442,0.504141608412699,14.3694791666667,-0.970396799820642,0.242938292645595,12.6545138888889,-2.68536207759841,2.93154497186517
"convex.rugged",9,5,3,2025-09-05,14.9104513888889,-0.429424577598442,0.504141608412699,14.3694791666667,-0.970396799820642,0.242938292645595,12.6545138888889,-2.68536207759841,2.93154497186517
"convex.rugged",9,6,3,2025-09-06,14.6244444444444,-0.0911667797051585,0.456218932594799,13.2867013888889,-1.42890983526073,0.179279017718348,11.4232638888889,-3.29234733526069,2.85591392263952
"convex.rugged",9,6,3,2025-09-06,14.6244444444444,-0.0911667797051585,0.456218932594799,13.2867013888889,-1.42890983526073,0.179279017718348,11.4232638888889,-3.29234733526069,2.85591392263952
"convex.rugged",9,6,3,2025-09-06,14.6244444444444,-0.0911667797051585,0.456218932594799,13.2867013888889,-1.42890983526073,0.179279017718348,11.4232638888889,-3.29234733526069,2.85591392263952
"convex.rugged",9,7,3,2025-09-07,14.1407638888889,0.111724978624284,0.509343025912705,12.9248611111111,-1.10417779915352,0.370845433895394,12.0732638888889,-1.95577502137572,2.73812357690721
"convex.rugged",9,7,3,2025-09-07,14.1407638888889,0.111724978624284,0.509343025912705,12.9248611111111,-1.10417779915352,0.370845433895394,12.0732638888889,-1.95577502137572,2.73812357690721
"convex.rugged",9,7,3,2025-09-07,14.1407638888889,0.111724978624284,0.509343025912705,12.9248611111111,-1.10417779915352,0.370845433895394,12.0732638888889,-1.95577502137572,2.73812357690721
"convex.rugged",9,8,3,2025-09-08,12.5449305555556,-0.914811919567168,0.258666132614338,13.3522222222222,-0.107520252900535,0.352250912069808,27.8482638888889,14.3885214137662,1.10549584786074
"convex.rugged",9,8,3,2025-09-08,12.5449305555556,-0.914811919567168,0.258666132614338,13.3522222222222,-0.107520252900535,0.352250912069808,27.8482638888889,14.3885214137662,1.10549584786074
"convex.rugged",9,8,3,2025-09-08,12.5449305555556,-0.914811919567168,0.258666132614338,13.3522222222222,-0.107520252900535,0.352250912069808,27.8482638888889,14.3885214137662,1.10549584786074
"convex.rugged",9,9,3,2025-09-09,12.8775347222222,-0.178962073879106,0.313262913262967,12.9045486111111,-0.151948184990205,0.14014561207168,24.2076388888889,11.1511420927875,1.64450811772609
"convex.rugged",9,9,3,2025-09-09,12.8775347222222,-0.178962073879106,0.313262913262967,12.9045486111111,-0.151948184990205,0.14014561207168,24.2076388888889,11.1511420927875,1.64450811772609
"convex.rugged",9,9,3,2025-09-09,12.8775347222222,-0.178962073879106,0.313262913262967,12.9045486111111,-0.151948184990205,0.14014561207168,24.2076388888889,11.1511420927875,1.64450811772609
"convex.rugged",9,10,3,2025-09-10,12.2328125,-0.695414950599149,0.179654868212489,13.0510069444444,0.122779493845285,0.0401438896586891,22.0263888888889,9.09816143828972,2.0057819646075
"convex.rugged",9,10,3,2025-09-10,12.2328125,-0.695414950599149,0.179654868212489,13.0510069444444,0.122779493845285,0.0401438896586891,22.0263888888889,9.09816143828972,2.0057819646075
"convex.rugged",9,10,3,2025-09-10,12.2328125,-0.695414950599149,0.179654868212489,13.0510069444444,0.122779493845285,0.0401438896586891,22.0263888888889,9.09816143828972,2.0057819646075
"convex.rugged",9,11,3,2025-09-11,12.5092361111111,-0.535960018884436,0.298804671197947,12.9655902777778,-0.0796058522177366,0.117212672193584,19.440625,6.39542887000446,2.5233848427885
"convex.rugged",9,11,3,2025-09-11,12.5092361111111,-0.535960018884436,0.298804671197947,12.9655902777778,-0.0796058522177366,0.117212672193584,19.440625,6.39542887000446,2.5233848427885
"convex.rugged",9,11,3,2025-09-11,12.5092361111111,-0.535960018884436,0.298804671197947,12.9655902777778,-0.0796058522177366,0.117212672193584,19.440625,6.39542887000446,2.5233848427885
"convex.rugged",9,12,3,2025-09-12,13.1018402777778,-0.310944114600296,0.382353075285374,13.9111805555555,0.498396163177471,0.296338662290521,17.559375,4.14659060762197,2.61561400668073
"convex.rugged",9,12,3,2025-09-12,13.1018402777778,-0.310944114600296,0.382353075285374,13.9111805555555,0.498396163177471,0.296338662290521,17.559375,4.14659060762197,2.61561400668073
"convex.rugged",9,12,3,2025-09-12,13.1018402777778,-0.310944114600296,0.382353075285374,13.9111805555555,0.498396163177471,0.296338662290521,17.559375,4.14659060762197,2.61561400668073
