0;2025.06.26 00:00;22.38;21.25;20.44;748;0.0;0
1;2025.06.26 00:15;21.88;20.31;20.81;745;0.0;0
2;2025.06.26 00:30;21.38;18.62;18.62;742;0.0;0
3;2025.06.26 00:45;20.81;17.5;17.5;739;0.0;0
4;2025.06.26 01:00;20.38;16.5;16.25;737;0.0;0
5;2025.06.26 01:15;19.88;15.38;15.12;735;0.0;0
6;2025.06.26 01:30;19.44;14.44;14.31;733;0.0;0
7;2025.06.26 01:45;19;13.75;13.75;732;0.0;0
8;2025.06.26 02:00;18.62;12.88;12.69;730;0.0;0
9;2025.06.26 02:15;18.19;12.31;12.38;730;0.0;0
10;2025.06.26 02:30;17.88;11.69;11.69;729;0.0;0
11;2025.06.26 02:45;17.5;10.88;10.75;727;0.0;0
12;2025.06.26 03:00;17.12;10.19;10;726;0.0;0
13;2025.06.26 03:15;16.75;9.38;9.19;725;0.0;0
14;2025.06.26 03:30;16.44;8.62;8.25;724;0.0;0
15;2025.06.26 03:45;16.12;8;7.75;723;0.0;0
16;2025.06.26 04:00;15.75;7.38;7;721;0.0;0
17;2025.06.26 04:15;15.5;6.75;6.38;721;0.0;0
18;2025.06.26 04:30;15.12;6.25;5.88;720;0.0;0
19;2025.06.26 04:45;14.88;5.69;5.25;719;0.0;0
20;2025.06.26 05:00;14.56;5.12;4.69;718;0.0;0
21;2025.06.26 05:15;14.31;4.62;4.25;717;0.0;0
22;2025.06.26 05:30;14;4.31;3.88;717;0.0;0
23;2025.06.26 05:45;13.75;4;3.62;716;0.0;0
24;2025.06.26 06:00;13.5;3.69;3.25;716;0.0;0
25;2025.06.26 06:15;13.25;3.25;2.69;715;0.0;0
26;2025.06.26 06:30;13;2.88;2.38;714;0.0;0
27;2025.06.26 06:45;12.75;2.62;2.12;714;0.0;0
28;2025.06.26 07:00;12.56;2.25;1.69;713;0.0;0
29;2025.06.26 07:15;12.38;2.12;1.69;713;0.0;0
30;2025.06.26 07:30;12.12;1.88;1.44;713;0.0;0
31;2025.06.26 07:45;11.94;1.75;1.19;712;0.0;0
32;2025.06.26 08:00;11.75;1.62;1.19;712;0.0;0
33;2025.06.26 08:15;11.5;1.5;1;712;0.0;0
34;2025.06.26 08:30;11.38;1.25;0.81;712;0.0;0
35;2025.06.26 08:45;11.12;1;0.56;711;0.0;0
36;2025.06.26 09:00;11;0.88;0.38;711;0.0;0
37;2025.06.26 09:15;10.81;0.88;0.5;711;0.0;0
38;2025.06.26 09:30;10.62;0.62;0.12;711;0.0;0
39;2025.06.26 09:45;10.5;0.38;-0.12;710;0.0;0
40;2025.06.26 10:00;10.38;0.31;-0.06;710;0.0;0
41;2025.06.26 10:15;10.19;0.12;-0.38;710;0.0;0
42;2025.06.26 10:30;10;-0.12;-0.75;709;0.0;0
43;2025.06.26 10:45;9.88;-0.19;-0.69;709;0.0;0
44;2025.06.26 11:00;9.75;-0.12;-0.5;709;0.0;0
45;2025.06.26 11:15;9.62;-0.25;-0.69;709;0.0;0
46;2025.06.26 11:30;9.5;-0.38;-0.75;709;0.0;0
47;2025.06.26 11:45;9.38;-0.12;-0.38;709;0.0;0
48;2025.06.26 12:00;9.25;0.12;-0.06;710;0.0;0
49;2025.06.26 12:15;9.12;0.19;-0.12;710;0.0;0
50;2025.06.26 12:30;9;0.5;0.25;711;0.0;0
51;2025.06.26 12:45;8.94;0.75;0.5;712;0.0;0
52;2025.06.26 13:00;8.94;1.19;0.88;713;0.0;0
53;2025.06.26 13:15;8.88;1.62;1.38;714;0.0;0
54;2025.06.26 13:30;8.88;2.31;2.38;716;0.0;0
55;2025.06.26 13:45;8.88;10.06;13.19;733;0.0;0
56;2025.06.26 14:00;9.12;12.62;14.5;738;0.0;0
57;2025.06.26 14:15;9.31;13.25;15;740;0.0;0
58;2025.06.26 14:30;9.5;15.44;17;745;0.0;0
59;2025.06.26 14:45;9.81;18.94;19.75;752;0.0;0
60;2025.06.26 15:00;10.25;22.62;22.56;761;0.0;0
61;2025.06.26 15:15;10.75;25.69;25.25;770;0.0;0
62;2025.06.26 15:30;11.5;28.5;27.62;780;0.0;0
63;2025.06.26 15:45;12.38;31.06;29.06;788;0.0;0
64;2025.06.26 16:00;13.31;32.88;30.25;795;0.0;0
65;2025.06.26 16:15;14.31;34.56;31.25;801;0.0;0
66;2025.06.26 16:30;15.38;35.88;32;807;0.0;0
67;2025.06.26 16:45;16.38;36.69;31.75;810;0.0;0
68;2025.06.26 17:00;17.38;37.12;32.5;811;0.0;0
69;2025.06.26 17:15;18.31;37.94;33;814;0.0;0
70;2025.06.26 17:30;19.25;39.12;34;819;0.1;0
71;2025.06.26 17:45;20;34.75;29.56;804;0.0;0
72;2025.06.26 18:00;20.44;37.31;33.06;812;0.0;0
73;2025.06.26 18:15;21.06;40.12;34.88;822;0.2;0
74;2025.06.26 18:30;21.75;40.38;34.88;824;0.2;0
75;2025.06.26 18:45;22.38;38.25;32.38;816;0.0;0
76;2025.06.26 19:00;22.62;32.12;26.81;796;0.0;0
77;2025.06.26 19:15;22.62;32.38;28.75;796;0.0;0
78;2025.06.26 19:30;22.5;27.75;24;782;0.0;0
79;2025.06.26 19:45;22.12;26.5;23.75;780;0.0;0
80;2025.06.26 20:00;22;31.25;28.62;794;0.0;0
81;2025.06.26 20:15;22;28.69;25.56;785;0.0;0
82;2025.06.26 20:30;21.94;28.25;25.5;784;0.0;0
83;2025.06.26 20:45;21.88;28.75;25.88;787;0.0;0
84;2025.06.26 21:00;22.12;35.12;31.19;808;0.0;0
85;2025.06.26 21:15;22.5;33.88;29.44;803;0.0;0
86;2025.06.26 21:30;22.88;36.56;31.5;815;0.0;0
87;2025.06.26 21:45;23.25;31.94;27.25;797;0.0;0
88;2025.06.26 22:00;23.19;31.94;29.12;795;0.0;0
89;2025.06.26 22:15;23.25;34.38;29.75;806;0.0;0
90;2025.06.26 22:30;23.25;30.31;26.12;793;0.0;0
91;2025.06.26 22:45;23.12;32.06;28;796;0.0;0
92;2025.06.26 23:00;23.12;32;28.38;799;0.0;0
93;2025.06.26 23:15;23;29.69;26.38;788;0.0;0
94;2025.06.26 23:30;22.69;27.12;24.5;781;0.0;0
95;2025.06.26 23:45;22.38;25.62;23.75;777;0.0;0
96;2025.06.27 00:00;22;24.5;22.88;774;0.0;0
97;2025.06.27 00:15;21.62;23;21.81;770;0.0;0
98;2025.06.27 00:30;21.25;21.94;21.38;767;0.0;0
99;2025.06.27 00:45;20.88;20.75;20.25;764;0.0;0
100;2025.06.27 01:00;20.5;19.19;18.75;760;0.0;0
101;2025.06.27 01:15;20.12;17.75;17.31;757;0.0;0
102;2025.06.27 01:30;19.69;16.44;15.88;754;0.0;0
103;2025.06.27 01:45;19.31;15.19;14.62;751;0.0;0
104;2025.06.27 02:00;18.94;14.38;14.12;749;0.0;0
105;2025.06.27 02:15;18.56;13.75;13.5;748;0.0;0
106;2025.06.27 02:30;18.19;12.94;12.69;747;0.0;0
107;2025.06.27 02:45;17.81;12;11.75;745;0.0;0
108;2025.06.27 03:00;17.5;11.25;11;743;0.0;0
109;2025.06.27 03:15;17.12;10.5;10.25;742;0.0;0
110;2025.06.27 03:30;16.75;9.88;9.56;740;0.0;0
111;2025.06.27 03:45;16.5;9;8.5;739;0.0;0
112;2025.06.27 04:00;16.12;8.38;7.88;737;0.0;0
113;2025.06.27 04:15;15.88;7.88;7.5;736;0.0;0
114;2025.06.27 04:30;15.5;7.38;7;735;0.0;0
115;2025.06.27 04:45;15.25;6.94;6.5;734;0.0;0
116;2025.06.27 05:00;15;6.62;6.25;734;0.0;0
117;2025.06.27 05:15;14.69;6.12;5.69;733;0.0;0
118;2025.06.27 05:30;14.44;5.75;5.38;732;0.0;0
119;2025.06.27 05:45;14.19;5.56;5.19;732;0.0;0
120;2025.06.27 06:00;13.94;5.31;4.94;731;0.0;0
121;2025.06.27 06:15;13.75;5.06;4.75;731;0.0;0
122;2025.06.27 06:30;13.5;4.88;4.5;730;0.0;0
123;2025.06.27 06:45;13.25;4.62;4.25;730;0.0;0
124;2025.06.27 07:00;13.06;4.5;4.19;729;0.0;0
125;2025.06.27 07:15;12.88;4.25;4;729;0.0;0
126;2025.06.27 07:30;12.69;4;3.69;728;0.0;0
127;2025.06.27 07:45;12.5;3.88;3.62;728;0.0;0
128;2025.06.27 08:00;12.38;3.94;3.75;728;0.0;0
129;2025.06.27 08:15;12.12;3.62;3.19;727;0.0;0
130;2025.06.27 08:30;12;3.25;2.88;727;0.0;0
131;2025.06.27 08:45;11.81;2.94;2.5;726;0.0;0
132;2025.06.27 09:00;11.62;2.62;2.12;725;0.0;0
133;2025.06.27 09:15;11.5;2.69;2.31;725;0.0;0
134;2025.06.27 09:30;11.38;2.38;1.88;725;0.0;0
135;2025.06.27 09:45;11.19;2.25;1.81;724;0.0;0
136;2025.06.27 10:00;11;2.25;1.94;724;0.0;0
137;2025.06.27 10:15;10.88;2.12;1.69;724;0.0;0
138;2025.06.27 10:30;10.75;2.12;1.88;724;0.0;0
139;2025.06.27 10:45;10.62;2.06;1.62;723;0.0;0
140;2025.06.27 11:00;10.5;2;1.62;723;0.0;0
141;2025.06.27 11:15;10.38;1.75;1.25;723;0.0;0
142;2025.06.27 11:30;10.25;1.69;1.19;722;0.0;0
143;2025.06.27 11:45;10.19;2.38;1.75;724;0.0;0
144;2025.06.27 12:00;10.12;2.75;2.25;725;0.0;0
145;2025.06.27 12:15;10;2.25;1.69;724;0.0;0
146;2025.06.27 12:30;9.94;2;1.5;723;0.0;0
147;2025.06.27 12:45;9.88;2.5;2.19;724;0.0;0
148;2025.06.27 13:00;9.81;3.25;3;726;0.0;0
149;2025.06.27 13:15;9.81;4.94;4.75;730;0.0;0
150;2025.06.27 13:30;9.88;6.5;6.5;734;0.0;0
151;2025.06.27 13:45;10;8.69;8.94;739;0.0;0
152;2025.06.27 14:00;10.12;11.56;12.06;745;0.0;0
153;2025.06.27 14:15;10.38;13.06;13.69;748;0.0;0
154;2025.06.27 14:30;10.62;17.25;18.62;758;0.0;0
155;2025.06.27 14:45;11;19.88;20.38;763;0.0;0
156;2025.06.27 15:00;11.38;23.5;23.38;771;0.0;0
157;2025.06.27 15:15;11.88;26.88;26.06;781;0.0;0
158;2025.06.27 15:30;12.56;29.38;28.25;790;0.0;0
159;2025.06.27 15:45;13.38;31.69;29.69;798;0.0;0
160;2025.06.27 16:00;14.31;33.5;30.75;804;0.0;0
161;2025.06.27 16:15;15.25;35.12;31.88;811;0.0;0
162;2025.06.27 16:30;16.25;36.38;32.38;815;0.0;0
163;2025.06.27 16:45;17.25;37.38;33.19;819;0.1;0
164;2025.06.27 17:00;18.12;38.44;33.62;823;0.2;0
165;2025.06.27 17:15;19.12;38.38;33.5;824;0.2;0
166;2025.06.27 17:30;19.94;38.88;34;826;0.3;0
167;2025.06.27 17:45;20.75;39.5;34.12;828;0.4;0
168;2025.06.27 18:00;21.44;40.38;35.12;831;0.4;0
169;2025.06.27 18:15;22.12;39.94;34.38;831;0.4;0
170;2025.06.27 18:30;22.75;40.25;34.75;833;0.5;0
171;2025.06.27 18:45;23.31;39.69;34.38;832;0.5;0
172;2025.06.27 19:00;23.88;40.69;35.69;836;0.6;0
173;2025.06.27 19:15;24.5;40.25;35;836;0.6;0
174;2025.06.27 19:30;25.06;40.38;33.94;837;0.6;0
175;2025.06.27 19:45;25.62;41.38;33.94;841;0.8;0
176;2025.06.27 20:00;26.12;41;33.62;840;0.7;0
177;2025.06.27 20:15;26.62;42.38;34.88;846;0.9;0
178;2025.06.27 20:30;27.06;42.06;34.12;846;0.9;0
179;2025.06.27 20:45;27.5;42.75;33.38;848;1.0;0
180;2025.06.27 21:00;27.88;40.25;31.5;839;0.7;0
181;2025.06.27 21:15;27.88;37.12;29.38;828;0.4;0
182;2025.06.27 21:30;27.56;34.12;28.12;821;0.1;0
183;2025.06.27 21:45;27.25;33.25;28.25;814;0.0;0
184;2025.06.27 22:00;26.75;30.75;26.75;805;0.0;0
185;2025.06.27 22:15;26.38;34.56;29.75;819;0.1;0
186;2025.06.27 22:30;26.38;36.38;30.38;823;0.2;0
187;2025.06.27 22:45;26.25;35.75;29.81;817;0.0;0
188;2025.06.27 23:00;26;33.62;28.62;814;0.0;0
189;2025.06.27 23:15;25.75;31.88;27.88;805;0.0;0
190;2025.06.27 23:30;25.31;29.25;26;798;0.0;0
191;2025.06.27 23:45;24.81;26.88;24.62;791;0.0;0
192;2025.06.28 00:00;24.25;26.12;24.44;789;0.0;0
193;2025.06.28 00:15;23.88;24.12;22.38;783;0.0;0
194;2025.06.28 00:30;23.38;23;21.88;780;0.0;0
195;2025.06.28 00:45;22.88;21.75;21.25;777;0.0;0
196;2025.06.28 01:00;22.38;20.06;19.62;772;0.0;0
197;2025.06.28 01:15;21.94;19.88;19.75;772;0.0;0
198;2025.06.28 01:30;21.5;19;18.88;770;0.0;0
199;2025.06.28 01:45;21.12;18;17.94;767;0.0;0
200;2025.06.28 02:00;20.69;16.88;16.81;764;0.0;0
201;2025.06.28 02:15;20.25;16;16;762;0.0;0
202;2025.06.28 02:30;19.88;14.88;14.75;760;0.0;0
203;2025.06.28 02:45;19.5;14.62;14.88;759;0.0;0
204;2025.06.28 03:00;19.12;13.69;13.69;757;0.0;0
205;2025.06.28 03:15;18.75;12.62;12.5;755;0.0;0
206;2025.06.28 03:30;18.38;11.88;11.62;753;0.0;0
207;2025.06.28 03:45;18.06;11.25;11;752;0.0;0
208;2025.06.28 04:00;17.75;10.62;10.31;750;0.0;0
209;2025.06.28 04:15;17.38;10;9.62;749;0.0;0
210;2025.06.28 04:30;17.12;9.44;9.12;748;0.0;0
211;2025.06.28 04:45;16.81;9.12;8.75;747;0.0;0
212;2025.06.28 05:00;16.5;8.75;8.5;746;0.0;0
213;2025.06.28 05:15;16.25;8.38;8;746;0.0;0
214;2025.06.28 05:30;16;8;7.62;745;0.0;0
215;2025.06.28 05:45;15.75;7.62;7.25;744;0.0;0
216;2025.06.28 06:00;15.5;7.38;7;743;0.0;0
217;2025.06.28 06:15;15.25;7;6.62;742;0.0;0
218;2025.06.28 06:30;15;6.62;6.25;742;0.0;0
219;2025.06.28 06:45;14.75;6.25;5.88;741;0.0;0
220;2025.06.28 07:00;14.5;6;5.5;740;0.0;0
221;2025.06.28 07:15;14.31;5.75;5.38;739;0.0;0
222;2025.06.28 07:30;14.12;5.5;5.12;739;0.0;0
223;2025.06.28 07:45;13.88;5.25;4.88;738;0.0;0
224;2025.06.28 08:00;13.75;5.06;4.69;738;0.0;0
225;2025.06.28 08:15;13.5;4.88;4.5;737;0.0;0
226;2025.06.28 08:30;13.38;4.62;4.12;736;0.0;0
227;2025.06.28 08:45;13.12;4.38;3.88;736;0.0;0
228;2025.06.28 09:00;13;4.12;3.69;735;0.0;0
229;2025.06.28 09:15;12.81;4;3.62;735;0.0;0
230;2025.06.28 09:30;12.62;3.81;3.38;734;0.0;0
231;2025.06.28 09:45;12.5;3.69;3.25;734;0.0;0
232;2025.06.28 10:00;12.38;3.62;3.25;733;0.0;0
233;2025.06.28 10:15;12.19;3.5;3.25;733;0.0;0
234;2025.06.28 10:30;12.06;3.44;3.12;733;0.0;0
235;2025.06.28 10:45;11.88;3.25;2.88;732;0.0;0
236;2025.06.28 11:00;11.75;3;2.62;732;0.0;0
237;2025.06.28 11:15;11.62;2.88;2.5;731;0.0;0
238;2025.06.28 11:30;11.5;2.75;2.38;731;0.0;0
239;2025.06.28 11:45;11.38;2.75;2.38;730;0.0;0
240;2025.06.28 12:00;11.25;2.75;2.44;730;0.0;0
241;2025.06.28 12:15;11.12;2.81;2.38;730;0.0;0
242;2025.06.28 12:30;11;3.12;2.81;731;0.0;0
243;2025.06.28 12:45;11;3.38;3.12;732;0.0;0
244;2025.06.28 13:00;10.88;3.75;3.5;732;0.0;0
245;2025.06.28 13:15;10.81;4.25;4;733;0.0;0
246;2025.06.28 13:30;10.75;5.06;5;735;0.0;0
247;2025.06.28 13:45;10.81;12.25;14.38;748;0.0;0
248;2025.06.28 14:00;11;14;15.31;754;0.0;0
249;2025.06.28 14:15;11.12;15.06;16.75;757;0.0;0
250;2025.06.28 14:30;11.38;17.75;18.88;764;0.0;0
251;2025.06.28 14:45;11.75;22;22;774;0.0;0
252;2025.06.28 15:00;12.25;24.5;22.5;782;0.0;0
253;2025.06.28 15:15;12.88;28.5;25.75;793;0.0;0
254;2025.06.28 15:30;13.75;28.44;24.88;795;0.0;0
255;2025.06.28 15:45;14.5;31.88;28.25;806;0.0;0
256;2025.06.28 16:00;15.31;31.62;26.75;806;0.0;0
257;2025.06.28 16:15;16.12;34.31;29.62;814;0.0;0
258;2025.06.28 16:30;17;36.88;31;822;0.2;0
259;2025.06.28 16:45;17.88;36;29.5;820;0.1;0
260;2025.06.28 17:00;18.56;34;28.69;814;0.0;0
261;2025.06.28 17:15;19.06;33.19;28.25;812;0.0;0
262;2025.06.28 17:30;19.5;33.5;28.19;813;0.0;0
263;2025.06.28 17:45;19.94;32.75;27.75;811;0.0;0
264;2025.06.28 18:00;20.25;32.38;27.31;810;0.0;0
265;2025.06.28 18:15;20.56;31;26.62;806;0.0;0
266;2025.06.28 18:30;20.75;32.5;29.19;812;0.0;0
267;2025.06.28 18:45;21.19;36.75;31.94;824;0.2;0
268;2025.06.28 19:00;21.75;35.88;30.12;823;0.2;0
269;2025.06.28 19:15;22.38;38.5;32.75;832;0.5;0
270;2025.06.28 19:30;23.12;38.94;32.62;835;0.6;0
271;2025.06.28 19:45;23.88;40.19;33.56;839;0.7;0
272;2025.06.28 20:00;24.56;41;33.25;843;0.8;0
273;2025.06.28 20:15;25.25;40.38;32.31;842;0.8;0
274;2025.06.28 20:30;25.69;37.88;30;835;0.6;0
275;2025.06.28 20:45;26;39.38;31.06;841;0.8;0
276;2025.06.28 21:00;26.38;39;31.25;839;0.7;0
277;2025.06.28 21:15;26.75;39.75;31.25;840;0.7;0
278;2025.06.28 21:30;26.88;36.94;29.25;832;0.5;0
279;2025.06.28 21:45;26.88;36.12;29.12;828;0.4;0
280;2025.06.28 22:00;26.75;32.44;27.88;812;0.0;0
281;2025.06.28 22:15;26.25;33.69;28.62;819;0.1;0
282;2025.06.28 22:30;26.12;33.75;27.75;818;0.0;0
283;2025.06.28 22:45;25.88;33.25;28.25;811;0.0;0
284;2025.06.28 23:00;25.56;31.88;27.12;811;0.0;0
285;2025.06.28 23:15;25.25;29.44;25.5;800;0.0;0
286;2025.06.28 23:30;24.75;27.81;24.56;795;0.0;0
287;2025.06.28 23:45;24.12;24.12;22.62;785;0.0;0
288;2025.06.29 00:00;23.5;23.25;22.5;783;0.0;0
289;2025.06.29 00:15;23;22.56;22.69;780;0.0;0
290;2025.06.29 00:30;22.5;21.19;21.12;777;0.0;0
291;2025.06.29 00:45;22;20.25;20.25;774;0.0;0
292;2025.06.29 01:00;21.56;19.38;19.25;772;0.0;0
293;2025.06.29 01:15;21.12;18.31;18.44;770;0.0;0
294;2025.06.29 01:30;20.69;17.44;17.56;767;0.0;0
295;2025.06.29 01:45;20.25;16.25;16.25;764;0.0;0
296;2025.06.29 02:00;19.88;15.5;15.75;763;0.0;0
297;2025.06.29 02:15;19.5;14.5;14.5;760;0.0;0
298;2025.06.29 02:30;19.12;14;14.38;759;0.0;0
299;2025.06.29 02:45;18.75;13.62;14;758;0.0;0
300;2025.06.29 03:00;18.44;12.5;12.5;755;0.0;0
301;2025.06.29 03:15;18.12;12.19;12.5;755;0.0;0
302;2025.06.29 03:30;17.75;11.5;11.5;753;0.0;0
303;2025.06.29 03:45;17.5;11.19;11.5;752;0.0;0
304;2025.06.29 04:00;17.12;10.62;10.62;751;0.0;0
305;2025.06.29 04:15;16.88;10.38;10.44;750;0.0;0
306;2025.06.29 04:30;16.62;9.69;9.56;749;0.0;0
307;2025.06.29 04:45;16.38;9.25;9.12;748;0.0;0
308;2025.06.29 05:00;16.12;8.81;8.81;747;0.0;0
309;2025.06.29 05:15;15.88;8.56;8.62;747;0.0;0
310;2025.06.29 05:30;15.62;8.38;8.5;746;0.0;0
311;2025.06.29 05:45;15.38;7.88;7.81;745;0.0;0
312;2025.06.29 06:00;15.12;7.5;7.44;744;0.0;0
313;2025.06.29 06:15;14.88;7.12;7.06;743;0.0;0
314;2025.06.29 06:30;14.69;6.75;6.62;742;0.0;0
315;2025.06.29 06:45;14.5;6.44;6.38;741;0.0;0
316;2025.06.29 07:00;14.25;6.31;6.31;741;0.0;0
317;2025.06.29 07:15;14.06;5.88;5.81;739;0.0;0
318;2025.06.29 07:30;13.88;5.38;5.19;738;0.0;0
319;2025.06.29 07:45;13.62;5.12;5;737;0.0;0
320;2025.06.29 08:00;13.5;4.88;4.69;737;0.0;0
321;2025.06.29 08:15;13.25;4.62;4.5;736;0.0;0
322;2025.06.29 08:30;13.12;4.38;4.19;735;0.0;0
323;2025.06.29 08:45;12.88;4.25;4.06;735;0.0;0
324;2025.06.29 09:00;12.75;4.19;4;735;0.0;0
325;2025.06.29 09:15;12.62;3.88;3.5;734;0.0;0
326;2025.06.29 09:30;12.38;3.5;3.06;733;0.0;0
327;2025.06.29 09:45;12.25;3.25;2.94;732;0.0;0
328;2025.06.29 10:00;12.12;3.12;2.75;731;0.0;0
329;2025.06.29 10:15;11.94;2.94;2.56;731;0.0;0
330;2025.06.29 10:30;11.75;2.75;2.38;730;0.0;0
331;2025.06.29 10:45;11.62;2.5;2.12;730;0.0;0
332;2025.06.29 11:00;11.5;2.44;2.12;729;0.0;0
333;2025.06.29 11:15;11.38;2.38;2.12;729;0.0;0
334;2025.06.29 11:30;11.25;2.25;2;729;0.0;0
335;2025.06.29 11:45;11.12;2.06;1.69;728;0.0;0
336;2025.06.29 12:00;10.94;2;1.75;728;0.0;0
337;2025.06.29 12:15;10.81;2.12;1.69;728;0.0;0
338;2025.06.29 12:30;10.75;2.12;1.75;728;0.0;0
339;2025.06.29 12:45;10.62;2.25;1.88;728;0.0;0
340;2025.06.29 13:00;10.56;2.5;2.12;728;0.0;0
341;2025.06.29 13:15;10.5;2.62;2.25;728;0.0;0
342;2025.06.29 13:30;10.38;3.12;2.81;729;0.0;0
343;2025.06.29 13:45;10.38;11;13.56;743;0.0;0
344;2025.06.29 14:00;10.5;13.38;15.44;751;0.0;0
345;2025.06.29 14:15;10.75;14.44;16.31;754;0.0;0
346;2025.06.29 14:30;11;17.06;18.25;760;0.0;0
347;2025.06.29 14:45;11.31;20.88;20.75;770;0.0;0
348;2025.06.29 15:00;11.75;24.5;23.06;780;0.0;0
349;2025.06.29 15:15;12.5;27.62;25.06;789;0.0;0
350;2025.06.29 15:30;13.25;30.31;26.62;798;0.0;0
351;2025.06.29 15:45;14.12;32.56;28.75;806;0.0;0
352;2025.06.29 16:00;15.12;35;29.44;814;0.0;0
353;2025.06.29 16:15;16.12;36.31;30.44;819;0.1;0
354;2025.06.29 16:30;17.12;37.12;31;823;0.2;0
355;2025.06.29 16:45;18.06;37.94;30.62;826;0.3;0
356;2025.06.29 17:00;19;37.62;31.25;826;0.3;0
357;2025.06.29 17:15;19.88;39.25;33.06;832;0.5;0
358;2025.06.29 17:30;20.75;38.38;32.81;830;0.4;0
359;2025.06.29 17:45;21.5;39.25;32.75;834;0.5;0
360;2025.06.29 18:00;22.19;40.69;34.25;839;0.7;0
361;2025.06.29 18:15;22.88;40.88;32.75;840;0.7;0
362;2025.06.29 18:30;23.5;41.56;33.94;844;0.9;0
363;2025.06.29 18:45;24.12;41.12;33.88;843;0.8;0
364;2025.06.29 19:00;24.75;41.06;33.94;844;0.9;0
365;2025.06.29 19:15;25.38;40.62;33.25;843;0.8;0
366;2025.06.29 19:30;25.88;39.94;32.38;842;0.8;0
367;2025.06.29 19:45;26.44;40.31;32.38;844;0.9;0
368;2025.06.29 20:00;26.94;40.75;32.88;846;0.9;0
369;2025.06.29 20:15;27.44;41.62;33.31;850;1.0;0
370;2025.06.29 20:30;27.88;41.75;33.5;851;1.1;0
371;2025.06.29 20:45;28.31;41.75;32.62;852;1.1;0
372;2025.06.29 21:00;28.69;42.06;32.12;853;1.1;0
373;2025.06.29 21:15;29;41.5;32.06;850;1.0;0
374;2025.06.29 21:30;29;38.31;30.12;840;0.7;0
375;2025.06.29 21:45;28.88;36.38;29.12;832;0.5;0
376;2025.06.29 22:00;28.5;32.5;27.75;815;0.0;0
377;2025.06.29 22:15;27.88;33.25;28;821;0.1;0
378;2025.06.29 22:30;27.62;33.5;27.81;821;0.1;0
379;2025.06.29 22:45;27.25;33.38;27.88;814;0.0;0
380;2025.06.29 23:00;26.81;31.75;27.25;813;0.0;0
381;2025.06.29 23:15;26.38;28.94;25.38;801;0.0;0
382;2025.06.29 23:30;25.75;27.31;24.12;796;0.0;0
383;2025.06.29 23:45;25.12;23.38;22.12;785;0.0;0
384;2025.06.30 00:00;24.38;21.38;21;779;0.0;0
385;2025.06.30 00:15;23.62;20.25;21.31;775;0.0;0
386;2025.06.30 00:30;23;19.25;19.75;773;0.0;0
387;2025.06.30 00:45;22.44;18.12;18.5;770;0.0;0
388;2025.06.30 01:00;21.88;17.12;17.25;768;0.0;0
389;2025.06.30 01:15;21.38;16.38;16.62;766;0.0;0
390;2025.06.30 01:30;20.94;15.5;15.62;763;0.0;0
391;2025.06.30 01:45;20.5;15.12;15.5;762;0.0;0
392;2025.06.30 02:00;20.06;14.56;15;761;0.0;0
393;2025.06.30 02:15;19.62;13.69;13.94;759;0.0;0
394;2025.06.30 02:30;19.25;13.25;13.69;757;0.0;0
395;2025.06.30 02:45;18.88;12.19;12.19;755;0.0;0
396;2025.06.30 03:00;18.5;11.19;11.12;752;0.0;0
397;2025.06.30 03:15;18.12;10.44;10.25;750;0.0;0
398;2025.06.30 03:30;17.75;9.62;9.38;748;0.0;0
399;2025.06.30 03:45;17.44;8.88;8.5;746;0.0;0
400;2025.06.30 04:00;17.12;8.25;7.94;745;0.0;0
401;2025.06.30 04:15;16.75;7.75;7.38;743;0.0;0
402;2025.06.30 04:30;16.5;7.25;6.88;742;0.0;0
403;2025.06.30 04:45;16.12;6.88;6.62;741;0.0;0
404;2025.06.30 05:00;15.88;6.38;6;740;0.0;0
405;2025.06.30 05:15;15.62;6.06;5.69;739;0.0;0
406;2025.06.30 05:30;15.38;5.62;5.12;738;0.0;0
407;2025.06.30 05:45;15.06;5.25;4.88;737;0.0;0
408;2025.06.30 06:00;14.81;5;4.62;736;0.0;0
409;2025.06.30 06:15;14.56;4.62;4.12;735;0.0;0
410;2025.06.30 06:30;14.38;4.38;3.88;734;0.0;0
411;2025.06.30 06:45;14.12;4.12;3.75;733;0.0;0
412;2025.06.30 07:00;13.88;3.88;3.5;733;0.0;0
413;2025.06.30 07:15;13.62;3.56;3.12;732;0.0;0
414;2025.06.30 07:30;13.44;3.44;3;731;0.0;0
415;2025.06.30 07:45;13.25;3.25;2.88;731;0.0;0
416;2025.06.30 08:00;13.06;3;2.62;730;0.0;0
417;2025.06.30 08:15;12.88;2.75;2.31;729;0.0;0
418;2025.06.30 08:30;12.69;2.5;2;728;0.0;0
419;2025.06.30 08:45;12.5;2.38;1.88;727;0.0;0
420;2025.06.30 09:00;12.31;2.25;1.88;727;0.0;0
421;2025.06.30 09:15;12.12;2;1.5;726;0.0;0
422;2025.06.30 09:30;12;1.88;1.38;726;0.0;0
423;2025.06.30 09:45;11.81;1.69;1.19;725;0.0;0
424;2025.06.30 10:00;11.62;1.62;1.25;725;0.0;0
425;2025.06.30 10:15;11.5;1.5;1.12;724;0.0;0
426;2025.06.30 10:30;11.38;1.38;0.88;724;0.0;0
427;2025.06.30 10:45;11.25;1.25;0.75;723;0.0;0
428;2025.06.30 11:00;11.12;1.12;0.62;723;0.0;0
429;2025.06.30 11:15;10.94;1.19;0.75;723;0.0;0
430;2025.06.30 11:30;10.81;1.62;1.62;723;0.0;0
431;2025.06.30 11:45;10.75;1.75;1.5;723;0.0;0
432;2025.06.30 12:00;10.62;1.88;1.69;725;0.0;0
433;2025.06.30 12:15;10.5;2.44;2.38;726;0.0;0
434;2025.06.30 12:30;10.5;2.75;2.75;726;0.0;0
435;2025.06.30 12:45;10.38;3.38;3.5;728;0.0;0
436;2025.06.30 13:00;10.38;3.94;4.19;729;0.0;0
437;2025.06.30 13:15;10.38;4.25;4.5;730;0.0;0
438;2025.06.30 13:30;10.38;5;5.44;731;0.0;0
439;2025.06.30 13:45;10.38;12.88;15.62;745;0.0;0
440;2025.06.30 14:00;10.62;15;17.75;752;0.0;0
441;2025.06.30 14:15;10.88;16.5;18.75;756;0.0;0
442;2025.06.30 14:30;11.12;18.38;19.62;761;0.0;0
443;2025.06.30 14:45;11.5;22.38;22.31;772;0.0;0
444;2025.06.30 15:00;12.06;25.88;24.25;782;0.0;0
445;2025.06.30 15:15;12.75;28;25.75;789;0.0;0
446;2025.06.30 15:30;13.56;30.62;27;797;0.0;0
447;2025.06.30 15:45;14.44;32.62;28.25;804;0.0;0
448;2025.06.30 16:00;15.38;34.44;28.88;810;0.0;0
449;2025.06.30 16:15;16.31;35.94;30.12;816;0.0;0
450;2025.06.30 16:30;17.25;37;30.56;821;0.1;0
451;2025.06.30 16:45;18.25;37.81;30.88;824;0.2;0
452;2025.06.30 17:00;19.25;39.19;32.12;829;0.4;0
453;2025.06.30 17:15;20.12;39.62;32.5;832;0.5;0
454;2025.06.30 17:30;21;40.5;33.31;835;0.6;0
455;2025.06.30 17:45;21.88;41.12;33.12;838;0.7;0
456;2025.06.30 18:00;22.5;41.62;33.75;840;0.7;0
457;2025.06.30 18:15;23.19;41.12;33.75;839;0.7;0
458;2025.06.30 18:30;23.88;42.12;34.25;844;0.9;0
459;2025.06.30 18:45;24.5;42.75;34.94;846;0.9;0
460;2025.06.30 19:00;25.12;42.25;34.88;846;0.9;0
461;2025.06.30 19:15;25.62;38.12;31.25;830;0.4;0
462;2025.06.30 19:30;25.88;40.62;34.5;841;0.8;0
463;2025.06.30 19:45;26.5;42.62;36.19;849;1.0;0
464;2025.06.30 20:00;27.12;43.88;36.88;853;1.1;0
465;2025.06.30 20:15;27.75;44.5;36;856;1.2;0
466;2025.06.30 20:30;28.25;45.38;36.88;860;1.4;0
467;2025.06.30 20:45;28.88;45.88;36.56;862;1.4;0
468;2025.06.30 21:00;29.31;45.06;35.12;860;1.4;0
469;2025.06.30 21:15;29.62;44.38;34.44;857;1.3;0
470;2025.06.30 21:30;29.62;38.38;31;834;0.5;0
471;2025.06.30 21:45;29.31;37.88;31.5;834;0.5;0
472;2025.06.30 22:00;29;34.12;30.38;818;0.0;0
473;2025.06.30 22:15;28.38;35.12;30.62;824;0.2;0
474;2025.06.30 22:30;28.12;36.06;30.81;826;0.3;0
475;2025.06.30 22:45;27.88;35.75;31.31;819;0.1;0
476;2025.06.30 23:00;27.38;34.38;30.38;819;0.1;0
477;2025.06.30 23:15;27.12;31.75;28;808;0.0;0
478;2025.06.30 23:30;26.5;30.12;27.25;803;0.0;0
479;2025.06.30 23:45;25.88;26.25;24.81;792;0.0;0
480;2025.07.01 00:00;25.19;24.31;23.75;787;0.0;0
481;2025.07.01 00:15;24.5;22.88;23.81;782;0.0;0
482;2025.07.01 00:30;23.94;21.5;22.06;780;0.0;0
483;2025.07.01 00:45;23.38;20.38;20.62;776;0.0;0
484;2025.07.01 01:00;22.75;19.31;19.44;774;0.0;0
485;2025.07.01 01:15;22.25;18.56;18.75;772;0.0;0
486;2025.07.01 01:30;21.81;17.75;17.75;770;0.0;0
487;2025.07.01 01:45;21.38;17.12;17.19;765;0.0;0
488;2025.07.01 02:00;21;16.38;16.25;762;0.0;0
489;2025.07.01 02:15;20.62;15.75;15.75;760;0.0;0
490;2025.07.01 02:30;20.25;15.12;15.12;758;0.0;0
491;2025.07.01 02:45;19.88;14.38;14.31;756;0.0;0
492;2025.07.01 03:00;19.5;13.56;13.38;754;0.0;0
493;2025.07.01 03:15;19.12;12.69;12.5;753;0.0;0
494;2025.07.01 03:30;18.75;12;11.69;751;0.0;0
495;2025.07.01 03:45;18.5;11.38;11.12;749;0.0;0
496;2025.07.01 04:00;18.12;10.75;10.5;747;0.0;0
497;2025.07.01 04:15;17.81;10.38;10.12;746;0.0;0
498;2025.07.01 04:30;17.5;9.88;9.5;744;0.0;0
499;2025.07.01 04:45;17.25;9.38;9;744;0.0;0
500;2025.07.01 05:00;16.94;9;8.69;742;0.0;0
501;2025.07.01 05:15;16.62;8.62;8.38;741;0.0;0
502;2025.07.01 05:30;16.38;8.25;8;739;0.0;0
503;2025.07.01 05:45;16.12;7.88;7.62;739;0.0;0
504;2025.07.01 06:00;15.88;7.5;7.25;738;0.0;0
505;2025.07.01 06:15;15.62;7.25;7.12;739;0.0;0
506;2025.07.01 06:30;15.44;7;6.75;738;0.0;0
507;2025.07.01 06:45;15.25;6.75;6.5;737;0.0;0
508;2025.07.01 07:00;15;6.88;6.62;737;0.0;0
509;2025.07.01 07:15;14.81;6.88;6.62;737;0.0;0
510;2025.07.01 07:30;14.62;6.94;6.75;736;0.0;0
511;2025.07.01 07:45;14.44;6.94;6.69;736;0.0;0
512;2025.07.01 08:00;14.25;6.81;6.5;735;0.0;0
513;2025.07.01 08:15;14.12;6.44;6.12;734;0.0;0
514;2025.07.01 08:30;13.94;5.88;5.5;733;0.0;0
515;2025.07.01 08:45;13.75;5.5;5.12;733;0.0;0
516;2025.07.01 09:00;13.62;5.25;4.94;732;0.0;0
517;2025.07.01 09:15;13.44;5.25;5.06;731;0.0;0
518;2025.07.01 09:30;13.25;5.12;4.88;729;0.0;0
519;2025.07.01 09:45;13.12;5;4.75;730;0.0;0
520;2025.07.01 10:00;13;4.75;4.5;729;0.0;0
521;2025.07.01 10:15;12.81;4.56;4.38;728;0.0;0
522;2025.07.01 10:30;12.69;4.62;4.5;728;0.0;0
523;2025.07.01 10:45;12.5;4.44;4.25;730;0.0;0
524;2025.07.01 11:00;12.44;4.25;4;725;0.0;0
525;2025.07.01 11:15;12.25;4.19;4;724;0.0;0
526;2025.07.01 11:30;12.12;4.19;4.06;724;0.0;0
527;2025.07.01 11:45;12;4.25;4.19;724;0.0;0
528;2025.07.01 12:00;11.94;4.38;4.25;724;0.0;0
529;2025.07.01 12:15;11.81;4.62;4.56;724;0.0;0
530;2025.07.01 12:30;11.75;5.12;5.12;725;0.0;0
531;2025.07.01 12:45;11.75;6;6;727;0.0;0
532;2025.07.01 13:00;11.75;7.12;7.25;729;0.0;0
533;2025.07.01 13:15;11.75;7.5;7.5;730;0.0;0
534;2025.07.01 13:30;11.75;7.5;7.5;730;0.0;0
535;2025.07.01 13:45;11.75;11.81;13.25;737;0.0;0
536;2025.07.01 14:00;11.88;14.25;16.44;744;0.0;0
537;2025.07.01 14:15;12;16;17.75;748;0.0;0
538;2025.07.01 14:30;12.25;18.81;19.88;755;0.0;0
539;2025.07.01 14:45;12.62;23.88;23;770;0.0;0
540;2025.07.01 15:00;13.25;23.12;21.31;769;0.0;0
541;2025.07.01 15:15;13.75;21.75;20.25;767;0.0;0
542;2025.07.01 15:30;14.25;27.38;25.75;782;0.0;0
543;2025.07.01 15:45;14.94;30.75;27.75;791;0.0;0
544;2025.07.01 16:00;15.75;34.38;30.12;803;0.0;0
545;2025.07.01 16:15;16.69;36.44;31.62;810;0.0;0
546;2025.07.01 16:30;17.62;38.88;33.81;818;0.0;0
547;2025.07.01 16:45;18.5;38.62;33.75;819;0.1;0
548;2025.07.01 17:00;19.38;37.5;32.62;815;0.0;0
549;2025.07.01 17:15;19.88;35.12;31.12;809;0.0;0
550;2025.07.01 17:30;20.38;38;33.56;818;0.0;0
551;2025.07.01 17:45;20.81;34.38;30.94;808;0.0;0
552;2025.07.01 18:00;21.25;39.69;35.38;824;0.2;0
553;2025.07.01 18:15;21.75;37.62;33.75;820;0.1;0
554;2025.07.01 18:30;22.38;41;37.12;831;0.4;0
555;2025.07.01 18:45;23.06;36.81;30.75;817;0.0;0
556;2025.07.01 19:00;23.31;39.38;36.5;827;0.3;0
557;2025.07.01 19:15;24;42.62;38.38;838;0.7;0
558;2025.07.01 19:30;24.81;43;37.38;841;0.8;0
559;2025.07.01 19:45;25.62;45.12;39;849;1.0;0
560;2025.07.01 20:00;26.31;43.12;36.62;842;0.8;0
561;2025.07.01 20:15;26.88;44;37.81;846;0.9;0
562;2025.07.01 20:30;27.38;42.62;35.94;842;0.8;0
563;2025.07.01 20:45;27.62;41.62;34.88;839;0.7;0
564;2025.07.01 21:00;27.88;39.88;33.5;832;0.5;0
565;2025.07.01 21:15;27.81;41;35;838;0.7;0
566;2025.07.01 21:30;27.88;38.62;32.25;827;0.3;0
567;2025.07.01 21:45;27.56;32.12;27.94;807;0.0;0
568;2025.07.01 22:00;27;30.75;28.5;803;0.0;0
569;2025.07.01 22:15;26.62;36.06;32.5;819;0.1;0
570;2025.07.01 22:30;26.62;36.38;31.19;820;0.1;0
571;2025.07.01 22:45;26.62;36.19;30.62;817;0.0;0
572;2025.07.01 23:00;26.5;34.5;29.69;812;0.0;0
573;2025.07.01 23:15;26.25;29.25;25.38;797;0.0;0
574;2025.07.01 23:30;25.69;26;23.5;788;0.0;0
575;2025.07.01 23:45;25.12;24.38;22.56;783;0.0;0
576;2025.07.02 00:00;24.5;23.38;22;780;0.0;0
577;2025.07.02 00:15;24;20.75;19.75;774;0.0;0
578;2025.07.02 00:30;23.5;17.69;16.75;774;0.0;0
579;2025.07.02 00:45;22.75;15.5;14.62;779;0.0;0
580;2025.07.02 01:00;22.12;14.62;13.88;783;0.0;0
581;2025.07.02 01:15;21.5;14.19;13.62;788;0.0;0
582;2025.07.02 01:30;21;14.12;13.75;789;0.0;0
583;2025.07.02 01:45;20.56;14.62;14;789;0.0;0
584;2025.07.02 02:00;20.25;14.88;14.62;789;0.0;0
585;2025.07.02 02:15;19.94;14.56;14.25;788;0.0;0
586;2025.07.02 02:30;19.62;13.56;13.12;785;0.0;0
587;2025.07.02 02:45;19.25;12.75;12.31;782;0.0;0
588;2025.07.02 03:00;18.88;11.88;11.5;779;0.0;0
589;2025.07.02 03:15;18.5;11.38;10.88;778;0.0;0
590;2025.07.02 03:30;18.12;11.19;10.75;777;0.0;0
591;2025.07.02 03:45;17.81;10.88;10.44;776;0.0;0
592;2025.07.02 04:00;17.5;10.38;10;774;0.0;0
593;2025.07.02 04:15;17.19;10;9.62;773;0.0;0
594;2025.07.02 04:30;16.88;10.12;10;773;0.0;0
595;2025.07.02 04:45;16.62;9.88;9.62;772;0.0;0
596;2025.07.02 05:00;16.38;9.25;8.94;770;0.0;0
597;2025.07.02 05:15;16.12;9;8.62;769;0.0;0
598;2025.07.02 05:30;15.88;8.88;8.56;768;0.0;0
599;2025.07.02 05:45;15.69;8.75;8.38;768;0.0;0
600;2025.07.02 06:00;15.5;8.62;8.31;767;0.0;0
601;2025.07.02 06:15;15.25;8.25;7.88;766;0.0;0
602;2025.07.02 06:30;15.06;7.75;7.44;764;0.0;0
603;2025.07.02 06:45;14.88;7.5;7.25;763;0.0;0
604;2025.07.02 07:00;14.62;7.12;6.88;762;0.0;0
605;2025.07.02 07:15;14.44;7.5;7.5;762;0.0;0
606;2025.07.02 07:30;14.25;7.06;6.94;761;0.0;0
607;2025.07.02 07:45;14.12;6.69;6.44;760;0.0;0
608;2025.07.02 08:00;13.88;6.38;6.19;759;0.0;0
609;2025.07.02 08:15;13.75;6.12;5.88;759;0.0;0
610;2025.07.02 08:30;13.5;5.81;5.5;757;0.0;0
611;2025.07.02 08:45;13.38;5.62;5.44;756;0.0;0
612;2025.07.02 09:00;13.19;5.56;5.38;756;0.0;0
613;2025.07.02 09:15;13;5.5;5.25;755;0.0;0
614;2025.07.02 09:30;12.88;5.38;5.25;755;0.0;0
615;2025.07.02 09:45;12.75;5.25;5;754;0.0;0
616;2025.07.02 10:00;12.62;5.12;4.88;754;0.0;0
617;2025.07.02 10:15;12.44;4.88;4.62;753;0.0;0
618;2025.07.02 10:30;12.25;4.81;4.62;752;0.0;0
619;2025.07.02 10:45;12.12;4.62;4.38;752;0.0;0
620;2025.07.02 11:00;12;4.5;4.25;751;0.0;0
621;2025.07.02 11:15;11.88;4.62;4.5;751;0.0;0
622;2025.07.02 11:30;11.75;4.62;4.38;750;0.0;0
623;2025.07.02 11:45;11.62;4.62;4.38;750;0.0;0
624;2025.07.02 12:00;11.62;5.12;4.88;751;0.0;0
625;2025.07.02 12:15;11.5;5.38;5.12;753;0.0;0
626;2025.07.02 12:30;11.44;5.31;5.06;754;0.0;0
627;2025.07.02 12:45;11.38;5.69;5.56;755;0.0;0
628;2025.07.02 13:00;11.38;6;5.88;755;0.0;0
629;2025.07.02 13:15;11.38;6.12;5.94;755;0.0;0
630;2025.07.02 13:30;11.31;6.88;6.75;757;0.0;0
631;2025.07.02 13:45;11.38;12.75;13.12;769;0.0;0
632;2025.07.02 14:00;11.62;14.12;15.44;774;0.0;0
633;2025.07.02 14:15;12;15.19;16.69;776;0.0;0
634;2025.07.02 14:30;12.38;16.44;17.5;778;0.0;0
635;2025.07.02 14:45;12.69;18.75;19.56;781;0.0;0
636;2025.07.02 15:00;13.12;22.12;22;786;0.0;0
637;2025.07.02 15:15;13.62;25;23.62;793;0.0;0
638;2025.07.02 15:30;14.38;28.31;25.62;800;0.0;0
639;2025.07.02 15:45;15.12;31;27.5;808;0.0;0
640;2025.07.02 16:00;16;33.12;29.56;813;0.0;0
641;2025.07.02 16:15;16.81;31.88;28.56;810;0.0;0
642;2025.07.02 16:30;17.38;28.62;25.88;802;0.0;0
643;2025.07.02 16:45;17.62;27.12;25.19;798;0.0;0
644;2025.07.02 17:00;17.88;27.25;25.88;798;0.0;0
645;2025.07.02 17:15;18.06;26.38;24.75;795;0.0;0
646;2025.07.02 17:30;18.12;25.75;24.38;794;0.0;0
647;2025.07.02 17:45;18.25;27.75;26.25;799;0.0;0
648;2025.07.02 18:00;18.5;28.5;26.75;801;0.0;0
649;2025.07.02 18:15;19;35.25;32.62;820;0.1;0
650;2025.07.02 18:30;19.62;30.88;28.19;808;0.0;0
651;2025.07.02 18:45;19.88;26.62;24.25;800;0.0;0
652;2025.07.02 19:00;18.75;12.88;12.62;1043;6.9;0
653;2025.07.02 19:15;17.94;16.25;15.56;980;5.0;0
654;2025.07.02 19:30;17.75;18.06;16.88;972;4.8;0
655;2025.07.02 19:45;17.81;18.31;17.25;966;4.6;0
656;2025.07.02 20:00;18;19.94;18.88;967;4.6;0
657;2025.07.02 20:15;18.62;22.69;21.5;974;4.8;0
658;2025.07.02 20:30;19.12;21.5;20.5;969;4.7;0
659;2025.07.02 20:45;19.25;22.25;21.81;968;4.6;0
660;2025.07.02 21:00;19.44;23;22.5;967;4.6;0
661;2025.07.02 21:15;19.5;22.81;22.31;964;4.5;0
662;2025.07.02 21:30;19.62;26.44;25.12;970;4.7;0
663;2025.07.02 21:45;20;26.5;24.75;964;4.5;0
664;2025.07.02 22:00;20.19;23.75;21.25;950;4.1;0
665;2025.07.02 22:15;19.94;22;20.44;942;3.9;0
666;2025.07.02 22:30;19.62;22.38;21.25;940;3.8;0
667;2025.07.02 22:45;19.56;23.75;22;938;3.7;0
668;2025.07.02 23:00;19.38;21.25;20;930;3.5;0
669;2025.07.02 23:15;19.12;19.75;19;926;3.4;0
670;2025.07.02 23:30;18.75;18.62;18.12;922;3.3;0
671;2025.07.02 23:45;18.38;17.75;17.75;918;3.1;0
672;2025.07.03 00:00;18.06;17.12;16.88;915;3.0;0
673;2025.07.03 00:15;17.75;16.56;16.25;912;2.9;0
674;2025.07.03 00:30;17.44;16.62;16.25;912;2.9;0
675;2025.07.03 00:45;17.25;16.5;16;910;2.9;0
676;2025.07.03 01:00;17.06;15.75;15.25;907;2.8;0
677;2025.07.03 01:15;16.88;15.19;14.75;905;2.7;0
678;2025.07.03 01:30;16.62;15;14.5;905;2.7;0
679;2025.07.03 01:45;16.5;15.19;14.62;905;2.7;0
680;2025.07.03 02:00;16.38;15.62;15.25;906;2.8;0
681;2025.07.03 02:15;16.25;15.44;15;904;2.7;0
682;2025.07.03 02:30;16.12;14.38;13.88;902;2.6;0
683;2025.07.03 02:45;16;13.38;12.81;899;2.6;0
684;2025.07.03 03:00;15.75;12.81;12.38;898;2.5;0
685;2025.07.03 03:15;15.5;12;11.62;896;2.5;0
686;2025.07.03 03:30;15.25;11.56;11.25;896;2.5;0
687;2025.07.03 03:45;15;11.56;11.25;896;2.5;0
688;2025.07.03 04:00;14.88;11.12;10.75;895;2.4;0
689;2025.07.03 04:15;14.62;10.38;10;893;2.4;0
690;2025.07.03 04:30;14.38;9.62;9.25;892;2.3;0
691;2025.07.03 04:45;14.12;9;8.69;891;2.3;0
692;2025.07.03 05:00;13.88;8.75;8.44;890;2.3;0
693;2025.07.03 05:15;13.62;8.75;8.5;891;2.3;0
694;2025.07.03 05:30;13.44;8.25;7.88;890;2.3;0
695;2025.07.03 05:45;13.25;8.12;7.75;890;2.3;0
696;2025.07.03 06:00;13.06;8.38;8;891;2.3;0
697;2025.07.03 06:15;12.88;7.75;7.5;889;2.2;0
698;2025.07.03 06:30;12.75;7.5;7.12;889;2.2;0
699;2025.07.03 06:45;12.5;7.25;6.88;888;2.2;0
700;2025.07.03 07:00;12.38;7.06;6.75;888;2.2;0
701;2025.07.03 07:15;12.19;7.06;6.75;888;2.2;0
702;2025.07.03 07:30;12.06;7.75;7.38;890;2.3;0
703;2025.07.03 07:45;12;8.12;7.75;890;2.3;0
704;2025.07.03 08:00;11.94;8.31;8;891;2.3;0
705;2025.07.03 08:15;11.88;8.56;8.25;891;2.3;0
706;2025.07.03 08:30;11.88;8.38;8.12;891;2.3;0
707;2025.07.03 08:45;11.81;7.81;7.5;890;2.3;0
708;2025.07.03 09:00;11.75;7.56;7.25;889;2.2;0
709;2025.07.03 09:15;11.62;7.75;7.5;889;2.2;0
710;2025.07.03 09:30;11.56;8.25;7.94;890;2.3;0
711;2025.07.03 09:45;11.5;8.62;8.38;891;2.3;0
712;2025.07.03 10:00;11.5;8.88;8.62;892;2.3;0
713;2025.07.03 10:15;11.5;9;8.75;892;2.3;0
714;2025.07.03 10:30;11.5;9.12;8.88;892;2.3;0
715;2025.07.03 10:45;11.5;9.25;9;892;2.3;0
716;2025.07.03 11:00;11.5;9.31;9.12;892;2.3;0
717;2025.07.03 11:15;11.5;9.31;9.06;892;2.3;0
718;2025.07.03 11:30;11.5;9.38;9.06;893;2.4;0
719;2025.07.03 11:45;11.5;9.5;9.25;893;2.4;0
720;2025.07.03 12:00;11.5;9.62;9.44;893;2.4;0
721;2025.07.03 12:15;11.5;9.94;9.69;893;2.4;0
722;2025.07.03 12:30;11.56;9.88;9.62;893;2.4;0
723;2025.07.03 12:45;11.56;10.25;10;894;2.4;0
724;2025.07.03 13:00;11.62;10.5;10.31;894;2.4;0
725;2025.07.03 13:15;11.62;11.31;11.12;895;2.4;0
726;2025.07.03 13:30;11.75;12.25;12;897;2.5;0
727;2025.07.03 13:45;11.94;13.19;12.94;898;2.5;0
728;2025.07.03 14:00;12.12;13.19;12.88;898;2.5;0
729;2025.07.03 14:15;12.31;13.81;13.38;899;2.6;0
730;2025.07.03 14:30;12.5;15.06;14.44;901;2.6;0
731;2025.07.03 14:45;12.75;14.81;14.38;899;2.6;0
732;2025.07.03 15:00;12.88;14.12;13.75;898;2.5;0
733;2025.07.03 15:15;13;14.19;13.62;897;2.5;0
734;2025.07.03 15:30;13.06;14.19;13.69;897;2.5;0
735;2025.07.03 15:45;13.12;15;14.5;899;2.6;0
736;2025.07.03 16:00;13.38;16.88;15.88;903;2.7;0
737;2025.07.03 16:15;13.75;17.88;16.75;905;2.7;0
738;2025.07.03 16:30;14.12;18.38;17.12;905;2.7;0
739;2025.07.03 16:45;14.38;19.19;17.69;906;2.8;0
740;2025.07.03 17:00;14.75;19.88;18.25;907;2.8;0
741;2025.07.03 17:15;15.06;20.88;19.12;908;2.8;0
742;2025.07.03 17:30;15.44;21.25;19.25;907;2.8;0
743;2025.07.03 17:45;15.69;20.12;18.31;904;2.7;0
744;2025.07.03 18:00;15.81;19.62;18.12;902;2.6;0
745;2025.07.03 18:15;15.88;19.25;18.19;900;2.6;0
746;2025.07.03 18:30;15.88;18.62;17.56;898;2.5;0
747;2025.07.03 18:45;15.88;17.88;16.88;897;2.5;0
748;2025.07.03 19:00;15.81;18.5;17.38;898;2.5;0
749;2025.07.03 19:15;15.88;19.31;18.19;899;2.6;0
750;2025.07.03 19:30;16.06;21.12;19.44;903;2.7;0
751;2025.07.03 19:45;16.25;20.12;18.44;900;2.6;0
752;2025.07.03 20:00;16.31;18.5;17.25;897;2.5;0
753;2025.07.03 20:15;16.25;16.25;15.12;893;2.4;0
754;2025.07.03 20:30;16;14.62;13.5;899;2.6;0
755;2025.07.03 20:45;15.81;16.25;14.94;910;2.9;0
756;2025.07.03 21:00;16.12;20.12;18.25;923;3.3;0
757;2025.07.03 21:15;16.81;22.69;19.88;931;3.5;0
758;2025.07.03 21:30;17.56;24.12;20.56;934;3.6;0
759;2025.07.03 21:45;18.12;25.25;21.62;934;3.6;0
760;2025.07.03 22:00;18.5;24.44;21.69;928;3.4;0
761;2025.07.03 22:15;18.5;23.69;21.62;926;3.4;0
762;2025.07.03 22:30;18.69;24.88;21.62;926;3.4;0
763;2025.07.03 22:45;18.75;22.88;20.38;920;3.2;0
764;2025.07.03 23:00;18.62;23.88;21.25;921;3.2;0
765;2025.07.03 23:15;18.69;24.81;21.38;921;3.2;0
766;2025.07.03 23:30;18.5;22.38;21.38;914;3.0;0
767;2025.07.03 23:45;18.25;20.38;19.94;911;2.9;0
768;2025.07.04 00:00;18;20.62;20.25;911;2.9;0
769;2025.07.04 00:15;17.81;21.12;21;913;3.0;0
770;2025.07.04 00:30;17.75;20.88;20.5;913;3.0;0
771;2025.07.04 00:45;17.62;21.25;20.94;913;3.0;0
772;2025.07.04 01:00;17.62;21;20.5;913;3.0;0
773;2025.07.04 01:15;17.5;19.62;19.25;910;2.9;0
774;2025.07.04 01:30;17.31;18.62;18.38;908;2.8;0
775;2025.07.04 01:45;17.12;18.06;17.94;906;2.8;0
776;2025.07.04 02:00;16.88;16.75;16.62;904;2.7;0
777;2025.07.04 02:15;16.62;15.5;15.25;901;2.6;0
778;2025.07.04 02:30;16.38;14.5;14.38;900;2.6;0
779;2025.07.04 02:45;16.06;13.5;13.31;898;2.5;0
780;2025.07.04 03:00;15.75;12.5;12.38;896;2.5;0
781;2025.07.04 03:15;15.38;11.88;11.75;896;2.5;0
782;2025.07.04 03:30;15.12;11.38;11.25;895;2.4;0
783;2025.07.04 03:45;14.81;11;10.88;895;2.4;0
784;2025.07.04 04:00;14.5;10.88;10.75;896;2.5;0
785;2025.07.04 04:15;14.31;11;10.75;896;2.5;0
786;2025.07.04 04:30;14.12;10.5;10.25;896;2.5;0
787;2025.07.04 04:45;13.88;10;9.69;895;2.4;0
788;2025.07.04 05:00;13.69;9.88;9.69;895;2.4;0
789;2025.07.04 05:15;13.5;10.62;10.62;897;2.5;0
790;2025.07.04 05:30;13.44;11.38;11.88;899;2.6;0
791;2025.07.04 05:45;13.38;11.25;11.75;898;2.5;0
792;2025.07.04 06:00;13.25;10.56;11;896;2.5;0
793;2025.07.04 06:15;13.06;9.88;10.12;895;2.4;0
794;2025.07.04 06:30;12.88;9;8.88;893;2.4;0
795;2025.07.04 06:45;12.69;8.5;8.38;892;2.3;0
796;2025.07.04 07:00;12.5;8.38;8.25;892;2.3;0
797;2025.07.04 07:15;12.38;8.12;7.94;892;2.3;0
798;2025.07.04 07:30;12.19;8.81;8.62;894;2.4;0
799;2025.07.04 07:45;12.12;9.38;9.25;895;2.4;0
800;2025.07.04 08:00;12.06;8.81;8.62;894;2.4;0
801;2025.07.04 08:15;12;8;7.75;892;2.3;0
802;2025.07.04 08:30;11.88;7.62;7.25;892;2.3;0
803;2025.07.04 08:45;11.69;7.12;6.88;891;2.3;0
804;2025.07.04 09:00;11.5;6.75;6.5;891;2.3;0
805;2025.07.04 09:15;11.38;6.5;6.25;891;2.3;0
806;2025.07.04 09:30;11.25;6.12;5.88;890;2.3;0
807;2025.07.04 09:45;11.06;5.94;5.62;890;2.3;0
808;2025.07.04 10:00;10.88;5.88;5.5;890;2.3;0
809;2025.07.04 10:15;10.75;5.75;5.38;890;2.3;0
810;2025.07.04 10:30;10.62;5.75;5.5;891;2.3;0
811;2025.07.04 10:45;10.5;5.62;5.25;891;2.3;0
812;2025.07.04 11:00;10.38;5.5;5.25;891;2.3;0
813;2025.07.04 11:15;10.25;5.12;4.88;890;2.3;0
814;2025.07.04 11:30;10.12;5.31;5.25;891;2.3;0
815;2025.07.04 11:45;10;5.12;4.88;890;2.3;0
816;2025.07.04 12:00;9.94;5.75;5.44;892;2.3;0
817;2025.07.04 12:15;9.88;7.12;7;895;2.4;0
818;2025.07.04 12:30;9.94;7.88;7.75;898;2.5;0
819;2025.07.04 12:45;10;8.25;8.12;918;3.1;0
820;2025.07.04 13:00;10.12;8.38;8.25;921;3.2;0
821;2025.07.04 13:15;10.12;8.62;8.38;922;3.3;0
822;2025.07.04 13:30;10.25;8.5;8.19;922;3.3;0
823;2025.07.04 13:45;10.25;9.25;9;924;3.3;0
824;2025.07.04 14:00;10.38;11.69;12;928;3.4;0
825;2025.07.04 14:15;10.5;15.44;14.88;935;3.6;0
826;2025.07.04 14:30;10.94;15.62;15.06;935;3.6;0
827;2025.07.04 14:45;11.44;17.88;16.56;938;3.7;0
828;2025.07.04 15:00;12;20.31;18.5;937;3.7;0
829;2025.07.04 15:15;12.69;21.38;19.44;935;3.6;0
830;2025.07.04 15:30;13.38;25;21.12;939;3.8;0
831;2025.07.04 15:45;14.25;22.19;18.75;932;3.6;0
832;2025.07.04 16:00;14.69;22.19;18.88;932;3.6;0
833;2025.07.04 16:15;15.12;22.88;19.5;934;3.6;0
834;2025.07.04 16:30;15.69;26.25;22.38;941;3.8;0
835;2025.07.04 16:45;16.25;20.62;17.75;931;3.5;0
836;2025.07.04 17:00;16.25;17.88;16;925;3.3;0
837;2025.07.04 17:15;16.12;22;19.62;935;3.6;0
838;2025.07.04 17:30;16.5;21.81;18.94;934;3.6;0
839;2025.07.04 17:45;16.62;21.25;19.12;945;4.0;0
840;2025.07.04 18:00;17.25;24.56;21.5;951;4.1;0
841;2025.07.04 18:15;17.88;27.62;24.5;960;4.4;0
842;2025.07.04 18:30;18.75;26.75;22.5;957;4.3;0
843;2025.07.04 18:45;19;20.5;17.25;942;3.9;0
844;2025.07.04 19:00;18.44;14.06;12.38;982;5.1;0
845;2025.07.04 19:15;17.75;13.25;11.88;977;4.9;0
846;2025.07.04 19:30;17.25;12.75;11.5;976;4.9;0
847;2025.07.04 19:45;16.75;12.56;11.31;979;5.0;0
848;2025.07.04 20:00;16.38;12.38;11.44;983;5.1;0
849;2025.07.04 20:15;16.12;15.12;13.88;989;5.3;0
850;2025.07.04 20:30;16.38;19.62;17.5;1001;5.6;0
851;2025.07.04 20:45;17.25;24.56;20.94;1011;5.9;0
852;2025.07.04 21:00;18.56;27;21.19;1010;5.9;0
853;2025.07.04 21:15;19.62;26.5;20.38;1002;5.7;0
854;2025.07.04 21:30;19.94;24.31;19.5;992;5.4;0
855;2025.07.04 21:45;19.75;20.62;17.12;984;5.1;0
856;2025.07.04 22:00;19.5;21.75;19;985;5.1;0
857;2025.07.04 22:15;19.38;23.75;21.31;987;5.2;0
858;2025.07.04 22:30;19.25;22.25;19.62;982;5.1;0
859;2025.07.04 22:45;19.25;25.12;21.38;986;5.2;0
860;2025.07.04 23:00;19.25;21.81;18.94;975;4.9;0
861;2025.07.04 23:15;19.12;21.81;19.81;973;4.8;0
862;2025.07.04 23:30;18.88;21.06;20.88;971;4.7;0
863;2025.07.04 23:45;18.62;19.56;18.62;967;4.6;0
864;2025.07.05 00:00;18.38;19.31;18.5;967;4.6;0
865;2025.07.05 00:15;18.12;19.06;18.5;966;4.6;0
866;2025.07.05 00:30;17.94;19.56;19;968;4.6;0
867;2025.07.05 00:45;17.88;18.75;17.94;966;4.6;0
868;2025.07.05 01:00;17.62;14.75;14.25;999;5.6;0
869;2025.07.05 01:15;17.25;14.31;13.62;989;5.3;0
870;2025.07.05 01:30;16.94;14;13.25;995;5.4;0
871;2025.07.05 01:45;16.62;12.75;12;1075;7.8;0
872;2025.07.05 02:00;16.25;12.44;11.62;1041;6.8;0
873;2025.07.05 02:15;15.94;12.12;11.38;1042;6.8;0
874;2025.07.05 02:30;15.62;11.5;10.75;1041;6.8;0
875;2025.07.05 02:45;15.38;11.12;10.5;1040;6.8;0
876;2025.07.05 03:00;15.06;10.56;9.94;1039;6.7;0
877;2025.07.05 03:15;14.75;10.25;9.62;1038;6.7;0
878;2025.07.05 03:30;14.5;9.88;9.25;1037;6.7;0
879;2025.07.05 03:45;14.25;9.69;9.12;1036;6.7;0
880;2025.07.05 04:00;14;9.12;8.5;1035;6.6;0
881;2025.07.05 04:15;13.75;8.69;8;1035;6.6;0
882;2025.07.05 04:30;13.5;8.44;7.81;1035;6.6;0
883;2025.07.05 04:45;13.25;8;7.38;1034;6.6;0
884;2025.07.05 05:00;13;7.62;7;1033;6.6;0
885;2025.07.05 05:15;12.75;7.88;7.38;1034;6.6;0
886;2025.07.05 05:30;12.56;7.88;7.38;1034;6.6;0
887;2025.07.05 05:45;12.38;7.81;7.25;1034;6.6;0
888;2025.07.05 06:00;12.25;7.5;7;1033;6.6;0
889;2025.07.05 06:15;12;7.25;6.81;1033;6.6;0
890;2025.07.05 06:30;11.88;7;6.5;1033;6.6;0
891;2025.07.05 06:45;11.75;7.25;6.75;1032;6.5;0
892;2025.07.05 07:00;11.62;7.12;6.62;1032;6.5;0
893;2025.07.05 07:15;11.5;6.88;6.38;1030;6.5;0
894;2025.07.05 07:30;11.31;6.88;6.25;1030;6.5;0
895;2025.07.05 07:45;11.19;6.5;5.88;1029;6.4;0
896;2025.07.05 08:00;11.06;6.06;5.5;1028;6.4;0
897;2025.07.05 08:15;10.88;5.88;5.38;1027;6.4;0
898;2025.07.05 08:30;10.75;5.75;5.25;1027;6.4;0
899;2025.07.05 08:45;10.62;5.62;5.25;1025;6.3;0
900;2025.07.05 09:00;10.44;5.62;5.38;1025;6.3;0
901;2025.07.05 09:15;10.31;5.81;5.44;1026;6.4;0
902;2025.07.05 09:30;10.25;5.38;4.94;1025;6.3;0
903;2025.07.05 09:45;10.12;5.31;4.75;1025;6.3;0
904;2025.07.05 10:00;10;6.06;5.69;1027;6.4;0
905;2025.07.05 10:15;9.94;5.75;5.25;1026;6.4;0
906;2025.07.05 10:30;9.88;5.62;5.12;1025;6.3;0
907;2025.07.05 10:45;9.75;5.38;4.88;1025;6.3;0
908;2025.07.05 11:00;9.62;5;4.5;1024;6.3;0
909;2025.07.05 11:15;9.56;4.56;4.06;1023;6.3;0
910;2025.07.05 11:30;9.38;4.31;3.88;1023;6.3;0
911;2025.07.05 11:45;9.31;4.75;4.5;1037;6.7;0
912;2025.07.05 12:00;9.25;4.88;4.62;1024;6.3;0
913;2025.07.05 12:15;9.12;4.5;4.06;1021;6.2;0
914;2025.07.05 12:30;9;4.38;4;1021;6.2;0
915;2025.07.05 12:45;8.94;4.81;4.62;1022;6.2;0
916;2025.07.05 13:00;8.88;5;4.56;1020;6.2;0
917;2025.07.05 13:15;8.81;5.25;4.88;1021;6.2;0
918;2025.07.05 13:30;8.81;5.56;5.25;1021;6.2;0
919;2025.07.05 13:45;8.81;10.75;10.62;1029;6.4;0
920;2025.07.05 14:00;9;11.25;11.69;1029;6.4;0
921;2025.07.05 14:15;9.19;12.88;13;1031;6.5;0
922;2025.07.05 14:30;9.56;13.62;14.62;1031;6.5;0
923;2025.07.05 14:45;10;16.94;17.25;1035;6.6;0
924;2025.07.05 15:00;10.62;20.75;19.5;1038;6.7;0
925;2025.07.05 15:15;11.5;22.5;20.75;1037;6.7;0
926;2025.07.05 15:30;12.5;25.38;22.19;1039;6.7;0
927;2025.07.05 15:45;13.5;27.38;23.25;1038;6.7;0
928;2025.07.05 16:00;14.5;28.25;24.12;1039;6.7;0
929;2025.07.05 16:15;15.38;29.31;25.38;1038;6.7;0
930;2025.07.05 16:30;16.38;30.75;26.31;1040;6.8;0
931;2025.07.05 16:45;17.38;31.5;26.75;1041;6.8;0
932;2025.07.05 17:00;18.38;29.75;25.5;1036;6.7;0
933;2025.07.05 17:15;18.88;28.5;25.25;1034;6.6;0
934;2025.07.05 17:30;19.31;30.12;26.75;1039;6.7;0
935;2025.07.05 17:45;20;33.12;29;1047;7.0;0
936;2025.07.05 18:00;20.88;33;28.62;1047;7.0;0
937;2025.07.05 18:15;21.5;28.25;24.38;1035;6.6;0
938;2025.07.05 18:30;21.31;27.88;25.62;1035;6.6;0
939;2025.07.05 18:45;21.38;28.94;26.5;1037;6.7;0
940;2025.07.05 19:00;21.88;32.75;29.5;1048;7.0;0
941;2025.07.05 19:15;22.62;34.12;29.69;1050;7.1;0
942;2025.07.05 19:30;23.44;33.88;30;1048;7.0;0
943;2025.07.05 19:45;23.88;29.75;25.31;1034;6.6;0
944;2025.07.05 20:00;23.38;24.5;22;1024;6.3;0
945;2025.07.05 20:15;23.12;27.12;24;1028;6.4;0
946;2025.07.05 20:30;22.94;30.88;27.5;1038;6.7;0
947;2025.07.05 20:45;23.31;28.25;24.06;1029;6.4;0
948;2025.07.05 21:00;23.25;26.81;23.5;1026;6.4;0
949;2025.07.05 21:15;23.25;30.5;26.12;1032;6.5;0
950;2025.07.05 21:30;23.12;26.75;23.56;1020;6.2;0
951;2025.07.05 21:45;22.75;26;23.75;1016;6.1;0
952;2025.07.05 22:00;22.31;25.38;24.38;1012;5.9;0
953;2025.07.05 22:15;21.88;26;25.62;1011;5.9;0
954;2025.07.05 22:30;21.62;27.06;25;1013;6.0;0
955;2025.07.05 22:45;21.5;28;24.75;1013;6.0;0
956;2025.07.05 23:00;21.44;29.94;25.81;1014;6.0;0
957;2025.07.05 23:15;21.25;28;25.75;1006;5.8;0
958;2025.07.05 23:30;21;25;24;998;5.5;0
959;2025.07.05 23:45;20.62;22.12;21.88;991;5.3;0
960;2025.07.06 00:00;20.25;21.19;21.25;989;5.3;0
961;2025.07.06 00:15;19.88;19.94;19.94;986;5.2;0
962;2025.07.06 00:30;19.44;18.69;18.38;984;5.1;0
963;2025.07.06 00:45;19.06;17.88;17.75;983;5.1;0
964;2025.07.06 01:00;18.75;17.5;17.12;982;5.1;0
965;2025.07.06 01:15;18.38;16.56;16;981;5.0;0
966;2025.07.06 01:30;18;16.12;15.75;980;5.0;0
967;2025.07.06 01:45;17.75;15.38;15;979;5.0;0
968;2025.07.06 02:00;17.44;15;14.69;979;5.0;0
969;2025.07.06 02:15;17.12;15.19;14.88;980;5.0;0
970;2025.07.06 02:30;17;14.69;14.5;979;5.0;0
971;2025.07.06 02:45;16.75;14.12;13.75;978;4.9;0
972;2025.07.06 03:00;16.5;13;12.5;977;4.9;0
973;2025.07.06 03:15;16.25;12.38;11.75;976;4.9;0
974;2025.07.06 03:30;15.94;11.5;11.06;975;4.9;0
975;2025.07.06 03:45;15.62;10.56;10;974;4.8;0
976;2025.07.06 04:00;15.38;9.88;9.38;974;4.8;0
977;2025.07.06 04:15;15;9.38;8.88;974;4.8;0
978;2025.07.06 04:30;14.75;8.94;8.38;974;4.8;0
979;2025.07.06 04:45;14.44;8.56;8;974;4.8;0
980;2025.07.06 05:00;14.12;8.25;7.75;975;4.9;0
981;2025.07.06 05:15;13.88;7.88;7.38;975;4.9;0
982;2025.07.06 05:30;13.62;7.62;7.12;975;4.9;0
983;2025.07.06 05:45;13.38;7.38;6.88;975;4.9;0
984;2025.07.06 06:00;13.12;7;6.38;975;4.9;0
985;2025.07.06 06:15;12.88;6.69;6.19;976;4.9;0
986;2025.07.06 06:30;12.62;6.44;5.88;976;4.9;0
987;2025.07.06 06:45;12.44;6.19;5.62;976;4.9;0
988;2025.07.06 07:00;12.25;5.88;5.31;976;4.9;0
989;2025.07.06 07:15;12;5.62;5.12;977;4.9;0
990;2025.07.06 07:30;11.81;5.38;4.88;977;4.9;0
991;2025.07.06 07:45;11.62;5.12;4.5;977;4.9;0
992;2025.07.06 08:00;11.38;5;4.5;978;4.9;0
993;2025.07.06 08:15;11.25;4.81;4.25;977;4.9;0
994;2025.07.06 08:30;11;4.62;4.06;977;4.9;0
995;2025.07.06 08:45;10.88;4.5;3.88;978;4.9;0
996;2025.07.06 09:00;10.69;4.12;3.5;978;4.9;0
997;2025.07.06 09:15;10.5;3.94;3.31;978;4.9;0
998;2025.07.06 09:30;10.38;3.75;3.19;978;4.9;0
999;2025.07.06 09:45;10.19;3.62;3;978;4.9;0
1000;2025.07.06 10:00;10;3.5;3;978;4.9;0
1001;2025.07.06 10:15;9.88;3.38;2.88;978;4.9;0
1002;2025.07.06 10:30;9.75;3.25;2.75;978;4.9;0
1003;2025.07.06 10:45;9.56;3.06;2.62;978;4.9;0
1004;2025.07.06 11:00;9.44;2.88;2.38;977;4.9;0
1005;2025.07.06 11:15;9.25;2.75;2.25;977;4.9;0
1006;2025.07.06 11:30;9.12;2.62;2.12;977;4.9;0
1007;2025.07.06 11:45;9;2.5;2;978;4.9;0
1008;2025.07.06 12:00;8.88;2.38;1.94;978;4.9;0
1009;2025.07.06 12:15;8.75;2.44;2;977;4.9;0
1010;2025.07.06 12:30;8.62;2.62;2.19;978;4.9;0
1011;2025.07.06 12:45;8.56;2.81;2.31;978;4.9;0
1012;2025.07.06 13:00;8.5;3;2.5;978;4.9;0
1013;2025.07.06 13:15;8.38;3.25;2.81;979;5.0;0
1014;2025.07.06 13:30;8.38;3.44;3;979;5.0;0
1015;2025.07.06 13:45;8.38;9.62;9.31;987;5.2;0
1016;2025.07.06 14:00;8.5;9.62;10.69;988;5.2;0
1017;2025.07.06 14:15;8.75;12;12.38;991;5.3;0
1018;2025.07.06 14:30;9.06;13;13.38;991;5.3;0
1019;2025.07.06 14:45;9.5;17.88;16.5;998;5.5;0
1020;2025.07.06 15:00;10.12;20.88;18.5;1001;5.6;0
1021;2025.07.06 15:15;10.94;22.88;20.38;1001;5.6;0
1022;2025.07.06 15:30;11.88;25.81;22.44;1002;5.7;0
1023;2025.07.06 15:45;12.88;28.38;24.38;1002;5.7;0
1024;2025.07.06 16:00;13.88;30.12;25.62;1004;5.7;0
1025;2025.07.06 16:15;14.88;31.25;27.06;1004;5.7;0
1026;2025.07.06 16:30;16;32.19;27.25;1004;5.7;0
1027;2025.07.06 16:45;17;33.88;28.75;1007;5.8;0
1028;2025.07.06 17:00;18.06;34.62;28.88;1008;5.8;0
1029;2025.07.06 17:15;19.06;34.62;28.75;1008;5.8;0
1030;2025.07.06 17:30;19.94;34.69;30;1008;5.8;0
1031;2025.07.06 17:45;20.75;35.25;30.12;1009;5.9;0
1032;2025.07.06 18:00;21.56;35.5;30.44;1011;5.9;0
1033;2025.07.06 18:15;22.31;36.25;30.88;1012;5.9;0
1034;2025.07.06 18:30;23.06;36.81;31.5;1012;5.9;0
1035;2025.07.06 18:45;23.75;36.5;31.5;1012;5.9;0
1036;2025.07.06 19:00;24.44;36.25;31.94;1014;6.0;0
1037;2025.07.06 19:15;25.12;37.06;32.25;1019;6.2;0
1038;2025.07.06 19:30;25.75;37.38;31.75;1022;6.2;0
1039;2025.07.06 19:45;26.38;37.88;31.75;1027;6.4;0
1040;2025.07.06 20:00;26.88;38.75;31.56;1030;6.5;0
1041;2025.07.06 20:15;27.44;38.06;31.62;1024;6.3;0
1042;2025.07.06 20:30;27.88;39.25;31.75;1028;6.4;0
1043;2025.07.06 20:45;28.25;39.19;31.12;1027;6.4;0
1044;2025.07.06 21:00;28.5;38.88;30.56;1025;6.3;0
1045;2025.07.06 21:15;28.75;38.62;30.19;1022;6.2;0
1046;2025.07.06 21:30;28.69;35.25;28.25;1009;5.9;0
1047;2025.07.06 21:45;28.25;34.38;28.62;1003;5.7;0
1048;2025.07.06 22:00;27.75;31.62;27.12;993;5.4;0
1049;2025.07.06 22:15;27.06;29.44;26.69;988;5.2;0
1050;2025.07.06 22:30;26.5;31.25;27.25;990;5.3;0
1051;2025.07.06 22:45;26.06;30.19;26.62;988;5.2;0
1052;2025.07.06 23:00;25.75;29.19;25.69;989;5.3;0
1053;2025.07.06 23:15;25.25;27.12;25.31;988;5.2;0
1054;2025.07.06 23:30;24.75;24.5;24.12;987;5.2;0
1055;2025.07.06 23:45;24.12;21.88;21.62;984;5.1;0
1056;2025.07.07 00:00;23.44;20.25;20.12;984;5.1;0
1057;2025.07.07 00:15;22.75;19;19.38;984;5.1;0
1058;2025.07.07 00:30;22.19;18.25;18.81;985;5.1;0
1059;2025.07.07 00:45;21.62;17.44;17.88;986;5.2;0
1060;2025.07.07 01:00;21.06;16.75;16.88;986;5.2;0
1061;2025.07.07 01:15;20.56;16;16.12;987;5.2;0
1062;2025.07.07 01:30;20.12;15.38;15.38;987;5.2;0
1063;2025.07.07 01:45;19.62;14.69;14.75;987;5.2;0
1064;2025.07.07 02:00;19.25;14.12;14.25;987;5.2;0
1065;2025.07.07 02:15;18.88;13.38;13.12;987;5.2;0
1066;2025.07.07 02:30;18.5;12.75;12.62;987;5.2;0
1067;2025.07.07 02:45;18.06;12;11.75;987;5.2;0
1068;2025.07.07 03:00;17.69;11.25;10.94;986;5.2;0
1069;2025.07.07 03:15;17.31;10.62;10.25;986;5.2;0
1070;2025.07.07 03:30;16.94;9.88;9.38;986;5.2;0
1071;2025.07.07 03:45;16.56;9.38;8.88;986;5.2;0
1072;2025.07.07 04:00;16.25;8.88;8.25;986;5.2;0
1073;2025.07.07 04:15;15.88;8.38;7.88;986;5.2;0
1074;2025.07.07 04:30;15.62;8;7.44;986;5.2;0
1075;2025.07.07 04:45;15.31;7.69;7.12;987;5.2;0
1076;2025.07.07 05:00;15;7.38;6.75;988;5.2;0
1077;2025.07.07 05:15;14.75;7;6.38;987;5.2;0
1078;2025.07.07 05:30;14.44;6.69;6.12;988;5.2;0
1079;2025.07.07 05:45;14.19;6.31;5.62;988;5.2;0
1080;2025.07.07 06:00;13.88;5.94;5.25;988;5.2;0
1081;2025.07.07 06:15;13.62;5.62;5;987;5.2;0
1082;2025.07.07 06:30;13.44;5.38;4.62;988;5.2;0
1083;2025.07.07 06:45;13.19;5.12;4.5;988;5.2;0
1084;2025.07.07 07:00;12.94;5;4.44;988;5.2;0
1085;2025.07.07 07:15;12.75;4.62;4;988;5.2;0
1086;2025.07.07 07:30;12.5;4.38;3.75;988;5.2;0
1087;2025.07.07 07:45;12.25;4.12;3.5;989;5.3;0
1088;2025.07.07 08:00;12.06;3.94;3.25;989;5.3;0
1089;2025.07.07 08:15;11.88;3.69;3;990;5.3;0
1090;2025.07.07 08:30;11.62;3.44;2.81;990;5.3;0
1091;2025.07.07 08:45;11.5;3.25;2.69;990;5.3;0
1092;2025.07.07 09:00;11.25;3.06;2.5;991;5.3;0
1093;2025.07.07 09:15;11.12;2.81;2.25;991;5.3;0
1094;2025.07.07 09:30;10.88;2.62;2.12;991;5.3;0
1095;2025.07.07 09:45;10.75;2.56;2.06;991;5.3;0
1096;2025.07.07 10:00;10.56;2.5;2;991;5.3;0
1097;2025.07.07 10:15;10.38;2.31;1.81;992;5.4;0
1098;2025.07.07 10:30;10.25;2.25;1.75;992;5.4;0
1099;2025.07.07 10:45;10.06;2;1.38;992;5.4;0
1100;2025.07.07 11:00;9.88;1.88;1.25;992;5.4;0
1101;2025.07.07 11:15;9.75;1.62;1;992;5.4;0
1102;2025.07.07 11:30;9.62;1.44;0.81;993;5.4;0
1103;2025.07.07 11:45;9.5;1.38;0.75;993;5.4;0
1104;2025.07.07 12:00;9.31;1.38;0.88;993;5.4;0
1105;2025.07.07 12:15;9.12;1.5;0.88;993;5.4;0
1106;2025.07.07 12:30;9.06;1.56;0.94;994;5.4;0
1107;2025.07.07 12:45;9;1.75;1.12;995;5.4;0
1108;2025.07.07 13:00;8.88;1.88;1.25;995;5.4;0
1109;2025.07.07 13:15;8.81;2.12;1.56;996;5.5;0
1110;2025.07.07 13:30;8.75;2.38;1.88;997;5.5;0
1111;2025.07.07 13:45;8.69;7.5;8.75;1004;5.7;0
1112;2025.07.07 14:00;8.81;9.44;11.56;1007;5.8;0
1113;2025.07.07 14:15;9;12.81;13.75;1011;5.9;0
1114;2025.07.07 14:30;9.25;14.5;14.62;1014;6.0;0
1115;2025.07.07 14:45;9.69;20.5;18.5;1023;6.3;0
1116;2025.07.07 15:00;10.38;23.12;20.38;1026;6.4;0
1117;2025.07.07 15:15;11.12;25.12;22.44;1025;6.3;0
1118;2025.07.07 15:30;12.06;27.88;24.56;1027;6.4;0
1119;2025.07.07 15:45;13.06;30.5;26.38;1030;6.5;0
1120;2025.07.07 16:00;14.12;32.12;26.94;1033;6.6;0
1121;2025.07.07 16:15;15.19;34;28.75;1035;6.6;0
1122;2025.07.07 16:30;16.38;35.88;30.19;1037;6.7;0
1123;2025.07.07 16:45;17.5;36.75;31;1037;6.7;0
1124;2025.07.07 17:00;18.62;37.62;32;1036;6.7;0
1125;2025.07.07 17:15;19.75;37.62;31.88;1034;6.6;0
1126;2025.07.07 17:30;20.75;38.5;32.5;1034;6.6;0
1127;2025.07.07 17:45;21.69;38.88;33.25;1032;6.5;0
1128;2025.07.07 18:00;22.62;39.31;33.38;1032;6.5;0
1129;2025.07.07 18:15;23.38;38.75;33.19;1030;6.5;0
1130;2025.07.07 18:30;24.12;39.31;33.75;1030;6.5;0
1131;2025.07.07 18:45;24.88;39.62;33.94;1029;6.4;0
1132;2025.07.07 19:00;25.5;40.38;34.62;1028;6.4;0
1133;2025.07.07 19:15;26.12;40.25;33.94;1024;6.3;0
1134;2025.07.07 19:30;26.81;40.12;33.5;1021;6.2;0
1135;2025.07.07 19:45;27.5;40.56;33.12;1020;6.2;0
1136;2025.07.07 20:00;28.06;41.25;34.25;1019;6.2;0
1137;2025.07.07 20:15;28.62;42;34.19;1019;6.2;0
1138;2025.07.07 20:30;29.12;42.12;33.38;1019;6.2;0
1139;2025.07.07 20:45;29.62;42.25;33.38;1020;6.2;0
1140;2025.07.07 21:00;29.94;42.75;33.69;1020;6.2;0
1141;2025.07.07 21:15;30.25;42.12;32.31;1018;6.1;0
1142;2025.07.07 21:30;30.19;37;29.5;1002;5.7;0
1143;2025.07.07 21:45;29.69;36.25;30.25;999;5.6;0
1144;2025.07.07 22:00;29.12;34.12;29.44;989;5.3;0
1145;2025.07.07 22:15;28.38;32.31;28.38;985;5.1;0
1146;2025.07.07 22:30;27.94;33.5;28.75;987;5.2;0
1147;2025.07.07 22:45;27.44;32.31;28.62;987;5.2;0
1148;2025.07.07 23:00;27;32.75;27.25;988;5.2;0
1149;2025.07.07 23:15;26.56;30.12;26.62;979;5.0;0
1150;2025.07.07 23:30;25.94;26.88;26;975;4.9;0
1151;2025.07.07 23:45;25.31;24.25;23.88;972;4.8;0
1152;2025.07.08 00:00;24.62;22.31;22.19;970;4.7;0
1153;2025.07.08 00:15;24;21.25;21.5;969;4.7;0
1154;2025.07.08 00:30;23.44;20.44;20.88;969;4.7;0
1155;2025.07.08 00:45;22.88;19.38;19.56;969;4.7;0
1156;2025.07.08 01:00;22.38;19;19.5;970;4.7;0
1157;2025.07.08 01:15;21.88;18.06;18.19;969;4.7;0
1158;2025.07.08 01:30;21.38;17.12;17.19;969;4.7;0
1159;2025.07.08 01:45;21;16.62;16.81;969;4.7;0
1160;2025.07.08 02:00;20.56;16;16.06;969;4.7;0
1161;2025.07.08 02:15;20.12;15.38;15.38;968;4.6;0
1162;2025.07.08 02:30;19.75;14.69;14.62;967;4.6;0
1163;2025.07.08 02:45;19.38;14;14;967;4.6;0
1164;2025.07.08 03:00;19.12;13.25;13.12;966;4.6;0
1165;2025.07.08 03:15;18.75;12.38;12.19;965;4.6;0
1166;2025.07.08 03:30;18.31;11.62;11.38;965;4.6;0
1167;2025.07.08 03:45;18;11;10.75;965;4.6;0
1168;2025.07.08 04:00;17.62;10.5;10.06;965;4.6;0
1169;2025.07.08 04:15;17.31;10;9.56;965;4.6;0
1170;2025.07.08 04:30;17;9.56;9.19;965;4.6;0
1171;2025.07.08 04:45;16.69;9.12;8.62;964;4.5;0
1172;2025.07.08 05:00;16.38;8.69;8.25;964;4.5;0
1173;2025.07.08 05:15;16.12;8.38;8;964;4.5;0
1174;2025.07.08 05:30;15.81;8.06;7.62;964;4.5;0
1175;2025.07.08 05:45;15.5;7.69;7.25;964;4.5;0
1176;2025.07.08 06:00;15.25;7.44;7;963;4.5;0
1177;2025.07.08 06:15;15;7.12;6.62;963;4.5;0
1178;2025.07.08 06:30;14.75;6.81;6.38;963;4.5;0
1179;2025.07.08 06:45;14.5;6.5;6.12;962;4.5;0
1180;2025.07.08 07:00;14.31;6.38;5.94;962;4.5;0
1181;2025.07.08 07:15;14.06;6.06;5.62;962;4.5;0
1182;2025.07.08 07:30;13.88;5.81;5.38;962;4.5;0
1183;2025.07.08 07:45;13.62;5.62;5.19;962;4.5;0
1184;2025.07.08 08:00;13.44;5.38;4.88;961;4.4;0
1185;2025.07.08 08:15;13.25;5.12;4.56;961;4.4;0
1186;2025.07.08 08:30;13;5;4.44;961;4.4;0
1187;2025.07.08 08:45;12.88;4.81;4.38;961;4.4;0
1188;2025.07.08 09:00;12.62;4.62;4.12;961;4.4;0
1189;2025.07.08 09:15;12.5;4.44;4;960;4.4;0
1190;2025.07.08 09:30;12.31;4.25;3.75;960;4.4;0
1191;2025.07.08 09:45;12.12;4.12;3.62;960;4.4;0
1192;2025.07.08 10:00;12;4.12;3.81;960;4.4;0
1193;2025.07.08 10:15;11.75;3.94;3.56;960;4.4;0
1194;2025.07.08 10:30;11.62;3.75;3.25;960;4.4;0
1195;2025.07.08 10:45;11.5;3.5;3.12;959;4.4;0
1196;2025.07.08 11:00;11.38;3.5;3.12;959;4.4;0
1197;2025.07.08 11:15;11.19;3.62;3.38;959;4.4;0
1198;2025.07.08 11:30;11;3.38;3;958;4.3;0
1199;2025.07.08 11:45;10.88;3.44;3.25;958;4.3;0
1200;2025.07.08 12:00;10.75;3.38;3.12;958;4.3;0
1201;2025.07.08 12:15;10.69;3.5;3.12;959;4.4;0
1202;2025.07.08 12:30;10.56;3.75;3.5;959;4.4;0
1203;2025.07.08 12:45;10.5;4.12;4;960;4.4;0
1204;2025.07.08 13:00;10.44;4.44;4.19;960;4.4;0
1205;2025.07.08 13:15;10.38;4.75;4.62;960;4.4;0
1206;2025.07.08 13:30;10.31;5.12;4.94;961;4.4;0
1207;2025.07.08 13:45;10.25;10.25;11.38;969;4.7;0
1208;2025.07.08 14:00;10.38;12.38;14.75;973;4.8;0
1209;2025.07.08 14:15;10.62;15.88;17;978;4.9;0
1210;2025.07.08 14:30;10.88;17.25;17.5;981;5.0;0
1211;2025.07.08 14:45;11.25;23.19;21.44;993;5.4;0
1212;2025.07.08 15:00;11.88;26;23.31;999;5.6;0
1213;2025.07.08 15:15;12.62;28.12;25.5;1002;5.7;0
1214;2025.07.08 15:30;13.5;31.06;28.12;1005;5.7;0
1215;2025.07.08 15:45;14.44;33.69;29.62;1010;5.9;0
1216;2025.07.08 16:00;15.44;35.88;31.44;1014;6.0;0
1217;2025.07.08 16:15;16.5;37.19;32.19;1016;6.1;0
1218;2025.07.08 16:30;17.62;39.12;33.5;1018;6.1;0
1219;2025.07.08 16:45;18.75;40.25;34.62;1019;6.2;0
1220;2025.07.08 17:00;19.81;40.38;34.88;1017;6.1;0
1221;2025.07.08 17:15;20.88;40.56;35.12;1017;6.1;0
1222;2025.07.08 17:30;21.81;41.5;34.88;1018;6.1;0
1223;2025.07.08 17:45;22.75;41.12;35.56;1016;6.1;0
1224;2025.07.08 18:00;23.5;41.62;36.06;1016;6.1;0
1225;2025.07.08 18:15;24.25;42.31;36.31;1016;6.1;0
1226;2025.07.08 18:30;25;39.31;34;1005;5.7;0
1227;2025.07.08 18:45;25.25;32.75;28.44;988;5.2;0
1228;2025.07.08 19:00;25.06;35.62;33.12;995;5.4;0
1229;2025.07.08 19:15;25.31;37.25;33.38;997;5.5;0
1230;2025.07.08 19:30;25.62;33.38;29.5;985;5.1;0
1231;2025.07.08 19:45;25.5;34;31;985;5.1;0
1232;2025.07.08 20:00;25.88;40.56;35.25;999;5.6;0
1233;2025.07.08 20:15;26.38;36.31;30.94;984;5.1;0
1234;2025.07.08 20:30;26.31;34.75;30.31;980;5.0;0
1235;2025.07.08 20:45;26.25;32;28.62;970;4.7;0
1236;2025.07.08 21:00;25.88;31.12;27.62;969;4.7;0
1237;2025.07.08 21:15;25.62;32.56;28.88;970;4.7;0
1238;2025.07.08 21:30;25.56;33.44;30;971;4.7;0
1239;2025.07.08 21:45;25.62;33;29.25;969;4.7;0
1240;2025.07.08 22:00;25.5;32.25;28.75;966;4.6;0
1241;2025.07.08 22:15;25.25;31;28.38;964;4.5;0
1242;2025.07.08 22:30;25.12;35.81;31.75;977;4.9;0
1243;2025.07.08 22:45;25.12;34.5;31;972;4.8;0
1244;2025.07.08 23:00;25.12;35.88;30.88;978;4.9;0
1245;2025.07.08 23:15;25.12;32.38;27.75;966;4.6;0
1246;2025.07.08 23:30;24.81;28.94;26.88;959;4.4;0
1247;2025.07.08 23:45;24.44;27.19;26.88;956;4.3;0
1248;2025.07.09 00:00;24;24.62;24.5;951;4.1;0
1249;2025.07.09 00:15;23.5;23;23.38;948;4.0;0
1250;2025.07.09 00:30;23;22;22.5;948;4.0;0
1251;2025.07.09 00:45;22.5;21.12;21.62;946;4.0;0
1252;2025.07.09 01:00;22.06;20.12;20.75;945;4.0;0
1253;2025.07.09 01:15;21.62;18.88;19.38;943;3.9;0
1254;2025.07.09 01:30;21.25;17.88;18.25;942;3.9;0
1255;2025.07.09 01:45;20.81;17.12;17.62;941;3.8;0
1256;2025.07.09 02:00;20.38;16.5;17.12;941;3.8;0
1257;2025.07.09 02:15;20;15.75;16.06;940;3.8;0
1258;2025.07.09 02:30;19.62;14.75;14.88;938;3.7;0
1259;2025.07.09 02:45;19.31;13.81;13.94;937;3.7;0
1260;2025.07.09 03:00;18.94;12.94;13.12;936;3.7;0
1261;2025.07.09 03:15;18.56;12.12;12.31;935;3.6;0
1262;2025.07.09 03:30;18.19;11.25;11.25;934;3.6;0
1263;2025.07.09 03:45;17.88;10.5;10.38;933;3.6;0
1264;2025.07.09 04:00;17.5;9.94;9.88;933;3.6;0
1265;2025.07.09 04:15;17.12;9.44;9.25;932;3.6;0
1266;2025.07.09 04:30;16.88;8.75;8.56;932;3.6;0
1267;2025.07.09 04:45;16.5;8.25;7.88;932;3.6;0
1268;2025.07.09 05:00;16.25;7.75;7.44;931;3.5;0
1269;2025.07.09 05:15;15.88;7.25;7.06;931;3.5;0
1270;2025.07.09 05:30;15.62;7;6.75;931;3.5;0
1271;2025.07.09 05:45;15.31;6.75;6.75;931;3.5;0
1272;2025.07.09 06:00;15.06;6.5;6.38;931;3.5;0
1273;2025.07.09 06:15;14.75;6.19;6;931;3.5;0
1274;2025.07.09 06:30;14.5;5.75;5.5;930;3.5;0
1275;2025.07.09 06:45;14.25;5.56;5.31;930;3.5;0
1276;2025.07.09 07:00;14.06;5.31;5.06;930;3.5;0
1277;2025.07.09 07:15;13.88;5.12;4.81;930;3.5;0
1278;2025.07.09 07:30;13.62;4.88;4.5;930;3.5;0
1279;2025.07.09 07:45;13.38;4.62;4.38;929;3.5;0
1280;2025.07.09 08:00;13.19;4.56;4.25;929;3.5;0
1281;2025.07.09 08:15;13;4.38;4.12;929;3.5;0
1282;2025.07.09 08:30;12.81;4.19;3.94;929;3.5;0
1283;2025.07.09 08:45;12.62;4;3.62;930;3.5;0
1284;2025.07.09 09:00;12.44;3.88;3.62;929;3.5;0
1285;2025.07.09 09:15;12.25;3.81;3.62;929;3.5;0
1286;2025.07.09 09:30;12.12;3.62;3.38;928;3.4;0
1287;2025.07.09 09:45;11.94;3.62;3.38;928;3.4;0
1288;2025.07.09 10:00;11.75;3.5;3.25;928;3.4;0
1289;2025.07.09 10:15;11.62;3.38;3.12;927;3.4;0
1290;2025.07.09 10:30;11.5;3.38;3.25;927;3.4;0
1291;2025.07.09 10:45;11.31;3.25;3.06;928;3.4;0
1292;2025.07.09 11:00;11.19;3.38;3.25;927;3.4;0
1293;2025.07.09 11:15;11.06;3.38;3.12;927;3.4;0
1294;2025.07.09 11:30;10.88;3.25;3;927;3.4;0
1295;2025.07.09 11:45;10.81;3.06;2.88;926;3.4;0
1296;2025.07.09 12:00;10.69;3;2.88;926;3.4;0
1297;2025.07.09 12:15;10.62;3.12;3.06;927;3.4;0
1298;2025.07.09 12:30;10.5;3.38;3.25;927;3.4;0
1299;2025.07.09 12:45;10.38;3.69;3.56;927;3.4;0
1300;2025.07.09 13:00;10.38;4.06;3.94;928;3.4;0
1301;2025.07.09 13:15;10.25;4.38;4.25;928;3.4;0
1302;2025.07.09 13:30;10.25;4.62;4.56;929;3.5;0
1303;2025.07.09 13:45;10.25;9.75;11.25;936;3.7;0
1304;2025.07.09 14:00;10.31;12.19;14.56;941;3.8;0
1305;2025.07.09 14:15;10.5;16;17.62;947;4.0;0
1306;2025.07.09 14:30;10.75;17.62;18.25;950;4.1;0
1307;2025.07.09 14:45;11.12;23.5;21.75;963;4.5;0
1308;2025.07.09 15:00;11.75;26.25;24;970;4.7;0
1309;2025.07.09 15:15;12.5;28.94;26.12;974;4.8;0
1310;2025.07.09 15:30;13.38;31.88;28.88;978;4.9;0
1311;2025.07.09 15:45;14.31;35.25;31.25;983;5.1;0
1312;2025.07.09 16:00;15.38;36.88;32.56;986;5.2;0
1313;2025.07.09 16:15;16.38;38.88;34;990;5.3;0
1314;2025.07.09 16:30;17.5;40.25;35;992;5.4;0
1315;2025.07.09 16:45;18.62;41.12;35.38;993;5.4;0
1316;2025.07.09 17:00;19.69;42.69;36.81;995;5.4;0
1317;2025.07.09 17:15;20.62;37;31.62;978;4.9;0
1318;2025.07.09 17:30;21.25;41.12;36.12;988;5.2;0
1319;2025.07.09 17:45;22.12;43.25;37.5;992;5.4;0
1320;2025.07.09 18:00;22.94;41.38;36;986;5.2;0
1321;2025.07.09 18:15;23.62;42.5;36.94;989;5.3;0
1322;2025.07.09 18:30;24.38;43.5;37.25;990;5.3;0
1323;2025.07.09 18:45;25.12;43.5;36.88;990;5.3;0
1324;2025.07.09 19:00;25.88;43.38;37.38;988;5.2;0
1325;2025.07.09 19:15;26.5;44.25;37.75;989;5.3;0
1326;2025.07.09 19:30;27.19;45.38;38.75;991;5.3;0
1327;2025.07.09 19:45;27.88;46;38.62;990;5.3;0
1328;2025.07.09 20:00;28.5;44.12;35.88;981;5.0;0
1329;2025.07.09 20:15;28.75;39.38;32.81;966;4.6;0
1330;2025.07.09 20:30;28.69;42.38;35.94;975;4.9;0
1331;2025.07.09 20:45;28.94;42.44;35.12;974;4.8;0
1332;2025.07.09 21:00;29.25;43.56;34.88;976;4.9;0
1333;2025.07.09 21:15;29.62;43.94;35.25;975;4.9;0
1334;2025.07.09 21:30;29.75;39.12;32.38;958;4.3;0
1335;2025.07.09 21:45;29.44;38.75;32.88;957;4.3;0
1336;2025.07.09 22:00;29.12;36.94;32.19;948;4.0;0
1337;2025.07.09 22:15;28.5;34.44;30.75;941;3.8;0
1338;2025.07.09 22:30;28.06;35.88;31;946;4.0;0
1339;2025.07.09 22:45;27.69;33.88;30.38;939;3.8;0
1340;2025.07.09 23:00;27.31;35;31;946;4.0;0
1341;2025.07.09 23:15;27;34.19;29.19;939;3.8;0
1342;2025.07.09 23:30;26.56;29.94;28.06;929;3.5;0
1343;2025.07.09 23:45;26;26.38;26.25;924;3.3;0
1344;2025.07.10 00:00;25.38;24.38;24.5;921;3.2;0
1345;2025.07.10 00:15;24.75;23;23.56;919;3.2;0
1346;2025.07.10 00:30;24.19;21.94;22.62;918;3.1;0
1347;2025.07.10 00:45;23.62;20.94;21.56;917;3.1;0
1348;2025.07.10 01:00;23.12;20.12;20.75;916;3.1;0
1349;2025.07.10 01:15;22.62;19.12;19.62;915;3.0;0
1350;2025.07.10 01:30;22.12;18.5;19.12;914;3.0;0
1351;2025.07.10 01:45;21.75;17.75;18.25;914;3.0;0
1352;2025.07.10 02:00;21.38;16.88;17.06;913;3.0;0
1353;2025.07.10 02:15;20.94;16.38;16.88;912;2.9;0
1354;2025.07.10 02:30;20.56;15.38;15.5;911;2.9;0
1355;2025.07.10 02:45;20.19;14.5;14.56;910;2.9;0
1356;2025.07.10 03:00;19.81;13.88;14;909;2.9;0
1357;2025.07.10 03:15;19.44;12.94;13;907;2.8;0
1358;2025.07.10 03:30;19.12;12.06;12;906;2.8;0
1359;2025.07.10 03:45;18.75;11.38;11.31;905;2.7;0
1360;2025.07.10 04:00;18.38;10.88;10.75;904;2.7;0
1361;2025.07.10 04:15;18;10.38;10.25;904;2.7;0
1362;2025.07.10 04:30;17.75;10;10;903;2.7;0
1363;2025.07.10 04:45;17.38;9.5;9.25;903;2.7;0
1364;2025.07.10 05:00;17.12;9;8.75;902;2.6;0
1365;2025.07.10 05:15;16.88;8.56;8.38;901;2.6;0
1366;2025.07.10 05:30;16.5;8.12;7.88;900;2.6;0
1367;2025.07.10 05:45;16.25;7.75;7.38;900;2.6;0
1368;2025.07.10 06:00;16;7.5;7.25;900;2.6;0
1369;2025.07.10 06:15;15.75;7.25;7;899;2.6;0
1370;2025.07.10 06:30;15.5;7.25;7.12;899;2.6;0
1371;2025.07.10 06:45;15.25;7.88;7.62;901;2.6;0
1372;2025.07.10 07:00;15.12;8.5;8.25;902;2.6;0
1373;2025.07.10 07:15;14.94;7.88;7.5;899;2.6;0
1374;2025.07.10 07:30;14.75;7.62;7.31;892;2.3;0
1375;2025.07.10 07:45;14.62;7.5;7.19;887;2.2;0
1376;2025.07.10 08:00;14.44;7.38;6.88;884;2.1;0
1377;2025.07.10 08:15;14.31;7.81;7.38;884;2.1;0
1378;2025.07.10 08:30;14.19;8.69;8.38;884;2.1;0
1379;2025.07.10 08:45;14.12;8.88;8.69;884;2.1;0
1380;2025.07.10 09:00;14;8.06;7.81;881;2.0;0
1381;2025.07.10 09:15;13.88;6.94;6.44;878;1.9;0
1382;2025.07.10 09:30;13.69;6.25;5.88;876;1.8;0
1383;2025.07.10 09:45;13.5;6.56;6.38;876;1.8;0
1384;2025.07.10 10:00;13.38;7.5;7.25;878;1.9;0
1385;2025.07.10 10:15;13.31;8.06;7.81;878;1.9;0
1386;2025.07.10 10:30;13.25;8.12;7.75;878;1.9;0
1387;2025.07.10 10:45;13.19;8.38;8;878;1.9;0
1388;2025.07.10 11:00;13.12;8.5;8;878;1.9;0
1389;2025.07.10 11:15;13.06;8.5;8.12;877;1.9;0
1390;2025.07.10 11:30;13;8.5;8.12;877;1.9;0
1391;2025.07.10 11:45;13;8.38;8.12;876;1.8;0
1392;2025.07.10 12:00;12.88;8.44;8.31;876;1.8;0
1393;2025.07.10 12:15;12.88;9.25;9.25;877;1.9;0
1394;2025.07.10 12:30;12.81;9.75;10;877;1.9;0
1395;2025.07.10 12:45;12.75;9.62;9.69;876;1.8;0
1396;2025.07.10 13:00;12.75;9.38;9.25;875;1.8;0
1397;2025.07.10 13:15;12.75;9.62;9.62;875;1.8;0
1398;2025.07.10 13:30;12.69;9.44;9.38;874;1.8;0
1399;2025.07.10 13:45;12.62;12.88;13.88;880;2.0;0
1400;2025.07.10 14:00;12.75;15.44;17.5;885;2.1;0
1401;2025.07.10 14:15;12.88;18.88;20.25;890;2.3;0
1402;2025.07.10 14:30;13.06;20.12;20.75;893;2.4;0
1403;2025.07.10 14:45;13.38;25.38;24;905;2.7;0
1404;2025.07.10 15:00;13.88;27.5;25.44;912;2.9;0
1405;2025.07.10 15:15;14.44;29.62;26.88;915;3.0;0
1406;2025.07.10 15:30;15.12;31.81;28.5;919;3.2;0
1407;2025.07.10 15:45;15.94;34.12;29.25;923;3.3;0
1408;2025.07.10 16:00;16.75;35.25;29.81;926;3.4;0
1409;2025.07.10 16:15;17.62;36.62;30.75;930;3.5;0
1410;2025.07.10 16:30;18.5;37.31;30.88;931;3.5;0
1411;2025.07.10 16:45;19.44;38.25;31.5;933;3.6;0
1412;2025.07.10 17:00;20.38;38.94;31.88;935;3.6;0
1413;2025.07.10 17:15;21.25;39.44;32.38;936;3.7;0
1414;2025.07.10 17:30;22;39.81;32.62;936;3.7;0
1415;2025.07.10 17:45;22.81;40.62;33.75;938;3.7;0
1416;2025.07.10 18:00;23.56;41.25;33.75;940;3.8;0
1417;2025.07.10 18:15;24.25;39.94;32.69;936;3.7;0
1418;2025.07.10 18:30;24.81;40.62;34.38;938;3.7;0
1419;2025.07.10 18:45;25.44;41.25;34.5;940;3.8;0
1420;2025.07.10 19:00;26;41.94;35.25;942;3.9;0
1421;2025.07.10 19:15;26.62;41.81;34.5;943;3.9;0
1422;2025.07.10 19:30;27.25;42.5;34.88;946;4.0;0
1423;2025.07.10 19:45;27.75;42.56;34.44;946;4.0;0
1424;2025.07.10 20:00;28.25;43.06;35.12;949;4.1;0
1425;2025.07.10 20:15;28.75;43.62;35;951;4.1;0
1426;2025.07.10 20:30;29.25;43.38;34;951;4.1;0
1427;2025.07.10 20:45;29.62;42.62;33.25;950;4.1;0
1428;2025.07.10 21:00;29.94;43.12;33.56;951;4.1;0
1429;2025.07.10 21:15;30.19;43.12;33.75;951;4.1;0
1430;2025.07.10 21:30;30.19;38.5;30.25;936;3.7;0
1431;2025.07.10 21:45;29.88;37;29.5;931;3.5;0
1432;2025.07.10 22:00;29.44;35.31;29.69;922;3.3;0
1433;2025.07.10 22:15;28.81;32.62;28.31;914;3.0;0
1434;2025.07.10 22:30;28.31;34;28.25;920;3.2;0
1435;2025.07.10 22:45;27.88;32.19;27.5;912;2.9;0
1436;2025.07.10 23:00;27.5;32.88;27.25;918;3.1;0
1437;2025.07.10 23:15;27.19;32.12;26.12;910;2.9;0
1438;2025.07.10 23:30;26.69;27.44;24.62;899;2.6;0
1439;2025.07.10 23:45;26.12;23.94;22.62;892;2.3;0
1440;2025.07.11 00:00;25.5;22.12;21.25;889;2.2;0
1441;2025.07.11 00:15;24.88;21;20.69;887;2.2;0
1442;2025.07.11 00:30;24.25;20.25;20.12;886;2.2;0
1443;2025.07.11 00:45;23.75;19.31;19;885;2.1;0
1444;2025.07.11 01:00;23.25;18.75;18.81;884;2.1;0
1445;2025.07.11 01:15;22.75;18.12;18.12;884;2.1;0
1446;2025.07.11 01:30;22.25;17.25;17.12;882;2.0;0
1447;2025.07.11 01:45;21.88;16.62;16.5;881;2.0;0
1448;2025.07.11 02:00;21.44;16;15.94;880;2.0;0
1449;2025.07.11 02:15;21.12;15.25;15.19;879;1.9;0
1450;2025.07.11 02:30;20.69;14.38;14.31;878;1.9;0
1451;2025.07.11 02:45;20.31;13.62;13.5;876;1.8;0
1452;2025.07.11 03:00;19.88;12.38;12;874;1.8;0
1453;2025.07.11 03:15;19.56;11.81;11.56;873;1.8;0
1454;2025.07.11 03:30;19.19;11;10.75;871;1.7;0
1455;2025.07.11 03:45;18.81;10.38;9.94;870;1.7;0
1456;2025.07.11 04:00;18.44;9.62;9.19;869;1.6;0
1457;2025.07.11 04:15;18.12;9.06;8.62;868;1.6;0
1458;2025.07.11 04:30;17.75;8.5;7.94;867;1.6;0
1459;2025.07.11 04:45;17.5;8.06;7.5;866;1.5;0
1460;2025.07.11 05:00;17.12;7.69;7.19;865;1.5;0
1461;2025.07.11 05:15;16.88;7.38;6.88;864;1.5;0
1462;2025.07.11 05:30;16.62;7;6.5;863;1.4;0
1463;2025.07.11 05:45;16.31;6.75;6.19;862;1.4;0
1464;2025.07.11 06:00;16;6.38;5.88;862;1.4;0
1465;2025.07.11 06:15;15.81;6;5.31;861;1.4;0
1466;2025.07.11 06:30;15.5;5.75;5.25;860;1.4;0
1467;2025.07.11 06:45;15.31;5.5;5;860;1.4;0
1468;2025.07.11 07:00;15.06;5.12;4.5;859;1.3;0
1469;2025.07.11 07:15;14.88;4.88;4.25;858;1.3;0
1470;2025.07.11 07:30;14.62;4.62;4;857;1.3;0
1471;2025.07.11 07:45;14.38;4.5;4;857;1.3;0
1472;2025.07.11 08:00;14.19;4.25;3.62;856;1.2;0
1473;2025.07.11 08:15;14;4.06;3.5;856;1.2;0
1474;2025.07.11 08:30;13.75;3.75;3.12;855;1.2;0
1475;2025.07.11 08:45;13.56;3.69;3.12;854;1.2;0
1476;2025.07.11 09:00;13.38;3.38;2.75;854;1.2;0
1477;2025.07.11 09:15;13.19;3.31;2.81;853;1.1;0
1478;2025.07.11 09:30;13;3;2.31;852;1.1;0
1479;2025.07.11 09:45;12.88;2.88;2.25;852;1.1;0
1480;2025.07.11 10:00;12.62;2.69;2.12;851;1.1;0
1481;2025.07.11 10:15;12.5;2.62;2.06;851;1.1;0
1482;2025.07.11 10:30;12.38;2.5;1.88;850;1.0;0
1483;2025.07.11 10:45;12.12;2.38;1.75;850;1.0;0
1484;2025.07.11 11:00;12;2.12;1.56;849;1.0;0
1485;2025.07.11 11:15;11.88;2;1.38;848;1.0;0
1486;2025.07.11 11:30;11.75;1.94;1.38;848;1.0;0
1487;2025.07.11 11:45;11.56;1.75;1.19;847;0.9;0
1488;2025.07.11 12:00;11.38;1.81;1.25;847;0.9;0
1489;2025.07.11 12:15;11.25;1.94;1.25;847;0.9;0
1490;2025.07.11 12:30;11.19;2.12;1.5;847;0.9;0
1491;2025.07.11 12:45;11;2.44;1.88;848;1.0;0
1492;2025.07.11 13:00;11;2.75;2.12;848;1.0;0
1493;2025.07.11 13:15;10.88;3.06;2.5;848;1.0;0
1494;2025.07.11 13:30;10.88;3.38;2.88;849;1.0;0
1495;2025.07.11 13:45;10.81;7.62;8.25;855;1.2;0
1496;2025.07.11 14:00;10.88;10.5;12.12;862;1.4;0
1497;2025.07.11 14:15;11;14.25;15.12;867;1.6;0
1498;2025.07.11 14:30;11.25;16.38;16.38;872;1.7;0
1499;2025.07.11 14:45;11.56;22;19.69;885;2.1;0
1500;2025.07.11 15:00;12.12;24.56;21.62;892;2.3;0
1501;2025.07.11 15:15;12.75;27;23.62;897;2.5;0
1502;2025.07.11 15:30;13.5;29.88;26.12;902;2.6;0
1503;2025.07.11 15:45;14.38;33;28.25;908;2.8;0
1504;2025.07.11 16:00;15.25;34.25;29.19;911;2.9;0
1505;2025.07.11 16:15;16.25;36;30.38;915;3.0;0
1506;2025.07.11 16:30;17.25;38;31.5;919;3.2;0
1507;2025.07.11 16:45;18.25;39.19;32.25;921;3.2;0
1508;2025.07.11 17:00;19.25;39.69;33.25;922;3.3;0
1509;2025.07.11 17:15;20.19;40.12;33.38;922;3.3;0
1510;2025.07.11 17:30;21.12;41.88;34.25;927;3.4;0
1511;2025.07.11 17:45;22.12;43.75;35.25;931;3.5;0
1512;2025.07.11 18:00;23;40.25;32.5;920;3.2;0
1513;2025.07.11 18:15;23.38;32;26.06;897;2.5;0
1514;2025.07.11 18:30;23.25;34.75;30.62;904;2.7;0
1515;2025.07.11 18:45;23.62;40.12;35;920;3.2;0
1516;2025.07.11 19:00;24.38;40.12;33.44;920;3.2;0
1517;2025.07.11 19:15;25;42.5;35.75;929;3.5;0
1518;2025.07.11 19:30;25.75;43.88;36.88;933;3.6;0
1519;2025.07.11 19:45;26.56;43.25;34.62;933;3.6;0
1520;2025.07.11 20:00;27.25;43.12;34.81;934;3.6;0
1521;2025.07.11 20:15;27.75;42.88;34.88;934;3.6;0
1522;2025.07.11 20:30;28.31;43.75;34.75;937;3.7;0
1523;2025.07.11 20:45;28.75;43.69;34.12;938;3.7;0
1524;2025.07.11 21:00;29.19;43.38;33.88;937;3.7;0
1525;2025.07.11 21:15;29.5;44.25;33.62;939;3.8;0
1526;2025.07.11 21:30;29.62;40.5;31.62;925;3.3;0
1527;2025.07.11 21:45;29.38;38.38;30.62;919;3.2;0
1528;2025.07.11 22:00;29;35.12;28.88;907;2.8;0
1529;2025.07.11 22:15;28.38;33.44;29.31;901;2.6;0
1530;2025.07.11 22:30;28;36.38;30.31;911;2.9;0
1531;2025.07.11 22:45;27.69;34.44;29;902;2.6;0
1532;2025.07.11 23:00;27.38;34.38;28;906;2.8;0
1533;2025.07.11 23:15;27.12;33.88;27.25;898;2.5;0
1534;2025.07.11 23:30;26.62;29.19;26;886;2.2;0
1535;2025.07.11 23:45;26;25.19;24;877;1.9;0
1536;2025.07.12 00:00;25.38;22.81;22;873;1.8;0
1537;2025.07.12 00:15;24.75;21.38;21.12;870;1.7;0
1538;2025.07.12 00:30;24.19;20.38;20.62;868;1.6;0
1539;2025.07.12 00:45;23.62;19.62;19.56;867;1.6;0
1540;2025.07.12 01:00;23.12;19.06;19;866;1.5;0
1541;2025.07.12 01:15;22.62;18.62;18.62;865;1.5;0
1542;2025.07.12 01:30;22.25;17.81;17.5;864;1.5;0
1543;2025.07.12 01:45;21.81;17.25;17.06;863;1.4;0
1544;2025.07.12 02:00;21.44;17.25;17.38;863;1.4;0
1545;2025.07.12 02:15;21.06;16.94;16.88;863;1.4;0
1546;2025.07.12 02:30;20.75;16.25;16.25;861;1.4;0
1547;2025.07.12 02:45;20.44;15.06;14.88;859;1.3;0
1548;2025.07.12 03:00;20.12;14.38;14.38;857;1.3;0
1549;2025.07.12 03:15;19.75;13.56;13.5;855;1.2;0
1550;2025.07.12 03:30;19.38;12.5;12.12;853;1.1;0
1551;2025.07.12 03:45;19.12;11.75;11.5;851;1.1;0
1552;2025.07.12 04:00;18.75;11.25;10.88;850;1.0;0
1553;2025.07.12 04:15;18.44;10.75;10.44;849;1.0;0
1554;2025.07.12 04:30;18.12;10.12;9.75;848;1.0;0
1555;2025.07.12 04:45;17.88;9.62;9.19;846;0.9;0
1556;2025.07.12 05:00;17.5;9.12;8.69;845;0.9;0
1557;2025.07.12 05:15;17.25;8.75;8.31;844;0.9;0
1558;2025.07.12 05:30;17;8.5;8.06;844;0.9;0
1559;2025.07.12 05:45;16.69;8.38;8;843;0.8;0
1560;2025.07.12 06:00;16.5;8.19;7.75;843;0.8;0
1561;2025.07.12 06:15;16.25;7.81;7.31;842;0.8;0
1562;2025.07.12 06:30;16;7.44;6.94;841;0.8;0
1563;2025.07.12 06:45;15.81;7.12;6.56;840;0.7;0
1564;2025.07.12 07:00;15.56;6.75;6.25;839;0.7;0
1565;2025.07.12 07:15;15.38;6.44;5.88;838;0.7;0
1566;2025.07.12 07:30;15.12;6.12;5.56;837;0.6;0
1567;2025.07.12 07:45;14.94;5.94;5.44;836;0.6;0
1568;2025.07.12 08:00;14.75;5.69;5.12;836;0.6;0
1569;2025.07.12 08:15;14.5;5.38;4.81;835;0.6;0
1570;2025.07.12 08:30;14.38;5.19;4.75;834;0.5;0
1571;2025.07.12 08:45;14.12;5.06;4.62;833;0.5;0
1572;2025.07.12 09:00;13.94;4.88;4.38;833;0.5;0
1573;2025.07.12 09:15;13.81;4.69;4.19;832;0.5;0
1574;2025.07.12 09:30;13.62;4.56;4.12;831;0.4;0
1575;2025.07.12 09:45;13.38;4.44;4;831;0.4;0
1576;2025.07.12 10:00;13.25;4.38;3.88;830;0.4;0
1577;2025.07.12 10:15;13.12;4.12;3.69;829;0.4;0
1578;2025.07.12 10:30;13;4;3.5;829;0.4;0
1579;2025.07.12 10:45;12.81;3.88;3.38;828;0.4;0
1580;2025.07.12 11:00;12.69;3.75;3.25;827;0.3;0
1581;2025.07.12 11:15;12.5;3.62;3.12;827;0.3;0
1582;2025.07.12 11:30;12.38;3.62;3.19;826;0.3;0
1583;2025.07.12 11:45;12.25;3.5;3.06;826;0.3;0
1584;2025.07.12 12:00;12.12;3.62;3.25;825;0.3;0
1585;2025.07.12 12:15;12;3.62;3.25;825;0.3;0
1586;2025.07.12 12:30;11.88;3.88;3.5;825;0.3;0
1587;2025.07.12 12:45;11.81;4.06;3.56;825;0.3;0
1588;2025.07.12 13:00;11.75;4.31;3.88;825;0.3;0
1589;2025.07.12 13:15;11.62;4.62;4.25;826;0.3;0
1590;2025.07.12 13:30;11.62;5;4.5;826;0.3;0
1591;2025.07.12 13:45;11.56;9;9.62;833;0.5;0
1592;2025.07.12 14:00;11.62;11.75;13.5;839;0.7;0
1593;2025.07.12 14:15;11.75;15.62;16.31;845;0.9;0
1594;2025.07.12 14:30;12;17.5;17.5;850;1.0;0
1595;2025.07.12 14:45;12.31;23;21;863;1.4;0
1596;2025.07.12 15:00;12.81;25.44;22.75;871;1.7;0
1597;2025.07.12 15:15;13.44;27.88;24.88;876;1.8;0
1598;2025.07.12 15:30;14.19;30.38;26.88;881;2.0;0
1599;2025.07.12 15:45;15;33.5;28.62;888;2.2;0
1600;2025.07.12 16:00;15.88;34.5;29.62;891;2.3;0
1601;2025.07.12 16:15;16.75;35.56;30.12;893;2.4;0
1602;2025.07.12 16:30;17.62;35.56;30.12;893;2.4;0
1603;2025.07.12 16:45;18.56;38;32.06;899;2.6;0
1604;2025.07.12 17:00;19.38;37;31.25;896;2.5;0
1605;2025.07.12 17:15;20.12;37.75;31.69;898;2.5;0
1606;2025.07.12 17:30;20.94;39.5;33.25;903;2.7;0
1607;2025.07.12 17:45;21.81;40.12;32.62;905;2.7;0
1608;2025.07.12 18:00;22.56;40.94;33.75;909;2.9;0
1609;2025.07.12 18:15;23.25;40.69;33.88;908;2.8;0
1610;2025.07.12 18:30;23.88;42.25;35.25;913;3.0;0
1611;2025.07.12 18:45;24.62;42.12;35;914;3.0;0
1612;2025.07.12 19:00;25.25;42;34.69;913;3.0;0
1613;2025.07.12 19:15;25.88;42;35.25;915;3.0;0
1614;2025.07.12 19:30;26.38;37.19;30.19;900;2.6;0
1615;2025.07.12 19:45;26.62;41.88;35;916;3.1;0
1616;2025.07.12 20:00;27.12;42.31;34.5;918;3.1;0
1617;2025.07.12 20:15;27.75;43.81;35.38;924;3.3;0
1618;2025.07.12 20:30;28.25;43.94;34.88;925;3.3;0
1619;2025.07.12 20:45;28.62;39.88;31.62;912;2.9;0
1620;2025.07.12 21:00;28.88;43.69;34.44;924;3.3;0
1621;2025.07.12 21:15;29.25;44.19;33.88;925;3.3;0
1622;2025.07.12 21:30;29.38;40.38;31.81;910;2.9;0
1623;2025.07.12 21:45;29.25;39.5;32.25;908;2.8;0
1624;2025.07.12 22:00;29;38.31;32;902;2.6;0
1625;2025.07.12 22:15;28.62;33.5;28.5;888;2.2;0
1626;2025.07.12 22:30;28.12;36;30.62;896;2.5;0
1627;2025.07.12 22:45;27.75;34.19;29.75;887;2.2;0
1628;2025.07.12 23:00;27.38;33.75;28.5;888;2.2;0
1629;2025.07.12 23:15;27.06;32.62;27.94;880;2.0;0
1630;2025.07.12 23:30;26.56;28.19;25.88;869;1.6;0
1631;2025.07.12 23:45;26;25.75;25.62;864;1.5;0
1632;2025.07.13 00:00;25.38;23.88;23.12;860;1.4;0
1633;2025.07.13 00:15;24.88;23.12;22.75;859;1.3;0
1634;2025.07.13 00:30;24.38;22.62;22.62;858;1.3;0
1635;2025.07.13 00:45;23.88;21.75;21.38;856;1.2;0
1636;2025.07.13 01:00;23.44;21.12;20.75;854;1.2;0
1637;2025.07.13 01:15;23;20.56;20.25;853;1.1;0
1638;2025.07.13 01:30;22.62;20.5;20.12;854;1.2;0
1639;2025.07.13 01:45;22.38;20.12;19.75;853;1.1;0
1640;2025.07.13 02:00;22;19.06;18.69;850;1.0;0
1641;2025.07.13 02:15;21.69;17.75;17.38;847;0.9;0
1642;2025.07.13 02:30;21.31;16.75;16.62;845;0.9;0
1643;2025.07.13 02:45;21;15.62;15.44;842;0.8;0
1644;2025.07.13 03:00;20.62;14.25;13.88;839;0.7;0
1645;2025.07.13 03:15;20.25;13.31;13;836;0.6;0
1646;2025.07.13 03:30;19.88;12.5;12.19;835;0.6;0
1647;2025.07.13 03:45;19.5;11.88;11.56;833;0.5;0
1648;2025.07.13 04:00;19.12;11.25;11;832;0.5;0
1649;2025.07.13 04:15;18.75;10.69;10.38;830;0.4;0
1650;2025.07.13 04:30;18.44;10.19;9.81;829;0.4;0
1651;2025.07.13 04:45;18.12;9.75;9.38;828;0.4;0
1652;2025.07.13 05:00;17.88;9.25;8.88;826;0.3;0
1653;2025.07.13 05:15;17.5;9;8.56;825;0.3;0
1654;2025.07.13 05:30;17.25;8.56;8.12;824;0.2;0
1655;2025.07.13 05:45;17;8.25;7.81;824;0.2;0
1656;2025.07.13 06:00;16.75;8;7.62;823;0.2;0
1657;2025.07.13 06:15;16.5;7.75;7.31;822;0.2;0
1658;2025.07.13 06:30;16.25;7.5;7.06;821;0.1;0
1659;2025.07.13 06:45;16;7.38;7.12;820;0.1;0
1660;2025.07.13 07:00;15.75;7;6.62;819;0.1;0
1661;2025.07.13 07:15;15.5;6.75;6.38;818;0.0;0
1662;2025.07.13 07:30;15.38;6.5;6.06;817;0.0;0
1663;2025.07.13 07:45;15.12;6.38;5.94;816;0.0;0
1664;2025.07.13 08:00;14.94;6;5.5;815;0.0;0
1665;2025.07.13 08:15;14.75;6;5.75;815;0.0;0
1666;2025.07.13 08:30;14.56;5.94;5.62;814;0.0;0
1667;2025.07.13 08:45;14.38;5.56;5.06;813;0.0;0
1668;2025.07.13 09:00;14.19;5.38;4.94;812;0.0;0
1669;2025.07.13 09:15;14;5.06;4.62;811;0.0;0
1670;2025.07.13 09:30;13.81;5;4.62;810;0.0;0
1671;2025.07.13 09:45;13.69;4.81;4.38;810;0.0;0
1672;2025.07.13 10:00;13.5;4.62;4.25;809;0.0;0
1673;2025.07.13 10:15;13.38;4.5;4.12;808;0.0;0
1674;2025.07.13 10:30;13.19;4.38;4;807;0.0;0
1675;2025.07.13 10:45;13.06;4.25;3.88;806;0.0;0
1676;2025.07.13 11:00;12.88;4.12;3.75;806;0.0;0
1677;2025.07.13 11:15;12.75;4;3.56;805;0.0;0
1678;2025.07.13 11:30;12.62;3.88;3.5;804;0.0;0
1679;2025.07.13 11:45;12.5;3.81;3.44;805;0.0;0
1680;2025.07.13 12:00;12.38;3.88;3.62;806;0.0;0
1681;2025.07.13 12:15;12.25;4;3.62;804;0.0;0
1682;2025.07.13 12:30;12.12;4.12;3.75;809;0.0;0
1683;2025.07.13 12:45;12;4.25;3.88;803;0.0;0
1684;2025.07.13 13:00;11.94;4.5;4;803;0.0;0
1685;2025.07.13 13:15;11.88;4.75;4.44;803;0.0;0
1686;2025.07.13 13:30;11.81;5;4.62;803;0.0;0
1687;2025.07.13 13:45;11.75;8.75;9.5;809;0.0;0
1688;2025.07.13 14:00;11.81;12.12;14.25;816;0.0;0
1689;2025.07.13 14:15;11.94;15.88;17.06;823;0.2;0
1690;2025.07.13 14:30;12.19;18.25;18.5;828;0.4;0
1691;2025.07.13 14:45;12.5;23.75;21.75;842;0.8;0
1692;2025.07.13 15:00;13;26.12;23.62;850;1.0;0
1693;2025.07.13 15:15;13.69;28.38;25.5;855;1.2;0
1694;2025.07.13 15:30;14.44;30.75;27.31;861;1.4;0
1695;2025.07.13 15:45;15.25;33.88;29.38;868;1.6;0
1696;2025.07.13 16:00;16.12;34.75;30.88;872;1.7;0
1697;2025.07.13 16:15;17;37.75;32.88;881;2.0;0
1698;2025.07.13 16:30;18;39.62;33.62;887;2.2;0
1699;2025.07.13 16:45;19.06;40.44;34.25;890;2.3;0
1700;2025.07.13 17:00;20.06;42;36.12;895;2.4;0
1701;2025.07.13 17:15;21.06;42.88;36.38;899;2.6;0
1702;2025.07.13 17:30;22;43.38;36.75;901;2.6;0
1703;2025.07.13 17:45;22.88;43.88;37;903;2.7;0
1704;2025.07.13 18:00;23.62;43.5;36.94;903;2.7;0
1705;2025.07.13 18:15;24.38;43.56;36.81;905;2.7;0
1706;2025.07.13 18:30;25.06;44.12;37.56;906;2.8;0
1707;2025.07.13 18:45;25.69;44.25;37.25;908;2.8;0
1708;2025.07.13 19:00;26.31;43.94;37.38;908;2.8;0
1709;2025.07.13 19:15;26.88;45.12;38;912;2.9;0
1710;2025.07.13 19:30;27.5;45.38;38.38;914;3.0;0
1711;2025.07.13 19:45;28.12;45.25;37.25;915;3.0;0
1712;2025.07.13 20:00;28.62;45;37.19;915;3.0;0
1713;2025.07.13 20:15;29.12;45.56;37.25;917;3.1;0
1714;2025.07.13 20:30;29.56;45.31;36.62;919;3.2;0
1715;2025.07.13 20:45;30;45.38;36.44;918;3.1;0
1716;2025.07.13 21:00;30.31;45.12;35.88;919;3.2;0
1717;2025.07.13 21:15;30.62;45.06;35.38;917;3.1;0
1718;2025.07.13 21:30;30.62;41.38;33.62;903;2.7;0
1719;2025.07.13 21:45;30.38;39.81;33;898;2.5;0
1720;2025.07.13 22:00;30;37.62;32.19;888;2.2;0
1721;2025.07.13 22:15;29.38;34.06;31;876;1.8;0
1722;2025.07.13 22:30;28.81;36.62;31.88;885;2.1;0
1723;2025.07.13 22:45;28.38;34.94;31.25;875;1.8;0
1724;2025.07.13 23:00;28.06;35.31;30.88;881;2.0;0
1725;2025.07.13 23:15;27.75;34.81;29.75;873;1.8;0
1726;2025.07.13 23:30;27.25;30.06;27.88;860;1.4;0
1727;2025.07.13 23:45;26.69;27.06;27;853;1.1;0
1728;2025.07.14 00:00;26.06;24.88;24.62;848;1.0;0
1729;2025.07.14 00:15;25.44;23.5;23.75;844;0.9;0
1730;2025.07.14 00:30;24.88;22.38;22.88;841;0.8;0
1731;2025.07.14 00:45;24.31;21.38;21.75;839;0.7;0
1732;2025.07.14 01:00;23.81;20.62;21;837;0.6;0
1733;2025.07.14 01:15;23.31;20.06;20.56;835;0.6;0
1734;2025.07.14 01:30;22.88;19.38;19.88;834;0.5;0
1735;2025.07.14 01:45;22.5;18.25;18.44;831;0.4;0
1736;2025.07.14 02:00;22;17.5;17.75;829;0.4;0
1737;2025.07.14 02:15;21.62;16.75;16.88;827;0.3;0
1738;2025.07.14 02:30;21.25;15.88;15.94;825;0.3;0
1739;2025.07.14 02:45;20.88;14.88;14.88;822;0.2;0
1740;2025.07.14 03:00;20.5;13.88;13.81;819;0.1;0
1741;2025.07.14 03:15;20.12;13.19;13;818;0.0;0
1742;2025.07.14 03:30;19.75;12.44;12.19;815;0.0;0
1743;2025.07.14 03:45;19.44;11.94;11.75;814;0.0;0
1744;2025.07.14 04:00;19.12;11.38;11.19;812;0.0;0
1745;2025.07.14 04:15;18.75;11;10.75;811;0.0;0
1746;2025.07.14 04:30;18.5;10.62;10.44;809;0.0;0
1747;2025.07.14 04:45;18.12;10.25;10;808;0.0;0
1748;2025.07.14 05:00;17.88;9.75;9.5;806;0.0;0
1749;2025.07.14 05:15;17.62;9.38;9.12;805;0.0;0
1750;2025.07.14 05:30;17.38;9;8.62;803;0.0;0
1751;2025.07.14 05:45;17.12;8.5;8.12;802;0.0;0
1752;2025.07.14 06:00;16.81;8.12;7.69;800;0.0;0
1753;2025.07.14 06:15;16.56;7.69;7.25;799;0.0;0
1754;2025.07.14 06:30;16.31;7.44;7.12;798;0.0;0
1755;2025.07.14 06:45;16.12;7;6.62;797;0.0;0
1756;2025.07.14 07:00;15.88;6.81;6.38;796;0.0;0
1757;2025.07.14 07:15;15.62;6.75;6.5;795;0.0;0
1758;2025.07.14 07:30;15.38;6.62;6.44;794;0.0;0
1759;2025.07.14 07:45;15.19;6.38;6.06;793;0.0;0
1760;2025.07.14 08:00;15;6.25;6;792;0.0;0
1761;2025.07.14 08:15;14.75;6;5.75;791;0.0;0
1762;2025.07.14 08:30;14.62;5.62;5.25;790;0.0;0
1763;2025.07.14 08:45;14.38;5.5;5.19;789;0.0;0
1764;2025.07.14 09:00;14.25;5.25;4.88;788;0.0;0
1765;2025.07.14 09:15;14.12;5;4.62;787;0.0;0
1766;2025.07.14 09:30;13.88;4.88;4.62;786;0.0;0
1767;2025.07.14 09:45;13.75;4.75;4.5;785;0.0;0
1768;2025.07.14 10:00;13.62;4.5;4.19;784;0.0;0
1769;2025.07.14 10:15;13.44;4.38;4.06;783;0.0;0
1770;2025.07.14 10:30;13.25;4.25;3.88;782;0.0;0
1771;2025.07.14 10:45;13.12;4.06;3.69;782;0.0;0
1772;2025.07.14 11:00;13;3.88;3.38;781;0.0;0
1773;2025.07.14 11:15;12.81;3.75;3.38;780;0.0;0
1774;2025.07.14 11:30;12.62;3.75;3.62;779;0.0;0
1775;2025.07.14 11:45;12.5;3.75;3.5;779;0.0;0
1776;2025.07.14 12:00;12.44;3.75;3.38;778;0.0;0
1777;2025.07.14 12:15;12.25;3.75;3.44;778;0.0;0
1778;2025.07.14 12:30;12.19;4;3.69;778;0.0;0
1779;2025.07.14 12:45;12.06;4.31;4;779;0.0;0
1780;2025.07.14 13:00;12;4.62;4.38;779;0.0;0
1781;2025.07.14 13:15;12;5.12;5;780;0.0;0
1782;2025.07.14 13:30;11.94;5.38;5.12;780;0.0;0
1783;2025.07.14 13:45;11.88;8.75;9.38;786;0.0;0
1784;2025.07.14 14:00;11.94;12;14;793;0.0;0
1785;2025.07.14 14:15;12.06;15.88;17.31;800;0.0;0
1786;2025.07.14 14:30;12.31;18.56;18.88;807;0.0;0
1787;2025.07.14 14:45;12.62;23.88;22.38;821;0.1;0
1788;2025.07.14 15:00;13.19;26.25;23.88;830;0.4;0
1789;2025.07.14 15:15;13.88;28.62;25.69;836;0.6;0
1790;2025.07.14 15:30;14.62;31.62;28.56;844;0.9;0
1791;2025.07.14 15:45;15.5;34.5;30.56;852;1.1;0
1792;2025.07.14 16:00;16.38;35.12;30.94;855;1.2;0
1793;2025.07.14 16:15;17.25;37.88;33;864;1.5;0
1794;2025.07.14 16:30;18.25;40.25;34.94;873;1.8;0
1795;2025.07.14 16:45;19.38;40.31;34.25;874;1.8;0
1796;2025.07.14 17:00;20.38;41.88;35.5;881;2.0;0
1797;2025.07.14 17:15;21.25;38.62;32.75;873;1.8;0
1798;2025.07.14 17:30;21.81;40.12;35.19;878;1.9;0
1799;2025.07.14 17:45;22.56;42.56;36.5;886;2.2;0
1800;2025.07.14 18:00;23.38;38.62;32;874;1.8;0
1801;2025.07.14 18:15;23.88;41.75;36.5;883;2.1;0
1802;2025.07.14 18:30;24.5;43.75;38;890;2.3;0
1803;2025.07.14 18:45;25.25;43;36.25;889;2.2;0
1804;2025.07.14 19:00;25.94;43.69;36.38;893;2.4;0
1805;2025.07.14 19:15;26.56;43.5;36.62;893;2.4;0
1806;2025.07.14 19:30;27.25;44.38;37.56;895;2.4;0
1807;2025.07.14 19:45;27.81;44.94;37.75;900;2.6;0
1808;2025.07.14 20:00;28.38;45;37;903;2.7;0
1809;2025.07.14 20:15;28.94;45.12;36.12;903;2.7;0
1810;2025.07.14 20:30;29.44;45.12;36.19;905;2.7;0
1811;2025.07.14 20:45;29.88;46.25;37;909;2.9;0
1812;2025.07.14 21:00;30.38;45.62;35.62;905;2.7;0
1813;2025.07.14 21:15;30.62;46.5;36.38;911;2.9;0
1814;2025.07.14 21:30;30.81;42.5;33.62;893;2.4;0
1815;2025.07.14 21:45;30.56;40.88;33.12;890;2.3;0
1816;2025.07.14 22:00;30.25;38.94;32.81;882;2.0;0
1817;2025.07.14 22:15;29.62;35.94;31.75;871;1.7;0
1818;2025.07.14 22:30;29.19;37.38;32.25;876;1.8;0
1819;2025.07.14 22:45;28.81;35.38;31.25;867;1.6;0
1820;2025.07.14 23:00;28.44;35;29.94;870;1.7;0
1821;2025.07.14 23:15;28.12;34.75;29.62;864;1.5;0
1822;2025.07.14 23:30;27.62;30.38;27.75;851;1.1;0
1823;2025.07.14 23:45;27;26.75;26.31;840;0.7;0
1824;2025.07.15 00:00;26.38;25.12;24.62;838;0.7;0
1825;2025.07.15 00:15;25.75;24.25;24;833;0.5;0
1826;2025.07.15 00:30;25.19;23.88;23.94;831;0.4;0
1827;2025.07.15 00:45;24.75;23.62;23.38;832;0.5;0
1828;2025.07.15 01:00;24.25;22.81;22.88;830;0.4;0
1829;2025.07.15 01:15;23.81;21.5;21.56;830;0.4;0
1830;2025.07.15 01:30;23.38;20.75;20.75;829;0.4;0
1831;2025.07.15 01:45;23;20.12;20.12;827;0.3;0
1832;2025.07.15 02:00;22.62;19.12;19.06;825;0.3;0
1833;2025.07.15 02:15;22.25;18.38;18.5;823;0.2;0
1834;2025.07.15 02:30;21.88;17.44;17.38;821;0.1;0
1835;2025.07.15 02:45;21.5;16.5;16.5;818;0.0;0
1836;2025.07.15 03:00;21.12;16.38;16.88;817;0.0;0
1837;2025.07.15 03:15;20.75;15.62;15.81;815;0.0;0
1838;2025.07.15 03:30;20.44;14.75;14.69;812;0.0;0
1839;2025.07.15 03:45;20.12;14.25;14.12;811;0.0;0
1840;2025.07.15 04:00;19.81;14;13.88;810;0.0;0
1841;2025.07.15 04:15;19.5;14.06;13.88;810;0.0;0
1842;2025.07.15 04:30;19.25;13.62;13.38;808;0.0;0
1843;2025.07.15 04:45;19;12.62;12.25;806;0.0;0
1844;2025.07.15 05:00;18.75;12;11.69;803;0.0;0
1845;2025.07.15 05:15;18.5;11.62;11.5;802;0.0;0
1846;2025.07.15 05:30;18.25;11.12;10.94;800;0.0;0
1847;2025.07.15 05:45;17.94;10.75;10.5;799;0.0;0
1848;2025.07.15 06:00;17.69;10.25;10;797;0.0;0
1849;2025.07.15 06:15;17.44;9.81;9.62;796;0.0;0
1850;2025.07.15 06:30;17.19;9.31;9;794;0.0;0
1851;2025.07.15 06:45;17;9;8.62;793;0.0;0
1852;2025.07.15 07:00;16.75;8.75;8.56;792;0.0;0
1853;2025.07.15 07:15;16.5;8.44;8.12;791;0.0;0
1854;2025.07.15 07:30;16.25;8.06;7.75;789;0.0;0
1855;2025.07.15 07:45;16.06;7.69;7.38;788;0.0;0
1856;2025.07.15 08:00;15.88;7.56;7.25;787;0.0;0
1857;2025.07.15 08:15;15.62;7.5;7.25;786;0.0;0
1858;2025.07.15 08:30;15.5;7.38;7.12;786;0.0;0
1859;2025.07.15 08:45;15.25;7.25;6.94;785;0.0;0
1860;2025.07.15 09:00;15.12;7.06;6.75;784;0.0;0
1861;2025.07.15 09:15;14.88;7.25;6.94;784;0.0;0
1862;2025.07.15 09:30;14.75;7.62;7.38;784;0.0;0
1863;2025.07.15 09:45;14.62;7.69;7.38;784;0.0;0
1864;2025.07.15 10:00;14.56;8.12;7.75;785;0.0;0
1865;2025.07.15 10:15;14.44;7.75;7.38;784;0.0;0
1866;2025.07.15 10:30;14.38;7.25;6.81;782;0.0;0
1867;2025.07.15 10:45;14.19;6.62;6.25;780;0.0;0
1868;2025.07.15 11:00;14.06;6.12;5.88;779;0.0;0
1869;2025.07.15 11:15;13.88;5.62;5.38;777;0.0;0
1870;2025.07.15 11:30;13.75;5.25;4.75;776;0.0;0
1871;2025.07.15 11:45;13.56;5.19;4.88;775;0.0;0
1872;2025.07.15 12:00;13.38;5.12;4.88;775;0.0;0
1873;2025.07.15 12:15;13.25;5.12;4.88;775;0.0;0
1874;2025.07.15 12:30;13.12;5.12;4.88;775;0.0;0
1875;2025.07.15 12:45;13;5.25;4.94;774;0.0;0
1876;2025.07.15 13:00;12.88;5.44;5.12;775;0.0;0
1877;2025.07.15 13:15;12.81;5.75;5.5;775;0.0;0
1878;2025.07.15 13:30;12.75;6.12;6;776;0.0;0
1879;2025.07.15 13:45;12.69;9.25;9.88;781;0.0;0
1880;2025.07.15 14:00;12.75;13.06;15.25;790;0.0;0
1881;2025.07.15 14:15;12.88;16.88;18.62;797;0.0;0
1882;2025.07.15 14:30;13.06;20.06;20.5;805;0.0;0
1883;2025.07.15 14:45;13.38;25.31;23.94;820;0.1;0
1884;2025.07.15 15:00;13.94;27.5;25.62;828;0.4;0
1885;2025.07.15 15:15;14.62;30.38;28;836;0.6;0
1886;2025.07.15 15:30;15.38;32.19;29.25;841;0.8;0
1887;2025.07.15 15:45;16.25;34.5;30.56;848;1.0;0
1888;2025.07.15 16:00;17.06;34.5;30.88;850;1.0;0
1889;2025.07.15 16:15;17.88;37;32.5;859;1.3;0
1890;2025.07.15 16:30;18.81;38.25;32.88;864;1.5;0
1891;2025.07.15 16:45;19.75;39.25;33.25;868;1.6;0
1892;2025.07.15 17:00;20.62;40.12;33.94;872;1.7;0
1893;2025.07.15 17:15;21.62;41;34.88;876;1.8;0
1894;2025.07.15 17:30;22.5;41.12;34.81;879;1.9;0
1895;2025.07.15 17:45;23.31;42.5;35.88;884;2.1;0
1896;2025.07.15 18:00;24.12;41.81;34.56;883;2.1;0
1897;2025.07.15 18:15;24.75;42.88;35.94;887;2.2;0
1898;2025.07.15 18:30;25.5;42.62;35.25;888;2.2;0
1899;2025.07.15 18:45;26;43.25;36.25;891;2.3;0
1900;2025.07.15 19:00;26.62;43.25;36.06;890;2.3;0
1901;2025.07.15 19:15;27.06;39.31;32.31;878;1.9;0
1902;2025.07.15 19:30;27.31;42.5;36.06;889;2.2;0
1903;2025.07.15 19:45;27.75;43.62;36.5;894;2.4;0
1904;2025.07.15 20:00;28.12;41.5;34.62;888;2.2;0
1905;2025.07.15 20:15;28.5;45;37.38;900;2.6;0
1906;2025.07.15 20:30;29.12;44.44;36.38;897;2.5;0
1907;2025.07.15 20:45;29.38;37.06;29.69;872;1.7;0
1908;2025.07.15 21:00;28.88;30.62;25.75;854;1.2;0
1909;2025.07.15 21:15;28.19;28.62;25.19;848;1.0;0
1910;2025.07.15 21:30;27.31;21.62;19.75;833;0.5;0
1911;2025.07.15 21:45;26.5;20.94;19.25;827;0.3;0
1912;2025.07.15 22:00;25.62;17.12;16.31;826;0.3;0
1913;2025.07.15 22:15;24.75;15.25;14.75;820;0.1;0
1914;2025.07.15 22:30;23.88;14.5;13.94;817;0.0;0
1915;2025.07.15 22:45;23.06;14.12;13.88;812;0.0;0
1916;2025.07.15 23:00;22.38;15.06;14.56;813;0.0;0
1917;2025.07.15 23:15;21.94;16.56;15.94;816;0.0;0
1918;2025.07.15 23:30;21.62;19.62;19.25;820;0.1;0
1919;2025.07.15 23:45;21.38;18.88;19.5;817;0.0;0
1920;2025.07.16 00:00;21.12;17.62;17.5;813;0.0;0
1921;2025.07.16 00:15;20.75;17.25;17.19;812;0.0;0
1922;2025.07.16 00:30;20.5;18;17.88;814;0.0;0
1923;2025.07.16 00:45;20.38;18.62;18.31;815;0.0;0
1924;2025.07.16 01:00;20.19;17.88;17.38;812;0.0;0
1925;2025.07.16 01:15;20;17.38;16.75;811;0.0;0
1926;2025.07.16 01:30;19.81;16.62;15.88;809;0.0;0
1927;2025.07.16 01:45;19.62;16.12;15.62;807;0.0;0
1928;2025.07.16 02:00;19.31;13.5;13.81;809;0.0;0
1929;2025.07.16 02:15;19;13.12;13.62;804;0.0;0
1930;2025.07.16 02:30;18.62;11.94;12.12;812;0.0;0
1931;2025.07.16 02:45;18.38;11.31;11.06;810;0.0;0
1932;2025.07.16 03:00;18;10.56;10.5;807;0.0;0
1933;2025.07.16 03:15;17.75;10.62;10.44;807;0.0;0
1934;2025.07.16 03:30;17.44;10.88;10.94;807;0.0;0
1935;2025.07.16 03:45;17.25;10.62;10.75;804;0.0;0
1936;2025.07.16 04:00;17;10.38;10.25;802;0.0;0
1937;2025.07.16 04:15;16.75;10.12;9.75;800;0.0;0
1938;2025.07.16 04:30;16.5;9.62;9.31;799;0.0;0
1939;2025.07.16 04:45;16.31;9.12;8.94;797;0.0;0
1940;2025.07.16 05:00;16;8.44;8.12;795;0.0;0
1941;2025.07.16 05:15;15.81;8;7.75;793;0.0;0
1942;2025.07.16 05:30;15.56;7.62;7.38;792;0.0;0
1943;2025.07.16 05:45;15.38;7.38;7.12;791;0.0;0
1944;2025.07.16 06:00;15.12;7.06;6.75;790;0.0;0
1945;2025.07.16 06:15;14.88;6.81;6.5;789;0.0;0
1946;2025.07.16 06:30;14.69;6.56;6.25;788;0.0;0
1947;2025.07.16 06:45;14.5;6.38;6;787;0.0;0
1948;2025.07.16 07:00;14.31;6.31;6;787;0.0;0
1949;2025.07.16 07:15;14.12;6.25;5.94;786;0.0;0
1950;2025.07.16 07:30;14;5.94;5.56;785;0.0;0
1951;2025.07.16 07:45;13.75;5.69;5.38;784;0.0;0
1952;2025.07.16 08:00;13.62;5.38;5.06;783;0.0;0
1953;2025.07.16 08:15;13.44;5.19;4.88;782;0.0;0
1954;2025.07.16 08:30;13.25;5;4.62;783;0.0;0
1955;2025.07.16 08:45;13.12;4.75;4.38;782;0.0;0
1956;2025.07.16 09:00;12.94;4.5;4.12;781;0.0;0
1957;2025.07.16 09:15;12.75;4.38;4;781;0.0;0
1958;2025.07.16 09:30;12.62;4.25;3.88;780;0.0;0
1959;2025.07.16 09:45;12.5;4.12;3.75;780;0.0;0
1960;2025.07.16 10:00;12.38;4;3.75;780;0.0;0
1961;2025.07.16 10:15;12.19;3.88;3.5;779;0.0;0
1962;2025.07.16 10:30;12.06;3.62;3.19;778;0.0;0
1963;2025.07.16 10:45;11.88;3.5;3.12;778;0.0;0
1964;2025.07.16 11:00;11.75;3.38;3;777;0.0;0
1965;2025.07.16 11:15;11.62;3.38;3.06;777;0.0;0
1966;2025.07.16 11:30;11.5;3.25;3;777;0.0;0
1967;2025.07.16 11:45;11.38;3.19;2.88;776;0.0;0
1968;2025.07.16 12:00;11.25;3.12;2.75;776;0.0;0
1969;2025.07.16 12:15;11.19;3.25;3;776;0.0;0
1970;2025.07.16 12:30;11.06;3.5;3.25;776;0.0;0
1971;2025.07.16 12:45;11;3.62;3.19;777;0.0;0
1972;2025.07.16 13:00;10.94;3.88;3.62;778;0.0;0
1973;2025.07.16 13:15;10.88;4.38;4;779;0.0;0
1974;2025.07.16 13:30;10.88;4.75;4.38;779;0.0;0
1975;2025.07.16 13:45;10.88;6.94;7.12;784;0.0;0
1976;2025.07.16 14:00;10.88;9.12;9.75;790;0.0;0
1977;2025.07.16 14:15;11;11.88;12.75;795;0.0;0
1978;2025.07.16 14:30;11.25;14.38;15.06;802;0.0;0
1979;2025.07.16 14:45;11.62;18.12;17.5;811;0.0;0
1980;2025.07.16 15:00;12.12;20.88;19.31;818;0.0;0
1981;2025.07.16 15:15;12.75;24;21.25;825;0.3;0
1982;2025.07.16 15:30;13.44;26.31;23.25;830;0.4;0
1983;2025.07.16 15:45;14.19;28.75;24.75;836;0.6;0
1984;2025.07.16 16:00;15;29.12;25.5;837;0.6;0
1985;2025.07.16 16:15;15.75;32;27.56;846;0.9;0
1986;2025.07.16 16:30;16.62;33.5;28.62;851;1.1;0
1987;2025.07.16 16:45;17.5;35.12;30;857;1.3;0
1988;2025.07.16 17:00;18.38;35.75;31.12;859;1.3;0
1989;2025.07.16 17:15;19.38;37;31.31;864;1.5;0
1990;2025.07.16 17:30;20.25;37.12;30.62;866;1.5;0
1991;2025.07.16 17:45;21.06;38.25;31.81;871;1.7;0
1992;2025.07.16 18:00;21.88;38.44;32.12;872;1.7;0
1993;2025.07.16 18:15;22.62;38.69;32.62;874;1.8;0
1994;2025.07.16 18:30;23.31;39.31;33;877;1.9;0
1995;2025.07.16 18:45;24;38.5;32.88;875;1.8;0
1996;2025.07.16 19:00;24.62;40.06;33.75;881;2.0;0
1997;2025.07.16 19:15;25.25;39.62;33.06;880;2.0;0
1998;2025.07.16 19:30;25.88;39.75;32.88;882;2.0;0
1999;2025.07.16 19:45;26.38;40.69;33.25;886;2.2;0
2000;2025.07.16 20:00;26.88;41.19;33.44;887;2.2;0
2001;2025.07.16 20:15;27.38;41.31;33.25;889;2.2;0
2002;2025.07.16 20:30;27.88;42;33.25;892;2.3;0
2003;2025.07.16 20:45;28.38;41.88;32.81;892;2.3;0
2004;2025.07.16 21:00;28.75;41.5;31.81;892;2.3;0
2005;2025.07.16 21:15;29;40.88;31.38;889;2.2;0
2006;2025.07.16 21:30;29.06;36.88;29;873;1.8;0
2007;2025.07.16 21:45;28.75;34.62;28.88;868;1.6;0
2008;2025.07.16 22:00;28.25;34.25;29.25;864;1.5;0
2009;2025.07.16 22:15;27.69;30;27.19;850;1.0;0
2010;2025.07.16 22:30;27.12;32.06;28.56;857;1.3;0
2011;2025.07.16 22:45;26.62;29.75;26.62;851;1.1;0
2012;2025.07.16 23:00;26.25;30.75;26.81;855;1.2;0
2013;2025.07.16 23:15;26;29.94;25.75;848;1.0;0
2014;2025.07.16 23:30;25.5;26;24.06;837;0.6;0
2015;2025.07.16 23:45;24.88;23.88;24;832;0.5;0
2016;2025.07.17 00:00;24.31;22.06;21.75;826;0.3;0
2017;2025.07.17 00:15;23.75;20.88;20.81;823;0.2;0
2018;2025.07.17 00:30;23.19;19.94;20.12;820;0.1;0
2019;2025.07.17 00:45;22.69;19.25;19.38;817;0.0;0
2020;2025.07.17 01:00;22.19;18.25;18.38;815;0.0;0
2021;2025.07.17 01:15;21.75;17.38;17.5;811;0.0;0
2022;2025.07.17 01:30;21.31;16.88;17.19;809;0.0;0
2023;2025.07.17 01:45;20.88;16.12;16.38;807;0.0;0
2024;2025.07.17 02:00;20.5;15.19;15.19;804;0.0;0
2025;2025.07.17 02:15;20.12;14.62;14.88;802;0.0;0
2026;2025.07.17 02:30;19.75;13.62;13.44;799;0.0;0
2027;2025.07.17 02:45;19.38;12.88;12.81;797;0.0;0
2028;2025.07.17 03:00;19;11.88;11.75;794;0.0;0
2029;2025.07.17 03:15;18.69;11;10.75;791;0.0;0
2030;2025.07.17 03:30;18.31;10.19;9.94;789;0.0;0
2031;2025.07.17 03:45;18;9.5;9.12;787;0.0;0
2032;2025.07.17 04:00;17.62;8.88;8.5;785;0.0;0
2033;2025.07.17 04:15;17.25;8.31;8;783;0.0;0
2034;2025.07.17 04:30;16.94;8;7.75;782;0.0;0
2035;2025.07.17 04:45;16.69;7.56;7.25;780;0.0;0
2036;2025.07.17 05:00;16.38;7.12;6.81;779;0.0;0
2037;2025.07.17 05:15;16.06;6.75;6.38;777;0.0;0
2038;2025.07.17 05:30;15.81;6.31;6;776;0.0;0
2039;2025.07.17 05:45;15.5;5.94;5.62;774;0.0;0
2040;2025.07.17 06:00;15.25;5.38;5;773;0.0;0
2041;2025.07.17 06:15;15;4.88;4.5;771;0.0;0
2042;2025.07.17 06:30;14.75;4.44;4.06;769;0.0;0
2043;2025.07.17 06:45;14.5;4.12;3.75;768;0.0;0
2044;2025.07.17 07:00;14.25;3.75;3.38;767;0.0;0
2045;2025.07.17 07:15;14;3.5;3.25;766;0.0;0
2046;2025.07.17 07:30;13.75;3.25;3;765;0.0;0
2047;2025.07.17 07:45;13.56;3.06;2.75;764;0.0;0
2048;2025.07.17 08:00;13.38;2.88;2.62;763;0.0;0
2049;2025.07.17 08:15;13.12;2.62;2.38;762;0.0;0
2050;2025.07.17 08:30;12.94;2.44;2.12;762;0.0;0
2051;2025.07.17 08:45;12.75;2.38;2.12;762;0.0;0
2052;2025.07.17 09:00;12.56;2.31;2;761;0.0;0
2053;2025.07.17 09:15;12.38;2.38;2.12;761;0.0;0
2054;2025.07.17 09:30;12.19;2.44;2.12;761;0.0;0
2055;2025.07.17 09:45;12.06;2.69;2.5;761;0.0;0
2056;2025.07.17 10:00;11.94;2.75;2.56;761;0.0;0
2057;2025.07.17 10:15;11.81;3;2.88;761;0.0;0
2058;2025.07.17 10:30;11.69;3;2.88;761;0.0;0
2059;2025.07.17 10:45;11.62;3;2.75;761;0.0;0
2060;2025.07.17 11:00;11.5;3.06;2.88;761;0.0;0
2061;2025.07.17 11:15;11.38;3.12;3;761;0.0;0
2062;2025.07.17 11:30;11.31;3;2.69;760;0.0;0
2063;2025.07.17 11:45;11.25;2.88;2.56;760;0.0;0
2064;2025.07.17 12:00;11.12;3.12;3;761;0.0;0
2065;2025.07.17 12:15;11;3.38;3.38;761;0.0;0
2066;2025.07.17 12:30;11;3.75;3.75;762;0.0;0
2067;2025.07.17 12:45;10.88;3.94;3.88;762;0.0;0
2068;2025.07.17 13:00;10.88;4.19;3.94;763;0.0;0
2069;2025.07.17 13:15;10.88;4.5;4.38;764;0.0;0
2070;2025.07.17 13:30;10.88;4.88;4.75;765;0.0;0
2071;2025.07.17 13:45;10.81;7.25;7.62;769;0.0;0
2072;2025.07.17 14:00;10.88;11;13.19;777;0.0;0
2073;2025.07.17 14:15;11;14.5;16.38;784;0.0;0
2074;2025.07.17 14:30;11.25;17.88;18.19;793;0.0;0
2075;2025.07.17 14:45;11.62;22.88;21.75;807;0.0;0
2076;2025.07.17 15:00;12.19;24.5;23.25;814;0.0;0
2077;2025.07.17 15:15;12.88;27.75;25.88;823;0.2;0
2078;2025.07.17 15:30;13.62;30;28.25;829;0.4;0
2079;2025.07.17 15:45;14.5;32.62;29.81;836;0.6;0
2080;2025.07.17 16:00;15.31;31.88;29.12;837;0.6;0
2081;2025.07.17 16:15;16.12;35.25;31.38;848;1.0;0
2082;2025.07.17 16:30;17.12;37.5;32.31;856;1.2;0
2083;2025.07.17 16:45;18.12;38.31;33;860;1.4;0
2084;2025.07.17 17:00;19.12;38.62;32.88;863;1.4;0
2085;2025.07.17 17:15;20.12;39.38;32.88;867;1.6;0
2086;2025.07.17 17:30;21;40.12;33.56;871;1.7;0
2087;2025.07.17 17:45;21.88;41.12;34.5;875;1.8;0
2088;2025.07.17 18:00;22.75;41.56;35.25;878;1.9;0
2089;2025.07.17 18:15;23.5;41.25;34.19;878;1.9;0
2090;2025.07.17 18:30;24;37.94;31.94;868;1.6;0
2091;2025.07.17 18:45;24.38;39.75;34.38;875;1.8;0
2092;2025.07.17 19:00;24.94;41.62;35.38;882;2.0;0
2093;2025.07.17 19:15;25.56;38.75;31.88;873;1.8;0
2094;2025.07.17 19:30;25.88;39;32.69;874;1.8;0
2095;2025.07.17 19:45;26.25;38.75;32.88;874;1.8;0
2096;2025.07.17 20:00;26.62;42.38;35.75;887;2.2;0
2097;2025.07.17 20:15;27.06;37.88;31.25;873;1.8;0
2098;2025.07.17 20:30;27.25;39.25;33;879;1.9;0
2099;2025.07.17 20:45;27.62;43.38;35.06;891;2.3;0
2100;2025.07.17 21:00;28;41.94;33.75;888;2.2;0
2101;2025.07.17 21:15;28.38;40.75;32.69;882;2.0;0
2102;2025.07.17 21:30;28.5;40.31;32.5;880;2.0;0
2103;2025.07.17 21:45;28.44;37.38;31.44;871;1.7;0
2104;2025.07.17 22:00;28.25;35.62;29.94;863;1.4;0
2105;2025.07.17 22:15;27.75;32.38;29.38;852;1.1;0
2106;2025.07.17 22:30;27.25;34.12;30.5;856;1.2;0
2107;2025.07.17 22:45;26.88;31.31;28.5;846;0.9;0
2108;2025.07.17 23:00;26.5;31.5;28.75;848;1.0;0
2109;2025.07.17 23:15;26.19;31.38;27.75;845;0.9;0
2110;2025.07.17 23:30;25.75;28;26.75;836;0.6;0
2111;2025.07.17 23:45;25.25;25.38;25;829;0.4;0
2112;2025.07.18 00:00;24.75;23.38;23;824;0.2;0
2113;2025.07.18 00:15;24.12;22.12;22.12;820;0.1;0
2114;2025.07.18 00:30;23.62;21.19;21.38;817;0.0;0
2115;2025.07.18 00:45;23.12;20.38;20.62;814;0.0;0
2116;2025.07.18 01:00;22.62;19.81;20.19;812;0.0;0
2117;2025.07.18 01:15;22.19;19;19.38;810;0.0;0
2118;2025.07.18 01:30;21.75;18.44;18.81;808;0.0;0
2119;2025.07.18 01:45;21.38;17.75;18.12;806;0.0;0
2120;2025.07.18 02:00;21;17.12;17.56;804;0.0;0
2121;2025.07.18 02:15;20.62;16.62;17;802;0.0;0
2122;2025.07.18 02:30;20.31;15.38;15.38;799;0.0;0
2123;2025.07.18 02:45;20;14.38;14.38;796;0.0;0
2124;2025.07.18 03:00;19.62;13.38;13.38;793;0.0;0
2125;2025.07.18 03:15;19.25;12.62;12.62;791;0.0;0
2126;2025.07.18 03:30;18.88;12;11.94;789;0.0;0
2127;2025.07.18 03:45;18.56;11.25;11.12;790;0.0;0
2128;2025.07.18 04:00;18.25;10.81;10.81;790;0.0;0
2129;2025.07.18 04:15;17.88;10.38;10.25;783;0.0;0
2130;2025.07.18 04:30;17.62;9.88;9.75;778;0.0;0
2131;2025.07.18 04:45;17.31;9.62;9.62;778;0.0;0
2132;2025.07.18 05:00;17;9.31;9.25;777;0.0;0
2133;2025.07.18 05:15;16.75;9.06;8.94;777;0.0;0
2134;2025.07.18 05:30;16.5;8.94;8.88;776;0.0;0
2135;2025.07.18 05:45;16.25;8.88;8.75;777;0.0;0
2136;2025.07.18 06:00;16.12;8.94;8.88;776;0.0;0
2137;2025.07.18 06:15;15.88;8.88;8.75;776;0.0;0
2138;2025.07.18 06:30;15.69;8.75;8.62;774;0.0;0
2139;2025.07.18 06:45;15.5;8.5;8.31;774;0.0;0
2140;2025.07.18 07:00;15.38;8.12;8;773;0.0;0
2141;2025.07.18 07:15;15.12;7.75;7.5;772;0.0;0
2142;2025.07.18 07:30;15;7.38;7;771;0.0;0
2143;2025.07.18 07:45;14.75;7.19;7;770;0.0;0
2144;2025.07.18 08:00;14.62;7.06;6.88;769;0.0;0
2145;2025.07.18 08:15;14.44;6.88;6.75;768;0.0;0
2146;2025.07.18 08:30;14.25;6.75;6.69;768;0.0;0
2147;2025.07.18 08:45;14.12;6.62;6.5;767;0.0;0
2148;2025.07.18 09:00;13.94;6.38;6.19;767;0.0;0
2149;2025.07.18 09:15;13.81;6;5.81;766;0.0;0
2150;2025.07.18 09:30;13.62;5.75;5.62;765;0.0;0
2151;2025.07.18 09:45;13.5;5.62;5.5;765;0.0;0
2152;2025.07.18 10:00;13.38;5.5;5.31;764;0.0;0
2153;2025.07.18 10:15;13.19;5.31;5.25;768;0.0;0
2154;2025.07.18 10:30;13;5.25;5.19;759;0.0;0
2155;2025.07.18 10:45;12.94;5.06;4.94;759;0.0;0
2156;2025.07.18 11:00;12.75;4.94;4.81;760;0.0;0
2157;2025.07.18 11:15;12.62;4.75;4.62;758;0.0;0
2158;2025.07.18 11:30;12.5;4.62;4.44;757;0.0;0
2159;2025.07.18 11:45;12.38;4.5;4.25;757;0.0;0
2160;2025.07.18 12:00;12.25;4.44;4.19;756;0.0;0
2161;2025.07.18 12:15;12.12;4.62;4.38;755;0.0;0
2162;2025.07.18 12:30;12.06;5.19;5.12;756;0.0;0
2163;2025.07.18 12:45;12;5.62;5.38;757;0.0;0
2164;2025.07.18 13:00;12;6.12;6;758;0.0;0
2165;2025.07.18 13:15;11.94;6.75;6.62;760;0.0;0
2166;2025.07.18 13:30;11.94;7.25;7.12;762;0.0;0
2167;2025.07.18 13:45;11.94;9.25;9.62;766;0.0;0
2168;2025.07.18 14:00;12;12.69;14.38;773;0.0;0
2169;2025.07.18 14:15;12.12;15.75;17;779;0.0;0
2170;2025.07.18 14:30;12.38;19.69;19.62;789;0.0;0
2171;2025.07.18 14:45;12.81;24.62;23;805;0.0;0
2172;2025.07.18 15:00;13.38;25.5;23.88;809;0.0;0
2173;2025.07.18 15:15;14.06;28.56;26.25;818;0.0;0
2174;2025.07.18 15:30;14.75;28.12;25.62;818;0.0;0
2175;2025.07.18 15:45;15.31;26.06;23.81;813;0.0;0
2176;2025.07.18 16:00;15.81;26.5;24.88;815;0.0;0
2177;2025.07.18 16:15;16.25;25;23.44;812;0.0;0
2178;2025.07.18 16:30;16.5;25;23.56;814;0.0;0
2179;2025.07.18 16:45;16.94;30;27.94;828;0.4;0
2180;2025.07.18 17:00;17.62;34.06;30.5;842;0.8;0
2181;2025.07.18 17:15;18.5;35.88;31.62;849;1.0;0
2182;2025.07.18 17:30;19.19;31.06;27.12;839;0.7;0
2183;2025.07.18 17:45;19.5;30.75;27.56;837;0.6;0
2184;2025.07.18 18:00;19.88;36.06;33;854;1.2;0
2185;2025.07.18 18:15;20.75;39.88;34.69;866;1.5;0
2186;2025.07.18 18:30;21.75;40.62;34.12;872;1.7;0
2187;2025.07.18 18:45;22.5;32.75;27;851;1.1;0
2188;2025.07.18 19:00;22.5;31.06;27.19;846;0.9;0
2189;2025.07.18 19:15;22.5;28.62;25.38;838;0.7;0
2190;2025.07.18 19:30;22.31;27.31;24.44;840;0.7;0
2191;2025.07.18 19:45;22.25;30.88;27.75;849;1.0;0
2192;2025.07.18 20:00;22.44;34.5;31.5;863;1.4;0
2193;2025.07.18 20:15;23.12;39.69;34.75;880;2.0;0
2194;2025.07.18 20:30;24;41.12;34.62;886;2.2;0
2195;2025.07.18 20:45;24.88;42.5;34.5;890;2.3;0
2196;2025.07.18 21:00;25.5;40.38;33.12;885;2.1;0
2197;2025.07.18 21:15;26;37.75;30.5;874;1.8;0
2198;2025.07.18 21:30;26;33.5;28.5;861;1.4;0
2199;2025.07.18 21:45;25.75;31.75;27.69;855;1.2;0
2200;2025.07.18 22:00;25.38;28.88;25.81;848;1.0;0
2201;2025.07.18 22:15;24.88;26.81;24.56;840;0.7;0
2202;2025.07.18 22:30;24.38;24.25;21.88;836;0.6;0
2203;2025.07.18 22:45;23.88;18.19;17.31;879;1.9;0
2204;2025.07.18 23:00;23;16.12;15.31;876;1.8;0
2205;2025.07.18 23:15;22.38;16.25;15.5;878;1.9;0
2206;2025.07.18 23:30;21.88;15.75;15.38;871;1.7;0
2207;2025.07.18 23:45;21.25;16.12;15.5;869;1.6;0
2208;2025.07.19 00:00;20.88;16.44;15.81;867;1.6;0
2209;2025.07.19 00:15;20.5;17.06;16.38;867;1.6;0
2210;2025.07.19 00:30;20.25;17.19;16.5;866;1.5;0
2211;2025.07.19 00:45;19.94;16.69;16;861;1.4;0
2212;2025.07.19 01:00;19.62;16.5;15.81;861;1.4;0
2213;2025.07.19 01:15;19.38;16.31;15.62;858;1.3;0
2214;2025.07.19 01:30;19.19;15.94;15.25;856;1.2;0
2215;2025.07.19 01:45;18.94;15.19;14.5;852;1.1;0
2216;2025.07.19 02:00;18.62;14.81;14.25;852;1.1;0
2217;2025.07.19 02:15;18.38;14.12;13.62;848;1.0;0
2218;2025.07.19 02:30;18.12;12.94;12.38;845;0.9;0
2219;2025.07.19 02:45;17.88;11.38;10.75;837;0.6;0
2220;2025.07.19 03:00;17.5;10.44;9.88;835;0.6;0
2221;2025.07.19 03:15;17.12;9.94;9.44;835;0.6;0
2222;2025.07.19 03:30;16.75;10.38;9.88;836;0.6;0
2223;2025.07.19 03:45;16.5;10.69;10.25;837;0.6;0
2224;2025.07.19 04:00;16.31;10.81;10.38;837;0.6;0
2225;2025.07.19 04:15;16.12;10.5;10;836;0.6;0
2226;2025.07.19 04:30;15.88;10.5;10;835;0.6;0
2227;2025.07.19 04:45;15.75;10.44;9.94;835;0.6;0
2228;2025.07.19 05:00;15.62;9.88;9.44;833;0.5;0
2229;2025.07.19 05:15;15.38;9;8.5;828;0.4;0
2230;2025.07.19 05:30;15.19;8.19;7.75;827;0.3;0
2231;2025.07.19 05:45;14.94;7.75;7.38;826;0.3;0
2232;2025.07.19 06:00;14.69;7.25;6.88;825;0.3;0
2233;2025.07.19 06:15;14.5;7;6.62;824;0.2;0
2234;2025.07.19 06:30;14.25;6.69;6.38;823;0.2;0
2235;2025.07.19 06:45;14;6.56;6.38;823;0.2;0
2236;2025.07.19 07:00;13.81;6.25;5.94;821;0.1;0
2237;2025.07.19 07:15;13.62;6.06;5.88;821;0.1;0
2238;2025.07.19 07:30;13.38;5.81;5.56;820;0.1;0
2239;2025.07.19 07:45;13.25;5.75;5.62;820;0.1;0
2240;2025.07.19 08:00;13.06;5.62;5.38;820;0.1;0
2241;2025.07.19 08:15;12.88;5.88;5.69;820;0.1;0
2242;2025.07.19 08:30;12.75;5.88;5.75;820;0.1;0
2243;2025.07.19 08:45;12.62;5.88;5.88;820;0.1;0
2244;2025.07.19 09:00;12.5;5.81;5.88;819;0.1;0
2245;2025.07.19 09:15;12.38;6.12;6.5;820;0.1;0
2246;2025.07.19 09:30;12.25;6.25;6.75;820;0.1;0
2247;2025.07.19 09:45;12.19;6.19;6.5;819;0.1;0
2248;2025.07.19 10:00;12.12;5.88;6;818;0.0;0
2249;2025.07.19 10:15;12;5.88;5.88;818;0.0;0
2250;2025.07.19 10:30;11.88;5.69;5.81;818;0.0;0
2251;2025.07.19 10:45;11.81;5.38;5.38;817;0.0;0
2252;2025.07.19 11:00;11.69;5.12;5.06;816;0.0;0
2253;2025.07.19 11:15;11.62;4.88;4.69;815;0.0;0
2254;2025.07.19 11:30;11.5;4.69;4.5;815;0.0;0
2255;2025.07.19 11:45;11.38;4.69;4.5;815;0.0;0
2256;2025.07.19 12:00;11.25;4.75;4.5;815;0.0;0
2257;2025.07.19 12:15;11.12;5.12;4.88;815;0.0;0
2258;2025.07.19 12:30;11.12;5.62;5.38;816;0.0;0
2259;2025.07.19 12:45;11.06;6;5.88;818;0.0;0
2260;2025.07.19 13:00;11;6.06;5.88;817;0.0;0
2261;2025.07.19 13:15;11;6.06;5.88;816;0.0;0
2262;2025.07.19 13:30;11;6.56;6.38;818;0.0;0
2263;2025.07.19 13:45;11;8;8.12;820;0.1;0
2264;2025.07.19 14:00;11.06;10.5;11.75;825;0.3;0
2265;2025.07.19 14:15;11.19;13.19;15;830;0.4;0
2266;2025.07.19 14:30;11.38;16.38;16.94;837;0.6;0
2267;2025.07.19 14:45;11.75;20.62;19.38;845;0.9;0
2268;2025.07.19 15:00;12.25;21.62;20.31;845;0.9;0
2269;2025.07.19 15:15;12.88;24.62;23;847;0.9;0
2270;2025.07.19 15:30;13.62;27.56;25;852;1.1;0
2271;2025.07.19 15:45;14.38;28.62;26.12;853;1.1;0
2272;2025.07.19 16:00;15.12;29.25;26.75;855;1.2;0
2273;2025.07.19 16:15;15.88;32.5;28.81;865;1.5;0
2274;2025.07.19 16:30;16.75;34.12;29.62;870;1.7;0
2275;2025.07.19 16:45;17.69;34.75;30.12;872;1.7;0
2276;2025.07.19 17:00;18.62;34;29.25;871;1.7;0
2277;2025.07.19 17:15;19.31;33.31;28.5;870;1.7;0
2278;2025.07.19 17:30;20;33.75;29.75;872;1.7;0
2279;2025.07.19 17:45;20.56;34.38;29.75;874;1.8;0
2280;2025.07.19 18:00;21.19;37.75;33.06;885;2.1;0
2281;2025.07.19 18:15;22;36.88;30.88;882;2.0;0
2282;2025.07.19 18:30;22.62;35.38;30.75;879;1.9;0
2283;2025.07.19 18:45;23;31.5;27;866;1.5;0
2284;2025.07.19 19:00;22.88;24.81;21;849;1.0;0
2285;2025.07.19 19:15;22.25;18;16.5;845;0.9;0
2286;2025.07.19 19:30;21.56;17.5;16;849;1.0;0
2287;2025.07.19 19:45;20.94;16.62;15.5;858;1.3;0
2288;2025.07.19 20:00;20.38;15.75;14.5;883;2.1;0
2289;2025.07.19 20:15;19.81;16.12;15.19;887;2.2;0
2290;2025.07.19 20:30;19.75;23.5;22.38;910;2.9;0
2291;2025.07.19 20:45;20.62;30;26.44;920;3.2;0
2292;2025.07.19 21:00;21.62;32.38;27.25;920;3.2;0
2293;2025.07.19 21:15;22.5;34.44;27.75;919;3.2;0
2294;2025.07.19 21:30;23;29.44;24.25;898;2.5;0
2295;2025.07.19 21:45;22.88;28.81;25.56;894;2.4;0
2296;2025.07.19 22:00;22.5;25.12;22.31;880;2.0;0
2297;2025.07.19 22:15;21.88;16.5;14.81;967;4.6;0
2298;2025.07.19 22:30;21.06;15.88;14.12;948;4.0;0
2299;2025.07.19 22:45;20.5;15.62;14.44;938;3.7;0
2300;2025.07.19 23:00;20;15.75;14.75;933;3.6;0
2301;2025.07.19 23:15;19.62;17.12;16;932;3.6;0
2302;2025.07.19 23:30;19.38;18.38;17.19;933;3.6;0
2303;2025.07.19 23:45;19.31;18.5;17.25;930;3.5;0
2304;2025.07.20 00:00;19.25;18.56;17.5;929;3.5;0
2305;2025.07.20 00:15;19.12;19;18;928;3.4;0
2306;2025.07.20 00:30;19;19.75;18.88;928;3.4;0
2307;2025.07.20 00:45;19;19.69;19.12;926;3.4;0
2308;2025.07.20 01:00;18.88;18.25;17.62;920;3.2;0
2309;2025.07.20 01:15;18.62;16.38;16.12;913;3.0;0
2310;2025.07.20 01:30;18.25;15.12;15.12;908;2.8;0
2311;2025.07.20 01:45;17.88;14.44;14.44;906;2.8;0
2312;2025.07.20 02:00;17.5;13.56;13.38;903;2.7;0
2313;2025.07.20 02:15;17.12;12.88;12.75;901;2.6;0
2314;2025.07.20 02:30;16.75;12;11.88;898;2.5;0
2315;2025.07.20 02:45;16.38;11.38;11.25;897;2.5;0
2316;2025.07.20 03:00;16.06;10.62;10.44;894;2.4;0
2317;2025.07.20 03:15;15.75;9.88;9.62;893;2.4;0
2318;2025.07.20 03:30;15.38;9.38;9.12;891;2.3;0
2319;2025.07.20 03:45;15.12;8.94;8.69;890;2.3;0
2320;2025.07.20 04:00;14.75;8.5;8.25;889;2.2;0
2321;2025.07.20 04:15;14.5;8.12;7.88;888;2.2;0
2322;2025.07.20 04:30;14.19;7.81;7.62;887;2.2;0
2323;2025.07.20 04:45;13.94;7.5;7.38;886;2.2;0
2324;2025.07.20 05:00;13.62;7.38;7.12;885;2.1;0
2325;2025.07.20 05:15;13.44;7.12;7;884;2.1;0
2326;2025.07.20 05:30;13.25;6.88;6.62;884;2.1;0
2327;2025.07.20 05:45;13;6.69;6.5;883;2.1;0
2328;2025.07.20 06:00;12.81;6.62;6.38;883;2.1;0
2329;2025.07.20 06:15;12.62;6.5;6.25;883;2.1;0
2330;2025.07.20 06:30;12.44;6.5;6.12;883;2.1;0
2331;2025.07.20 06:45;12.25;6.25;6;882;2.0;0
2332;2025.07.20 07:00;12.12;6.25;6;882;2.0;0
2333;2025.07.20 07:15;12;6.12;5.88;881;2.0;0
2334;2025.07.20 07:30;11.88;6.12;6;881;2.0;0
2335;2025.07.20 07:45;11.75;6;5.75;880;2.0;0
2336;2025.07.20 08:00;11.62;5.88;5.75;880;2.0;0
2337;2025.07.20 08:15;11.5;5.62;5.5;879;1.9;0
2338;2025.07.20 08:30;11.31;5.38;5.12;878;1.9;0
2339;2025.07.20 08:45;11.19;5.25;5;878;1.9;0
2340;2025.07.20 09:00;11.06;5.5;5.31;878;1.9;0
2341;2025.07.20 09:15;10.94;5.38;5.19;879;1.9;0
2342;2025.07.20 09:30;10.88;5.06;4.75;878;1.9;0
2343;2025.07.20 09:45;10.75;4.69;4.44;877;1.9;0
2344;2025.07.20 10:00;10.62;4.38;4.12;876;1.8;0
2345;2025.07.20 10:15;10.44;4.12;3.94;875;1.8;0
2346;2025.07.20 10:30;10.25;4;3.81;875;1.8;0
2347;2025.07.20 10:45;10.12;3.88;3.75;875;1.8;0
2348;2025.07.20 11:00;10;3.56;3.31;874;1.8;0
2349;2025.07.20 11:15;9.88;3.31;3;874;1.8;0
2350;2025.07.20 11:30;9.75;3.25;2.94;873;1.8;0
2351;2025.07.20 11:45;9.62;3.12;2.88;872;1.7;0
2352;2025.07.20 12:00;9.5;2.88;2.69;872;1.7;0
2353;2025.07.20 12:15;9.38;2.88;2.62;872;1.7;0
2354;2025.07.20 12:30;9.25;3;2.81;872;1.7;0
2355;2025.07.20 12:45;9.19;3.25;3;873;1.8;0
2356;2025.07.20 13:00;9.12;3.5;3.25;873;1.8;0
2357;2025.07.20 13:15;9.06;3.75;3.5;873;1.8;0
2358;2025.07.20 13:30;9;4.12;3.94;874;1.8;0
2359;2025.07.20 13:45;9;5.62;6.12;876;1.8;0
2360;2025.07.20 14:00;9.06;9.12;10.38;882;2.0;0
2361;2025.07.20 14:15;9.19;13;13.69;887;2.2;0
2362;2025.07.20 14:30;9.5;16.88;16.38;893;2.4;0
2363;2025.07.20 14:45;9.88;20.69;18.88;900;2.6;0
2364;2025.07.20 15:00;10.56;21.19;20.06;899;2.6;0
2365;2025.07.20 15:15;11.38;24.12;22.19;903;2.7;0
2366;2025.07.20 15:30;12.25;26.81;24.12;908;2.8;0
2367;2025.07.20 15:45;13.19;27.44;24.75;909;2.9;0
2368;2025.07.20 16:00;14;27.62;25.25;910;2.9;0
2369;2025.07.20 16:15;14.88;31.19;27.5;919;3.2;0
2370;2025.07.20 16:30;15.88;33.12;28.75;924;3.3;0
2371;2025.07.20 16:45;17;34.06;29.62;928;3.4;0
2372;2025.07.20 17:00;18;34.75;30.75;931;3.5;0
2373;2025.07.20 17:15;19;35.38;31.06;934;3.6;0
2374;2025.07.20 17:30;19.75;34.75;30.56;934;3.6;0
2375;2025.07.20 17:45;20.5;34.25;29.62;935;3.6;0
2376;2025.07.20 18:00;21.19;35.62;31.19;942;3.9;0
2377;2025.07.20 18:15;21.81;33.12;29.5;936;3.7;0
2378;2025.07.20 18:30;22.25;31.88;27.62;934;3.6;0
2379;2025.07.20 18:45;22.62;36.25;32.5;947;4.0;0
2380;2025.07.20 19:00;23.38;36.25;31.38;949;4.1;0
2381;2025.07.20 19:15;24.12;39.12;34.25;959;4.4;0
2382;2025.07.20 19:30;24.81;37.56;32;956;4.3;0
2383;2025.07.20 19:45;25.38;36.12;31.12;954;4.2;0
2384;2025.07.20 20:00;25.75;38.88;33.25;962;4.5;0
2385;2025.07.20 20:15;26.38;39.25;32.5;963;4.5;0
2386;2025.07.20 20:30;26.69;33.62;28.06;948;4.0;0
2387;2025.07.20 20:45;26.75;38.38;32.31;962;4.5;0
2388;2025.07.20 21:00;27.12;37.81;30.94;959;4.4;0
2389;2025.07.20 21:15;27.25;35.5;29;952;4.2;0
2390;2025.07.20 21:30;27.19;35.75;30.5;952;4.2;0
2391;2025.07.20 21:45;26.88;32.88;28.69;943;3.9;0
2392;2025.07.20 22:00;26.44;31.94;28.12;938;3.7;0
2393;2025.07.20 22:15;25.88;27.88;24.81;927;3.4;0
2394;2025.07.20 22:30;25.31;28.19;25.38;926;3.4;0
2395;2025.07.20 22:45;24.88;28.25;26;925;3.3;0
2396;2025.07.20 23:00;24.62;28.12;25.56;924;3.3;0
2397;2025.07.20 23:15;24.38;27.69;25.44;921;3.2;0
2398;2025.07.20 23:30;24;25.19;24.44;915;3.0;0
2399;2025.07.20 23:45;23.5;22.69;22.38;909;2.9;0
2400;2025.07.21 00:00;22.88;21.25;20.88;905;2.7;0
2401;2025.07.21 00:15;22.38;20.62;20.62;903;2.7;0
2402;2025.07.21 00:30;21.88;19.44;19.38;900;2.6;0
2403;2025.07.21 00:45;21.38;18.62;18.5;897;2.5;0
2404;2025.07.21 01:00;20.88;17.75;17.5;895;2.4;0
2405;2025.07.21 01:15;20.5;16.94;16.75;893;2.4;0
2406;2025.07.21 01:30;20.06;16.25;16;891;2.3;0
2407;2025.07.21 01:45;19.62;15.38;15.12;888;2.2;0
2408;2025.07.21 02:00;19.25;14.75;14.56;887;2.2;0
2409;2025.07.21 02:15;18.88;14.38;14.38;885;2.1;0
2410;2025.07.21 02:30;18.5;14.31;14.12;885;2.1;0
2411;2025.07.21 02:45;18.25;13.5;13.25;882;2.0;0
2412;2025.07.21 03:00;17.88;12.62;12.38;880;2.0;0
2413;2025.07.21 03:15;17.56;11.75;11.38;878;1.9;0
2414;2025.07.21 03:30;17.25;11.25;11.06;876;1.8;0
2415;2025.07.21 03:45;16.88;10.88;10.62;875;1.8;0
2416;2025.07.21 04:00;16.62;10.56;10.38;874;1.8;0
2417;2025.07.21 04:15;16.31;9.94;9.62;872;1.7;0
2418;2025.07.21 04:30;16;9.38;9;870;1.7;0
2419;2025.07.21 04:45;15.75;8.88;8.5;869;1.6;0
2420;2025.07.21 05:00;15.44;8.38;8;867;1.6;0
2421;2025.07.21 05:15;15.12;7.94;7.62;866;1.5;0
2422;2025.07.21 05:30;14.88;7.69;7.38;865;1.5;0
2423;2025.07.21 05:45;14.62;7.5;7.25;864;1.5;0
2424;2025.07.21 06:00;14.38;7.19;6.94;863;1.4;0
2425;2025.07.21 06:15;14.12;7;6.75;862;1.4;0
2426;2025.07.21 06:30;13.88;6.62;6.25;861;1.4;0
2427;2025.07.21 06:45;13.69;6.69;6.38;861;1.4;0
2428;2025.07.21 07:00;13.5;6.88;6.62;861;1.4;0
2429;2025.07.21 07:15;13.31;6.38;6.06;859;1.3;0
2430;2025.07.21 07:30;13.12;6.5;6.12;859;1.3;0
2431;2025.07.21 07:45;13;6.62;6.38;859;1.3;0
2432;2025.07.21 08:00;12.81;6.44;6.06;858;1.3;0
2433;2025.07.21 08:15;12.69;6.31;6;857;1.3;0
2434;2025.07.21 08:30;12.5;6.88;6.62;858;1.3;0
2435;2025.07.21 08:45;12.44;7.62;7.44;859;1.3;0
2436;2025.07.21 09:00;12.38;7.88;7.62;859;1.3;0
2437;2025.07.21 09:15;12.38;8.12;7.75;859;1.3;0
2438;2025.07.21 09:30;12.25;8.12;7.75;858;1.3;0
2439;2025.07.21 09:45;12.25;7.62;7.38;857;1.3;0
2440;2025.07.21 10:00;12.12;7.19;7;855;1.2;0
2441;2025.07.21 10:15;12.06;6.75;6.62;854;1.2;0
2442;2025.07.21 10:30;11.94;6.62;6.5;853;1.1;0
2443;2025.07.21 10:45;11.88;6.69;6.5;853;1.1;0
2444;2025.07.21 11:00;11.75;6.62;6.5;852;1.1;0
2445;2025.07.21 11:15;11.62;7;6.94;853;1.1;0
2446;2025.07.21 11:30;11.56;6.62;6.5;851;1.1;0
2447;2025.07.21 11:45;11.5;6.25;6.25;850;1.0;0
2448;2025.07.21 12:00;11.38;6.06;6;849;1.0;0
2449;2025.07.21 12:15;11.25;6.12;6.12;849;1.0;0
2450;2025.07.21 12:30;11.12;6.31;6.38;849;1.0;0
2451;2025.07.21 12:45;11.12;7;7;851;1.1;0
2452;2025.07.21 13:00;11.12;8;7.94;853;1.1;0
2453;2025.07.21 13:15;11.12;8.31;8.31;853;1.1;0
2454;2025.07.21 13:30;11.12;8;8;852;1.1;0
2455;2025.07.21 13:45;11.12;8.12;8.12;852;1.1;0
2456;2025.07.21 14:00;11.12;8.62;8.75;853;1.1;0
2457;2025.07.21 14:15;11.12;9.12;9.38;854;1.2;0
2458;2025.07.21 14:30;11.12;14.06;13.88;863;1.4;0
2459;2025.07.21 14:45;11.44;22.75;21.88;882;2.0;0
2460;2025.07.21 15:00;12;21.81;21.62;880;2.0;0
2461;2025.07.21 15:15;12.5;20.12;19.88;876;1.8;0
2462;2025.07.21 15:30;12.88;23.5;22.75;883;2.1;0
2463;2025.07.21 15:45;13.5;29.5;27.75;897;2.5;0
2464;2025.07.21 16:00;14.38;28.25;26.12;894;2.4;0
2465;2025.07.21 16:15;14.94;24.75;23.25;892;2.3;0
2466;2025.07.21 16:30;15.38;27.88;26.31;895;2.4;0
2467;2025.07.21 16:45;16.12;29;26.75;896;2.5;0
2468;2025.07.21 17:00;16.75;30.5;27.62;900;2.6;0
2469;2025.07.21 17:15;17.62;36.88;32.5;918;3.1;0
2470;2025.07.21 17:30;18.94;39.12;34.25;927;3.4;0
2471;2025.07.21 17:45;20.19;39.94;34.5;933;3.6;0
2472;2025.07.21 18:00;21.38;40.69;35;934;3.6;0
2473;2025.07.21 18:15;22.38;40.88;34.88;936;3.7;0
2474;2025.07.21 18:30;23.38;41.62;35.38;940;3.8;0
2475;2025.07.21 18:45;24.25;42.25;36.06;942;3.9;0
2476;2025.07.21 19:00;25.06;41;34.12;940;3.8;0
2477;2025.07.21 19:15;25.75;40;33;937;3.7;0
2478;2025.07.21 19:30;26.31;41.19;35;942;3.9;0
2479;2025.07.21 19:45;26.81;39.62;33.25;937;3.7;0
2480;2025.07.21 20:00;27;37.88;32.5;934;3.6;0
2481;2025.07.21 20:15;27.19;39.62;33.75;937;3.7;0
2482;2025.07.21 20:30;27.62;38.62;31.62;931;3.5;0
2483;2025.07.21 20:45;27.62;39;32.25;935;3.6;0
2484;2025.07.21 21:00;27.88;41.38;33.56;940;3.8;0
2485;2025.07.21 21:15;28;35.38;29.44;920;3.2;0
2486;2025.07.21 21:30;27.62;35.25;30.56;923;3.3;0
2487;2025.07.21 21:45;27.25;34.31;30.38;914;3.0;0
2488;2025.07.21 22:00;27;37.12;32.5;917;3.1;0
2489;2025.07.21 22:15;26.75;34;31.12;906;2.8;0
2490;2025.07.21 22:30;26.38;31.12;28.19;899;2.6;0
2491;2025.07.21 22:45;26;31.62;30.12;899;2.6;0
2492;2025.07.21 23:00;25.75;31.75;29.12;899;2.6;0
2493;2025.07.21 23:15;25.5;29.62;27.75;893;2.4;0
2494;2025.07.21 23:30;25.12;27.12;26.62;889;2.2;0
2495;2025.07.21 23:45;24.62;25.38;25.06;883;2.1;0
2496;2025.07.22 00:00;24.12;23.38;23.19;877;1.9;0
2497;2025.07.22 00:15;23.56;21.62;21.25;873;1.8;0
2498;2025.07.22 00:30;23;21.31;21.25;873;1.8;0
2499;2025.07.22 00:45;22.62;21.81;21.88;874;1.8;0
2500;2025.07.22 01:00;22.25;20.5;20.44;871;1.7;0
2501;2025.07.22 01:15;21.81;19.38;19.75;866;1.5;0
2502;2025.07.22 01:30;21.38;18.5;18.81;863;1.4;0
2503;2025.07.22 01:45;21;17.62;17.81;860;1.4;0
2504;2025.07.22 02:00;20.56;16.88;17.12;858;1.3;0
2505;2025.07.22 02:15;20.19;16.06;16.12;857;1.3;0
2506;2025.07.22 02:30;19.81;15.5;15.75;855;1.2;0
2507;2025.07.22 02:45;19.5;14.81;14.88;854;1.2;0
2508;2025.07.22 03:00;19.12;14;14.12;853;1.1;0
2509;2025.07.22 03:15;18.75;13.25;13.25;853;1.1;0
2510;2025.07.22 03:30;18.44;12.94;13.06;848;1.0;0
2511;2025.07.22 03:45;18.12;13;13;848;1.0;0
2512;2025.07.22 04:00;17.88;13.88;14.19;852;1.1;0
2513;2025.07.22 04:15;17.62;14.19;14.5;854;1.2;0
2514;2025.07.22 04:30;17.5;14.25;14.25;854;1.2;0
2515;2025.07.22 04:45;17.25;14.25;14.19;853;1.1;0
2516;2025.07.22 05:00;17.12;14;13.88;851;1.1;0
2517;2025.07.22 05:15;17;13.62;13.5;850;1.0;0
2518;2025.07.22 05:30;16.81;13.38;13.44;846;0.9;0
2519;2025.07.22 05:45;16.62;13.25;13.25;843;0.8;0
2520;2025.07.22 06:00;16.5;13.62;14;847;0.9;0
2521;2025.07.22 06:15;16.38;13.38;13.5;848;1.0;0
2522;2025.07.22 06:30;16.25;13.25;13.38;847;0.9;0
2523;2025.07.22 06:45;16.12;13.19;13.12;841;0.8;0
2524;2025.07.22 07:00;16;13.12;13.12;842;0.8;0
2525;2025.07.22 07:15;15.88;13.25;13.38;841;0.8;0
2526;2025.07.22 07:30;15.75;12.75;12.69;842;0.8;0
2527;2025.07.22 07:45;15.62;12;11.62;838;0.7;0
2528;2025.07.22 08:00;15.5;11.88;11.69;838;0.7;0
2529;2025.07.22 08:15;15.38;11.12;11;833;0.5;0
2530;2025.07.22 08:30;15.25;11.12;10.94;832;0.5;0
2531;2025.07.22 08:45;15.12;10.62;10.38;831;0.4;0
2532;2025.07.22 09:00;15;10;9.75;829;0.4;0
2533;2025.07.22 09:15;14.81;9.75;9.69;827;0.3;0
2534;2025.07.22 09:30;14.62;9.44;9.25;826;0.3;0
2535;2025.07.22 09:45;14.5;8.94;8.75;824;0.2;0
2536;2025.07.22 10:00;14.31;8.75;8.5;824;0.2;0
2537;2025.07.22 10:15;14.12;9;8.75;824;0.2;0
2538;2025.07.22 10:30;14;8.88;8.56;824;0.2;0
2539;2025.07.22 10:45;13.88;8.62;8.19;824;0.2;0
2540;2025.07.22 11:00;13.75;9.12;8.75;826;0.3;0
2541;2025.07.22 11:15;13.69;9.25;9;826;0.3;0
2542;2025.07.22 11:30;13.62;9.06;8.62;826;0.3;0
2543;2025.07.22 11:45;13.5;8.94;8.5;826;0.3;0
2544;2025.07.22 12:00;13.44;9.12;8.88;825;0.3;0
2545;2025.07.22 12:15;13.38;9.25;9;825;0.3;0
2546;2025.07.22 12:30;13.31;9.25;8.88;824;0.2;0
2547;2025.07.22 12:45;13.25;9.44;9.06;825;0.3;0
2548;2025.07.22 13:00;13.19;9.75;9.38;826;0.3;0
2549;2025.07.22 13:15;13.19;10.38;10.06;828;0.4;0
2550;2025.07.22 13:30;13.19;11.25;10.88;830;0.4;0
2551;2025.07.22 13:45;13.25;11.75;11.38;830;0.4;0
2552;2025.07.22 14:00;13.25;13.31;13.12;834;0.5;0
2553;2025.07.22 14:15;13.38;13.38;13.12;835;0.6;0
2554;2025.07.22 14:30;13.44;16.12;15.62;841;0.8;0
2555;2025.07.22 14:45;13.62;17.06;16.44;844;0.9;0
2556;2025.07.22 15:00;13.88;19.25;19.12;851;1.1;0
2557;2025.07.22 15:15;14.12;20.69;20;855;1.2;0
2558;2025.07.22 15:30;14.5;24.75;23;865;1.5;0
2559;2025.07.22 15:45;15;25.25;23.25;867;1.6;0
2560;2025.07.22 16:00;15.5;25;22.88;868;1.6;0
2561;2025.07.22 16:15;16;29.5;26.19;878;1.9;0
2562;2025.07.22 16:30;16.75;34.62;29.81;889;2.2;0
2563;2025.07.22 16:45;17.75;36.5;30.44;896;2.5;0
2564;2025.07.22 17:00;18.75;35.25;29.38;893;2.4;0
2565;2025.07.22 17:15;19.62;37.81;31.38;902;2.6;0
2566;2025.07.22 17:30;20.56;39.12;32.38;908;2.8;0
2567;2025.07.22 17:45;21.56;41;32.81;917;3.1;0
2568;2025.07.22 18:00;22.5;41.5;33.69;920;3.2;0
2569;2025.07.22 18:15;23.44;37.88;29.62;910;2.9;0
2570;2025.07.22 18:30;23.75;38.25;32.44;914;3.0;0
2571;2025.07.22 18:45;24.25;37.38;31.25;912;2.9;0
2572;2025.07.22 19:00;24.5;32.25;26.56;896;2.5;0
2573;2025.07.22 19:15;24.56;34.88;29.31;903;2.7;0
2574;2025.07.22 19:30;24.75;32.88;28.06;897;2.5;0
2575;2025.07.22 19:45;24.69;29.25;24.88;887;2.2;0
2576;2025.07.22 20:00;24.5;33;28.12;897;2.5;0
2577;2025.07.22 20:15;24.5;28.06;23.75;884;2.1;0
2578;2025.07.22 20:30;24.38;33;27.94;897;2.5;0
2579;2025.07.22 20:45;24.5;34.31;29.25;906;2.8;0
2580;2025.07.22 21:00;24.81;38.62;31.75;917;3.1;0
2581;2025.07.22 21:15;25.25;34.75;28.12;904;2.7;0
2582;2025.07.22 21:30;25.31;29.12;24.12;888;2.2;0
2583;2025.07.22 21:45;25;29.38;25.94;889;2.2;0
2584;2025.07.22 22:00;24.75;30.06;26.31;889;2.2;0
2585;2025.07.22 22:15;24.5;27.94;25.5;882;2.0;0
2586;2025.07.22 22:30;24.19;27.12;25.12;880;2.0;0
2587;2025.07.22 22:45;23.94;28.25;26;882;2.0;0
2588;2025.07.22 23:00;23.75;25.81;23.38;877;1.9;0
2589;2025.07.22 23:15;23.5;25.25;23.12;876;1.8;0
2590;2025.07.22 23:30;23.25;26.88;25.62;884;2.1;0
2591;2025.07.22 23:45;23.12;24.56;22.88;875;1.8;0
2592;2025.07.23 00:00;22.81;23;21.62;871;1.7;0
2593;2025.07.23 00:15;22.5;22.5;21.31;869;1.6;0
2594;2025.07.23 00:30;22.19;21.5;20.31;867;1.6;0
2595;2025.07.23 00:45;21.88;19.69;18.56;862;1.4;0
2596;2025.07.23 01:00;21.5;18.69;17.94;859;1.3;0
2597;2025.07.23 01:15;21.12;17.62;16.88;856;1.2;0
2598;2025.07.23 01:30;20.75;16.31;15.62;853;1.1;0
2599;2025.07.23 01:45;20.38;14.88;14.19;849;1.0;0
2600;2025.07.23 02:00;20;13.88;13.31;847;0.9;0
2601;2025.07.23 02:15;19.62;13;12.5;844;0.9;0
2602;2025.07.23 02:30;19.19;12.12;11.62;842;0.8;0
2603;2025.07.23 02:45;18.81;11.5;11;840;0.7;0
2604;2025.07.23 03:00;18.44;10.75;10.25;838;0.7;0
2605;2025.07.23 03:15;18.12;10.25;9.75;837;0.6;0
2606;2025.07.23 03:30;17.75;9.75;9.38;834;0.5;0
2607;2025.07.23 03:45;17.38;9.38;8.88;830;0.4;0
2608;2025.07.23 04:00;17.12;9;8.5;830;0.4;0
2609;2025.07.23 04:15;16.75;8.62;8.19;828;0.4;0
2610;2025.07.23 04:30;16.5;8.44;8.12;827;0.3;0
2611;2025.07.23 04:45;16.25;8.31;8.12;827;0.3;0
2612;2025.07.23 05:00;16;7.88;7.44;826;0.3;0
2613;2025.07.23 05:15;15.75;7.5;6.94;825;0.3;0
2614;2025.07.23 05:30;15.5;7.12;6.5;823;0.2;0
2615;2025.07.23 05:45;15.25;6.81;6.31;822;0.2;0
2616;2025.07.23 06:00;15;6.5;5.88;821;0.1;0
2617;2025.07.23 06:15;14.75;6.12;5.56;820;0.1;0
2618;2025.07.23 06:30;14.56;6;5.5;819;0.1;0
2619;2025.07.23 06:45;14.38;5.88;5.31;818;0.0;0
2620;2025.07.23 07:00;14.12;5.5;4.88;817;0.0;0
2621;2025.07.23 07:15;13.94;5.31;4.75;816;0.0;0
2622;2025.07.23 07:30;13.75;5.12;4.62;815;0.0;0
2623;2025.07.23 07:45;13.56;5;4.44;814;0.0;0
2624;2025.07.23 08:00;13.38;4.75;4.12;813;0.0;0
2625;2025.07.23 08:15;13.25;4.62;4.12;813;0.0;0
2626;2025.07.23 08:30;13;4.38;3.81;812;0.0;0
2627;2025.07.23 08:45;12.88;4.25;3.75;811;0.0;0
2628;2025.07.23 09:00;12.75;4.12;3.62;810;0.0;0
2629;2025.07.23 09:15;12.56;3.88;3.25;811;0.0;0
2630;2025.07.23 09:30;12.38;3.69;3.12;808;0.0;0
2631;2025.07.23 09:45;12.25;3.56;3;808;0.0;0
2632;2025.07.23 10:00;12.12;3.38;2.88;807;0.0;0
2633;2025.07.23 10:15;11.94;3.56;3.06;807;0.0;0
2634;2025.07.23 10:30;11.88;4.94;4.5;810;0.0;0
2635;2025.07.23 10:45;11.81;6;5.5;812;0.0;0
2636;2025.07.23 11:00;11.75;6.81;6.5;814;0.0;0
2637;2025.07.23 11:15;11.75;7;6.5;813;0.0;0
2638;2025.07.23 11:30;11.75;7.06;6.5;813;0.0;0
2639;2025.07.23 11:45;11.75;6.88;6.25;814;0.0;0
2640;2025.07.23 12:00;11.75;6.25;5.69;812;0.0;0
2641;2025.07.23 12:15;11.75;6.25;5.62;815;0.0;0
2642;2025.07.23 12:30;11.62;6.56;6.06;814;0.0;0
2643;2025.07.23 12:45;11.62;6.69;6.19;811;0.0;0
2644;2025.07.23 13:00;11.62;7.75;7.38;813;0.0;0
2645;2025.07.23 13:15;11.62;8.12;7.56;814;0.0;0
2646;2025.07.23 13:30;11.62;7.25;6.62;812;0.0;0
2647;2025.07.23 13:45;11.62;8.62;8.25;814;0.0;0
2648;2025.07.23 14:00;11.69;10.25;10.19;818;0.0;0
2649;2025.07.23 14:15;11.75;10.31;9.75;818;0.0;0
2650;2025.07.23 14:30;11.88;14.75;13.38;827;0.3;0
2651;2025.07.23 14:45;12.06;21.25;19;843;0.8;0
2652;2025.07.23 15:00;12.5;21.75;19.38;847;0.9;0
2653;2025.07.23 15:15;13;25.12;22.31;855;1.2;0
2654;2025.07.23 15:30;13.62;26.75;23.38;858;1.3;0
2655;2025.07.23 15:45;14.25;27.88;24.38;862;1.4;0
2656;2025.07.23 16:00;14.88;29.56;25.88;869;1.6;0
2657;2025.07.23 16:15;15.62;34.81;29.12;884;2.1;0
2658;2025.07.23 16:30;16.56;30.69;25;874;1.8;0
2659;2025.07.23 16:45;17.25;31.88;26.75;879;1.9;0
2660;2025.07.23 17:00;18;34.5;28.75;887;2.2;0
2661;2025.07.23 17:15;18.88;36.62;29.62;894;2.4;0
2662;2025.07.23 17:30;19.88;37.44;30.12;898;2.5;0
2663;2025.07.23 17:45;20.75;38.62;30.88;903;2.7;0
2664;2025.07.23 18:00;21.62;38.56;31;904;2.7;0
2665;2025.07.23 18:15;22.44;39.31;32.62;907;2.8;0
2666;2025.07.23 18:30;23.25;41;34.25;913;3.0;0
2667;2025.07.23 18:45;24;38.81;31;907;2.8;0
2668;2025.07.23 19:00;24.56;39.75;32.25;911;2.9;0
2669;2025.07.23 19:15;25.12;37.62;31.06;906;2.8;0
2670;2025.07.23 19:30;25.56;40.25;33.44;915;3.0;0
2671;2025.07.23 19:45;26.12;39.75;32.25;913;3.0;0
2672;2025.07.23 20:00;26.38;36.81;30.38;906;2.8;0
2673;2025.07.23 20:15;26.56;36.38;29.62;905;2.7;0
2674;2025.07.23 20:30;26.62;34.25;28.06;896;2.5;0
2675;2025.07.23 20:45;26.56;38.62;31.5;913;3.0;0
2676;2025.07.23 21:00;27;41.31;32.75;919;3.2;0
2677;2025.07.23 21:15;27.5;39.75;31.88;914;3.0;0
2678;2025.07.23 21:30;27.62;39.62;31.88;912;2.9;0
2679;2025.07.23 21:45;27.69;36.38;29.75;902;2.6;0
2680;2025.07.23 22:00;27.5;35.5;29.38;898;2.5;0
2681;2025.07.23 22:15;27.12;31.38;27.81;885;2.1;0
2682;2025.07.23 22:30;26.69;32;29.31;884;2.1;0
2683;2025.07.23 22:45;26.31;30.5;28;881;2.0;0
2684;2025.07.23 23:00;26;28.38;25.12;876;1.8;0
2685;2025.07.23 23:15;25.62;26.81;23.88;872;1.7;0
2686;2025.07.23 23:30;25.25;26.88;24.81;873;1.8;0
2687;2025.07.23 23:45;24.88;25.56;24.31;866;1.5;0
2688;2025.07.24 00:00;24.38;23.5;22.38;860;1.4;0
2689;2025.07.24 00:15;23.88;23.38;22.38;860;1.4;0
2690;2025.07.24 00:30;23.5;22.5;21.62;857;1.3;0
2691;2025.07.24 00:45;23.12;22.06;21.25;855;1.2;0
2692;2025.07.24 01:00;22.75;20.25;19.38;851;1.1;0
2693;2025.07.24 01:15;22.31;19.5;18.62;848;1.0;0
2694;2025.07.24 01:30;21.94;20;19.62;849;1.0;0
2695;2025.07.24 01:45;21.62;18.75;18.25;846;0.9;0
2696;2025.07.24 02:00;21.25;17.25;16.75;842;0.8;0
2697;2025.07.24 02:15;20.88;16.25;16;839;0.7;0
2698;2025.07.24 02:30;20.5;15.12;14.88;835;0.6;0
2699;2025.07.24 02:45;20.12;13.88;13.38;832;0.5;0
2700;2025.07.24 03:00;19.75;12.75;12.12;829;0.4;0
2701;2025.07.24 03:15;19.38;11.88;11.38;826;0.3;0
2702;2025.07.24 03:30;19;11.19;10.75;824;0.2;0
2703;2025.07.24 03:45;18.62;10.56;10.12;823;0.2;0
2704;2025.07.24 04:00;18.25;10;9.5;821;0.1;0
2705;2025.07.24 04:15;17.88;9.5;9.12;819;0.1;0
2706;2025.07.24 04:30;17.56;9.06;8.62;818;0.0;0
2707;2025.07.24 04:45;17.25;8.62;8.12;816;0.0;0
2708;2025.07.24 05:00;16.94;8.12;7.5;815;0.0;0
2709;2025.07.24 05:15;16.62;7.75;7.25;813;0.0;0
2710;2025.07.24 05:30;16.38;7.38;6.88;812;0.0;0
2711;2025.07.24 05:45;16;7.06;6.5;811;0.0;0
2712;2025.07.24 06:00;15.81;6.75;6.31;810;0.0;0
2713;2025.07.24 06:15;15.5;6.5;5.88;809;0.0;0
2714;2025.07.24 06:30;15.31;6.12;5.62;807;0.0;0
2715;2025.07.24 06:45;15.06;5.88;5.38;806;0.0;0
2716;2025.07.24 07:00;14.88;5.56;5;805;0.0;0
2717;2025.07.24 07:15;14.62;5.31;4.75;804;0.0;0
2718;2025.07.24 07:30;14.38;5.12;4.62;803;0.0;0
2719;2025.07.24 07:45;14.12;4.88;4.38;802;0.0;0
2720;2025.07.24 08:00;13.94;4.69;4.19;801;0.0;0
2721;2025.07.24 08:15;13.75;4.56;4.12;800;0.0;0
2722;2025.07.24 08:30;13.5;4.31;3.88;799;0.0;0
2723;2025.07.24 08:45;13.38;4.06;3.56;798;0.0;0
2724;2025.07.24 09:00;13.19;3.94;3.44;797;0.0;0
2725;2025.07.24 09:15;13;3.69;3.12;796;0.0;0
2726;2025.07.24 09:30;12.88;3.5;2.94;795;0.0;0
2727;2025.07.24 09:45;12.62;3.31;2.81;795;0.0;0
2728;2025.07.24 10:00;12.5;3.25;2.69;794;0.0;0
2729;2025.07.24 10:15;12.31;3.12;2.62;793;0.0;0
2730;2025.07.24 10:30;12.19;2.88;2.31;792;0.0;0
2731;2025.07.24 10:45;12;2.75;2.25;792;0.0;0
2732;2025.07.24 11:00;11.88;2.75;2.25;791;0.0;0
2733;2025.07.24 11:15;11.75;2.62;2.06;790;0.0;0
2734;2025.07.24 11:30;11.56;2.5;2;790;0.0;0
2735;2025.07.24 11:45;11.44;2.44;2;789;0.0;0
2736;2025.07.24 12:00;11.31;2.44;2;789;0.0;0
2737;2025.07.24 12:15;11.19;2.44;2;789;0.0;0
2738;2025.07.24 12:30;11.12;2.5;2.06;789;0.0;0
2739;2025.07.24 12:45;11;2.69;2.12;789;0.0;0
2740;2025.07.24 13:00;10.88;2.94;2.44;789;0.0;0
2741;2025.07.24 13:15;10.81;3.31;2.88;790;0.0;0
2742;2025.07.24 13:30;10.75;3.62;3.19;791;0.0;0
2743;2025.07.24 13:45;10.75;4.44;4.12;792;0.0;0
2744;2025.07.24 14:00;10.69;10;11.75;802;0.0;0
2745;2025.07.24 14:15;10.81;13;13.88;810;0.0;0
2746;2025.07.24 14:30;11;18.88;17.62;822;0.2;0
2747;2025.07.24 14:45;11.38;22;19.88;832;0.5;0
2748;2025.07.24 15:00;11.88;23.12;21.19;839;0.7;0
2749;2025.07.24 15:15;12.5;26.5;23.75;847;0.9;0
2750;2025.07.24 15:30;13.25;29.62;26.25;855;1.2;0
2751;2025.07.24 15:45;14.06;29.75;26.5;857;1.3;0
2752;2025.07.24 16:00;14.75;31;27.38;862;1.4;0
2753;2025.07.24 16:15;15.56;35.12;30.5;875;1.8;0
2754;2025.07.24 16:30;16.56;37;31.69;882;2.0;0
2755;2025.07.24 16:45;17.62;37.5;32.12;885;2.1;0
2756;2025.07.24 17:00;18.62;38.62;32.75;891;2.3;0
2757;2025.07.24 17:15;19.62;40;34;896;2.5;0
2758;2025.07.24 17:30;20.62;41;33.75;901;2.6;0
2759;2025.07.24 17:45;21.5;41.06;33.38;903;2.7;0
2760;2025.07.24 18:00;22.38;41.62;34.56;906;2.8;0
2761;2025.07.24 18:15;23.19;41.88;35.38;908;2.8;0
2762;2025.07.24 18:30;24;44;36.25;916;3.1;0
2763;2025.07.24 18:45;24.75;41.75;34;910;2.9;0
2764;2025.07.24 19:00;25.25;40.62;33.88;906;2.8;0
2765;2025.07.24 19:15;25.5;33.94;28.12;886;2.2;0
2766;2025.07.24 19:30;25.25;31.12;27;880;2.0;0
2767;2025.07.24 19:45;24.94;29.81;26.25;873;1.8;0
2768;2025.07.24 20:00;24.62;26.75;23.5;865;1.5;0
2769;2025.07.24 20:15;24.12;24.38;21.69;858;1.3;0
2770;2025.07.24 20:30;23.62;22.62;20.56;852;1.1;0
2771;2025.07.24 20:45;23.12;24.62;22.75;857;1.3;0
2772;2025.07.24 21:00;22.81;24.12;22.56;855;1.2;0
2773;2025.07.24 21:15;22.62;28.25;25.56;867;1.6;0
2774;2025.07.24 21:30;22.56;26.88;24.5;863;1.4;0
2775;2025.07.24 21:45;22.56;28.38;25.56;866;1.5;0
2776;2025.07.24 22:00;22.5;24.56;22.12;858;1.3;0
2777;2025.07.24 22:15;22.25;21.62;19.75;850;1.0;0
2778;2025.07.24 22:30;21.88;18.5;17.12;842;0.8;0
2779;2025.07.24 22:45;21.38;18.25;16.81;842;0.8;0
2780;2025.07.24 23:00;21;18.94;17.62;843;0.8;0
2781;2025.07.24 23:15;20.69;18.19;17;843;0.8;0
2782;2025.07.24 23:30;20.38;15.88;15.12;840;0.7;0
2783;2025.07.24 23:45;20;16;15.25;839;0.7;0
2784;2025.07.25 00:00;19.62;16.75;16.12;840;0.7;0
2785;2025.07.25 00:15;19.38;17.31;16.75;840;0.7;0
2786;2025.07.25 00:30;19.12;17.44;17;840;0.7;0
2787;2025.07.25 00:45;19;18.5;18.25;842;0.8;0
2788;2025.07.25 01:00;18.88;18;17.56;840;0.7;0
2789;2025.07.25 01:15;18.69;18.25;17.88;840;0.7;0
2790;2025.07.25 01:30;18.56;17.38;16.88;837;0.6;0
2791;2025.07.25 01:45;18.38;17.38;16.88;837;0.6;0
2792;2025.07.25 02:00;18.25;17.25;16.94;837;0.6;0
2793;2025.07.25 02:15;18.12;16.69;16.38;835;0.6;0
2794;2025.07.25 02:30;18;16.88;16.88;835;0.6;0
2795;2025.07.25 02:45;17.88;16.5;16.38;833;0.5;0
2796;2025.07.25 03:00;17.75;15.88;16;831;0.4;0
2797;2025.07.25 03:15;17.5;14.25;14.31;826;0.3;0
2798;2025.07.25 03:30;17.31;12.25;11.81;821;0.1;0
2799;2025.07.25 03:45;17;11.25;11.12;818;0.0;0
2800;2025.07.25 04:00;16.75;10.69;10.88;816;0.0;0
2801;2025.07.25 04:15;16.5;10.5;10.81;815;0.0;0
2802;2025.07.25 04:30;16.25;9.75;9.75;813;0.0;0
2803;2025.07.25 04:45;15.94;9.12;9;811;0.0;0
2804;2025.07.25 05:00;15.69;8.5;8.31;810;0.0;0
2805;2025.07.25 05:15;15.5;8;7.75;808;0.0;0
2806;2025.07.25 05:30;15.19;7.5;7.06;806;0.0;0
2807;2025.07.25 05:45;15;6.88;6.5;805;0.0;0
2808;2025.07.25 06:00;14.75;6.56;6.25;803;0.0;0
2809;2025.07.25 06:15;14.5;6.19;5.75;802;0.0;0
2810;2025.07.25 06:30;14.25;5.81;5.38;801;0.0;0
2811;2025.07.25 06:45;14.06;5.5;5.06;800;0.0;0
2812;2025.07.25 07:00;13.88;5.12;4.75;798;0.0;0
2813;2025.07.25 07:15;13.62;4.94;4.5;798;0.0;0
2814;2025.07.25 07:30;13.5;4.69;4.25;797;0.0;0
2815;2025.07.25 07:45;13.25;4.38;3.88;795;0.0;0
2816;2025.07.25 08:00;13.06;4.12;3.69;795;0.0;0
2817;2025.07.25 08:15;12.88;4;3.62;794;0.0;0
2818;2025.07.25 08:30;12.69;3.75;3.25;793;0.0;0
2819;2025.07.25 08:45;12.5;3.5;3.12;792;0.0;0
2820;2025.07.25 09:00;12.31;3.25;2.88;791;0.0;0
2821;2025.07.25 09:15;12.12;3.12;2.75;790;0.0;0
2822;2025.07.25 09:30;12;3;2.62;790;0.0;0
2823;2025.07.25 09:45;11.88;2.75;2.38;789;0.0;0
2824;2025.07.25 10:00;11.69;2.56;2.25;788;0.0;0
2825;2025.07.25 10:15;11.5;2.44;2.12;788;0.0;0
2826;2025.07.25 10:30;11.38;2.25;2;787;0.0;0
2827;2025.07.25 10:45;11.25;2.12;1.81;786;0.0;0
2828;2025.07.25 11:00;11.06;2;1.69;786;0.0;0
2829;2025.07.25 11:15;10.94;1.88;1.56;785;0.0;0
2830;2025.07.25 11:30;10.75;1.75;1.5;785;0.0;0
2831;2025.07.25 11:45;10.69;1.75;1.56;785;0.0;0
2832;2025.07.25 12:00;10.56;1.75;1.5;784;0.0;0
2833;2025.07.25 12:15;10.44;1.88;1.62;784;0.0;0
2834;2025.07.25 12:30;10.38;1.94;1.69;785;0.0;0
2835;2025.07.25 12:45;10.25;2.19;1.88;785;0.0;0
2836;2025.07.25 13:00;10.12;2.5;2.25;785;0.0;0
2837;2025.07.25 13:15;10.12;2.94;2.62;786;0.0;0
2838;2025.07.25 13:30;10.06;3.25;3;787;0.0;0
2839;2025.07.25 13:45;10;3.75;3.44;788;0.0;0
2840;2025.07.25 14:00;10;8.62;9.75;797;0.0;0
2841;2025.07.25 14:15;10.12;11.5;12.38;805;0.0;0
2842;2025.07.25 14:30;10.38;17.94;16.88;818;0.0;0
2843;2025.07.25 14:45;10.69;20.56;18.94;827;0.3;0
2844;2025.07.25 15:00;11.12;22.38;20.88;835;0.6;0
2845;2025.07.25 15:15;11.75;26.06;23.5;845;0.9;0
2846;2025.07.25 15:30;12.56;29.5;26.19;853;1.1;0
2847;2025.07.25 15:45;13.38;29.44;26.38;855;1.2;0
2848;2025.07.25 16:00;14.12;31.62;28.31;862;1.4;0
2849;2025.07.25 16:15;15;35.44;30.81;874;1.8;0
2850;2025.07.25 16:30;16;37.38;31.75;881;2.0;0
2851;2025.07.25 16:45;17;38.44;32.38;886;2.2;0
2852;2025.07.25 17:00;18.12;39.94;33.81;892;2.3;0
2853;2025.07.25 17:15;19.12;41.06;34.44;897;2.5;0
2854;2025.07.25 17:30;20.12;40.75;34;898;2.5;0
2855;2025.07.25 17:45;21.12;42.12;34.81;904;2.7;0
2856;2025.07.25 18:00;22.06;42.5;35.38;907;2.8;0
2857;2025.07.25 18:15;22.88;42.19;34.94;907;2.8;0
2858;2025.07.25 18:30;23.69;42.5;35.44;909;2.9;0
2859;2025.07.25 18:45;24.38;42.75;35.38;912;2.9;0
2860;2025.07.25 19:00;25.12;44;36.06;917;3.1;0
2861;2025.07.25 19:15;25.88;44.69;36.5;920;3.2;0
2862;2025.07.25 19:30;26.5;44.38;36.56;921;3.2;0
2863;2025.07.25 19:45;27.12;44.56;36;922;3.3;0
2864;2025.07.25 20:00;27.62;44.69;35.62;923;3.3;0
2865;2025.07.25 20:15;28.12;45.12;36.25;926;3.4;0
2866;2025.07.25 20:30;28.62;41.5;32.56;913;3.0;0
2867;2025.07.25 20:45;28.62;39.62;31.88;907;2.8;0
2868;2025.07.25 21:00;28.44;35.94;29.81;897;2.5;0
2869;2025.07.25 21:15;28.25;39.19;32;905;2.7;0
2870;2025.07.25 21:30;28.25;38.75;31.25;900;2.6;0
2871;2025.07.25 21:45;28.12;34.25;29.06;886;2.2;0
2872;2025.07.25 22:00;27.75;35.62;31.5;887;2.2;0
2873;2025.07.25 22:15;27.31;32.12;29.94;876;1.8;0
2874;2025.07.25 22:30;26.81;29.12;27;867;1.6;0
2875;2025.07.25 22:45;26.25;27.12;25.56;862;1.4;0
2876;2025.07.25 23:00;25.75;27.25;26.19;862;1.4;0
2877;2025.07.25 23:15;25.38;28.38;27.25;861;1.4;0
2878;2025.07.25 23:30;24.94;24.94;23.56;854;1.2;0
2879;2025.07.25 23:45;24.5;24.38;24.62;851;1.1;0
2880;2025.07.26 00:00;24;23.12;23.12;847;0.9;0
2881;2025.07.26 00:15;23.5;21.75;21.38;842;0.8;0
2882;2025.07.26 00:30;23;20;19.25;837;0.6;0
2883;2025.07.26 00:45;22.5;18.75;18.19;834;0.5;0
2884;2025.07.26 01:00;22.06;17.88;17.62;831;0.4;0
2885;2025.07.26 01:15;21.62;17.75;18.12;829;0.4;0
2886;2025.07.26 01:30;21.25;16.94;16.94;827;0.3;0
2887;2025.07.26 01:45;20.81;16.5;16.75;825;0.3;0
2888;2025.07.26 02:00;20.44;15.19;14.94;821;0.1;0
2889;2025.07.26 02:15;20.06;14.19;14.06;818;0.0;0
2890;2025.07.26 02:30;19.69;13.38;13.25;815;0.0;0
2891;2025.07.26 02:45;19.31;12.38;12.12;812;0.0;0
2892;2025.07.26 03:00;18.88;11.38;11.19;809;0.0;0
2893;2025.07.26 03:15;18.5;10.56;10.31;806;0.0;0
2894;2025.07.26 03:30;18.12;9.81;9.5;804;0.0;0
2895;2025.07.26 03:45;17.81;9.38;9.12;802;0.0;0
2896;2025.07.26 04:00;17.5;9.06;8.75;801;0.0;0
2897;2025.07.26 04:15;17.12;8.5;8.25;799;0.0;0
2898;2025.07.26 04:30;16.81;8.12;7.94;798;0.0;0
2899;2025.07.26 04:45;16.5;7.62;7.25;796;0.0;0
2900;2025.07.26 05:00;16.25;7.06;6.75;794;0.0;0
2901;2025.07.26 05:15;15.94;6.62;6.25;792;0.0;0
2902;2025.07.26 05:30;15.62;6.12;5.62;790;0.0;0
2903;2025.07.26 05:45;15.38;5.75;5.31;789;0.0;0
2904;2025.07.26 06:00;15.12;5.38;4.88;788;0.0;0
2905;2025.07.26 06:15;14.88;5.06;4.69;786;0.0;0
2906;2025.07.26 06:30;14.56;5;4.75;786;0.0;0
2907;2025.07.26 06:45;14.38;4.75;4.44;785;0.0;0
2908;2025.07.26 07:00;14.12;4.5;4.12;784;0.0;0
2909;2025.07.26 07:15;13.88;4.5;4.25;783;0.0;0
2910;2025.07.26 07:30;13.69;4.31;3.88;782;0.0;0
2911;2025.07.26 07:45;13.5;4.19;3.88;781;0.0;0
2912;2025.07.26 08:00;13.31;4.25;3.88;781;0.0;0
2913;2025.07.26 08:15;13.12;4.25;3.88;781;0.0;0
2914;2025.07.26 08:30;13;4.06;3.69;780;0.0;0
2915;2025.07.26 08:45;12.81;4.25;3.94;780;0.0;0
2916;2025.07.26 09:00;12.62;3.94;3.5;779;0.0;0
2917;2025.07.26 09:15;12.5;3.88;3.75;779;0.0;0
2918;2025.07.26 09:30;12.38;4.06;4;779;0.0;0
2919;2025.07.26 09:45;12.25;3.69;3.38;778;0.0;0
2920;2025.07.26 10:00;12.12;3.38;3;777;0.0;0
2921;2025.07.26 10:15;12;3.38;3;776;0.0;0
2922;2025.07.26 10:30;11.81;3;2.62;775;0.0;0
2923;2025.07.26 10:45;11.62;2.88;2.62;774;0.0;0
2924;2025.07.26 11:00;11.5;2.81;2.5;774;0.0;0
2925;2025.07.26 11:15;11.38;2.88;2.5;774;0.0;0
2926;2025.07.26 11:30;11.25;3.12;2.88;775;0.0;0
2927;2025.07.26 11:45;11.12;3.44;3.12;775;0.0;0
2928;2025.07.26 12:00;11.12;3.5;3.12;775;0.0;0
2929;2025.07.26 12:15;11;3.44;3.12;775;0.0;0
2930;2025.07.26 12:30;10.94;3.5;3.12;775;0.0;0
2931;2025.07.26 12:45;10.88;3.94;3.69;776;0.0;0
2932;2025.07.26 13:00;10.81;4.38;4.12;777;0.0;0
2933;2025.07.26 13:15;10.75;5.38;5;779;0.0;0
2934;2025.07.26 13:30;10.81;6.88;6.62;783;0.0;0
2935;2025.07.26 13:45;10.88;8.75;8.5;788;0.0;0
2936;2025.07.26 14:00;11.06;12;12;795;0.0;0
2937;2025.07.26 14:15;11.25;13.44;12.94;799;0.0;0
2938;2025.07.26 14:30;11.56;16.25;15.25;806;0.0;0
2939;2025.07.26 14:45;11.88;15.75;14.75;806;0.0;0
2940;2025.07.26 15:00;12.19;15.88;15.12;807;0.0;0
2941;2025.07.26 15:15;12.5;17.25;16.69;811;0.0;0
2942;2025.07.26 15:30;12.81;18.25;17.44;814;0.0;0
2943;2025.07.26 15:45;13.12;18.12;16.88;815;0.0;0
2944;2025.07.26 16:00;13.44;19.88;19.12;819;0.1;0
2945;2025.07.26 16:15;13.75;22.25;21;826;0.3;0
2946;2025.07.26 16:30;14.25;27.75;25.75;841;0.8;0
2947;2025.07.26 16:45;15;31.38;28.25;852;1.1;0
2948;2025.07.26 17:00;15.88;35.81;31.38;866;1.5;0
2949;2025.07.26 17:15;16.88;36.62;31.38;870;1.7;0
2950;2025.07.26 17:30;17.75;33;28.06;861;1.4;0
2951;2025.07.26 17:45;18.38;31.12;27.25;857;1.3;0
2952;2025.07.26 18:00;18.75;30.62;26.81;856;1.2;0
2953;2025.07.26 18:15;19;27.31;24.12;847;0.9;0
2954;2025.07.26 18:30;19;25.88;23.25;843;0.8;0
2955;2025.07.26 18:45;19;26.62;24.31;845;0.9;0
2956;2025.07.26 19:00;19.12;28.25;25.88;850;1.0;0
2957;2025.07.26 19:15;19.38;30.38;27.25;857;1.3;0
2958;2025.07.26 19:30;19.81;33.75;29.88;867;1.6;0
2959;2025.07.26 19:45;20.5;37.25;32.12;880;2.0;0
2960;2025.07.26 20:00;21.25;35.12;29.62;873;1.8;0
2961;2025.07.26 20:15;21.62;33.38;28.5;868;1.6;0
2962;2025.07.26 20:30;21.88;30.62;26.62;860;1.4;0
2963;2025.07.26 20:45;21.88;30.44;26.94;860;1.4;0
2964;2025.07.26 21:00;22;32.69;28.5;867;1.6;0
2965;2025.07.26 21:15;22.19;31.69;27.12;863;1.4;0
2966;2025.07.26 21:30;22.25;32;28.25;865;1.5;0
2967;2025.07.26 21:45;22.38;29.88;26.12;858;1.3;0
2968;2025.07.26 22:00;22.38;31.38;28.06;861;1.4;0
2969;2025.07.26 22:15;22.38;30.5;28;858;1.3;0
2970;2025.07.26 22:30;22.38;29;26.69;853;1.1;0
2971;2025.07.26 22:45;22.31;27.12;25.12;849;1.0;0
2972;2025.07.26 23:00;22.12;26.12;24.25;847;0.9;0
2973;2025.07.26 23:15;22;25.12;23.12;843;0.8;0
2974;2025.07.26 23:30;21.75;23.19;21.62;838;0.7;0
2975;2025.07.26 23:45;21.44;22.88;22;836;0.6;0
2976;2025.07.27 00:00;21.12;21.12;20.62;831;0.4;0
2977;2025.07.27 00:15;20.81;19.62;18.88;827;0.3;0
2978;2025.07.27 00:30;20.5;19.12;18.62;825;0.3;0
2979;2025.07.27 00:45;20.12;18.25;18.12;822;0.2;0
2980;2025.07.27 01:00;19.81;17;16.75;818;0.0;0
2981;2025.07.27 01:15;19.44;16;15.88;815;0.0;0
2982;2025.07.27 01:30;19.12;15.06;14.88;812;0.0;0
2983;2025.07.27 01:45;18.75;14.25;14.12;809;0.0;0
2984;2025.07.27 02:00;18.44;13.38;13.12;807;0.0;0
2985;2025.07.27 02:15;18.12;12.62;12.5;804;0.0;0
2986;2025.07.27 02:30;17.75;11.88;11.62;802;0.0;0
2987;2025.07.27 02:45;17.5;11;10.75;800;0.0;0
2988;2025.07.27 03:00;17.12;10.12;9.88;797;0.0;0
2989;2025.07.27 03:15;16.81;9.5;9.25;795;0.0;0
2990;2025.07.27 03:30;16.5;8.88;8.5;793;0.0;0
2991;2025.07.27 03:45;16.19;8.31;8;791;0.0;0
2992;2025.07.27 04:00;15.88;7.75;7.38;789;0.0;0
2993;2025.07.27 04:15;15.62;7.31;7;788;0.0;0
2994;2025.07.27 04:30;15.31;6.88;6.56;786;0.0;0
2995;2025.07.27 04:45;15;6.38;6.06;784;0.0;0
2996;2025.07.27 05:00;14.75;6.06;5.75;783;0.0;0
2997;2025.07.27 05:15;14.5;5.75;5.38;781;0.0;0
2998;2025.07.27 05:30;14.25;5.38;5;780;0.0;0
2999;2025.07.27 05:45;14;5.06;4.75;779;0.0;0
3000;2025.07.27 06:00;13.75;4.81;4.5;778;0.0;0
3001;2025.07.27 06:15;13.5;4.62;4.38;777;0.0;0
3002;2025.07.27 06:30;13.38;4.38;4.12;776;0.0;0
3003;2025.07.27 06:45;13.12;4.19;3.94;775;0.0;0
3004;2025.07.27 07:00;13;4;3.75;774;0.0;0
3005;2025.07.27 07:15;12.75;3.75;3.44;773;0.0;0
3006;2025.07.27 07:30;12.5;3.5;3.12;772;0.0;0
3007;2025.07.27 07:45;12.38;3.38;3.12;772;0.0;0
3008;2025.07.27 08:00;12.25;3.12;2.81;771;0.0;0
3009;2025.07.27 08:15;12;2.88;2.62;770;0.0;0
3010;2025.07.27 08:30;11.88;2.69;2.38;769;0.0;0
3011;2025.07.27 08:45;11.62;2.5;2.25;769;0.0;0
3012;2025.07.27 09:00;11.5;2.38;2.06;768;0.0;0
3013;2025.07.27 09:15;11.38;2.25;1.94;768;0.0;0
3014;2025.07.27 09:30;11.25;2.12;1.88;767;0.0;0
3015;2025.07.27 09:45;11.12;2;1.75;767;0.0;0
3016;2025.07.27 10:00;10.94;1.88;1.69;766;0.0;0
3017;2025.07.27 10:15;10.81;2.12;1.94;766;0.0;0
3018;2025.07.27 10:30;10.62;1.94;1.75;766;0.0;0
3019;2025.07.27 10:45;10.56;1.88;1.69;766;0.0;0
3020;2025.07.27 11:00;10.44;1.62;1.38;765;0.0;0
3021;2025.07.27 11:15;10.31;1.38;1.12;764;0.0;0
3022;2025.07.27 11:30;10.12;1.25;1;764;0.0;0
3023;2025.07.27 11:45;10;1.19;1;763;0.0;0
3024;2025.07.27 12:00;9.94;1.38;1.12;764;0.0;0
3025;2025.07.27 12:15;9.88;1.5;1.25;764;0.0;0
3026;2025.07.27 12:30;9.75;1.62;1.38;764;0.0;0
3027;2025.07.27 12:45;9.62;2.06;2;765;0.0;0
3028;2025.07.27 13:00;9.62;2.31;2.12;766;0.0;0
3029;2025.07.27 13:15;9.62;2.62;2.38;766;0.0;0
3030;2025.07.27 13:30;9.56;3;2.88;767;0.0;0
3031;2025.07.27 13:45;9.5;3.62;3.5;769;0.0;0
3032;2025.07.27 14:00;9.56;9.25;11.12;779;0.0;0
3033;2025.07.27 14:15;9.62;12.62;13.62;788;0.0;0
3034;2025.07.27 14:30;9.88;17.25;17;799;0.0;0
3035;2025.07.27 14:45;10.25;17.38;16.62;802;0.0;0
3036;2025.07.27 15:00;10.75;20.62;19.62;813;0.0;0
3037;2025.07.27 15:15;11.25;25;22.88;824;0.2;0
3038;2025.07.27 15:30;12;28.44;25.75;832;0.5;0
3039;2025.07.27 15:45;12.81;28.75;26.56;836;0.6;0
3040;2025.07.27 16:00;13.62;32.88;29.25;849;1.0;0
3041;2025.07.27 16:15;14.5;35.44;30.88;858;1.3;0
3042;2025.07.27 16:30;15.5;33.31;29.88;853;1.1;0
3043;2025.07.27 16:45;16.38;36.25;32;864;1.5;0
3044;2025.07.27 17:00;17.31;38.5;33.5;872;1.7;0
3045;2025.07.27 17:15;18.38;40.31;34.12;880;2.0;0
3046;2025.07.27 17:30;19.38;40.5;33.81;883;2.1;0
3047;2025.07.27 17:45;20.38;41.06;33.88;886;2.2;0
3048;2025.07.27 18:00;21.12;37;30.94;875;1.8;0
3049;2025.07.27 18:15;21.69;40.38;34;886;2.2;0
3050;2025.07.27 18:30;22.25;39.12;33.12;883;2.1;0
3051;2025.07.27 18:45;22.88;40.31;34.12;889;2.2;0
3052;2025.07.27 19:00;23.5;40.25;32.94;889;2.2;0
3053;2025.07.27 19:15;24.12;41.25;34.5;894;2.4;0
3054;2025.07.27 19:30;24.75;41.25;33.94;895;2.4;0
3055;2025.07.27 19:45;25.38;42.38;34.62;900;2.6;0
3056;2025.07.27 20:00;26;42.5;34.69;902;2.6;0
3057;2025.07.27 20:15;26.62;42.69;34.38;903;2.7;0
3058;2025.07.27 20:30;27.12;43;34.12;906;2.8;0
3059;2025.07.27 20:45;27.62;43.75;34.31;908;2.8;0
3060;2025.07.27 21:00;28.12;44;34.5;910;2.9;0
3061;2025.07.27 21:15;28.5;43.88;33.62;908;2.8;0
3062;2025.07.27 21:30;28.62;41.25;33.25;897;2.5;0
3063;2025.07.27 21:45;28.5;35.75;29.62;878;1.9;0
3064;2025.07.27 22:00;28;34.44;30.31;871;1.7;0
3065;2025.07.27 22:15;27.38;31.12;29.25;860;1.4;0
3066;2025.07.27 22:30;26.75;29.31;28.56;853;1.1;0
3067;2025.07.27 22:45;26.19;28.94;28;854;1.2;0
3068;2025.07.27 23:00;25.75;28.44;27.38;854;1.2;0
3069;2025.07.27 23:15;25.38;28;26.75;847;0.9;0
3070;2025.07.27 23:30;24.88;25.5;25.12;841;0.8;0
3071;2025.07.27 23:45;24.31;23.38;24.31;833;0.5;0
3072;2025.07.28 00:00;23.69;21.88;22.69;828;0.4;0
3073;2025.07.28 00:15;23.12;20.88;21.38;825;0.3;0
3074;2025.07.28 00:30;22.56;20.75;21;824;0.2;0
3075;2025.07.28 00:45;22.12;21.06;21.25;824;0.2;0
3076;2025.07.28 01:00;21.75;20.38;20.25;822;0.2;0
3077;2025.07.28 01:15;21.38;19.5;19.12;819;0.1;0
3078;2025.07.28 01:30;21.06;18.25;18;815;0.0;0
3079;2025.07.28 01:45;20.69;16.5;16.19;810;0.0;0
3080;2025.07.28 02:00;20.31;15.5;15.38;807;0.0;0
3081;2025.07.28 02:15;19.88;15;14.88;805;0.0;0
3082;2025.07.28 02:30;19.5;14.25;14;802;0.0;0
3083;2025.07.28 02:45;19.19;13.12;12.88;799;0.0;0
3084;2025.07.28 03:00;18.81;12.12;12;796;0.0;0
3085;2025.07.28 03:15;18.44;11.5;11.5;793;0.0;0
3086;2025.07.28 03:30;18.06;10.5;10.31;790;0.0;0
3087;2025.07.28 03:45;17.75;9.75;9.5;788;0.0;0
3088;2025.07.28 04:00;17.38;9.12;9;786;0.0;0
3089;2025.07.28 04:15;17;8.62;8.62;784;0.0;0
3090;2025.07.28 04:30;16.62;8.12;8;782;0.0;0
3091;2025.07.28 04:45;16.38;7.56;7.38;780;0.0;0
3092;2025.07.28 05:00;16;6.88;6.62;778;0.0;0
3093;2025.07.28 05:15;15.69;6.44;6.12;776;0.0;0
3094;2025.07.28 05:30;15.44;6.12;5.88;775;0.0;0
3095;2025.07.28 05:45;15.12;5.62;5.38;773;0.0;0
3096;2025.07.28 06:00;14.88;5.25;4.88;772;0.0;0
3097;2025.07.28 06:15;14.56;4.88;4.69;770;0.0;0
3098;2025.07.28 06:30;14.31;4.62;4.31;769;0.0;0
3099;2025.07.28 06:45;14.06;4.38;4.12;768;0.0;0
3100;2025.07.28 07:00;13.81;4.12;4;767;0.0;0
3101;2025.07.28 07:15;13.62;3.88;3.62;766;0.0;0
3102;2025.07.28 07:30;13.38;3.56;3.25;765;0.0;0
3103;2025.07.28 07:45;13.12;3.5;3.38;764;0.0;0
3104;2025.07.28 08:00;13;3.12;2.75;696;0.0;0
3105;2025.07.28 08:15;12.81;2.69;2.31;695;0.0;0
3106;2025.07.28 08:30;12.62;2.5;2.25;695;0.0;0
3107;2025.07.28 08:45;12.38;2.38;2.12;695;0.0;0
3108;2025.07.28 09:00;12.19;2.31;2.25;694;0.0;0
3109;2025.07.28 09:15;12;2.25;2.12;694;0.0;0
3110;2025.07.28 09:30;11.81;1.94;1.75;693;0.0;0
3111;2025.07.28 09:45;11.62;1.69;1.5;692;0.0;0
3112;2025.07.28 10:00;11.5;1.62;1.5;692;0.0;0
3113;2025.07.28 10:15;11.25;1.5;1.38;692;0.0;0
3114;2025.07.28 10:30;11.12;1.5;1.38;692;0.0;0
3115;2025.07.28 10:45;11;1.38;1.25;691;0.0;0
3116;2025.07.28 11:00;10.81;1.25;1.25;691;0.0;0
3117;2025.07.28 11:15;10.69;1.25;1.19;691;0.0;0
3118;2025.07.28 11:30;10.56;1.25;1.25;690;0.0;0
3119;2025.07.28 11:45;10.38;1.12;1.06;690;0.0;0
3120;2025.07.28 12:00;10.31;1.06;1;690;0.0;0
3121;2025.07.28 12:15;10.19;0.75;0.5;689;0.0;0
3122;2025.07.28 12:30;10.06;0.75;0.38;689;0.0;0
3123;2025.07.28 12:45;9.94;1.12;1.12;690;0.0;0
3124;2025.07.28 13:00;9.88;1.44;1.44;690;0.0;0
3125;2025.07.28 13:15;9.75;1.62;1.5;691;0.0;0
3126;2025.07.28 13:30;9.69;1.75;1.62;691;0.0;0
3127;2025.07.28 13:45;9.62;2.12;2.06;692;0.0;0
3128;2025.07.28 14:00;9.62;8.56;10.62;704;0.0;0
3129;2025.07.28 14:15;9.75;12.38;13.38;714;0.0;0
3130;2025.07.28 14:30;9.88;18.38;17.62;730;0.0;0
3131;2025.07.28 14:45;10.31;19.75;18.44;737;0.0;0
3132;2025.07.28 15:00;10.81;22.88;21.38;749;0.0;0
3133;2025.07.28 15:15;11.5;26.88;24.12;760;0.0;0
3134;2025.07.28 15:30;12.25;30.5;26.44;770;0.0;0
3135;2025.07.28 15:45;13.12;29;26.25;768;0.0;0
3136;2025.07.28 16:00;13.94;33.75;29.25;784;0.0;0
3137;2025.07.28 16:15;14.88;37.12;32.12;796;0.0;0
3138;2025.07.28 16:30;15.94;34.38;31.38;789;0.0;0
3139;2025.07.28 16:45;16.75;38.12;33.88;803;0.0;0
3140;2025.07.28 17:00;17.75;40.44;34.75;812;0.0;0
3141;2025.07.28 17:15;18.88;42.06;35.88;820;0.1;0
3142;2025.07.28 17:30;19.88;42.12;35.38;822;0.2;0
3143;2025.07.28 17:45;20.88;42.12;35.81;825;0.3;0
3144;2025.07.28 18:00;21.75;43.38;36.75;830;0.4;0
3145;2025.07.28 18:15;22.62;43.12;36.25;831;0.4;0
3146;2025.07.28 18:30;23.31;42.5;36.38;831;0.4;0
3147;2025.07.28 18:45;24;42.75;36.75;833;0.5;0
3148;2025.07.28 19:00;24.62;42.81;36.38;835;0.6;0
3149;2025.07.28 19:15;25.25;43.56;37.25;839;0.7;0
3150;2025.07.28 19:30;25.88;44.25;37.44;842;0.8;0
3151;2025.07.28 19:45;26.5;44.38;36.88;845;0.9;0
3152;2025.07.28 20:00;27.12;45.38;37.31;849;1.0;0
3153;2025.07.28 20:15;27.75;46.12;37.62;853;1.1;0
3154;2025.07.28 20:30;28.25;46.06;36.69;853;1.1;0
3155;2025.07.28 20:45;28.75;46.62;36.69;857;1.3;0
3156;2025.07.28 21:00;29.25;46;36.56;855;1.2;0
3157;2025.07.28 21:15;29.62;45.06;35.5;849;1.0;0
3158;2025.07.28 21:30;29.62;43;34.62;838;0.7;0
3159;2025.07.28 21:45;29.5;37.62;31.88;819;0.1;0
3160;2025.07.28 22:00;29;36;32.5;812;0.0;0
3161;2025.07.28 22:15;28.38;33.38;31.5;802;0.0;0
3162;2025.07.28 22:30;27.75;31.44;30.69;795;0.0;0
3163;2025.07.28 22:45;27.25;31.88;31;799;0.0;0
3164;2025.07.28 23:00;26.88;31.12;29.88;799;0.0;0
3165;2025.07.28 23:15;26.5;30.5;28.81;790;0.0;0
3166;2025.07.28 23:30;26;27.88;27.31;782;0.0;0
3167;2025.07.28 23:45;25.44;26.38;27;777;0.0;0
3168;2025.07.29 00:00;24.88;25.06;25.44;772;0.0;0
3169;2025.07.29 00:15;24.38;23.5;23.62;767;0.0;0
3170;2025.07.29 00:30;23.81;22;22.12;762;0.0;0
3171;2025.07.29 00:45;23.25;20.75;20.94;758;0.0;0
3172;2025.07.29 01:00;22.75;19.88;20.19;754;0.0;0
3173;2025.07.29 01:15;22.31;19.12;19.75;751;0.0;0
3174;2025.07.29 01:30;21.88;18.5;19.06;749;0.0;0
3175;2025.07.29 01:45;21.38;17.44;17.81;745;0.0;0
3176;2025.07.29 02:00;21;16.62;17.12;742;0.0;0
3177;2025.07.29 02:15;20.62;15.75;15.94;739;0.0;0
3178;2025.07.29 02:30;20.25;14.69;14.75;736;0.0;0
3179;2025.07.29 02:45;19.81;13.81;13.94;733;0.0;0
3180;2025.07.29 03:00;19.44;12.94;13;730;0.0;0
3181;2025.07.29 03:15;19.06;12.19;12.25;727;0.0;0
3182;2025.07.29 03:30;18.69;11.62;11.69;725;0.0;0
3183;2025.07.29 03:45;18.38;10.88;10.75;722;0.0;0
3184;2025.07.29 04:00;18;10.19;10.12;720;0.0;0
3185;2025.07.29 04:15;17.62;9.75;9.81;718;0.0;0
3186;2025.07.29 04:30;17.38;9.25;9.19;716;0.0;0
3187;2025.07.29 04:45;17;8.75;8.75;715;0.0;0
3188;2025.07.29 05:00;16.75;8.25;8.06;713;0.0;0
3189;2025.07.29 05:15;16.44;7.75;7.62;711;0.0;0
3190;2025.07.29 05:30;16.12;7.38;7.19;710;0.0;0
3191;2025.07.29 05:45;15.88;7;6.88;708;0.0;0
3192;2025.07.29 06:00;15.62;6.69;6.62;707;0.0;0
3193;2025.07.29 06:15;15.38;6.38;6.25;706;0.0;0
3194;2025.07.29 06:30;15.12;6.12;5.94;705;0.0;0
3195;2025.07.29 06:45;14.88;5.88;5.75;704;0.0;0
3196;2025.07.29 07:00;14.62;5.5;5.38;703;0.0;0
3197;2025.07.29 07:15;14.38;5.44;5.31;702;0.0;0
3198;2025.07.29 07:30;14.19;5.56;5.5;702;0.0;0
3199;2025.07.29 07:45;14;5.56;5.44;702;0.0;0
3200;2025.07.29 08:00;13.81;5.38;5.19;701;0.0;0
3201;2025.07.29 08:15;13.62;5.12;5;700;0.0;0
3202;2025.07.29 08:30;13.5;4.81;4.62;699;0.0;0
3203;2025.07.29 08:45;13.25;5;4.88;699;0.0;0
3204;2025.07.29 09:00;13.19;6.75;7;704;0.0;0
3205;2025.07.29 09:15;13.12;7.38;7.31;705;0.0;0
3206;2025.07.29 09:30;13;6;5.62;701;0.0;0
3207;2025.07.29 09:45;12.94;6.88;6.75;704;0.0;0
3208;2025.07.29 10:00;12.88;8.5;8.94;707;0.0;0
3209;2025.07.29 10:15;12.88;8.06;8;706;0.0;0
3210;2025.07.29 10:30;12.75;7.5;7.19;705;0.0;0
3211;2025.07.29 10:45;12.75;8;8;706;0.0;0
3212;2025.07.29 11:00;12.69;8;7.88;706;0.0;0
3213;2025.07.29 11:15;12.62;7.12;7;704;0.0;0
3214;2025.07.29 11:30;12.56;6.5;6.19;702;0.0;0
3215;2025.07.29 11:45;12.44;6;5.88;701;0.0;0
3216;2025.07.29 12:00;12.31;5.12;4.94;699;0.0;0
3217;2025.07.29 12:15;12.12;4.62;4.5;697;0.0;0
3218;2025.07.29 12:30;12;4.5;4.38;696;0.0;0
3219;2025.07.29 12:45;11.88;4.38;4.31;696;0.0;0
3220;2025.07.29 13:00;11.75;4.25;4.12;696;0.0;0
3221;2025.07.29 13:15;11.62;4.19;4;695;0.0;0
3222;2025.07.29 13:30;11.5;4.38;4.25;696;0.0;0
3223;2025.07.29 13:45;11.38;4.5;4.44;696;0.0;0
3224;2025.07.29 14:00;11.31;10.62;12.94;707;0.0;0
3225;2025.07.29 14:15;11.38;15.12;16.5;718;0.0;0
3226;2025.07.29 14:30;11.56;20.5;19.88;733;0.0;0
3227;2025.07.29 14:45;11.88;19.62;18.62;735;0.0;0
3228;2025.07.29 15:00;12.31;21.62;20.38;742;0.0;0
3229;2025.07.29 15:15;12.81;24.62;22.38;751;0.0;0
3230;2025.07.29 15:30;13.5;28.69;25.06;762;0.0;0
3231;2025.07.29 15:45;14.12;28;25.25;763;0.0;0
3232;2025.07.29 16:00;14.88;33.12;28.81;779;0.0;0
3233;2025.07.29 16:15;15.75;36.12;30.62;790;0.0;0
3234;2025.07.29 16:30;16.75;32.5;29.25;780;0.0;0
3235;2025.07.29 16:45;17.44;36.5;32.38;795;0.0;0
3236;2025.07.29 17:00;18.31;39;34.31;804;0.0;0
3237;2025.07.29 17:15;19.31;40.75;34.94;811;0.0;0
3238;2025.07.29 17:30;20.19;41.81;36.5;816;0.0;0
3239;2025.07.29 17:45;21;35.62;30.44;798;0.0;0
3240;2025.07.29 18:00;21.19;29.5;26.56;780;0.0;0
3241;2025.07.29 18:15;21;25.38;23.31;768;0.0;0
3242;2025.07.29 18:30;20.69;24.12;22.88;764;0.0;0
3243;2025.07.29 18:45;20.5;29.81;28.5;781;0.0;0
3244;2025.07.29 19:00;20.75;32;29.06;787;0.0;0
3245;2025.07.29 19:15;21;32.88;29.62;790;0.0;0
3246;2025.07.29 19:30;21.31;31.06;27.94;785;0.0;0
3247;2025.07.29 19:45;21.5;29.38;26.75;780;0.0;0
3248;2025.07.29 20:00;21.44;25.75;23.5;769;0.0;0
3249;2025.07.29 20:15;21.25;23.38;21.75;762;0.0;0
3250;2025.07.29 20:30;20.88;22.5;21.25;760;0.0;0
3251;2025.07.29 20:45;20.69;25.12;23.88;767;0.0;0
3252;2025.07.29 21:00;20.75;30.75;28.62;786;0.0;0
3253;2025.07.29 21:15;21.06;30;26.94;781;0.0;0
3254;2025.07.29 21:30;21.31;29.94;27;781;0.0;0
3255;2025.07.29 21:45;21.5;30.88;28.12;784;0.0;0
3256;2025.07.29 22:00;21.62;31;28.38;784;0.0;0
3257;2025.07.29 22:15;21.75;30.12;28;781;0.0;0
3258;2025.07.29 22:30;21.81;29.25;27.81;778;0.0;0
3259;2025.07.29 22:45;21.94;29.75;28.19;781;0.0;0
3260;2025.07.29 23:00;22.06;30.75;28.69;785;0.0;0
3261;2025.07.29 23:15;22.12;29.62;27.75;779;0.0;0
3262;2025.07.29 23:30;22.12;27.12;26;772;0.0;0
3263;2025.07.29 23:45;21.88;25.12;25.62;765;0.0;0
3264;2025.07.30 00:00;21.56;22.75;23.19;758;0.0;0
3265;2025.07.30 00:15;21.19;20.94;20.88;753;0.0;0
3266;2025.07.30 00:30;20.81;19.75;19.94;749;0.0;0
3267;2025.07.30 00:45;20.44;18.94;19.38;746;0.0;0
3268;2025.07.30 01:00;20.06;17.81;18.12;742;0.0;0
3269;2025.07.30 01:15;19.75;16.75;17;739;0.0;0
3270;2025.07.30 01:30;19.38;15.25;15.25;734;0.0;0
3271;2025.07.30 01:45;19;14.69;14.88;732;0.0;0
3272;2025.07.30 02:00;18.62;14.38;14.62;731;0.0;0
3273;2025.07.30 02:15;18.38;14;14.25;729;0.0;0
3274;2025.07.30 02:30;18;13.06;13.12;726;0.0;0
3275;2025.07.30 02:45;17.75;12;12;723;0.0;0
3276;2025.07.30 03:00;17.44;11.25;11.25;720;0.0;0
3277;2025.07.30 03:15;17.12;10.56;10.5;718;0.0;0
3278;2025.07.30 03:30;16.81;10;10.06;716;0.0;0
3279;2025.07.30 03:45;16.5;9.38;9.38;714;0.0;0
3280;2025.07.30 04:00;16.25;9;9.12;713;0.0;0
3281;2025.07.30 04:15;16;8.62;8.62;711;0.0;0
3282;2025.07.30 04:30;15.69;8.31;8.31;710;0.0;0
3283;2025.07.30 04:45;15.44;7.88;7.75;708;0.0;0
3284;2025.07.30 05:00;15.19;7.5;7.44;707;0.0;0
3285;2025.07.30 05:15;15;7.31;7.25;706;0.0;0
3286;2025.07.30 05:30;14.75;7.12;7.06;705;0.0;0
3287;2025.07.30 05:45;14.5;7.75;8.12;706;0.0;0
3288;2025.07.30 06:00;14.38;8.69;9.62;708;0.0;0
3289;2025.07.30 06:15;14.25;8.75;9.38;708;0.0;0
3290;2025.07.30 06:30;14.06;8.25;8.62;707;0.0;0
3291;2025.07.30 06:45;13.88;7.75;8.12;705;0.0;0
3292;2025.07.30 07:00;13.75;7.75;8.12;705;0.0;0
3293;2025.07.30 07:15;13.62;7.75;8.19;705;0.0;0
3294;2025.07.30 07:30;13.5;7;7.25;703;0.0;0
3295;2025.07.30 07:45;13.38;6.5;6.44;702;0.0;0
3296;2025.07.30 08:00;13.19;6.06;6.12;700;0.0;0
3297;2025.07.30 08:15;13;5.62;5.62;699;0.0;0
3298;2025.07.30 08:30;12.88;5.62;5.69;699;0.0;0
3299;2025.07.30 08:45;12.75;6.12;6.56;700;0.0;0
3300;2025.07.30 09:00;12.62;6;6.12;699;0.0;0
3301;2025.07.30 09:15;12.5;5.38;5.12;698;0.0;0
3302;2025.07.30 09:30;12.31;4.75;4.5;696;0.0;0
3303;2025.07.30 09:45;12.12;4.38;4.12;695;0.0;0
3304;2025.07.30 10:00;12;5.12;5.62;697;0.0;0
3305;2025.07.30 10:15;11.94;6.38;7.38;699;0.0;0
3306;2025.07.30 10:30;11.88;7.44;8.44;702;0.0;0
3307;2025.07.30 10:45;11.81;7.12;7.69;701;0.0;0
3308;2025.07.30 11:00;11.75;7.88;8.88;703;0.0;0
3309;2025.07.30 11:15;11.75;9.38;11;707;0.0;0
3310;2025.07.30 11:30;11.75;8.88;9.75;706;0.0;0
3311;2025.07.30 11:45;11.75;7.88;8.38;703;0.0;0
3312;2025.07.30 12:00;11.75;7.5;8;702;0.0;0
3313;2025.07.30 12:15;11.62;7.44;8;702;0.0;0
3314;2025.07.30 12:30;11.62;7.62;8.12;703;0.0;0
3315;2025.07.30 12:45;11.56;7.56;8;703;0.0;0
3316;2025.07.30 13:00;11.5;7.69;8.12;703;0.0;0
3317;2025.07.30 13:15;11.5;8;8.5;704;0.0;0
3318;2025.07.30 13:30;11.5;8.31;8.75;705;0.0;0
3319;2025.07.30 13:45;11.5;8.56;9;706;0.0;0
3320;2025.07.30 14:00;11.5;13.62;16.19;715;0.0;0
3321;2025.07.30 14:15;11.62;18.25;20.38;727;0.0;0
3322;2025.07.30 14:30;11.88;23.12;23.38;740;0.0;0
3323;2025.07.30 14:45;12.25;23.25;23.12;744;0.0;0
3324;2025.07.30 15:00;12.75;26.44;25.25;756;0.0;0
3325;2025.07.30 15:15;13.38;29.75;27.19;765;0.0;0
3326;2025.07.30 15:30;14.12;30.94;27.5;769;0.0;0
3327;2025.07.30 15:45;14.88;29.5;26.5;768;0.0;0
3328;2025.07.30 16:00;15.5;33.12;28.62;780;0.0;0
3329;2025.07.30 16:15;16.31;35.38;30;788;0.0;0
3330;2025.07.30 16:30;17.12;31.88;28.38;780;0.0;0
3331;2025.07.30 16:45;17.75;35.88;31.12;793;0.0;0
3332;2025.07.30 17:00;18.62;38.12;32.25;802;0.0;0
3333;2025.07.30 17:15;19.62;40.75;34;813;0.0;0
3334;2025.07.30 17:30;20.62;42.25;35.25;819;0.1;0
3335;2025.07.30 17:45;21.62;42.75;34.75;823;0.2;0
3336;2025.07.30 18:00;22.5;42.62;34.69;825;0.3;0
3337;2025.07.30 18:15;23.31;42.62;34.75;826;0.3;0
3338;2025.07.30 18:30;24;42.75;35.38;828;0.4;0
3339;2025.07.30 18:45;24.62;42.12;34.25;827;0.3;0
3340;2025.07.30 19:00;25.12;38;31;814;0.0;0
3341;2025.07.30 19:15;25.38;41.25;35;826;0.3;0
3342;2025.07.30 19:30;25.88;41.12;33.44;825;0.3;0
3343;2025.07.30 19:45;26.06;35.81;30.06;808;0.0;0
3344;2025.07.30 20:00;26.19;42.31;36.12;831;0.4;0
3345;2025.07.30 20:15;26.62;40.62;33.25;823;0.2;0
3346;2025.07.30 20:30;26.75;33.06;27.62;799;0.0;0
3347;2025.07.30 20:45;26.31;28.38;24.75;784;0.0;0
3348;2025.07.30 21:00;25.75;26.38;23.75;777;0.0;0
3349;2025.07.30 21:15;25.12;25;23.06;772;0.0;0
3350;2025.07.30 21:30;24.62;25.31;23.62;772;0.0;0
3351;2025.07.30 21:45;24.12;24.12;22.5;767;0.0;0
3352;2025.07.30 22:00;23.62;22.62;21.62;762;0.0;0
3353;2025.07.30 22:15;23.19;22;21.25;759;0.0;0
3354;2025.07.30 22:30;22.75;22.31;21.75;759;0.0;0
3355;2025.07.30 22:45;22.38;23.44;22.75;762;0.0;0
3356;2025.07.30 23:00;22.12;23.38;22.56;761;0.0;0
3357;2025.07.30 23:15;21.94;23.44;22.69;760;0.0;0
3358;2025.07.30 23:30;21.75;23.75;22.88;761;0.0;0
3359;2025.07.30 23:45;21.62;23.12;22.25;759;0.0;0
3360;2025.07.31 00:00;21.44;21.88;21.12;755;0.0;0
3361;2025.07.31 00:15;21.19;21.12;20.62;757;0.0;0
3362;2025.07.31 00:30;21;20.62;20.38;752;0.0;0
3363;2025.07.31 00:45;20.62;15.81;16;758;0.0;0
3364;2025.07.31 01:00;20.25;14.62;15.06;748;0.0;0
3365;2025.07.31 01:15;19.88;14.5;15.25;743;0.0;0
3366;2025.07.31 01:30;19.5;14.5;15.12;741;0.0;0
3367;2025.07.31 01:45;19.12;14.88;15.12;740;0.0;0
3368;2025.07.31 02:00;18.75;14.94;15.25;739;0.0;0
3369;2025.07.31 02:15;18.5;14.81;15.5;738;0.0;0
3370;2025.07.31 02:30;18.12;14.5;15.25;736;0.0;0
3371;2025.07.31 02:45;17.88;14;14.88;734;0.0;0
3372;2025.07.31 03:00;17.56;13.62;14.62;732;0.0;0
3373;2025.07.31 03:15;17.25;13.25;14.38;730;0.0;0
3374;2025.07.31 03:30;17;13;14.12;729;0.0;0
3375;2025.07.31 03:45;16.75;12.5;13.25;727;0.0;0
3376;2025.07.31 04:00;16.5;12.56;13.88;727;0.0;0
3377;2025.07.31 04:15;16.25;12.31;13.5;726;0.0;0
3378;2025.07.31 04:30;16;11.75;12.62;724;0.0;0
3379;2025.07.31 04:45;15.81;11.5;12.62;723;0.0;0
3380;2025.07.31 05:00;15.62;12.06;13.69;724;0.0;0
3381;2025.07.31 05:15;15.38;12.38;13.88;728;0.0;0
3382;2025.07.31 05:30;15.25;12.38;13.5;724;0.0;0
3383;2025.07.31 05:45;15.12;11.88;13;719;0.0;0
3384;2025.07.31 06:00;15;11.75;12.94;719;0.0;0
3385;2025.07.31 06:15;14.81;11.38;12.38;717;0.0;0
3386;2025.07.31 06:30;14.62;11.25;12.31;717;0.0;0
3387;2025.07.31 06:45;14.5;11.56;12.75;717;0.0;0
3388;2025.07.31 07:00;14.38;11.75;13.12;718;0.0;0
3389;2025.07.31 07:15;14.31;12;13.31;718;0.0;0
3390;2025.07.31 07:30;14.25;12.12;13.25;719;0.0;0
3391;2025.07.31 07:45;14.12;12.12;13.12;718;0.0;0
3392;2025.07.31 08:00;14.06;12.25;13.38;719;0.0;0
3393;2025.07.31 08:15;14;12.19;13.25;719;0.0;0
3394;2025.07.31 08:30;13.94;12.12;13.25;718;0.0;0
3395;2025.07.31 08:45;13.88;11.56;12.56;717;0.0;0
3396;2025.07.31 09:00;13.75;10.94;12;715;0.0;0
3397;2025.07.31 09:15;13.69;10.62;11.75;714;0.0;0
3398;2025.07.31 09:30;13.56;10.5;11.5;714;0.0;0
3399;2025.07.31 09:45;13.44;10.12;11.12;713;0.0;0
3400;2025.07.31 10:00;13.38;9.75;10.75;712;0.0;0
3401;2025.07.31 10:15;13.25;9.88;10.88;712;0.0;0
3402;2025.07.31 10:30;13.12;9.75;10.75;711;0.0;0
3403;2025.07.31 10:45;13;9.56;10.56;711;0.0;0
3404;2025.07.31 11:00;12.94;8.81;9.5;709;0.0;0
3405;2025.07.31 11:15;12.81;8.62;9.44;708;0.0;0
3406;2025.07.31 11:30;12.69;8.69;9.62;708;0.0;0
3407;2025.07.31 11:45;12.62;8.31;9;707;0.0;0
3408;2025.07.31 12:00;12.5;8.06;8.75;707;0.0;0
3409;2025.07.31 12:15;12.38;7.69;8.12;706;0.0;0
3410;2025.07.31 12:30;12.25;7.5;7.81;705;0.0;0
3411;2025.07.31 12:45;12.19;7.38;7.62;705;0.0;0
3412;2025.07.31 13:00;12.12;7.38;7.5;705;0.0;0
3413;2025.07.31 13:15;12;8.12;8.38;707;0.0;0
3414;2025.07.31 13:30;12;8.62;8.69;708;0.0;0
3415;2025.07.31 13:45;12;9;9.06;709;0.0;0
3416;2025.07.31 14:00;12;12.62;13.69;718;0.0;0
3417;2025.07.31 14:15;12.12;11.88;12.06;717;0.0;0
3418;2025.07.31 14:30;12.25;18.12;18.62;731;0.0;0
3419;2025.07.31 14:45;12.5;20.38;20.62;739;0.0;0
3420;2025.07.31 15:00;12.88;23;22.38;749;0.0;0
3421;2025.07.31 15:15;13.38;25.62;24.12;757;0.0;0
3422;2025.07.31 15:30;13.94;27.88;25.25;763;0.0;0
3423;2025.07.31 15:45;14.5;27.56;25.38;764;0.0;0
3424;2025.07.31 16:00;15.12;31.75;27.62;778;0.0;0
3425;2025.07.31 16:15;15.88;33.88;28.5;786;0.0;0
3426;2025.07.31 16:30;16.62;30.62;27.75;777;0.0;0
3427;2025.07.31 16:45;17.25;35.25;30.62;793;0.0;0
3428;2025.07.31 17:00;18.12;37.62;32.12;802;0.0;0
3429;2025.07.31 17:15;19.12;38.56;32.44;807;0.0;0
3430;2025.07.31 17:30;20;40;33.75;813;0.0;0
3431;2025.07.31 17:45;21;41.06;34.25;819;0.1;0
3432;2025.07.31 18:00;21.88;41.81;34.88;823;0.2;0
3433;2025.07.31 18:15;22.75;43;35.62;829;0.4;0
3434;2025.07.31 18:30;23.62;43.38;36.12;832;0.5;0
3435;2025.07.31 18:45;24.38;44.38;37;837;0.6;0
3436;2025.07.31 19:00;25.12;45.12;37.31;841;0.8;0
3437;2025.07.31 19:15;25.88;45.62;37.12;845;0.9;0
3438;2025.07.31 19:30;26.62;46.38;37.38;848;1.0;0
3439;2025.07.31 19:45;27.31;46.81;37.75;851;1.1;0
3440;2025.07.31 20:00;28;46.38;36.5;851;1.1;0
3441;2025.07.31 20:15;28.5;46.5;36.62;851;1.1;0
3442;2025.07.31 20:30;28.94;45.62;36;848;1.0;0
3443;2025.07.31 20:45;29.31;46.25;36.12;852;1.1;0
3444;2025.07.31 21:00;29.69;46.31;36.25;853;1.1;0
3445;2025.07.31 21:15;30;44;34;845;0.9;0
3446;2025.07.31 21:30;30;42.88;34.38;838;0.7;0
3447;2025.07.31 21:45;29.81;37.38;31.12;816;0.0;0
3448;2025.07.31 22:00;29.31;33.88;29.56;805;0.0;0
3449;2025.07.31 22:15;28.75;33.5;31;801;0.0;0
3450;2025.07.31 22:30;28.12;31.12;29.25;793;0.0;0
3451;2025.07.31 22:45;27.62;32.62;30.19;802;0.0;0
3452;2025.07.31 23:00;27.25;32;28.75;799;0.0;0
3453;2025.07.31 23:15;26.88;31.31;28.38;790;0.0;0
3454;2025.07.31 23:30;26.38;26.75;24.38;776;0.0;0
3455;2025.07.31 23:45;25.88;25.38;25.94;771;0.0;0
3456;2025.08.01 00:00;25.25;25.75;25.75;771;0.0;0
3457;2025.08.01 00:15;24.75;25.25;24.75;768;0.0;0
3458;2025.08.01 00:30;24.38;23.94;23.56;764;0.0;0
3459;2025.08.01 00:45;23.88;21.56;21;756;0.0;0
3460;2025.08.01 01:00;23.38;19.88;19.38;751;0.0;0
3461;2025.08.01 01:15;22.88;18.81;18.62;747;0.0;0
3462;2025.08.01 01:30;22.38;18.12;17.69;744;0.0;0
3463;2025.08.01 01:45;22;17.88;17.62;743;0.0;0
3464;2025.08.01 02:00;21.62;18.19;18.5;742;0.0;0
3465;2025.08.01 02:15;21.25;17.38;17.5;739;0.0;0
3466;2025.08.01 02:30;20.88;16.06;16.12;735;0.0;0
3467;2025.08.01 02:45;20.5;14.38;14.12;730;0.0;0
3468;2025.08.01 03:00;20;13.75;14.12;728;0.0;0
3469;2025.08.01 03:15;19.62;12.62;12.62;724;0.0;0
3470;2025.08.01 03:30;19.25;11.69;11.69;721;0.0;0
3471;2025.08.01 03:45;18.88;11;11.12;718;0.0;0
3472;2025.08.01 04:00;18.5;10.25;10.12;716;0.0;0
3473;2025.08.01 04:15;18.12;9.5;9.38;713;0.0;0
3474;2025.08.01 04:30;17.75;8.94;8.75;711;0.0;0
3475;2025.08.01 04:45;17.38;8.44;8.19;709;0.0;0
3476;2025.08.01 05:00;17.12;8.06;7.88;707;0.0;0
3477;2025.08.01 05:15;16.75;7.69;7.62;706;0.0;0
3478;2025.08.01 05:30;16.5;7.31;7.12;704;0.0;0
3479;2025.08.01 05:45;16.19;6.81;6.5;703;0.0;0
3480;2025.08.01 06:00;15.88;6.38;6.12;701;0.0;0
3481;2025.08.01 06:15;15.62;6;5.69;700;0.0;0
3482;2025.08.01 06:30;15.38;5.62;5.31;698;0.0;0
3483;2025.08.01 06:45;15.12;5.38;5.12;697;0.0;0
3484;2025.08.01 07:00;14.88;5.38;5.06;697;0.0;0
3485;2025.08.01 07:15;14.62;5.38;5.06;697;0.0;0
3486;2025.08.01 07:30;14.44;5.62;5.38;697;0.0;0
3487;2025.08.01 07:45;14.25;5.69;5.31;697;0.0;0
3488;2025.08.01 08:00;14.12;6.19;5.88;698;0.0;0
3489;2025.08.01 08:15;13.94;6.38;6;698;0.0;0
3490;2025.08.01 08:30;13.75;6.25;5.88;698;0.0;0
3491;2025.08.01 08:45;13.69;6.44;6;698;0.0;0
3492;2025.08.01 09:00;13.62;6.88;6.62;699;0.0;0
3493;2025.08.01 09:15;13.5;7.25;6.88;700;0.0;0
3494;2025.08.01 09:30;13.44;7.25;6.88;700;0.0;0
3495;2025.08.01 09:45;13.38;7.56;7.31;700;0.0;0
3496;2025.08.01 10:00;13.25;8.69;9.25;703;0.0;0
3497;2025.08.01 10:15;13.25;7.44;7.31;700;0.0;0
3498;2025.08.01 10:30;13.12;6.12;5.69;696;0.0;0
3499;2025.08.01 10:45;13;6.12;5.88;696;0.0;0
3500;2025.08.01 11:00;12.88;7.06;7.12;698;0.0;0
3501;2025.08.01 11:15;12.75;8.12;8.5;701;0.0;0
3502;2025.08.01 11:30;12.75;8.81;9.25;703;0.0;0
3503;2025.08.01 11:45;12.75;8.38;8.38;702;0.0;0
3504;2025.08.01 12:00;12.69;7.69;7.62;700;0.0;0
3505;2025.08.01 12:15;12.62;7.75;7.75;700;0.0;0
3506;2025.08.01 12:30;12.56;7.75;8;700;0.0;0
3507;2025.08.01 12:45;12.5;7.25;7.44;699;0.0;0
3508;2025.08.01 13:00;12.38;6.75;6.69;698;0.0;0
3509;2025.08.01 13:15;12.38;7.62;7.62;700;0.0;0
3510;2025.08.01 13:30;12.25;8;8.06;701;0.0;0
3511;2025.08.01 13:45;12.25;7.88;7.88;700;0.0;0
3512;2025.08.01 14:00;12.25;12.5;13.75;708;0.0;0
3513;2025.08.01 14:15;12.25;17.62;18.44;721;0.0;0
3514;2025.08.01 14:30;12.5;21.88;21.44;734;0.0;0
3515;2025.08.01 14:45;12.81;22;21.81;737;0.0;0
3516;2025.08.01 15:00;13.25;26.38;25;752;0.0;0
3517;2025.08.01 15:15;13.88;30.25;27.25;763;0.0;0
3518;2025.08.01 15:30;14.62;32.5;28.38;770;0.0;0
3519;2025.08.01 15:45;15.31;31.5;28.62;770;0.0;0
3520;2025.08.01 16:00;16.06;35.94;31.25;785;0.0;0
3521;2025.08.01 16:15;17;36.88;31.69;790;0.0;0
3522;2025.08.01 16:30;17.81;35.12;31;787;0.0;0
3523;2025.08.01 16:45;18.5;33.25;28.56;783;0.0;0
3524;2025.08.01 17:00;19;28.5;25.31;769;0.0;0
3525;2025.08.01 17:15;19.25;32.12;29.12;781;0.0;0
3526;2025.08.01 17:30;19.81;38.25;34.12;801;0.0;0
3527;2025.08.01 17:45;20.75;41.12;35.25;813;0.0;0
3528;2025.08.01 18:00;21.62;33.5;28;790;0.0;0
3529;2025.08.01 18:15;21.88;28.62;24.62;775;0.0;0
3530;2025.08.01 18:30;21.75;25.75;23.19;767;0.0;0
3531;2025.08.01 18:45;21.56;30.44;28.25;781;0.0;0
3532;2025.08.01 19:00;21.75;28.62;25.44;775;0.0;0
3533;2025.08.01 19:15;21.75;29.5;26.94;780;0.0;0
3534;2025.08.01 19:30;22;30.75;27.25;781;0.0;0
3535;2025.08.01 19:45;22.19;30.12;27.06;780;0.0;0
3536;2025.08.01 20:00;22.25;28;25;774;0.0;0
3537;2025.08.01 20:15;22.31;29.25;26;777;0.0;0
3538;2025.08.01 20:30;22.44;28.88;25.62;777;0.0;0
3539;2025.08.01 20:45;22.5;30.75;27.25;782;0.0;0
3540;2025.08.01 21:00;22.88;38.31;32.5;809;0.0;0
3541;2025.08.01 21:15;23.5;32.62;27.5;791;0.0;0
3542;2025.08.01 21:30;23.56;29;25.44;778;0.0;0
3543;2025.08.01 21:45;23.44;29;26.12;777;0.0;0
3544;2025.08.01 22:00;23.25;26.75;24.38;771;0.0;0
3545;2025.08.01 22:15;23.12;30.31;28.62;779;0.0;0
3546;2025.08.01 22:30;23;30;27.88;778;0.0;0
3547;2025.08.01 22:45;23;27.75;25.06;771;0.0;0
3548;2025.08.01 23:00;22.88;27.12;24.62;770;0.0;0
3549;2025.08.01 23:15;22.75;26;23.75;766;0.0;0
3550;2025.08.01 23:30;22.5;23.88;22.25;759;0.0;0
3551;2025.08.01 23:45;22.25;22.5;22.62;754;0.0;0
3552;2025.08.02 00:00;21.88;20.44;20.25;747;0.0;0
3553;2025.08.02 00:15;21.5;19.25;19.25;743;0.0;0
3554;2025.08.02 00:30;21.12;18;17.88;739;0.0;0
3555;2025.08.02 00:45;20.62;17.06;17.06;736;0.0;0
3556;2025.08.02 01:00;20.25;16;15.81;732;0.0;0
3557;2025.08.02 01:15;19.88;15.75;15.88;731;0.0;0
3558;2025.08.02 01:30;19.5;16.88;17.62;733;0.0;0
3559;2025.08.02 01:45;19.25;16.5;16.69;731;0.0;0
3560;2025.08.02 02:00;19;15.25;15.25;728;0.0;0
3561;2025.08.02 02:15;18.75;13.88;13.75;723;0.0;0
3562;2025.08.02 02:30;18.38;12.62;12.38;720;0.0;0
3563;2025.08.02 02:45;18.12;11.62;11.38;716;0.0;0
3564;2025.08.02 03:00;17.75;10.69;10.44;714;0.0;0
3565;2025.08.02 03:15;17.44;10;9.75;711;0.0;0
3566;2025.08.02 03:30;17.12;9.38;9.12;709;0.0;0
3567;2025.08.02 03:45;16.81;8.75;8.38;707;0.0;0
3568;2025.08.02 04:00;16.5;8.25;7.94;705;0.0;0
3569;2025.08.02 04:15;16.25;7.94;7.69;704;0.0;0
3570;2025.08.02 04:30;15.94;7.5;7.25;702;0.0;0
3571;2025.08.02 04:45;15.62;7.19;7;701;0.0;0
3572;2025.08.02 05:00;15.38;6.75;6.5;699;0.0;0
3573;2025.08.02 05:15;15.12;6.5;6.25;698;0.0;0
3574;2025.08.02 05:30;14.88;6.12;5.88;697;0.0;0
3575;2025.08.02 05:45;14.62;5.75;5.5;696;0.0;0
3576;2025.08.02 06:00;14.44;5.38;5;694;0.0;0
3577;2025.08.02 06:15;14.19;5;4.69;693;0.0;0
3578;2025.08.02 06:30;14;4.75;4.5;692;0.0;0
3579;2025.08.02 06:45;13.75;4.5;4.25;691;0.0;0
3580;2025.08.02 07:00;13.56;4.25;4;690;0.0;0
3581;2025.08.02 07:15;13.38;4;3.62;689;0.0;0
3582;2025.08.02 07:30;13.12;3.88;3.62;689;0.0;0
3583;2025.08.02 07:45;13;3.75;3.5;688;0.0;0
3584;2025.08.02 08:00;12.75;3.62;3.25;687;0.0;0
3585;2025.08.02 08:15;12.62;4;3.81;688;0.0;0
3586;2025.08.02 08:30;12.5;3.88;3.44;688;0.0;0
3587;2025.08.02 08:45;12.31;3.5;3.12;687;0.0;0
3588;2025.08.02 09:00;12.19;3.75;3.5;687;0.0;0
3589;2025.08.02 09:15;12.12;4;3.69;688;0.0;0
3590;2025.08.02 09:30;11.94;4.38;4.06;689;0.0;0
3591;2025.08.02 09:45;11.88;4.81;4.5;690;0.0;0
3592;2025.08.02 10:00;11.81;5.12;4.69;690;0.0;0
3593;2025.08.02 10:15;11.75;4.94;4.44;690;0.0;0
3594;2025.08.02 10:30;11.69;4.56;4.06;689;0.0;0
3595;2025.08.02 10:45;11.56;3.88;3.38;687;0.0;0
3596;2025.08.02 11:00;11.5;3.31;2.88;685;0.0;0
3597;2025.08.02 11:15;11.38;2.88;2.56;684;0.0;0
3598;2025.08.02 11:30;11.19;2.69;2.38;683;0.0;0
3599;2025.08.02 11:45;11.06;2.5;2.12;683;0.0;0
3600;2025.08.02 12:00;10.94;2.25;1.88;682;0.0;0
3601;2025.08.02 12:15;10.75;2.06;1.75;681;0.0;0
3602;2025.08.02 12:30;10.69;2.19;1.88;682;0.0;0
3603;2025.08.02 12:45;10.56;2.44;2.25;682;0.0;0
3604;2025.08.02 13:00;10.44;2.81;2.62;683;0.0;0
3605;2025.08.02 13:15;10.38;3.12;2.81;684;0.0;0
3606;2025.08.02 13:30;10.38;3.44;3.19;685;0.0;0
3607;2025.08.02 13:45;10.31;3.94;3.88;686;0.0;0
3608;2025.08.02 14:00;10.25;8;8.81;693;0.0;0
3609;2025.08.02 14:15;10.38;14;14.5;707;0.0;0
3610;2025.08.02 14:30;10.5;17.75;16.88;719;0.0;0
3611;2025.08.02 14:45;10.88;17.94;17.12;722;0.0;0
3612;2025.08.02 15:00;11.31;22.38;20.88;737;0.0;0
3613;2025.08.02 15:15;11.94;26;22.88;747;0.0;0
3614;2025.08.02 15:30;12.62;28.62;24.88;755;0.0;0
3615;2025.08.02 15:45;13.38;28.38;25.12;757;0.0;0
3616;2025.08.02 16:00;14.12;32.75;28.19;772;0.0;0
3617;2025.08.02 16:15;15.12;34.56;29.44;779;0.0;0
3618;2025.08.02 16:30;15.94;32.88;28.88;776;0.0;0
3619;2025.08.02 16:45;16.75;37;31.38;791;0.0;0
3620;2025.08.02 17:00;17.81;39.12;33;799;0.0;0
3621;2025.08.02 17:15;18.88;41;34.5;807;0.0;0
3622;2025.08.02 17:30;20;37.69;31.75;799;0.0;0
3623;2025.08.02 17:45;20.62;37.06;32.25;798;0.0;0
3624;2025.08.02 18:00;21;33.25;28.44;787;0.0;0
3625;2025.08.02 18:15;21.12;27.38;23.75;770;0.0;0
3626;2025.08.02 18:30;20.94;24.88;22.62;762;0.0;0
3627;2025.08.02 18:45;20.75;26.88;25;768;0.0;0
3628;2025.08.02 19:00;20.75;30.75;28.25;781;0.0;0
3629;2025.08.02 19:15;21.25;38.94;34.62;809;0.0;0
3630;2025.08.02 19:30;22.25;42.94;36.12;824;0.2;0
3631;2025.08.02 19:45;23.38;43.75;36.12;829;0.4;0
3632;2025.08.02 20:00;24.38;43.12;34.38;829;0.4;0
3633;2025.08.02 20:15;25.12;43.75;35.19;833;0.5;0
3634;2025.08.02 20:30;25.88;43.25;34.69;832;0.5;0
3635;2025.08.02 20:45;26.5;43.5;33.88;835;0.6;0
3636;2025.08.02 21:00;27.19;44.19;34.88;839;0.7;0
3637;2025.08.02 21:15;27.62;41.69;32.69;829;0.4;0
3638;2025.08.02 21:30;27.75;34;27.31;799;0.0;0
3639;2025.08.02 21:45;27.25;32.75;28.38;794;0.0;0
3640;2025.08.02 22:00;26.75;29.88;25.56;784;0.0;0
3641;2025.08.02 22:15;26.25;31.38;28.25;787;0.0;0
3642;2025.08.02 22:30;25.88;29.62;26.75;780;0.0;0
3643;2025.08.02 22:45;25.62;31;27.25;785;0.0;0
3644;2025.08.02 23:00;25.31;26.5;23.38;770;0.0;0
3645;2025.08.02 23:15;24.88;24.31;22.25;763;0.0;0
3646;2025.08.02 23:30;24.38;25.56;24.38;765;0.0;0
3647;2025.08.02 23:45;24;25.88;24.75;765;0.0;0
3648;2025.08.03 00:00;23.62;25.25;23.62;763;0.0;0
3649;2025.08.03 00:15;23.38;24.12;22.56;759;0.0;0
3650;2025.08.03 00:30;23;22.81;21.5;754;0.0;0
3651;2025.08.03 00:45;22.69;21.62;20.38;750;0.0;0
3652;2025.08.03 01:00;22.38;20.12;19;745;0.0;0
3653;2025.08.03 01:15;21.94;18.88;17.88;741;0.0;0
3654;2025.08.03 01:30;21.5;18.25;17.5;739;0.0;0
3655;2025.08.03 01:45;21.12;17.88;17.38;736;0.0;0
3656;2025.08.03 02:00;20.75;17.31;16.88;734;0.0;0
3657;2025.08.03 02:15;20.44;17;16.5;733;0.0;0
3658;2025.08.03 02:30;20.12;16.69;16.5;731;0.0;0
3659;2025.08.03 02:45;19.81;14.94;14.38;726;0.0;0
3660;2025.08.03 03:00;19.5;13.38;12.69;721;0.0;0
3661;2025.08.03 03:15;19.12;12.12;11.5;717;0.0;0
3662;2025.08.03 03:30;18.75;11.12;10.62;714;0.0;0
3663;2025.08.03 03:45;18.38;10.31;9.75;711;0.0;0
3664;2025.08.03 04:00;17.94;9.62;9.12;708;0.0;0
3665;2025.08.03 04:15;17.62;9.12;8.69;707;0.0;0
3666;2025.08.03 04:30;17.25;8.69;8.25;705;0.0;0
3667;2025.08.03 04:45;16.94;8.25;7.88;703;0.0;0
3668;2025.08.03 05:00;16.62;7.88;7.5;702;0.0;0
3669;2025.08.03 05:15;16.31;7.5;7.06;700;0.0;0
3670;2025.08.03 05:30;16;7.12;6.69;699;0.0;0
3671;2025.08.03 05:45;15.75;6.75;6.38;697;0.0;0
3672;2025.08.03 06:00;15.5;6.44;6;696;0.0;0
3673;2025.08.03 06:15;15.25;6.31;5.94;695;0.0;0
3674;2025.08.03 06:30;15;6.12;5.69;694;0.0;0
3675;2025.08.03 06:45;14.75;5.88;5.5;693;0.0;0
3676;2025.08.03 07:00;14.5;5.56;5.12;692;0.0;0
3677;2025.08.03 07:15;14.31;5.12;4.69;691;0.0;0
3678;2025.08.03 07:30;14.12;4.88;4.5;690;0.0;0
3679;2025.08.03 07:45;13.88;4.56;4.12;689;0.0;0
3680;2025.08.03 08:00;13.62;4.38;3.88;688;0.0;0
3681;2025.08.03 08:15;13.5;4.06;3.62;687;0.0;0
3682;2025.08.03 08:30;13.25;3.81;3.38;686;0.0;0
3683;2025.08.03 08:45;13.06;3.62;3.12;685;0.0;0
3684;2025.08.03 09:00;12.88;3.5;3.19;684;0.0;0
3685;2025.08.03 09:15;12.69;3.12;2.62;683;0.0;0
3686;2025.08.03 09:30;12.5;3.06;2.75;683;0.0;0
3687;2025.08.03 09:45;12.38;2.88;2.44;682;0.0;0
3688;2025.08.03 10:00;12.12;2.69;2.38;682;0.0;0
3689;2025.08.03 10:15;12;2.5;2.12;681;0.0;0
3690;2025.08.03 10:30;11.81;2.38;2;680;0.0;0
3691;2025.08.03 10:45;11.69;2.25;2;680;0.0;0
3692;2025.08.03 11:00;11.5;2.12;1.75;679;0.0;0
3693;2025.08.03 11:15;11.38;2;1.62;679;0.0;0
3694;2025.08.03 11:30;11.25;1.81;1.5;678;0.0;0
3695;2025.08.03 11:45;11.06;1.62;1.31;678;0.0;0
3696;2025.08.03 12:00;10.94;1.5;1.25;677;0.0;0
3697;2025.08.03 12:15;10.81;1.44;1.12;677;0.0;0
3698;2025.08.03 12:30;10.62;1.44;1.12;677;0.0;0
3699;2025.08.03 12:45;10.56;1.5;1.12;677;0.0;0
3700;2025.08.03 13:00;10.5;1.69;1.25;677;0.0;0
3701;2025.08.03 13:15;10.38;1.88;1.38;677;0.0;0
3702;2025.08.03 13:30;10.25;2;1.62;678;0.0;0
3703;2025.08.03 13:45;10.19;2.38;1.94;679;0.0;0
3704;2025.08.03 14:00;10.12;6;6.88;686;0.0;0
3705;2025.08.03 14:15;10.19;13.38;13.88;702;0.0;0
3706;2025.08.03 14:30;10.38;17.06;16.19;714;0.0;0
3707;2025.08.03 14:45;10.75;18.12;17.12;719;0.0;0
3708;2025.08.03 15:00;11.19;22;20.06;733;0.0;0
3709;2025.08.03 15:15;11.88;25.62;22.75;743;0.0;0
3710;2025.08.03 15:30;12.56;26.88;23.5;747;0.0;0
3711;2025.08.03 15:45;13.25;27.88;24.75;753;0.0;0
3712;2025.08.03 16:00;14;32.5;27.75;768;0.0;0
3713;2025.08.03 16:15;15;32.88;28.12;771;0.0;0
3714;2025.08.03 16:30;15.75;31.94;27.81;771;0.0;0
3715;2025.08.03 16:45;16.62;35.38;29.94;783;0.0;0
3716;2025.08.03 17:00;17.62;36.38;29.88;788;0.0;0
3717;2025.08.03 17:15;18.62;37.19;30.75;793;0.0;0
3718;2025.08.03 17:30;19.62;38.5;31.5;800;0.0;0
3719;2025.08.03 17:45;20.62;39.5;32.5;805;0.0;0
3720;2025.08.03 18:00;21.5;40.25;32.5;810;0.0;0
3721;2025.08.03 18:15;22.44;40.88;33;814;0.0;0
3722;2025.08.03 18:30;23.25;41.12;33.56;817;0.0;0
3723;2025.08.03 18:45;24.06;41.75;33.62;821;0.1;0
3724;2025.08.03 19:00;24.81;41.75;33.88;822;0.2;0
3725;2025.08.03 19:15;25.5;43.12;33.69;829;0.4;0
3726;2025.08.03 19:30;26.25;43.25;34.12;830;0.4;0
3727;2025.08.03 19:45;26.88;44;34.62;834;0.5;0
3728;2025.08.03 20:00;27.5;43.75;33.81;834;0.5;0
3729;2025.08.03 20:15;27.88;39.38;31.06;820;0.1;0
3730;2025.08.03 20:30;28.12;42.12;33.19;830;0.4;0
3731;2025.08.03 20:45;28.5;43.31;34;834;0.5;0
3732;2025.08.03 21:00;28.88;40.25;30.25;821;0.1;0
3733;2025.08.03 21:15;28.94;40.75;32;827;0.3;0
3734;2025.08.03 21:30;29;41.5;32.25;825;0.3;0
3735;2025.08.03 21:45;28.88;32.88;25.5;795;0.0;0
3736;2025.08.03 22:00;28.38;31.62;27.94;790;0.0;0
3737;2025.08.03 22:15;27.75;30.62;28.06;783;0.0;0
3738;2025.08.03 22:30;27.12;27.94;26.25;773;0.0;0
3739;2025.08.03 22:45;26.56;30.06;27.44;785;0.0;0
3740;2025.08.03 23:00;26.25;28.75;25.44;775;0.0;0
3741;2025.08.03 23:15;25.75;27.25;25.06;768;0.0;0
3742;2025.08.03 23:30;25.25;25.25;24.5;762;0.0;0
3743;2025.08.03 23:45;24.69;23;23.62;754;0.0;0
3744;2025.08.04 00:00;24.12;21.56;21.56;748;0.0;0
3745;2025.08.04 00:15;23.5;20.12;20;743;0.0;0
3746;2025.08.04 00:30;23;19.12;19.19;739;0.0;0
3747;2025.08.04 00:45;22.44;18.38;18.62;736;0.0;0
3748;2025.08.04 01:00;21.94;17.62;17.75;733;0.0;0
3749;2025.08.04 01:15;21.5;16.69;16.69;730;0.0;0
3750;2025.08.04 01:30;21;16;16.25;727;0.0;0
3751;2025.08.04 01:45;20.62;15.5;15.62;725;0.0;0
3752;2025.08.04 02:00;20.25;14.62;14.62;722;0.0;0
3753;2025.08.04 02:15;19.88;13.88;13.75;719;0.0;0
3754;2025.08.04 02:30;19.44;13;12.88;716;0.0;0
3755;2025.08.04 02:45;19.12;12.38;12.25;714;0.0;0
3756;2025.08.04 03:00;18.75;11.5;11.25;711;0.0;0
3757;2025.08.04 03:15;18.38;10.69;10.38;708;0.0;0
3758;2025.08.04 03:30;18;10.12;9.88;706;0.0;0
3759;2025.08.04 03:45;17.69;9.75;9.5;705;0.0;0
3760;2025.08.04 04:00;17.38;9.5;9.25;703;0.0;0
3761;2025.08.04 04:15;17.06;9.5;9.19;703;0.0;0
3762;2025.08.04 04:30;16.81;9.62;9.38;703;0.0;0
3763;2025.08.04 04:45;16.62;9.88;9.5;703;0.0;0
3764;2025.08.04 05:00;16.38;10;9.62;703;0.0;0
3765;2025.08.04 05:15;16.19;9.75;9.31;702;0.0;0
3766;2025.08.04 05:30;16;9.12;8.69;700;0.0;0
3767;2025.08.04 05:45;15.81;8.88;8.5;699;0.0;0
3768;2025.08.04 06:00;15.62;9.12;8.75;700;0.0;0
3769;2025.08.04 06:15;15.44;9.44;9;700;0.0;0
3770;2025.08.04 06:30;15.31;9.75;9.31;701;0.0;0
3771;2025.08.04 06:45;15.19;9.88;9.38;701;0.0;0
3772;2025.08.04 07:00;15.06;9.94;9.38;701;0.0;0
3773;2025.08.04 07:15;15;10;9.62;701;0.0;0
3774;2025.08.04 07:30;14.88;9.88;9.5;701;0.0;0
3775;2025.08.04 07:45;14.75;9.62;9.31;700;0.0;0
3776;2025.08.04 08:00;14.62;9.38;8.88;699;0.0;0
3777;2025.08.04 08:15;14.5;8.25;7.75;696;0.0;0
3778;2025.08.04 08:30;14.38;7.31;7;693;0.0;0
3779;2025.08.04 08:45;14.12;6.5;6.12;691;0.0;0
3780;2025.08.04 09:00;13.88;6.25;6;690;0.0;0
3781;2025.08.04 09:15;13.75;6.25;6.06;690;0.0;0
3782;2025.08.04 09:30;13.56;6.25;6;689;0.0;0
3783;2025.08.04 09:45;13.38;6;5.81;689;0.0;0
3784;2025.08.04 10:00;13.25;6.25;6;689;0.0;0
3785;2025.08.04 10:15;13.12;7;6.75;691;0.0;0
3786;2025.08.04 10:30;13.06;7.12;6.75;691;0.0;0
3787;2025.08.04 10:45;13;7;6.56;691;0.0;0
3788;2025.08.04 11:00;12.88;6.75;6.38;690;0.0;0
3789;2025.08.04 11:15;12.75;5.88;5.5;688;0.0;0
3790;2025.08.04 11:30;12.62;5.12;4.62;685;0.0;0
3791;2025.08.04 11:45;12.5;4.5;4.19;683;0.0;0
3792;2025.08.04 12:00;12.38;4;3.62;682;0.0;0
3793;2025.08.04 12:15;12.12;3.88;3.5;681;0.0;0
3794;2025.08.04 12:30;12;4;3.75;681;0.0;0
3795;2025.08.04 12:45;11.88;4.5;4.25;682;0.0;0
3796;2025.08.04 13:00;11.75;5.38;5.19;684;0.0;0
3797;2025.08.04 13:15;11.75;6.81;6.75;688;0.0;0
3798;2025.08.04 13:30;11.75;7.75;7.69;690;0.0;0
3799;2025.08.04 13:45;11.75;9.31;9.12;695;0.0;0
3800;2025.08.04 14:00;11.88;10.81;10.62;699;0.0;0
3801;2025.08.04 14:15;12;16.38;16;711;0.0;0
3802;2025.08.04 14:30;12.25;20;19.5;722;0.0;0
3803;2025.08.04 14:45;12.62;21.38;20.25;727;0.0;0
3804;2025.08.04 15:00;13;25;23.38;739;0.0;0
3805;2025.08.04 15:15;13.62;28.12;25.25;749;0.0;0
3806;2025.08.04 15:30;14.31;27.25;24.88;747;0.0;0
3807;2025.08.04 15:45;14.88;30.12;27.06;758;0.0;0
3808;2025.08.04 16:00;15.62;34.44;30.12;772;0.0;0
3809;2025.08.04 16:15;16.5;33.12;29.56;769;0.0;0
3810;2025.08.04 16:30;17.19;34.94;30.38;777;0.0;0
3811;2025.08.04 16:45;18;38.38;32.75;790;0.0;0
3812;2025.08.04 17:00;19.06;39.88;33.62;797;0.0;0
3813;2025.08.04 17:15;20.12;41.38;35;804;0.0;0
3814;2025.08.04 17:30;21.12;42.25;34.88;809;0.0;0
3815;2025.08.04 17:45;22.12;42.75;35.5;813;0.0;0
3816;2025.08.04 18:00;23;43.44;35.75;818;0.0;0
3817;2025.08.04 18:15;23.88;43.5;35.38;820;0.1;0
3818;2025.08.04 18:30;24.69;43.88;35.88;823;0.2;0
3819;2025.08.04 18:45;25.44;44;36.38;825;0.3;0
3820;2025.08.04 19:00;26.12;43.12;35.5;821;0.1;0
3821;2025.08.04 19:15;26.69;43.62;36.38;827;0.3;0
3822;2025.08.04 19:30;27.25;44.88;37.62;832;0.5;0
3823;2025.08.04 19:45;27.88;46.12;37.56;837;0.6;0
3824;2025.08.04 20:00;28.5;47.56;38.12;844;0.9;0
3825;2025.08.04 20:15;29.12;45.25;35.88;834;0.5;0
3826;2025.08.04 20:30;29.5;44.62;36.12;836;0.6;0
3827;2025.08.04 20:45;29.88;44.75;35.5;832;0.5;0
3828;2025.08.04 21:00;29.88;40;32.38;819;0.1;0
3829;2025.08.04 21:15;29.75;35.75;29.75;802;0.0;0
3830;2025.08.04 21:30;29.44;41.25;34.38;820;0.1;0
3831;2025.08.04 21:45;29.31;37.38;32.25;803;0.0;0
3832;2025.08.04 22:00;29;34.25;31.06;792;0.0;0
3833;2025.08.04 22:15;28.5;33.75;31.38;788;0.0;0
3834;2025.08.04 22:30;28.06;32.62;30.88;783;0.0;0
3835;2025.08.04 22:45;27.62;31.88;29.5;782;0.0;0
3836;2025.08.04 23:00;27.25;29.88;27.25;774;0.0;0
3837;2025.08.04 23:15;26.75;27.75;25.75;767;0.0;0
3838;2025.08.04 23:30;26.25;26.75;25.94;763;0.0;0
3839;2025.08.04 23:45;25.75;25.62;25.12;758;0.0;0
3840;2025.08.05 00:00;25.25;25.12;24.12;756;0.0;0
3841;2025.08.05 00:15;24.88;24.75;23.75;754;0.0;0
3842;2025.08.05 00:30;24.44;23.62;22.62;750;0.0;0
3843;2025.08.05 00:45;24.06;22.75;22;747;0.0;0
3844;2025.08.05 01:00;23.62;22.38;21.75;745;0.0;0
3845;2025.08.05 01:15;23.25;21.75;21.19;742;0.0;0
3846;2025.08.05 01:30;22.94;20.62;20;738;0.0;0
3847;2025.08.05 01:45;22.56;19.5;19.25;734;0.0;0
3848;2025.08.05 02:00;22.12;18.69;18.38;731;0.0;0
3849;2025.08.05 02:15;21.75;18.06;17.69;729;0.0;0
3850;2025.08.05 02:30;21.44;16.69;16.25;725;0.0;0
3851;2025.08.05 02:45;21.06;15.38;14.94;720;0.0;0
3852;2025.08.05 03:00;20.62;14.5;14.19;717;0.0;0
3853;2025.08.05 03:15;20.25;14.44;14.12;716;0.0;0
3854;2025.08.05 03:30;20;13.81;13.5;714;0.0;0
3855;2025.08.05 03:45;19.62;12.75;12.38;711;0.0;0
3856;2025.08.05 04:00;19.25;11.5;11.12;707;0.0;0
3857;2025.08.05 04:15;18.88;10.75;10.38;704;0.0;0
3858;2025.08.05 04:30;18.5;10;9.75;701;0.0;0
3859;2025.08.05 04:45;18.12;9.5;9.12;699;0.0;0
3860;2025.08.05 05:00;17.75;8.81;8.44;697;0.0;0
3861;2025.08.05 05:15;17.5;8.38;8.12;695;0.0;0
3862;2025.08.05 05:30;17.12;8.12;7.88;694;0.0;0
3863;2025.08.05 05:45;16.81;7.75;7.38;693;0.0;0
3864;2025.08.05 06:00;16.5;7.5;7.19;691;0.0;0
3865;2025.08.05 06:15;16.25;7.12;6.81;690;0.0;0
3866;2025.08.05 06:30;16;6.75;6.44;689;0.0;0
3867;2025.08.05 06:45;15.75;6.5;6.12;688;0.0;0
3868;2025.08.05 07:00;15.5;6.19;5.88;686;0.0;0
3869;2025.08.05 07:15;15.25;5.88;5.5;685;0.0;0
3870;2025.08.05 07:30;15;5.5;5.12;684;0.0;0
3871;2025.08.05 07:45;14.75;5.31;4.94;683;0.0;0
3872;2025.08.05 08:00;14.5;5.06;4.62;682;0.0;0
3873;2025.08.05 08:15;14.31;4.81;4.44;681;0.0;0
3874;2025.08.05 08:30;14.12;4.75;4.38;681;0.0;0
3875;2025.08.05 08:45;13.88;4.5;4.12;680;0.0;0
3876;2025.08.05 09:00;13.75;4.31;3.94;679;0.0;0
3877;2025.08.05 09:15;13.5;4.06;3.62;678;0.0;0
3878;2025.08.05 09:30;13.31;3.88;3.5;678;0.0;0
3879;2025.08.05 09:45;13.12;3.75;3.25;677;0.0;0
3880;2025.08.05 10:00;13;3.56;3.12;676;0.0;0
3881;2025.08.05 10:15;12.81;3.38;2.94;675;0.0;0
3882;2025.08.05 10:30;12.62;3.12;2.69;675;0.0;0
3883;2025.08.05 10:45;12.5;3;2.5;674;0.0;0
3884;2025.08.05 11:00;12.31;2.88;2.38;673;0.0;0
3885;2025.08.05 11:15;12.12;2.75;2.25;673;0.0;0
3886;2025.08.05 11:30;12;2.56;2.12;672;0.0;0
3887;2025.08.05 11:45;11.88;2.5;2.12;672;0.0;0
3888;2025.08.05 12:00;11.75;2.44;2.12;672;0.0;0
3889;2025.08.05 12:15;11.62;2.31;2;671;0.0;0
3890;2025.08.05 12:30;11.5;2.38;2.12;671;0.0;0
3891;2025.08.05 12:45;11.38;2.38;2;671;0.0;0
3892;2025.08.05 13:00;11.25;2.5;2.12;671;0.0;0
3893;2025.08.05 13:15;11.12;3.06;2.75;673;0.0;0
3894;2025.08.05 13:30;11;3.62;3.31;674;0.0;0
3895;2025.08.05 13:45;11;4.25;3.88;676;0.0;0
3896;2025.08.05 14:00;11;5.75;6;679;0.0;0
3897;2025.08.05 14:15;11;13.38;13.62;695;0.0;0
3898;2025.08.05 14:30;11.25;16.12;15.12;705;0.0;0
3899;2025.08.05 14:45;11.5;19;18;714;0.0;0
3900;2025.08.05 15:00;12;22.5;20.62;727;0.0;0
3901;2025.08.05 15:15;12.62;25.94;22.88;737;0.0;0
3902;2025.08.05 15:30;13.31;24.62;22.31;735;0.0;0
3903;2025.08.05 15:45;13.88;28.5;24.75;748;0.0;0
3904;2025.08.05 16:00;14.69;31.31;27.25;758;0.0;0
3905;2025.08.05 16:15;15.5;29.88;26.56;755;0.0;0
3906;2025.08.05 16:30;16.25;32.75;28.12;766;0.0;0
3907;2025.08.05 16:45;17.12;35.69;29.81;777;0.0;0
3908;2025.08.05 17:00;18.19;36.88;29.62;783;0.0;0
3909;2025.08.05 17:15;19.25;37.38;30.75;787;0.0;0
3910;2025.08.05 17:30;20.25;39;31.12;795;0.0;0
3911;2025.08.05 17:45;21.25;39.88;32;800;0.0;0
3912;2025.08.05 18:00;22.12;39.56;31.69;801;0.0;0
3913;2025.08.05 18:15;23;40.56;33.19;806;0.0;0
3914;2025.08.05 18:30;23.88;40.62;32.62;809;0.0;0
3915;2025.08.05 18:45;24.62;40.62;32.44;811;0.0;0
3916;2025.08.05 19:00;25.25;40.38;32.38;811;0.0;0
3917;2025.08.05 19:15;25.94;41.5;32.75;817;0.0;0
3918;2025.08.05 19:30;26.56;41.88;34;819;0.1;0
3919;2025.08.05 19:45;27.12;41.5;32.81;819;0.1;0
3920;2025.08.05 20:00;27.69;40.62;32.5;817;0.0;0
3921;2025.08.05 20:15;28.12;42.19;32.62;823;0.2;0
3922;2025.08.05 20:30;28.62;42.38;32.69;823;0.2;0
3923;2025.08.05 20:45;29;42.5;32.44;825;0.3;0
3924;2025.08.05 21:00;29.38;42.56;33.12;826;0.3;0
3925;2025.08.05 21:15;29.75;42.38;32.12;826;0.3;0
3926;2025.08.05 21:30;29.94;41.19;31.5;819;0.1;0
3927;2025.08.05 21:45;29.81;36.12;29.75;799;0.0;0
3928;2025.08.05 22:00;29.25;32.12;28.25;784;0.0;0
3929;2025.08.05 22:15;28.62;30.88;28.12;778;0.0;0
3930;2025.08.05 22:30;28;28.25;26.38;768;0.0;0
3931;2025.08.05 22:45;27.31;28.69;26.25;772;0.0;0
3932;2025.08.05 23:00;26.88;28.62;26.12;768;0.0;0
3933;2025.08.05 23:15;26.38;27.56;25.12;763;0.0;0
3934;2025.08.05 23:30;25.88;24.38;23.38;752;0.0;0
3935;2025.08.05 23:45;25.25;22.75;23.56;746;0.0;0
3936;2025.08.06 00:00;24.62;21.5;21.5;741;0.0;0
3937;2025.08.06 00:15;24;20.81;20.81;738;0.0;0
3938;2025.08.06 00:30;23.5;20;19.88;735;0.0;0
3939;2025.08.06 00:45;23;19;19;731;0.0;0
3940;2025.08.06 01:00;22.5;18.38;18.5;728;0.0;0
3941;2025.08.06 01:15;22;17.81;17.88;726;0.0;0
3942;2025.08.06 01:30;21.62;17.06;17.25;723;0.0;0
3943;2025.08.06 01:45;21.19;16.38;16.62;720;0.0;0
3944;2025.08.06 02:00;20.75;15.5;15.75;717;0.0;0
3945;2025.08.06 02:15;20.38;14.44;14.38;713;0.0;0
3946;2025.08.06 02:30;20;13.38;13.19;710;0.0;0
3947;2025.08.06 02:45;19.62;12.56;12.38;707;0.0;0
3948;2025.08.06 03:00;19.25;11.81;11.69;704;0.0;0
3949;2025.08.06 03:15;18.88;11.06;10.94;702;0.0;0
3950;2025.08.06 03:30;18.5;10.44;10.19;699;0.0;0
3951;2025.08.06 03:45;18.12;9.81;9.5;697;0.0;0
3952;2025.08.06 04:00;17.75;9.31;9;695;0.0;0
3953;2025.08.06 04:15;17.44;8.75;8.5;693;0.0;0
3954;2025.08.06 04:30;17.12;8.25;8;691;0.0;0
3955;2025.08.06 04:45;16.81;7.75;7.44;690;0.0;0
3956;2025.08.06 05:00;16.5;7.38;7;688;0.0;0
3957;2025.08.06 05:15;16.25;6.88;6.56;686;0.0;0
3958;2025.08.06 05:30;15.94;6.56;6.25;685;0.0;0
3959;2025.08.06 05:45;15.62;6.31;6;684;0.0;0
3960;2025.08.06 06:00;15.38;6;5.75;683;0.0;0
3961;2025.08.06 06:15;15.12;5.75;5.5;681;0.0;0
3962;2025.08.06 06:30;14.88;5.5;5.12;680;0.0;0
3963;2025.08.06 06:45;14.62;5.12;4.69;679;0.0;0
3964;2025.08.06 07:00;14.44;4.88;4.56;678;0.0;0
3965;2025.08.06 07:15;14.19;4.62;4.25;677;0.0;0
3966;2025.08.06 07:30;14;4.5;4.19;677;0.0;0
3967;2025.08.06 07:45;13.75;4.25;3.94;676;0.0;0
3968;2025.08.06 08:00;13.56;4.12;3.75;675;0.0;0
3969;2025.08.06 08:15;13.38;4;3.75;674;0.0;0
3970;2025.08.06 08:30;13.19;3.81;3.5;674;0.0;0
3971;2025.08.06 08:45;13;3.69;3.38;673;0.0;0
3972;2025.08.06 09:00;12.81;3.56;3.25;672;0.0;0
3973;2025.08.06 09:15;12.62;3.38;3.12;672;0.0;0
3974;2025.08.06 09:30;12.5;3.12;2.88;671;0.0;0
3975;2025.08.06 09:45;12.38;3.06;2.81;671;0.0;0
3976;2025.08.06 10:00;12.12;3;2.88;670;0.0;0
3977;2025.08.06 10:15;12;3;2.88;670;0.0;0
3978;2025.08.06 10:30;11.88;2.81;2.62;669;0.0;0
3979;2025.08.06 10:45;11.75;2.69;2.44;669;0.0;0
3980;2025.08.06 11:00;11.62;2.62;2.5;669;0.0;0
3981;2025.08.06 11:15;11.44;2.5;2.31;668;0.0;0
3982;2025.08.06 11:30;11.38;2.56;2.5;668;0.0;0
3983;2025.08.06 11:45;11.25;2.5;2.38;668;0.0;0
3984;2025.08.06 12:00;11.12;2.44;2.38;667;0.0;0
3985;2025.08.06 12:15;11;2.25;2;667;0.0;0
3986;2025.08.06 12:30;10.88;2.25;2.12;667;0.0;0
3987;2025.08.06 12:45;10.75;2.56;2.5;667;0.0;0
3988;2025.08.06 13:00;10.62;2.88;2.75;668;0.0;0
3989;2025.08.06 13:15;10.56;3.25;3.06;669;0.0;0
3990;2025.08.06 13:30;10.5;3.69;3.62;670;0.0;0
3991;2025.08.06 13:45;10.5;4.12;4.06;671;0.0;0
3992;2025.08.06 14:00;10.5;5.75;6.5;675;0.0;0
3993;2025.08.06 14:15;10.5;14.12;15.06;693;0.0;0
3994;2025.08.06 14:30;10.75;16.25;16.25;701;0.0;0
3995;2025.08.06 14:45;11.06;19.25;18.75;711;0.0;0
3996;2025.08.06 15:00;11.5;22.75;21.38;723;0.0;0
3997;2025.08.06 15:15;12.12;26.62;23.88;734;0.0;0
3998;2025.08.06 15:30;12.88;24.94;23.19;732;0.0;0
3999;2025.08.06 15:45;13.5;29.5;26.5;747;0.0;0
4000;2025.08.06 16:00;14.31;34.12;30.12;762;0.0;0
4001;2025.08.06 16:15;15.25;32.31;29.5;758;0.0;0
4002;2025.08.06 16:30;16.12;36.25;32.12;773;0.0;0
4003;2025.08.06 16:45;17.12;39;33.62;784;0.0;0
4004;2025.08.06 17:00;18.25;40.31;34.31;790;0.0;0
4005;2025.08.06 17:15;19.31;41.25;34.81;796;0.0;0
4006;2025.08.06 17:30;20.38;42;35.56;801;0.0;0
4007;2025.08.06 17:45;21.38;41.94;34.88;804;0.0;0
4008;2025.08.06 18:00;22.38;43.44;36.62;810;0.0;0
4009;2025.08.06 18:15;23.31;44.12;36.31;815;0.0;0
4010;2025.08.06 18:30;24.19;44.25;36.69;817;0.0;0
4011;2025.08.06 18:45;25;44.5;37.06;820;0.1;0
4012;2025.08.06 19:00;25.75;44.88;36.56;823;0.2;0
4013;2025.08.06 19:15;26.5;44.5;36.44;824;0.2;0
4014;2025.08.06 19:30;27.12;44.94;36.81;826;0.3;0
4015;2025.08.06 19:45;27.69;43.94;36.12;824;0.2;0
4016;2025.08.06 20:00;28.12;44.81;36.62;828;0.4;0
4017;2025.08.06 20:15;28.69;46.12;37.25;834;0.5;0
4018;2025.08.06 20:30;29.12;44.25;35.81;826;0.3;0
4019;2025.08.06 20:45;29.5;45.31;36.38;832;0.5;0
4020;2025.08.06 21:00;29.75;43.38;34.38;825;0.3;0
4021;2025.08.06 21:15;30;44.25;35.12;829;0.4;0
4022;2025.08.06 21:30;30.25;43.75;34;825;0.3;0
4023;2025.08.06 21:45;30.12;38.69;32.62;804;0.0;0
4024;2025.08.06 22:00;29.69;35;31.38;790;0.0;0
4025;2025.08.06 22:15;29.12;33.62;31.12;784;0.0;0
4026;2025.08.06 22:30;28.5;30.75;29.38;772;0.0;0
4027;2025.08.06 22:45;27.88;30.38;28.88;774;0.0;0
4028;2025.08.06 23:00;27.31;29.38;27.44;768;0.0;0
4029;2025.08.06 23:15;26.75;28.38;26.88;762;0.0;0
4030;2025.08.06 23:30;26.25;26;26.31;754;0.0;0
4031;2025.08.06 23:45;25.62;23.88;25.06;746;0.0;0
4032;2025.08.07 00:00;25;22.56;23;741;0.0;0
4033;2025.08.07 00:15;24.38;21.38;21.5;737;0.0;0
4034;2025.08.07 00:30;23.81;20.75;21.12;734;0.0;0
4035;2025.08.07 00:45;23.25;19.75;20.25;730;0.0;0
4036;2025.08.07 01:00;22.75;19.25;19.88;727;0.0;0
4037;2025.08.07 01:15;22.31;18.88;19.56;725;0.0;0
4038;2025.08.07 01:30;21.88;17.75;18.25;722;0.0;0
4039;2025.08.07 01:45;21.44;17.25;18;719;0.0;0
4040;2025.08.07 02:00;21;16.62;17.25;717;0.0;0
4041;2025.08.07 02:15;20.62;15.25;15.38;712;0.0;0
4042;2025.08.07 02:30;20.25;14.06;14.12;708;0.0;0
4043;2025.08.07 02:45;19.88;13.12;13.19;705;0.0;0
4044;2025.08.07 03:00;19.44;12.5;12.75;703;0.0;0
4045;2025.08.07 03:15;19.06;11.94;12.12;700;0.0;0
4046;2025.08.07 03:30;18.69;11.31;11.5;698;0.0;0
4047;2025.08.07 03:45;18.38;10.69;10.75;696;0.0;0
4048;2025.08.07 04:00;18;10;9.94;693;0.0;0
4049;2025.08.07 04:15;17.62;9.5;9.44;691;0.0;0
4050;2025.08.07 04:30;17.38;9.06;9;690;0.0;0
4051;2025.08.07 04:45;17;8.75;8.75;688;0.0;0
4052;2025.08.07 05:00;16.75;8.25;8.19;687;0.0;0
4053;2025.08.07 05:15;16.44;7.88;7.81;685;0.0;0
4054;2025.08.07 05:30;16.12;7.69;7.69;684;0.0;0
4055;2025.08.07 05:45;15.88;7.25;7.12;682;0.0;0
4056;2025.08.07 06:00;15.62;6.75;6.62;681;0.0;0
4057;2025.08.07 06:15;15.38;6.44;6.25;679;0.0;0
4058;2025.08.07 06:30;15.12;6.31;6.31;679;0.0;0
4059;2025.08.07 06:45;14.88;6.06;6;678;0.0;0
4060;2025.08.07 07:00;14.62;5.88;5.88;677;0.0;0
4061;2025.08.07 07:15;14.44;5.62;5.62;676;0.0;0
4062;2025.08.07 07:30;14.25;5.44;5.38;675;0.0;0
4063;2025.08.07 07:45;14;5.25;5.19;674;0.0;0
4064;2025.08.07 08:00;13.75;4.94;4.88;673;0.0;0
4065;2025.08.07 08:15;13.62;4.81;4.75;672;0.0;0
4066;2025.08.07 08:30;13.44;4.5;4.44;671;0.0;0
4067;2025.08.07 08:45;13.25;4.44;4.5;671;0.0;0
4068;2025.08.07 09:00;13;4.19;4.12;670;0.0;0
4069;2025.08.07 09:15;12.88;4;3.88;669;0.0;0
4070;2025.08.07 09:30;12.69;3.69;3.62;668;0.0;0
4071;2025.08.07 09:45;12.5;3.5;3.38;668;0.0;0
4072;2025.08.07 10:00;12.38;3.25;3.12;667;0.0;0
4073;2025.08.07 10:15;12.19;3;2.88;666;0.0;0
4074;2025.08.07 10:30;12;3;2.88;666;0.0;0
4075;2025.08.07 10:45;11.88;2.75;2.75;665;0.0;0
4076;2025.08.07 11:00;11.69;2.44;2.19;664;0.0;0
4077;2025.08.07 11:15;11.56;2.25;2.06;663;0.0;0
4078;2025.08.07 11:30;11.38;2.25;2;663;0.0;0
4079;2025.08.07 11:45;11.25;2.38;2.25;663;0.0;0
4080;2025.08.07 12:00;11.12;2.25;2.06;663;0.0;0
4081;2025.08.07 12:15;11;2.12;2;662;0.0;0
4082;2025.08.07 12:30;10.88;2.31;2.25;662;0.0;0
4083;2025.08.07 12:45;10.75;2.5;2.38;663;0.0;0
4084;2025.08.07 13:00;10.75;2.81;2.75;650;0.0;0
4085;2025.08.07 13:15;10.62;3.19;3.12;651;0.0;0
4086;2025.08.07 13:30;10.56;3.5;3.38;652;0.0;0
4087;2025.08.07 13:45;10.5;3.88;3.81;653;0.0;0
4088;2025.08.07 14:00;10.5;5.81;6;656;0.0;0
4089;2025.08.07 14:15;10.5;14.5;15.44;676;0.0;0
4090;2025.08.07 14:30;10.75;16;16.31;683;0.0;0
4091;2025.08.07 14:45;11;19.88;19.25;695;0.0;0
4092;2025.08.07 15:00;11.5;23.62;22;708;0.0;0
4093;2025.08.07 15:15;12.25;27.31;24.38;720;0.0;0
4094;2025.08.07 15:30;12.94;25.5;23.38;716;0.0;0
4095;2025.08.07 15:45;13.62;30.19;27.12;732;0.0;0
4096;2025.08.07 16:00;14.5;34.25;29.75;746;0.0;0
4097;2025.08.07 16:15;15.38;31.38;28.5;739;0.0;0
4098;2025.08.07 16:30;16.19;35.62;30.75;754;0.0;0
4099;2025.08.07 16:45;17.19;38.25;32.44;765;0.0;0
4100;2025.08.07 17:00;18.31;39.38;33.62;771;0.0;0
4101;2025.08.07 17:15;19.38;40.75;33.94;778;0.0;0
4102;2025.08.07 17:30;20.5;42.75;35.56;788;0.0;0
4103;2025.08.07 17:45;21.62;43.88;35.75;794;0.0;0
4104;2025.08.07 18:00;22.62;43.38;35.38;794;0.0;0
4105;2025.08.07 18:15;23.5;41.12;33.75;788;0.0;0
4106;2025.08.07 18:30;24.12;40.5;33.88;789;0.0;0
4107;2025.08.07 18:45;24.75;41.88;35.25;793;0.0;0
4108;2025.08.07 19:00;25.5;43.5;35.62;802;0.0;0
4109;2025.08.07 19:15;26.25;44.12;36.25;806;0.0;0
4110;2025.08.07 19:30;26.94;44.5;36;809;0.0;0
4111;2025.08.07 19:45;27.62;44.62;35.5;810;0.0;0
4112;2025.08.07 20:00;28.25;44.88;36;812;0.0;0
4113;2025.08.07 20:15;28.75;44.88;35.75;814;0.0;0
4114;2025.08.07 20:30;29.25;44.75;35;814;0.0;0
4115;2025.08.07 20:45;29.69;43.88;34.12;812;0.0;0
4116;2025.08.07 21:00;30;41.44;32;802;0.0;0
4117;2025.08.07 21:15;29.94;34.88;27.81;779;0.0;0
4118;2025.08.07 21:30;29.5;36;30;782;0.0;0
4119;2025.08.07 21:45;29.12;33.5;28.62;769;0.0;0
4120;2025.08.07 22:00;28.56;29.5;26.19;756;0.0;0
4121;2025.08.07 22:15;27.94;28.75;26.38;752;0.0;0
4122;2025.08.07 22:30;27.31;28.88;27.38;750;0.0;0
4123;2025.08.07 22:45;26.75;29.5;27.81;752;0.0;0
4124;2025.08.07 23:00;26.31;27.31;24.81;745;0.0;0
4125;2025.08.07 23:15;25.88;27.5;25.81;742;0.0;0
4126;2025.08.07 23:30;25.38;25.38;25.25;734;0.0;0
4127;2025.08.07 23:45;24.88;23.75;23.81;729;0.0;0
4128;2025.08.08 00:00;24.38;22.81;22.62;725;0.0;0
4129;2025.08.08 00:15;23.88;21.81;21.38;722;0.0;0
4130;2025.08.08 00:30;23.38;21.38;21.12;719;0.0;0
4131;2025.08.08 00:45;23;21.25;21.12;718;0.0;0
4132;2025.08.08 01:00;22.62;20.31;20;715;0.0;0
4133;2025.08.08 01:15;22.25;19.19;18.88;711;0.0;0
4134;2025.08.08 01:30;21.88;18.25;18.38;707;0.0;0
4135;2025.08.08 01:45;21.44;17.25;17.62;704;0.0;0
4136;2025.08.08 02:00;21;16.06;16.19;700;0.0;0
4137;2025.08.08 02:15;20.62;15.38;15.62;697;0.0;0
4138;2025.08.08 02:30;20.25;14.88;15.12;695;0.0;0
4139;2025.08.08 02:45;19.88;14;14.25;693;0.0;0
4140;2025.08.08 03:00;19.5;13.5;13.75;690;0.0;0
4141;2025.08.08 03:15;19.19;13;13.25;689;0.0;0
4142;2025.08.08 03:30;18.88;12.25;12.31;686;0.0;0
4143;2025.08.08 03:45;18.5;11.5;11.44;684;0.0;0
4144;2025.08.08 04:00;18.19;10.88;10.75;681;0.0;0
4145;2025.08.08 04:15;17.88;10.88;10.94;681;0.0;0
4146;2025.08.08 04:30;17.56;10.25;10.25;679;0.0;0
4147;2025.08.08 04:45;17.25;10;10;678;0.0;0
4148;2025.08.08 05:00;17;9.69;9.62;676;0.0;0
4149;2025.08.08 05:15;16.75;9.44;9.31;675;0.0;0
4150;2025.08.08 05:30;16.5;9.38;9.25;675;0.0;0
4151;2025.08.08 05:45;16.31;9.88;9.75;676;0.0;0
4152;2025.08.08 06:00;16.12;10.31;10.25;677;0.0;0
4153;2025.08.08 06:15;16;10.31;10.25;677;0.0;0
4154;2025.08.08 06:30;15.88;9.88;9.75;675;0.0;0
4155;2025.08.08 06:45;15.69;9.81;9.62;675;0.0;0
4156;2025.08.08 07:00;15.5;10.12;10;676;0.0;0
4157;2025.08.08 07:15;15.38;10.94;11.12;677;0.0;0
4158;2025.08.08 07:30;15.31;11.12;11.19;678;0.0;0
4159;2025.08.08 07:45;15.25;11.31;11.25;679;0.0;0
4160;2025.08.08 08:00;15.12;11.5;11.88;682;0.0;0
4161;2025.08.08 08:15;15.12;11.38;11.88;679;0.0;0
4162;2025.08.08 08:30;15;11.44;11.62;679;0.0;0
4163;2025.08.08 08:45;14.88;11.62;11.75;680;0.0;0
4164;2025.08.08 09:00;14.81;11.12;11.25;678;0.0;0
4165;2025.08.08 09:15;14.75;11.25;11.75;678;0.0;0
4166;2025.08.08 09:30;14.62;11.5;12;679;0.0;0
4167;2025.08.08 09:45;14.56;11.12;11.44;678;0.0;0
4168;2025.08.08 10:00;14.5;10.69;10.94;676;0.0;0
4169;2025.08.08 10:15;14.38;10.88;11.12;677;0.0;0
4170;2025.08.08 10:30;14.31;10.88;11.25;677;0.0;0
4171;2025.08.08 10:45;14.25;10.38;10.62;675;0.0;0
4172;2025.08.08 11:00;14.12;9.56;9.88;673;0.0;0
4173;2025.08.08 11:15;14;8.88;9.5;671;0.0;0
4174;2025.08.08 11:30;13.81;8.06;8.56;668;0.0;0
4175;2025.08.08 11:45;13.62;7.44;7.75;666;0.0;0
4176;2025.08.08 12:00;13.5;7.31;7.5;666;0.0;0
4177;2025.08.08 12:15;13.31;7.75;8.19;667;0.0;0
4178;2025.08.08 12:30;13.25;8.94;9.69;670;0.0;0
4179;2025.08.08 12:45;13.12;8.81;9.12;669;0.0;0
4180;2025.08.08 13:00;13.06;8.75;8.88;669;0.0;0
4181;2025.08.08 13:15;13;9.25;9.5;671;0.0;0
4182;2025.08.08 13:30;13;10.12;10.5;673;0.0;0
4183;2025.08.08 13:45;13;10.88;11.19;675;0.0;0
4184;2025.08.08 14:00;13;11.62;11.81;677;0.0;0
4185;2025.08.08 14:15;13.12;12.19;12.25;679;0.0;0
4186;2025.08.08 14:30;13.12;13.38;13.62;681;0.0;0
4187;2025.08.08 14:45;13.25;19.5;19.5;697;0.0;0
4188;2025.08.08 15:00;13.5;23.5;22.5;710;0.0;0
4189;2025.08.08 15:15;14.06;26.25;23;719;0.0;0
4190;2025.08.08 15:30;14.62;23.5;21.25;712;0.0;0
4191;2025.08.08 15:45;15.12;27.75;23.5;727;0.0;0
4192;2025.08.08 16:00;15.75;29.25;23.81;733;0.0;0
4193;2025.08.08 16:15;16.38;26.12;22.75;725;0.0;0
4194;2025.08.08 16:30;17;30.31;24.75;739;0.0;0
4195;2025.08.08 16:45;17.81;32.75;25.25;749;0.0;0
4196;2025.08.08 17:00;18.75;33.62;26.5;754;0.0;0
4197;2025.08.08 17:15;19.69;34.19;27.12;757;0.0;0
4198;2025.08.08 17:30;20.62;33.88;26.56;759;0.0;0
4199;2025.08.08 17:45;21.44;35;27;765;0.0;0
4200;2025.08.08 18:00;22.25;36.75;27.75;772;0.0;0
4201;2025.08.08 18:15;23.12;37;28.25;774;0.0;0
4202;2025.08.08 18:30;23.88;37;29;777;0.0;0
4203;2025.08.08 18:45;24.62;37.44;28.75;781;0.0;0
4204;2025.08.08 19:00;25.25;37.5;28.62;782;0.0;0
4205;2025.08.08 19:15;25.88;38.12;29;786;0.0;0
4206;2025.08.08 19:30;26.5;39.25;29.75;791;0.0;0
4207;2025.08.08 19:45;27.06;38.06;28.12;788;0.0;0
4208;2025.08.08 20:00;27.5;37.88;28.25;789;0.0;0
4209;2025.08.08 20:15;27.94;37.75;27.56;789;0.0;0
4210;2025.08.08 20:30;28.38;38.44;27.88;792;0.0;0
4211;2025.08.08 20:45;28.69;38.75;28.06;794;0.0;0
4212;2025.08.08 21:00;29;39.12;27.5;796;0.0;0
4213;2025.08.08 21:15;29.38;38.88;27.38;795;0.0;0
4214;2025.08.08 21:30;29.56;38.25;27.12;793;0.0;0
4215;2025.08.08 21:45;29.5;33.38;24.75;771;0.0;0
4216;2025.08.08 22:00;28.94;28.06;22.88;752;0.0;0
4217;2025.08.08 22:15;28.25;25.69;21.81;743;0.0;0
4218;2025.08.08 22:30;27.5;23.31;21.19;732;0.0;0
4219;2025.08.08 22:45;26.62;22.75;21.12;732;0.0;0
4220;2025.08.08 23:00;26;22.62;19.75;731;0.0;0
4221;2025.08.08 23:15;25.38;21.25;18.94;723;0.0;0
4222;2025.08.08 23:30;24.69;18.81;18.81;713;0.0;0
4223;2025.08.08 23:45;23.94;16.88;17.19;707;0.0;0
4224;2025.08.09 00:00;23.25;15.81;15.62;702;0.0;0
4225;2025.08.09 00:15;22.56;15;14.75;698;0.0;0
4226;2025.08.09 00:30;21.94;14.06;13.75;695;0.0;0
4227;2025.08.09 00:45;21.38;13.38;13.38;692;0.0;0
4228;2025.08.09 01:00;20.81;13;13.12;690;0.0;0
4229;2025.08.09 01:15;20.25;12;11.75;686;0.0;0
4230;2025.08.09 01:30;19.81;11.38;11.38;684;0.0;0
4231;2025.08.09 01:45;19.38;10.44;10.12;680;0.0;0
4232;2025.08.09 02:00;18.88;10.12;10;679;0.0;0
4233;2025.08.09 02:15;18.5;9.06;8.69;675;0.0;0
4234;2025.08.09 02:30;18.06;8.75;8.88;674;0.0;0
4235;2025.08.09 02:45;17.69;7.75;7.38;670;0.0;0
4236;2025.08.09 03:00;17.25;6.88;6.62;667;0.0;0
4237;2025.08.09 03:15;16.88;6.44;6.25;665;0.0;0
4238;2025.08.09 03:30;16.5;5.75;5.38;663;0.0;0
4239;2025.08.09 03:45;16.12;5.12;4.75;661;0.0;0
4240;2025.08.09 04:00;15.81;4.5;4;659;0.0;0
4241;2025.08.09 04:15;15.5;3.88;3.38;656;0.0;0
4242;2025.08.09 04:30;15.12;3.44;2.94;655;0.0;0
4243;2025.08.09 04:45;14.81;3;2.62;653;0.0;0
4244;2025.08.09 05:00;14.5;2.69;2.25;652;0.0;0
4245;2025.08.09 05:15;14.25;2.25;1.81;650;0.0;0
4246;2025.08.09 05:30;13.88;1.75;1.25;648;0.0;0
4247;2025.08.09 05:45;13.62;1.5;1;647;0.0;0
4248;2025.08.09 06:00;13.38;1.25;0.69;646;0.0;0
4249;2025.08.09 06:15;13.06;0.88;0.38;645;0.0;0
4250;2025.08.09 06:30;12.81;0.69;0.12;644;0.0;0
4251;2025.08.09 06:45;12.56;0.5;-0.06;643;0.0;0
4252;2025.08.09 07:00;12.31;0.19;-0.38;642;0.0;0
4253;2025.08.09 07:15;12.06;0;-0.5;641;0.0;0
4254;2025.08.09 07:30;11.88;-0.31;-0.88;640;0.0;0
4255;2025.08.09 07:45;11.62;-0.5;-1.12;639;0.0;0
4256;2025.08.09 08:00;11.38;-0.5;-1;639;0.0;0
4257;2025.08.09 08:15;11.25;-0.75;-1.31;638;0.0;0
4258;2025.08.09 08:30;11;-0.94;-1.5;637;0.0;0
4259;2025.08.09 08:45;10.81;-1;-1.62;637;0.0;0
4260;2025.08.09 09:00;10.62;-1.12;-1.62;636;0.0;0
4261;2025.08.09 09:15;10.5;-1.31;-1.75;636;0.0;0
4262;2025.08.09 09:30;10.25;-1.31;-1.75;635;0.0;0
4263;2025.08.09 09:45;10.12;-1.38;-1.75;635;0.0;0
4264;2025.08.09 10:00;9.94;-1.25;-1.5;635;0.0;0
4265;2025.08.09 10:15;9.81;-1.38;-1.81;635;0.0;0
4266;2025.08.09 10:30;9.62;-1.56;-2;634;0.0;0
4267;2025.08.09 10:45;9.5;-1.81;-2.25;633;0.0;0
4268;2025.08.09 11:00;9.38;-1.88;-2.38;633;0.0;0
4269;2025.08.09 11:15;9.25;-1.88;-2.25;633;0.0;0
4270;2025.08.09 11:30;9.12;-1.88;-2.25;633;0.0;0
4271;2025.08.09 11:45;9;-1.94;-2.38;632;0.0;0
4272;2025.08.09 12:00;8.88;-2;-2.5;632;0.0;0
4273;2025.08.09 12:15;8.75;-1.88;-2.38;632;0.0;0
4274;2025.08.09 12:30;8.62;-1.75;-2.12;633;0.0;0
4275;2025.08.09 12:45;8.5;-1.5;-1.94;633;0.0;0
4276;2025.08.09 13:00;8.44;-0.38;-0.62;636;0.0;0
4277;2025.08.09 13:15;8.44;1.38;1.25;641;0.0;0
4278;2025.08.09 13:30;8.5;2.06;1.75;643;0.0;0
4279;2025.08.09 13:45;8.56;3.44;3.12;647;0.0;0
4280;2025.08.09 14:00;8.69;4.94;4.38;651;0.0;0
4281;2025.08.09 14:15;8.88;6.75;5.94;656;0.0;0
4282;2025.08.09 14:30;9.12;7.88;7;660;0.0;0
4283;2025.08.09 14:45;9.38;9.75;8.88;665;0.0;0
4284;2025.08.09 15:00;9.62;12.31;11;673;0.0;0
4285;2025.08.09 15:15;10;13.81;11.94;678;0.0;0
4286;2025.08.09 15:30;10.44;15.25;13.31;683;0.0;0
4287;2025.08.09 15:45;10.88;18.06;15.5;692;0.0;0
4288;2025.08.09 16:00;11.44;20.25;17.5;699;0.0;0
4289;2025.08.09 16:15;12;22.38;19.5;707;0.0;0
4290;2025.08.09 16:30;12.69;24.81;21.38;715;0.0;0
4291;2025.08.09 16:45;13.38;25.5;21.62;718;0.0;0
4292;2025.08.09 17:00;14.12;27;22.88;724;0.0;0
4293;2025.08.09 17:15;14.75;26.62;22.69;725;0.0;0
4294;2025.08.09 17:30;15.38;25.5;21.5;722;0.0;0
4295;2025.08.09 17:45;15.75;23;19.62;715;0.0;0
4296;2025.08.09 18:00;16;22.25;19.25;714;0.0;0
4297;2025.08.09 18:15;16.25;22.88;19.75;716;0.0;0
4298;2025.08.09 18:30;16.5;23.31;20.31;718;0.0;0
4299;2025.08.09 18:45;16.75;26.62;23.12;729;0.0;0
4300;2025.08.09 19:00;17.31;28.25;23.88;734;0.0;0
4301;2025.08.09 19:15;17.75;26;21.81;728;0.0;0
4302;2025.08.09 19:30;18.12;26.12;22.25;730;0.0;0
4303;2025.08.09 19:45;18.38;27.25;23.12;735;0.0;0
4304;2025.08.09 20:00;18.81;26.38;22;731;0.0;0
4305;2025.08.09 20:15;19.12;29;24.62;743;0.0;0
4306;2025.08.09 20:30;19.5;31;25.25;749;0.0;0
4307;2025.08.09 20:45;20.06;27.88;22.5;739;0.0;0
4308;2025.08.09 21:00;20.25;24.62;20.62;729;0.0;0
4309;2025.08.09 21:15;20.25;25.62;21.38;733;0.0;0
4310;2025.08.09 21:30;20.25;26.06;22;738;0.0;0
4311;2025.08.09 21:45;20.38;29;24.5;742;0.0;0
4312;2025.08.09 22:00;20.5;26.38;23.06;733;0.0;0
4313;2025.08.09 22:15;20.62;26.38;24;732;0.0;0
4314;2025.08.09 22:30;20.5;23.5;22.31;722;0.0;0
4315;2025.08.09 22:45;20.25;22.62;21.62;722;0.0;0
4316;2025.08.09 23:00;20.12;22.88;20.5;721;0.0;0
4317;2025.08.09 23:15;19.88;21.62;20.12;716;0.0;0
4318;2025.08.09 23:30;19.56;19.62;19.5;709;0.0;0
4319;2025.08.09 23:45;19.25;19.31;19.38;707;0.0;0
4320;2025.08.10 00:00;19;19.69;19.12;708;0.0;0
4321;2025.08.10 00:15;18.75;19.31;18.62;707;0.0;0
4322;2025.08.10 00:30;18.56;18.19;17.5;703;0.0;0
4323;2025.08.10 00:45;18.31;17.19;16.75;700;0.0;0
4324;2025.08.10 01:00;18.12;17.44;16.94;700;0.0;0
4325;2025.08.10 01:15;17.88;16.75;16.25;698;0.0;0
4326;2025.08.10 01:30;17.69;16.12;15.62;696;0.0;0
4327;2025.08.10 01:45;17.5;14.31;13.75;690;0.0;0
4328;2025.08.10 02:00;17.19;12.38;11.88;684;0.0;0
4329;2025.08.10 02:15;16.88;11;10.62;680;0.0;0
4330;2025.08.10 02:30;16.5;9.88;9.56;676;0.0;0
4331;2025.08.10 02:45;16.12;8.75;8.5;672;0.0;0
4332;2025.08.10 03:00;15.75;8;7.75;670;0.0;0
4333;2025.08.10 03:15;15.38;7.19;7;667;0.0;0
4334;2025.08.10 03:30;15;6.56;6.31;665;0.0;0
4335;2025.08.10 03:45;14.69;6;5.75;662;0.0;0
4336;2025.08.10 04:00;14.38;5.38;5.12;660;0.0;0
4337;2025.08.10 04:15;14.06;4.88;4.56;658;0.0;0
4338;2025.08.10 04:30;13.75;4.38;4.06;657;0.0;0
4339;2025.08.10 04:45;13.5;3.88;3.62;655;0.0;0
4340;2025.08.10 05:00;13.19;3.38;3;653;0.0;0
4341;2025.08.10 05:15;12.88;2.94;2.5;651;0.0;0
4342;2025.08.10 05:30;12.62;2.5;2.19;650;0.0;0
4343;2025.08.10 05:45;12.38;2.19;1.88;649;0.0;0
4344;2025.08.10 06:00;12.12;2;1.69;648;0.0;0
4345;2025.08.10 06:15;11.88;1.62;1.25;646;0.0;0
4346;2025.08.10 06:30;11.62;1.25;0.88;645;0.0;0
4347;2025.08.10 06:45;11.38;0.88;0.56;644;0.0;0
4348;2025.08.10 07:00;11.19;0.69;0.38;643;0.0;0
4349;2025.08.10 07:15;11;0.44;0.12;642;0.0;0
4350;2025.08.10 07:30;10.75;0.25;-0.06;641;0.0;0
4351;2025.08.10 07:45;10.56;0;-0.38;640;0.0;0
4352;2025.08.10 08:00;10.38;-0.12;-0.5;640;0.0;0
4353;2025.08.10 08:15;10.12;-0.31;-0.69;639;0.0;0
4354;2025.08.10 08:30;10;-0.5;-0.88;638;0.0;0
4355;2025.08.10 08:45;9.81;-0.75;-1.25;637;0.0;0
4356;2025.08.10 09:00;9.62;-0.88;-1.31;637;0.0;0
4357;2025.08.10 09:15;9.5;-1;-1.38;636;0.0;0
4358;2025.08.10 09:30;9.31;-1;-1.44;636;0.0;0
4359;2025.08.10 09:45;9.12;-1.12;-1.62;636;0.0;0
4360;2025.08.10 10:00;9;-1.31;-1.81;635;0.0;0
4361;2025.08.10 10:15;8.88;-1.5;-2;634;0.0;0
4362;2025.08.10 10:30;8.75;-1.5;-2;634;0.0;0
4363;2025.08.10 10:45;8.62;-1.25;-1.69;635;0.0;0
4364;2025.08.10 11:00;8.5;-0.88;-1.25;636;0.0;0
4365;2025.08.10 11:15;8.38;-0.62;-1;636;0.0;0
4366;2025.08.10 11:30;8.38;-0.75;-1.12;636;0.0;0
4367;2025.08.10 11:45;8.25;-1.12;-1.5;635;0.0;0
4368;2025.08.10 12:00;8.12;-1.25;-1.62;634;0.0;0
4369;2025.08.10 12:15;8;-1.38;-1.75;634;0.0;0
4370;2025.08.10 12:30;7.94;-1.25;-1.5;634;0.0;0
4371;2025.08.10 12:45;7.88;-1.12;-1.38;634;0.0;0
4372;2025.08.10 13:00;7.75;-0.88;-1.12;635;0.0;0
4373;2025.08.10 13:15;7.75;-0.5;-0.75;636;0.0;0
4374;2025.08.10 13:30;7.69;-0.25;-0.62;636;0.0;0
4375;2025.08.10 13:45;7.62;0.12;-0.25;637;0.0;0
4376;2025.08.10 14:00;7.62;1;0.62;639;0.0;0
4377;2025.08.10 14:15;7.62;9.44;9.94;658;0.0;0
4378;2025.08.10 14:30;7.88;12;11.62;667;0.0;0
4379;2025.08.10 14:45;8.25;15.88;14.25;680;0.0;0
4380;2025.08.10 15:00;8.75;14.62;12.38;679;0.0;0
4381;2025.08.10 15:15;9.31;14.88;12.75;681;0.0;0
4382;2025.08.10 15:30;9.75;14.62;12.88;682;0.0;0
4383;2025.08.10 15:45;10.25;15.94;14.12;686;0.0;0
4384;2025.08.10 16:00;10.62;17.12;15.25;690;0.0;0
4385;2025.08.10 16:15;11.12;19.38;17.5;698;0.0;0
4386;2025.08.10 16:30;11.69;21.5;19.25;705;0.0;0
4387;2025.08.10 16:45;12.25;24.12;21.44;714;0.0;0
4388;2025.08.10 17:00;12.94;27.5;23.88;725;0.0;0
4389;2025.08.10 17:15;13.75;29.62;25.25;733;0.0;0
4390;2025.08.10 17:30;14.62;30.94;26.38;739;0.0;0
4391;2025.08.10 17:45;15.5;30.88;25.62;740;0.0;0
4392;2025.08.10 18:00;16.19;30;25.31;739;0.0;0
4393;2025.08.10 18:15;16.88;30.56;26.12;742;0.0;0
4394;2025.08.10 18:30;17.56;32.5;27.5;750;0.0;0
4395;2025.08.10 18:45;18.25;33.25;28.12;754;0.0;0
4396;2025.08.10 19:00;19;33.88;28;758;0.0;0
4397;2025.08.10 19:15;19.75;33.19;26.94;756;0.0;0
4398;2025.08.10 19:30;20.25;33.56;27.5;758;0.0;0
4399;2025.08.10 19:45;20.75;35.75;29.62;766;0.0;0
4400;2025.08.10 20:00;21.38;35.75;29.12;767;0.0;0
4401;2025.08.10 20:15;22;37.75;30;775;0.0;0
4402;2025.08.10 20:30;22.5;35;27.94;766;0.0;0
4403;2025.08.10 20:45;22.75;34.69;28.5;770;0.0;0
4404;2025.08.10 21:00;23.25;39.62;31.25;787;0.0;0
4405;2025.08.10 21:15;23.88;36.88;28.38;777;0.0;0
4406;2025.08.10 21:30;24.25;37.12;28.88;781;0.0;0
4407;2025.08.10 21:45;24.56;35.88;28.25;772;0.0;0
4408;2025.08.10 22:00;24.5;31.69;26.69;757;0.0;0
4409;2025.08.10 22:15;24.38;30.25;26.69;751;0.0;0
4410;2025.08.10 22:30;24;27.62;25.62;740;0.0;0
4411;2025.08.10 22:45;23.5;26.38;24.75;739;0.0;0
4412;2025.08.10 23:00;23.12;26.75;23.38;738;0.0;0
4413;2025.08.10 23:15;22.69;24.25;21.94;728;0.0;0
4414;2025.08.10 23:30;22.19;21.81;21.19;720;0.0;0
4415;2025.08.10 23:45;21.62;20.25;19.88;715;0.0;0
4416;2025.08.11 00:00;21.12;19;18.56;710;0.0;0
4417;2025.08.11 00:15;20.62;17.62;17.38;705;0.0;0
4418;2025.08.11 00:30;20.12;16.88;16.75;702;0.0;0
4419;2025.08.11 00:45;19.69;16.38;16.44;700;0.0;0
4420;2025.08.11 01:00;19.25;15.62;15.88;697;0.0;0
4421;2025.08.11 01:15;18.88;15.38;15.94;695;0.0;0
4422;2025.08.11 01:30;18.5;14.62;15;692;0.0;0
4423;2025.08.11 01:45;18.12;13.94;14.25;690;0.0;0
4424;2025.08.11 02:00;17.75;12.88;13;686;0.0;0
4425;2025.08.11 02:15;17.38;11.81;11.75;683;0.0;0
4426;2025.08.11 02:30;17.06;11;11;680;0.0;0
4427;2025.08.11 02:45;16.69;10;9.75;676;0.0;0
4428;2025.08.11 03:00;16.38;9.19;9;674;0.0;0
4429;2025.08.11 03:15;16;8.62;8.5;672;0.0;0
4430;2025.08.11 03:30;15.62;8.12;8;670;0.0;0
4431;2025.08.11 03:45;15.38;7.69;7.5;668;0.0;0
4432;2025.08.11 04:00;15.06;7.12;6.88;666;0.0;0
4433;2025.08.11 04:15;14.75;6.69;6.44;664;0.0;0
4434;2025.08.11 04:30;14.5;6.25;6;663;0.0;0
4435;2025.08.11 04:45;14.19;5.88;5.62;661;0.0;0
4436;2025.08.11 05:00;13.94;5.62;5.44;660;0.0;0
4437;2025.08.11 05:15;13.69;5.38;5.12;659;0.0;0
4438;2025.08.11 05:30;13.44;5;4.75;658;0.0;0
4439;2025.08.11 05:45;13.19;4.75;4.5;657;0.0;0
4440;2025.08.11 06:00;13;4.5;4.19;656;0.0;0
4441;2025.08.11 06:15;12.75;4.25;3.88;655;0.0;0
4442;2025.08.11 06:30;12.5;4.06;3.88;654;0.0;0
4443;2025.08.11 06:45;12.38;3.88;3.62;653;0.0;0
4444;2025.08.11 07:00;12.12;3.62;3.31;652;0.0;0
4445;2025.08.11 07:15;12;3.5;3.25;652;0.0;0
4446;2025.08.11 07:30;11.75;3.31;3.12;651;0.0;0
4447;2025.08.11 07:45;11.62;3.12;2.88;650;0.0;0
4448;2025.08.11 08:00;11.44;2.94;2.69;650;0.0;0
4449;2025.08.11 08:15;11.25;2.75;2.5;649;0.0;0
4450;2025.08.11 08:30;11.12;2.56;2.31;648;0.0;0
4451;2025.08.11 08:45;10.88;2.25;1.94;647;0.0;0
4452;2025.08.11 09:00;10.75;2.25;2.12;647;0.0;0
4453;2025.08.11 09:15;10.62;2.12;2;646;0.0;0
4454;2025.08.11 09:30;10.5;1.94;1.62;646;0.0;0
4455;2025.08.11 09:45;10.38;1.88;1.62;645;0.0;0
4456;2025.08.11 10:00;10.25;1.75;1.5;645;0.0;0
4457;2025.08.11 10:15;10.06;1.62;1.38;644;0.0;0
4458;2025.08.11 10:30;9.94;1.56;1.31;644;0.0;0
4459;2025.08.11 10:45;9.81;1.38;1.12;644;0.0;0
4460;2025.08.11 11:00;9.69;1.38;1.12;643;0.0;0
4461;2025.08.11 11:15;9.62;1.25;1.06;643;0.0;0
4462;2025.08.11 11:30;9.5;1.25;1.06;643;0.0;0
4463;2025.08.11 11:45;9.38;1.06;0.75;642;0.0;0
4464;2025.08.11 12:00;9.25;1.06;0.88;642;0.0;0
4465;2025.08.11 12:15;9.12;1;0.75;642;0.0;0
4466;2025.08.11 12:30;9;1;0.75;642;0.0;0
4467;2025.08.11 12:45;8.94;1.25;1.12;642;0.0;0
4468;2025.08.11 13:00;8.88;1.38;1.25;643;0.0;0
4469;2025.08.11 13:15;8.75;1.62;1.38;643;0.0;0
4470;2025.08.11 13:30;8.75;1.88;1.75;644;0.0;0
4471;2025.08.11 13:45;8.75;2.19;2.06;645;0.0;0
4472;2025.08.11 14:00;8.69;2.56;2.38;646;0.0;0
4473;2025.08.11 14:15;8.69;10.62;11.56;663;0.0;0
4474;2025.08.11 14:30;8.88;13.69;14;673;0.0;0
4475;2025.08.11 14:45;9.12;18.5;17.75;687;0.0;0
4476;2025.08.11 15:00;9.62;21.88;20.38;700;0.0;0
4477;2025.08.11 15:15;10.38;22.88;20.75;703;0.0;0
4478;2025.08.11 15:30;11;23.19;21.5;706;0.0;0
4479;2025.08.11 15:45;11.69;28.81;24.81;725;0.0;0
4480;2025.08.11 16:00;12.62;29.38;25.5;728;0.0;0
4481;2025.08.11 16:15;13.38;29.69;26;731;0.0;0
4482;2025.08.11 16:30;14.31;33.38;28;744;0.0;0
4483;2025.08.11 16:45;15.38;35.38;29.19;753;0.0;0
4484;2025.08.11 17:00;16.5;37.06;30.75;761;0.0;0
4485;2025.08.11 17:15;17.62;37.06;30.62;763;0.0;0
4486;2025.08.11 17:30;18.62;38.62;31.38;771;0.0;0
4487;2025.08.11 17:45;19.62;39.75;32.5;777;0.0;0
4488;2025.08.11 18:00;20.69;40.5;32.5;782;0.0;0
4489;2025.08.11 18:15;21.62;40.38;32.88;784;0.0;0
4490;2025.08.11 18:30;22.5;41;33;788;0.0;0
4491;2025.08.11 18:45;23.38;41.75;33.75;792;0.0;0
4492;2025.08.11 19:00;24.19;42.31;33.56;796;0.0;0
4493;2025.08.11 19:15;24.94;42.19;33.25;797;0.0;0
4494;2025.08.11 19:30;25.56;41.69;33;797;0.0;0
4495;2025.08.11 19:45;26.12;42.12;33.25;800;0.0;0
4496;2025.08.11 20:00;26.75;41.81;33.12;800;0.0;0
4497;2025.08.11 20:15;27.25;42.94;33.88;805;0.0;0
4498;2025.08.11 20:30;27.75;41.94;32.5;803;0.0;0
4499;2025.08.11 20:45;28.12;42.38;32.88;805;0.0;0
4500;2025.08.11 21:00;28.5;43;33;807;0.0;0
4501;2025.08.11 21:15;28.88;41.88;31.75;803;0.0;0
4502;2025.08.11 21:30;29;40.88;31;800;0.0;0
4503;2025.08.11 21:45;29;37.38;29;783;0.0;0
4504;2025.08.11 22:00;28.62;31.88;27;763;0.0;0
4505;2025.08.11 22:15;28;30.5;27.31;757;0.0;0
4506;2025.08.11 22:30;27.25;28.12;26.62;746;0.0;0
4507;2025.08.11 22:45;26.5;26.25;25.25;740;0.0;0
4508;2025.08.11 23:00;25.75;27.25;24.38;742;0.0;0
4509;2025.08.11 23:15;25.19;25.44;24;733;0.0;0
4510;2025.08.11 23:30;24.5;23.69;23.62;727;0.0;0
4511;2025.08.11 23:45;23.94;22.62;22.88;723;0.0;0
4512;2025.08.12 00:00;23.38;22.31;22.25;721;0.0;0
4513;2025.08.12 00:15;22.88;21.88;21.62;719;0.0;0
4514;2025.08.12 00:30;22.44;22;21.81;718;0.0;0
4515;2025.08.12 00:45;22.06;21.88;21.69;717;0.0;0
4516;2025.08.12 01:00;21.75;21.5;21.25;716;0.0;0
4517;2025.08.12 01:15;21.38;20.75;20.62;713;0.0;0
4518;2025.08.12 01:30;21.12;19.38;19.12;708;0.0;0
4519;2025.08.12 01:45;20.75;18.25;18.25;704;0.0;0
4520;2025.08.12 02:00;20.38;17.12;17.12;700;0.0;0
4521;2025.08.12 02:15;20;16.62;17.25;698;0.0;0
4522;2025.08.12 02:30;19.62;15.12;14.88;693;0.0;0
4523;2025.08.12 02:45;19.25;13.81;13.56;689;0.0;0
4524;2025.08.12 03:00;18.88;13;13;686;0.0;0
4525;2025.08.12 03:15;18.5;12.25;12.12;684;0.0;0
4526;2025.08.12 03:30;18.12;11.56;11.38;681;0.0;0
4527;2025.08.12 03:45;17.75;11.06;10.88;680;0.0;0
4528;2025.08.12 04:00;17.44;10.5;10.31;677;0.0;0
4529;2025.08.12 04:15;17.12;10;9.81;675;0.0;0
4530;2025.08.12 04:30;16.81;9.5;9.31;674;0.0;0
4531;2025.08.12 04:45;16.5;9.06;8.88;672;0.0;0
4532;2025.08.12 05:00;16.25;8.62;8.38;670;0.0;0
4533;2025.08.12 05:15;15.94;8.19;8;669;0.0;0
4534;2025.08.12 05:30;15.62;7.81;7.62;667;0.0;0
4535;2025.08.12 05:45;15.38;7.5;7.31;666;0.0;0
4536;2025.08.12 06:00;15.12;7.12;7;665;0.0;0
4537;2025.08.12 06:15;14.88;6.88;6.75;664;0.0;0
4538;2025.08.12 06:30;14.62;6.62;6.38;662;0.0;0
4539;2025.08.12 06:45;14.38;6.38;6.19;662;0.0;0
4540;2025.08.12 07:00;14.12;6.06;5.81;660;0.0;0
4541;2025.08.12 07:15;13.94;5.88;5.62;659;0.0;0
4542;2025.08.12 07:30;13.75;5.62;5.5;659;0.0;0
4543;2025.08.12 07:45;13.5;5.56;5.5;658;0.0;0
4544;2025.08.12 08:00;13.31;5.38;5.25;657;0.0;0
4545;2025.08.12 08:15;13.12;5.06;4.88;656;0.0;0
4546;2025.08.12 08:30;13;5;4.88;656;0.0;0
4547;2025.08.12 08:45;12.75;4.81;4.69;655;0.0;0
4548;2025.08.12 09:00;12.62;4.75;4.5;655;0.0;0
4549;2025.08.12 09:15;12.44;4.5;4.38;654;0.0;0
4550;2025.08.12 09:30;12.25;4.38;4.25;653;0.0;0
4551;2025.08.12 09:45;12.12;4.25;4;653;0.0;0
4552;2025.08.12 10:00;12;4.06;3.88;652;0.0;0
4553;2025.08.12 10:15;11.88;4;3.88;652;0.0;0
4554;2025.08.12 10:30;11.69;4;3.88;652;0.0;0
4555;2025.08.12 10:45;11.5;3.94;3.81;651;0.0;0
4556;2025.08.12 11:00;11.38;3.88;3.88;651;0.0;0
4557;2025.08.12 11:15;11.25;4;4;651;0.0;0
4558;2025.08.12 11:30;11.19;3.88;3.94;651;0.0;0
4559;2025.08.12 11:45;11.12;4.12;4.12;651;0.0;0
4560;2025.08.12 12:00;11;3.75;3.62;650;0.0;0
4561;2025.08.12 12:15;10.88;3.81;3.81;650;0.0;0
4562;2025.08.12 12:30;10.75;3.75;3.75;650;0.0;0
4563;2025.08.12 12:45;10.62;3.88;3.75;650;0.0;0
4564;2025.08.12 13:00;10.62;4;3.94;650;0.0;0
4565;2025.08.12 13:15;10.5;4.12;4;651;0.0;0
4566;2025.08.12 13:30;10.44;4.38;4.19;651;0.0;0
4567;2025.08.12 13:45;10.38;4.56;4.38;652;0.0;0
4568;2025.08.12 14:00;10.38;4.81;4.62;653;0.0;0
4569;2025.08.12 14:15;10.38;10.75;12.19;666;0.0;0
4570;2025.08.12 14:30;10.5;15.19;15.75;677;0.0;0
4571;2025.08.12 14:45;10.75;20;19.44;692;0.0;0
4572;2025.08.12 15:00;11.19;23.38;22.12;705;0.0;0
4573;2025.08.12 15:15;11.88;23.62;21.62;706;0.0;0
4574;2025.08.12 15:30;12.44;24.5;22.75;710;0.0;0
4575;2025.08.12 15:45;13.12;30.12;26.38;729;0.0;0
4576;2025.08.12 16:00;14;30;26.44;730;0.0;0
4577;2025.08.12 16:15;14.75;31.88;28;738;0.0;0
4578;2025.08.12 16:30;15.69;35.38;30.12;751;0.0;0
4579;2025.08.12 16:45;16.75;37.5;31.88;760;0.0;0
4580;2025.08.12 17:00;17.88;39.06;32.75;767;0.0;0
4581;2025.08.12 17:15;19;38.88;32.94;769;0.0;0
4582;2025.08.12 17:30;20;40.75;34.38;777;0.0;0
4583;2025.08.12 17:45;21;40.88;33.94;781;0.0;0
4584;2025.08.12 18:00;22;42.25;35.06;787;0.0;0
4585;2025.08.12 18:15;22.88;42.62;35.19;790;0.0;0
4586;2025.08.12 18:30;23.81;42.88;35.75;794;0.0;0
4587;2025.08.12 18:45;24.69;44.5;36.38;801;0.0;0
4588;2025.08.12 19:00;25.5;45.12;36.12;806;0.0;0
4589;2025.08.12 19:15;26.25;43.75;35.88;802;0.0;0
4590;2025.08.12 19:30;26.88;42;34.12;796;0.0;0
4591;2025.08.12 19:45;27.19;38.81;31.5;786;0.0;0
4592;2025.08.12 20:00;27.25;41.62;34.75;797;0.0;0
4593;2025.08.12 20:15;27.62;44.88;37.12;809;0.0;0
4594;2025.08.12 20:30;28.25;45.69;36.5;813;0.0;0
4595;2025.08.12 20:45;28.88;45.5;35.69;813;0.0;0
4596;2025.08.12 21:00;29.38;45.5;36.12;814;0.0;0
4597;2025.08.12 21:15;29.75;45.5;34.88;815;0.0;0
4598;2025.08.12 21:30;30.12;44;34.38;810;0.0;0
4599;2025.08.12 21:45;30.12;40.88;32.44;794;0.0;0
4600;2025.08.12 22:00;29.88;35.75;30.62;774;0.0;0
4601;2025.08.12 22:15;29.38;33.69;29.88;767;0.0;0
4602;2025.08.12 22:30;28.62;31;29.38;754;0.0;0
4603;2025.08.12 22:45;27.88;28.62;27.75;746;0.0;0
4604;2025.08.12 23:00;27.12;29.44;26.94;749;0.0;0
4605;2025.08.12 23:15;26.5;27.38;26.12;739;0.0;0
4606;2025.08.12 23:30;25.88;25.25;25.38;731;0.0;0
4607;2025.08.12 23:45;25.25;23.62;23.88;726;0.0;0
4608;2025.08.13 00:00;24.62;22.5;22.62;721;0.0;0
4609;2025.08.13 00:15;24;21.56;21.75;717;0.0;0
4610;2025.08.13 00:30;23.44;20.75;21.12;714;0.0;0
4611;2025.08.13 00:45;22.88;19.75;20;710;0.0;0
4612;2025.08.13 01:00;22.38;18.75;18.88;707;0.0;0
4613;2025.08.13 01:15;21.94;18.25;18.5;704;0.0;0
4614;2025.08.13 01:30;21.5;17.38;17.62;701;0.0;0
4615;2025.08.13 01:45;21.06;16.88;17.31;699;0.0;0
4616;2025.08.13 02:00;20.62;16.12;16.25;696;0.0;0
4617;2025.08.13 02:15;20.25;15.62;15.94;694;0.0;0
4618;2025.08.13 02:30;19.88;14.69;14.75;691;0.0;0
4619;2025.08.13 02:45;19.5;14;14.12;688;0.0;0
4620;2025.08.13 03:00;19.19;13.44;13.62;686;0.0;0
4621;2025.08.13 03:15;18.81;12.75;12.75;684;0.0;0
4622;2025.08.13 03:30;18.5;12.25;12.31;682;0.0;0
4623;2025.08.13 03:45;18.12;11.75;11.81;680;0.0;0
4624;2025.08.13 04:00;17.88;11.25;11.19;678;0.0;0
4625;2025.08.13 04:15;17.5;10.88;10.81;676;0.0;0
4626;2025.08.13 04:30;17.25;10.5;10.5;675;0.0;0
4627;2025.08.13 04:45;17;10;10;673;0.0;0
4628;2025.08.13 05:00;16.69;9.69;9.56;672;0.0;0
4629;2025.08.13 05:15;16.38;9.25;9.12;670;0.0;0
4630;2025.08.13 05:30;16.12;9;8.88;669;0.0;0
4631;2025.08.13 05:45;15.88;8.62;8.5;668;0.0;0
4632;2025.08.13 06:00;15.69;8.25;8.12;666;0.0;0
4633;2025.08.13 06:15;15.44;8;7.94;665;0.0;0
4634;2025.08.13 06:30;15.25;7.69;7.56;664;0.0;0
4635;2025.08.13 06:45;15;7.38;7.25;663;0.0;0
4636;2025.08.13 07:00;14.75;7.19;7.12;662;0.0;0
4637;2025.08.13 07:15;14.56;6.88;6.88;661;0.0;0
4638;2025.08.13 07:30;14.38;6.75;6.69;660;0.0;0
4639;2025.08.13 07:45;14.12;6.38;6.25;659;0.0;0
4640;2025.08.13 08:00;14;6.31;6.25;659;0.0;0
4641;2025.08.13 08:15;13.75;6.12;6.12;658;0.0;0
4642;2025.08.13 08:30;13.62;6.12;6.12;658;0.0;0
4643;2025.08.13 08:45;13.38;6;6;657;0.0;0
4644;2025.08.13 09:00;13.25;5.88;5.88;657;0.0;0
4645;2025.08.13 09:15;13.12;5.75;5.81;656;0.0;0
4646;2025.08.13 09:30;12.94;5.62;5.56;655;0.0;0
4647;2025.08.13 09:45;12.75;5.25;5.12;654;0.0;0
4648;2025.08.13 10:00;12.62;5.25;5.19;654;0.0;0
4649;2025.08.13 10:15;12.5;5.25;5.38;654;0.0;0
4650;2025.08.13 10:30;12.38;5.12;5.12;653;0.0;0
4651;2025.08.13 10:45;12.25;4.88;4.88;653;0.0;0
4652;2025.08.13 11:00;12.12;4.88;4.88;652;0.0;0
4653;2025.08.13 11:15;11.94;4.75;4.75;652;0.0;0
4654;2025.08.13 11:30;11.88;4.69;4.75;652;0.0;0
4655;2025.08.13 11:45;11.75;4.69;4.81;652;0.0;0
4656;2025.08.13 12:00;11.62;4.62;4.62;651;0.0;0
4657;2025.08.13 12:15;11.5;4.62;4.69;651;0.0;0
4658;2025.08.13 12:30;11.38;4.62;4.75;651;0.0;0
4659;2025.08.13 12:45;11.31;4.94;5.12;652;0.0;0
4660;2025.08.13 13:00;11.25;5.12;5.12;652;0.0;0
4661;2025.08.13 13:15;11.12;5.5;5.56;653;0.0;0
4662;2025.08.13 13:30;11.12;5.88;5.88;654;0.0;0
4663;2025.08.13 13:45;11.12;6.12;6.12;655;0.0;0
4664;2025.08.13 14:00;11.06;6.44;6.38;656;0.0;0
4665;2025.08.13 14:15;11.06;11.25;12.75;666;0.0;0
4666;2025.08.13 14:30;11.19;16.75;17.62;681;0.0;0
4667;2025.08.13 14:45;11.5;22.38;21.88;698;0.0;0
4668;2025.08.13 15:00;12;25.31;24.25;709;0.0;0
4669;2025.08.13 15:15;12.75;25.5;24;711;0.0;0
4670;2025.08.13 15:30;13.31;27.69;26.12;719;0.0;0
4671;2025.08.13 15:45;14.06;33.12;29.69;737;0.0;0
4672;2025.08.13 16:00;14.94;32.12;29.88;736;0.0;0
4673;2025.08.13 16:15;15.75;34.25;31.38;744;0.0;0
4674;2025.08.13 16:30;16.62;37.81;33.75;757;0.0;0
4675;2025.08.13 16:45;17.69;40.44;35.5;768;0.0;0
4676;2025.08.13 17:00;18.75;40;34.75;769;0.0;0
4677;2025.08.13 17:15;19.62;37.5;32.38;763;0.0;0
4678;2025.08.13 17:30;20.25;33.38;29.19;751;0.0;0
4679;2025.08.13 17:45;20.5;30.25;27.31;741;0.0;0
4680;2025.08.13 18:00;20.5;27.31;25.12;732;0.0;0
4681;2025.08.13 18:15;20.5;31.75;30.12;748;0.0;0
4682;2025.08.13 18:30;21;38.75;34.56;772;0.0;0
4683;2025.08.13 18:45;21.94;42.25;36.81;786;0.0;0
4684;2025.08.13 19:00;23;43.94;36.62;795;0.0;0
4685;2025.08.13 19:15;24;41.81;35.12;788;0.0;0
4686;2025.08.13 19:30;24.5;36.88;31;769;0.0;0
4687;2025.08.13 19:45;24.69;35.25;31.12;765;0.0;0
4688;2025.08.13 20:00;24.69;34.75;31.12;766;0.0;0
4689;2025.08.13 20:15;25;42.75;36.75;794;0.0;0
4690;2025.08.13 20:30;25.5;37.81;31.12;775;0.0;0
4691;2025.08.13 20:45;25.69;36.25;31.06;771;0.0;0
4692;2025.08.13 21:00;25.75;37.88;32.75;779;0.0;0
4693;2025.08.13 21:15;26.06;39.12;32.75;784;0.0;0
4694;2025.08.13 21:30;26.5;41.62;33.69;793;0.0;0
4695;2025.08.13 21:45;26.75;39.75;32.19;784;0.0;0
4696;2025.08.13 22:00;26.88;35.06;30.75;765;0.0;0
4697;2025.08.13 22:15;26.62;32.62;29.5;757;0.0;0
4698;2025.08.13 22:30;26.25;30.88;30.25;749;0.0;0
4699;2025.08.13 22:45;25.75;29.06;28.25;743;0.0;0
4700;2025.08.13 23:00;25.25;29.06;27.5;743;0.0;0
4701;2025.08.13 23:15;24.81;26.69;25.5;734;0.0;0
4702;2025.08.13 23:30;24.38;26.12;25;733;0.0;0
4703;2025.08.13 23:45;24;25.62;24.88;730;0.0;0
4704;2025.08.14 00:00;23.62;25.25;24.5;728;0.0;0
4705;2025.08.14 00:15;23.31;24.38;23.81;724;0.0;0
4706;2025.08.14 00:30;22.94;23.44;22.88;720;0.0;0
4707;2025.08.14 00:45;22.62;22.5;22.06;717;0.0;0
4708;2025.08.14 01:00;22.25;21.75;21.25;715;0.0;0
4709;2025.08.14 01:15;21.94;21.5;21.25;713;0.0;0
4710;2025.08.14 01:30;21.62;20.88;20.75;711;0.0;0
4711;2025.08.14 01:45;21.38;19.75;19.38;707;0.0;0
4712;2025.08.14 02:00;21;18.62;18.25;703;0.0;0
4713;2025.08.14 02:15;20.69;17.25;17;699;0.0;0
4714;2025.08.14 02:30;20.31;16;15.75;694;0.0;0
4715;2025.08.14 02:45;19.94;14.38;14.25;689;0.0;0
4716;2025.08.14 03:00;19.56;13.5;13.5;686;0.0;0
4717;2025.08.14 03:15;19.12;12.75;12.75;684;0.0;0
4718;2025.08.14 03:30;18.75;12.25;12.38;682;0.0;0
4719;2025.08.14 03:45;18.38;12.06;12.38;680;0.0;0
4720;2025.08.14 04:00;18.12;11.88;12.06;679;0.0;0
4721;2025.08.14 04:15;17.75;11.38;11.25;678;0.0;0
4722;2025.08.14 04:30;17.5;10.88;10.75;676;0.0;0
4723;2025.08.14 04:45;17.25;10.38;10.38;674;0.0;0
4724;2025.08.14 05:00;16.94;10.31;10.31;673;0.0;0
4725;2025.08.14 05:15;16.69;10.12;10.12;672;0.0;0
4726;2025.08.14 05:30;16.44;9.75;9.75;671;0.0;0
4727;2025.08.14 05:45;16.19;9.38;9.38;670;0.0;0
4728;2025.08.14 06:00;16;9.25;9.44;669;0.0;0
4729;2025.08.14 06:15;15.75;8.81;8.88;667;0.0;0
4730;2025.08.14 06:30;15.5;8.62;8.62;666;0.0;0
4731;2025.08.14 06:45;15.31;8.38;8.5;666;0.0;0
4732;2025.08.14 07:00;15.12;8.25;8.31;665;0.0;0
4733;2025.08.14 07:15;14.88;8.38;8.62;665;0.0;0
4734;2025.08.14 07:30;14.75;8.25;8.44;664;0.0;0
4735;2025.08.14 07:45;14.5;8;8;663;0.0;0
4736;2025.08.14 08:00;14.38;7.62;7.62;662;0.0;0
4737;2025.08.14 08:15;14.19;7.44;7.5;661;0.0;0
4738;2025.08.14 08:30;14;7.31;7.38;661;0.0;0
4739;2025.08.14 08:45;13.88;7.25;7.25;660;0.0;0
4740;2025.08.14 09:00;13.75;7.12;7.25;660;0.0;0
4741;2025.08.14 09:15;13.56;6.88;6.88;659;0.0;0
4742;2025.08.14 09:30;13.44;6.88;6.94;659;0.0;0
4743;2025.08.14 09:45;13.25;6.94;7.12;659;0.0;0
4744;2025.08.14 10:00;13.12;6.75;6.75;658;0.0;0
4745;2025.08.14 10:15;13;6.75;6.75;658;0.0;0
4746;2025.08.14 10:30;12.88;6.69;6.75;658;0.0;0
4747;2025.08.14 10:45;12.81;7;7.25;659;0.0;0
4748;2025.08.14 11:00;12.75;6.81;6.75;658;0.0;0
4749;2025.08.14 11:15;12.62;6.81;6.88;658;0.0;0
4750;2025.08.14 11:30;12.5;6.94;7;658;0.0;0
4751;2025.08.14 11:45;12.5;6.75;6.69;657;0.0;0
4752;2025.08.14 12:00;12.38;6.5;6.62;657;0.0;0
4753;2025.08.14 12:15;12.25;6.25;6.31;656;0.0;0
4754;2025.08.14 12:30;12.12;6.5;6.5;656;0.0;0
4755;2025.08.14 12:45;12.06;7.5;7.62;659;0.0;0
4756;2025.08.14 13:00;12.06;8.19;8.25;661;0.0;0
4757;2025.08.14 13:15;12.06;8.38;8.38;662;0.0;0
4758;2025.08.14 13:30;12.06;9;9;664;0.0;0
4759;2025.08.14 13:45;12.12;9.5;9.56;665;0.0;0
4760;2025.08.14 14:00;12.12;9.12;9.06;664;0.0;0
4761;2025.08.14 14:15;12.12;12.5;13.44;671;0.0;0
4762;2025.08.14 14:30;12.25;17.88;18.69;685;0.0;0
4763;2025.08.14 14:45;12.5;22.25;21.88;699;0.0;0
4764;2025.08.14 15:00;12.94;25.19;24.25;710;0.0;0
4765;2025.08.14 15:15;13.5;24.62;23.69;709;0.0;0
4766;2025.08.14 15:30;14;26.75;25;717;0.0;0
4767;2025.08.14 15:45;14.62;31.62;28.38;733;0.0;0
4768;2025.08.14 16:00;15.38;30.69;28.25;732;0.0;0
4769;2025.08.14 16:15;16.12;34.62;31.12;745;0.0;0
4770;2025.08.14 16:30;17;37.56;32.62;757;0.0;0
4771;2025.08.14 16:45;18;38.81;33.5;763;0.0;0
4772;2025.08.14 17:00;19.12;40.25;34.62;770;0.0;0
4773;2025.08.14 17:15;20;38.12;33.12;765;0.0;0
4774;2025.08.14 17:30;20.62;35.12;30.5;756;0.0;0
4775;2025.08.14 17:45;21.25;38.5;34.25;769;0.0;0
4776;2025.08.14 18:00;21.75;36.62;31.88;764;0.0;0
4777;2025.08.14 18:15;22.12;33.12;28.94;753;0.0;0
4778;2025.08.14 18:30;22.5;35.19;31.25;760;0.0;0
4779;2025.08.14 18:45;22.69;31.25;27.5;747;0.0;0
4780;2025.08.14 19:00;22.62;33.62;30.81;758;0.0;0
4781;2025.08.14 19:15;23.06;39.69;34.88;777;0.0;0
4782;2025.08.14 19:30;23.5;33.75;28.88;757;0.0;0
4783;2025.08.14 19:45;23.62;29.5;26;747;0.0;0
4784;2025.08.14 20:00;23.5;33.88;30.12;762;0.0;0
4785;2025.08.14 20:15;23.88;35.38;29.88;762;0.0;0
4786;2025.08.14 20:30;24;34.62;30.38;765;0.0;0
4787;2025.08.14 20:45;24.38;39.12;33.06;779;0.0;0
4788;2025.08.14 21:00;24.88;40.5;33.75;786;0.0;0
4789;2025.08.14 21:15;25.5;38.75;31.5;777;0.0;0
4790;2025.08.14 21:30;25.94;41.69;33.81;792;0.0;0
4791;2025.08.14 21:45;26.38;38.88;31.38;779;0.0;0
4792;2025.08.14 22:00;26.38;34.75;30.38;763;0.0;0
4793;2025.08.14 22:15;26.25;32.75;29.62;757;0.0;0
4794;2025.08.14 22:30;25.88;29.56;28.62;744;0.0;0
4795;2025.08.14 22:45;25.38;27.12;26.69;736;0.0;0
4796;2025.08.14 23:00;24.81;27.5;25.94;736;0.0;0
4797;2025.08.14 23:15;24.38;25.75;25.62;729;0.0;0
4798;2025.08.14 23:30;23.81;23.75;24.38;722;0.0;0
4799;2025.08.14 23:45;23.31;22.25;22.88;717;0.0;0
4800;2025.08.15 00:00;22.81;21.38;22;714;0.0;0
4801;2025.08.15 00:15;22.31;20.5;20.88;710;0.0;0
4802;2025.08.15 00:30;21.88;19.88;20.38;708;0.0;0
4803;2025.08.15 00:45;21.5;19;19.25;705;0.0;0
4804;2025.08.15 01:00;21.12;18.88;19.44;703;0.0;0
4805;2025.08.15 01:15;20.75;17.56;17.62;699;0.0;0
4806;2025.08.15 01:30;20.38;16.62;16.75;696;0.0;0
4807;2025.08.15 01:45;20;16.69;16.75;695;0.0;0
4808;2025.08.15 02:00;19.75;16.75;16.81;695;0.0;0
4809;2025.08.15 02:15;19.44;16.75;16.69;695;0.0;0
4810;2025.08.15 02:30;19.25;16.62;16.5;694;0.0;0
4811;2025.08.15 02:45;19;17.06;17.69;695;0.0;0
4812;2025.08.15 03:00;18.75;16.5;17.12;693;0.0;0
4813;2025.08.15 03:15;18.56;16;16.12;691;0.0;0
4814;2025.08.15 03:30;18.38;15.25;15.62;689;0.0;0
4815;2025.08.15 03:45;18.12;15.25;15.5;688;0.0;0
4816;2025.08.15 04:00;17.88;14.88;15.25;687;0.0;0
4817;2025.08.15 04:15;17.75;14.38;14.5;685;0.0;0
4818;2025.08.15 04:30;17.5;14.12;14.25;684;0.0;0
4819;2025.08.15 04:45;17.38;13.88;13.88;683;0.0;0
4820;2025.08.15 05:00;17.12;13.88;13.88;683;0.0;0
4821;2025.08.15 05:15;17;13.88;13.94;684;0.0;0
4822;2025.08.15 05:30;16.88;14.25;14.56;684;0.0;0
4823;2025.08.15 05:45;16.75;14.5;15.19;684;0.0;0
4824;2025.08.15 06:00;16.62;14.5;15;684;0.0;0
4825;2025.08.15 06:15;16.5;14;14.25;682;0.0;0
4826;2025.08.15 06:30;16.38;13.38;13.5;680;0.0;0
4827;2025.08.15 06:45;16.25;13;13.31;679;0.0;0
4828;2025.08.15 07:00;16.06;11.75;11.94;676;0.0;0
4829;2025.08.15 07:15;15.88;10.62;10.5;672;0.0;0
4830;2025.08.15 07:30;15.62;10.12;10.25;671;0.0;0
4831;2025.08.15 07:45;15.5;9.62;9.75;669;0.0;0
4832;2025.08.15 08:00;15.25;8.88;8.81;667;0.0;0
4833;2025.08.15 08:15;15;8.25;8.12;665;0.0;0
4834;2025.08.15 08:30;14.81;8;8;664;0.0;0
4835;2025.08.15 08:45;14.62;7.62;7.62;662;0.0;0
4836;2025.08.15 09:00;14.38;7.19;7.06;661;0.0;0
4837;2025.08.15 09:15;14.19;6.88;6.75;660;0.0;0
4838;2025.08.15 09:30;14;6.75;6.69;659;0.0;0
4839;2025.08.15 09:45;13.81;6.44;6.25;658;0.0;0
4840;2025.08.15 10:00;13.62;6.19;6.06;657;0.0;0
4841;2025.08.15 10:15;13.5;6;5.88;657;0.0;0
4842;2025.08.15 10:30;13.25;5.94;5.88;656;0.0;0
4843;2025.08.15 10:45;13.12;5.69;5.56;655;0.0;0
4844;2025.08.15 11:00;13;5.44;5.25;654;0.0;0
4845;2025.08.15 11:15;12.81;5.25;5.25;654;0.0;0
4846;2025.08.15 11:30;12.62;5.12;5;653;0.0;0
4847;2025.08.15 11:45;12.5;5.06;5;653;0.0;0
4848;2025.08.15 12:00;12.38;4.88;4.81;652;0.0;0
4849;2025.08.15 12:15;12.25;4.88;4.88;652;0.0;0
4850;2025.08.15 12:30;12.12;4.75;4.69;652;0.0;0
4851;2025.08.15 12:45;12;4.81;4.75;652;0.0;0
4852;2025.08.15 13:00;11.88;5.25;5.38;653;0.0;0
4853;2025.08.15 13:15;11.75;5.62;5.62;654;0.0;0
4854;2025.08.15 13:30;11.75;6.12;6.12;655;0.0;0
4855;2025.08.15 13:45;11.62;6.56;6.56;656;0.0;0
4856;2025.08.15 14:00;11.62;6.88;6.81;657;0.0;0
4857;2025.08.15 14:15;11.62;9.75;10.75;663;0.0;0
4858;2025.08.15 14:30;11.69;14.88;15.38;676;0.0;0
4859;2025.08.15 14:45;11.88;19.81;19.75;690;0.0;0
4860;2025.08.15 15:00;12.38;23.19;22.44;703;0.0;0
4861;2025.08.15 15:15;12.88;22.88;21.88;702;0.0;0
4862;2025.08.15 15:30;13.44;26.94;24.75;716;0.0;0
4863;2025.08.15 15:45;14.12;31.56;28.12;731;0.0;0
4864;2025.08.15 16:00;14.88;30.62;28.19;730;0.0;0
4865;2025.08.15 16:15;15.69;34.5;30.19;744;0.0;0
4866;2025.08.15 16:30;16.62;36.56;31.25;753;0.0;0
4867;2025.08.15 16:45;17.62;38.5;32.88;761;0.0;0
4868;2025.08.15 17:00;18.62;36.94;31.12;758;0.0;0
4869;2025.08.15 17:15;19.44;34.44;29.44;751;0.0;0
4870;2025.08.15 17:30;20;38.25;33.12;765;0.0;0
4871;2025.08.15 17:45;20.75;40.75;34.88;776;0.0;0
4872;2025.08.15 18:00;21.75;43.62;36.75;788;0.0;0
4873;2025.08.15 18:15;22.81;45.38;36.75;797;0.0;0
4874;2025.08.15 18:30;23.88;45.12;36.62;796;0.0;0
4875;2025.08.15 18:45;24.62;39.75;32.69;778;0.0;0
4876;2025.08.15 19:00;24.88;35;29.69;763;0.0;0
4877;2025.08.15 19:15;24.75;30.88;26.88;749;0.0;0
4878;2025.08.15 19:30;24.44;27.25;24.5;737;0.0;0
4879;2025.08.15 19:45;23.94;25.25;23.25;730;0.0;0
4880;2025.08.15 20:00;23.5;24.25;22.62;726;0.0;0
4881;2025.08.15 20:15;23;23.88;22.75;725;0.0;0
4882;2025.08.15 20:30;22.62;24.81;23.62;726;0.0;0
4883;2025.08.15 20:45;22.38;26.19;24.94;731;0.0;0
4884;2025.08.15 21:00;22.31;27.31;25.44;733;0.0;0
4885;2025.08.15 21:15;22.25;26.38;24.62;730;0.0;0
4886;2025.08.15 21:30;22.12;24.62;23.25;724;0.0;0
4887;2025.08.15 21:45;21.88;22.75;21.31;718;0.0;0
4888;2025.08.15 22:00;21.62;22.06;21;716;0.0;0
4889;2025.08.15 22:15;21.38;22.19;21.38;716;0.0;0
4890;2025.08.15 22:30;21.25;22.19;21.25;716;0.0;0
4891;2025.08.15 22:45;21.06;23.12;22;719;0.0;0
4892;2025.08.15 23:00;21;23.75;22.5;720;0.0;0
4893;2025.08.15 23:15;21;23.75;22.44;720;0.0;0
4894;2025.08.15 23:30;20.94;22.5;21;716;0.0;0
4895;2025.08.15 23:45;20.88;21.75;20.38;714;0.0;0
4896;2025.08.16 00:00;20.69;21.06;19.94;711;0.0;0
4897;2025.08.16 00:15;20.5;20.75;19.88;710;0.0;0
4898;2025.08.16 00:30;20.38;20.06;19.31;708;0.0;0
4899;2025.08.16 00:45;20.12;18;16.75;702;0.0;0
4900;2025.08.16 01:00;19.88;17.12;16.12;699;0.0;0
4901;2025.08.16 01:15;19.56;16.75;15.88;697;0.0;0
4902;2025.08.16 01:30;19.25;16.25;15.38;695;0.0;0
4903;2025.08.16 01:45;19;16;15.25;694;0.0;0
4904;2025.08.16 02:00;18.75;15;14.19;691;0.0;0
4905;2025.08.16 02:15;18.5;14.5;13.69;691;0.0;0
4906;2025.08.16 02:30;18.25;14.44;14;690;0.0;0
4907;2025.08.16 02:45;18;14.38;14.12;689;0.0;0
4908;2025.08.16 03:00;17.75;14.25;13.94;689;0.0;0
4909;2025.08.16 03:15;17.62;13.88;13.25;687;0.0;0
4910;2025.08.16 03:30;17.38;13.31;12.62;686;0.0;0
4911;2025.08.16 03:45;17.19;13;12.31;685;0.0;0
4912;2025.08.16 04:00;17;12.81;12.12;684;0.0;0
4913;2025.08.16 04:15;16.88;12.62;11.94;684;0.0;0
4914;2025.08.16 04:30;16.62;12.25;11.62;683;0.0;0
4915;2025.08.16 04:45;16.5;11.94;11.31;681;0.0;0
4916;2025.08.16 05:00;16.31;11.56;10.94;680;0.0;0
4917;2025.08.16 05:15;16.12;11.12;10.56;679;0.0;0
4918;2025.08.16 05:30;16;11.06;10.56;678;0.0;0
4919;2025.08.16 05:45;15.75;11;10.62;678;0.0;0
4920;2025.08.16 06:00;15.62;11;10.5;677;0.0;0
4921;2025.08.16 06:15;15.5;10.88;10.38;677;0.0;0
4922;2025.08.16 06:30;15.38;10.62;10.12;676;0.0;0
4923;2025.08.16 06:45;15.25;10.5;10;676;0.0;0
4924;2025.08.16 07:00;15.12;11;10.81;677;0.0;0
4925;2025.08.16 07:15;15;11;10.69;677;0.0;0
4926;2025.08.16 07:30;14.88;10.38;10.12;675;0.0;0
4927;2025.08.16 07:45;14.75;9.38;9.06;672;0.0;0
4928;2025.08.16 08:00;14.62;9.06;9.12;671;0.0;0
4929;2025.08.16 08:15;14.44;8.88;8.94;670;0.0;0
4930;2025.08.16 08:30;14.25;8.5;8.38;668;0.0;0
4931;2025.08.16 08:45;14.12;8;7.94;667;0.0;0
4932;2025.08.16 09:00;13.94;8.5;8.88;668;0.0;0
4933;2025.08.16 09:15;13.81;8.5;8.75;668;0.0;0
4934;2025.08.16 09:30;13.62;8.5;8.75;668;0.0;0
4935;2025.08.16 09:45;13.5;8.75;9;669;0.0;0
4936;2025.08.16 10:00;13.44;8.69;8.88;668;0.0;0
4937;2025.08.16 10:15;13.38;8.62;8.69;668;0.0;0
4938;2025.08.16 10:30;13.25;8.88;9;669;0.0;0
4939;2025.08.16 10:45;13.19;9;9.25;669;0.0;0
4940;2025.08.16 11:00;13.12;8.94;8.94;669;0.0;0
4941;2025.08.16 11:15;13.06;9.06;9.12;669;0.0;0
4942;2025.08.16 11:30;13;9.38;9.38;670;0.0;0
4943;2025.08.16 11:45;13;10;10.25;672;0.0;0
4944;2025.08.16 12:00;12.94;10;10.25;672;0.0;0
4945;2025.08.16 12:15;12.88;10;10.25;672;0.0;0
4946;2025.08.16 12:30;12.88;9.88;10.12;671;0.0;0
4947;2025.08.16 12:45;12.88;10.06;10.5;672;0.0;0
4948;2025.08.16 13:00;12.88;10.25;10.69;672;0.0;0
4949;2025.08.16 13:15;12.81;10.44;10.69;673;0.0;0
4950;2025.08.16 13:30;12.75;10.19;10.25;672;0.0;0
4951;2025.08.16 13:45;12.75;9.75;9.69;670;0.0;0
4952;2025.08.16 14:00;12.75;9.75;9.75;670;0.0;0
4953;2025.08.16 14:15;12.69;11.38;11.88;674;0.0;0
4954;2025.08.16 14:30;12.75;18;18.38;690;0.0;0
4955;2025.08.16 14:45;12.94;21.81;21.12;702;0.0;0
4956;2025.08.16 15:00;13.31;24.62;23;712;0.0;0
4957;2025.08.16 15:15;13.81;24;22.5;711;0.0;0
4958;2025.08.16 15:30;14.25;27.62;24.62;723;0.0;0
4959;2025.08.16 15:45;14.88;30.62;26.75;733;0.0;0
4960;2025.08.16 16:00;15.62;30;26.75;733;0.0;0
4961;2025.08.16 16:15;16.25;34;29.56;747;0.0;0
4962;2025.08.16 16:30;17.12;31.31;26.62;740;0.0;0
4963;2025.08.16 16:45;17.62;26.94;23.75;728;0.0;0
4964;2025.08.16 17:00;17.88;26.25;23.88;727;0.0;0
4965;2025.08.16 17:15;18.12;26.12;24.12;727;0.0;0
4966;2025.08.16 17:30;18.38;29.06;26.62;737;0.0;0
4967;2025.08.16 17:45;18.75;30;27.12;740;0.0;0
4968;2025.08.16 18:00;19.25;36.56;32.5;763;0.0;0
4969;2025.08.16 18:15;20.25;41.19;34.75;781;0.0;0
4970;2025.08.16 18:30;21.5;42.06;35.12;787;0.0;0
4971;2025.08.16 18:45;22.56;38.38;31;774;0.0;0
4972;2025.08.16 19:00;23.12;38.44;32;777;0.0;0
4973;2025.08.16 19:15;23.75;41.44;34.44;790;0.0;0
4974;2025.08.16 19:30;24.56;42.12;33.81;795;0.0;0
4975;2025.08.16 19:45;25.38;42.81;34;797;0.0;0
4976;2025.08.16 20:00;25.88;39.12;31.69;785;0.0;0
4977;2025.08.16 20:15;26;33;27.25;762;0.0;0
4978;2025.08.16 20:30;25.75;29.06;25.06;749;0.0;0
4979;2025.08.16 20:45;25.25;25.25;21.88;737;0.0;0
4980;2025.08.16 21:00;24.62;21.38;18.62;727;0.0;0
4981;2025.08.16 21:15;23.88;19;17.31;732;0.0;0
4982;2025.08.16 21:30;23.25;19.25;17.5;734;0.0;0
4983;2025.08.16 21:45;22.88;26.38;23.19;747;0.0;0
4984;2025.08.16 22:00;22.88;27.06;23.94;745;0.0;0
4985;2025.08.16 22:15;22.75;25.44;23.38;737;0.0;0
4986;2025.08.16 22:30;22.38;23.81;24.44;729;0.0;0
4987;2025.08.16 22:45;22.06;23.12;22.5;728;0.0;0
4988;2025.08.16 23:00;21.81;24.75;23.88;731;0.0;0
4989;2025.08.16 23:15;21.56;22.81;22.88;724;0.0;0
4990;2025.08.16 23:30;21.25;21.62;22.19;721;0.0;0
4991;2025.08.16 23:45;21;22.12;22.62;721;0.0;0
4992;2025.08.17 00:00;20.75;21.75;21.62;720;0.0;0
4993;2025.08.17 00:15;20.5;21.62;21.38;719;0.0;0
4994;2025.08.17 00:30;20.38;21.38;21;718;0.0;0
4995;2025.08.17 00:45;20.12;20.12;19.81;713;0.0;0
4996;2025.08.17 01:00;19.88;19.25;18.88;710;0.0;0
4997;2025.08.17 01:15;19.62;18.75;18.75;708;0.0;0
4998;2025.08.17 01:30;19.44;18.69;18.75;708;0.0;0
4999;2025.08.17 01:45;19.25;18.25;18.12;706;0.0;0
5000;2025.08.17 02:00;19;16.38;16.5;700;0.0;0
5001;2025.08.17 02:15;18.75;15.31;15.88;697;0.0;0
5002;2025.08.17 02:30;18.38;14.31;14.88;693;0.0;0
5003;2025.08.17 02:45;18.12;13.06;13.12;690;0.0;0
5004;2025.08.17 03:00;17.75;12.25;12.31;687;0.0;0
5005;2025.08.17 03:15;17.5;11.38;11.5;684;0.0;0
5006;2025.08.17 03:30;17.12;10.88;11.06;682;0.0;0
5007;2025.08.17 03:45;16.88;10.88;11.12;681;0.0;0
5008;2025.08.17 04:00;16.56;10.62;10.88;680;0.0;0
5009;2025.08.17 04:15;16.38;10.25;10.38;679;0.0;0
5010;2025.08.17 04:30;16.06;9.88;10;678;0.0;0
5011;2025.08.17 04:45;15.81;9;8.88;675;0.0;0
5012;2025.08.17 05:00;15.56;8.25;7.94;673;0.0;0
5013;2025.08.17 05:15;15.31;7.75;7.5;671;0.0;0
5014;2025.08.17 05:30;15.12;7.38;7.12;670;0.0;0
5015;2025.08.17 05:45;14.88;7;6.75;668;0.0;0
5016;2025.08.17 06:00;14.62;7.25;7.25;668;0.0;0
5017;2025.08.17 06:15;14.44;8.44;8.81;671;0.0;0
5018;2025.08.17 06:30;14.25;8.12;8.06;670;0.0;0
5019;2025.08.17 06:45;14.12;7.62;7.38;669;0.0;0
5020;2025.08.17 07:00;14;7;6.81;667;0.0;0
5021;2025.08.17 07:15;13.75;6.75;6.62;666;0.0;0
5022;2025.08.17 07:30;13.62;6.38;6.19;665;0.0;0
5023;2025.08.17 07:45;13.44;6.25;6.19;664;0.0;0
5024;2025.08.17 08:00;13.25;6.12;6;664;0.0;0
5025;2025.08.17 08:15;13.12;6.12;6.12;663;0.0;0
5026;2025.08.17 08:30;13;6.12;6.12;663;0.0;0
5027;2025.08.17 08:45;12.88;6;6;663;0.0;0
5028;2025.08.17 09:00;12.75;5.75;5.62;662;0.0;0
5029;2025.08.17 09:15;12.62;5.5;5.38;661;0.0;0
5030;2025.08.17 09:30;12.44;5.25;5.12;660;0.0;0
5031;2025.08.17 09:45;12.31;5;4.94;660;0.0;0
5032;2025.08.17 10:00;12.12;4.81;4.75;659;0.0;0
5033;2025.08.17 10:15;12;4.62;4.5;658;0.0;0
5034;2025.08.17 10:30;11.88;4.44;4.25;658;0.0;0
5035;2025.08.17 10:45;11.75;4.38;4.25;657;0.0;0
5036;2025.08.17 11:00;11.62;4.62;4.56;658;0.0;0
5037;2025.08.17 11:15;11.56;4.81;4.75;658;0.0;0
5038;2025.08.17 11:30;11.5;4.75;4.69;658;0.0;0
5039;2025.08.17 11:45;11.38;5;4.94;659;0.0;0
5040;2025.08.17 12:00;11.31;5.5;5.5;660;0.0;0
5041;2025.08.17 12:15;11.25;6.06;6;662;0.0;0
5042;2025.08.17 12:30;11.25;6.69;6.62;663;0.0;0
5043;2025.08.17 12:45;11.25;7.31;7.19;665;0.0;0
5044;2025.08.17 13:00;11.25;7.75;7.62;666;0.0;0
5045;2025.08.17 13:15;11.25;8.31;8.12;668;0.0;0
5046;2025.08.17 13:30;11.38;8.94;8.75;670;0.0;0
5047;2025.08.17 13:45;11.44;9.44;9.19;671;0.0;0
5048;2025.08.17 14:00;11.5;10.12;9.94;674;0.0;0
5049;2025.08.17 14:15;11.62;11.44;11.12;679;0.0;0
5050;2025.08.17 14:30;11.81;11.62;11.38;680;0.0;0
5051;2025.08.17 14:45;11.94;14.56;14.38;687;0.0;0
5052;2025.08.17 15:00;12.19;16.81;16.25;694;0.0;0
5053;2025.08.17 15:15;12.5;17.38;16.5;696;0.0;0
5054;2025.08.17 15:30;12.81;23.38;21.06;714;0.0;0
5055;2025.08.17 15:45;13.38;25.38;22.69;720;0.0;0
5056;2025.08.17 16:00;13.88;26.31;24;724;0.0;0
5057;2025.08.17 16:15;14.5;28.56;25.38;733;0.0;0
5058;2025.08.17 16:30;15.19;26.31;23.38;727;0.0;0
5059;2025.08.17 16:45;15.62;24.88;22.75;724;0.0;0
5060;2025.08.17 17:00;15.94;24.88;22.94;724;0.0;0
5061;2025.08.17 17:15;16.25;24.25;22.44;723;0.0;0
5062;2025.08.17 17:30;16.44;22.5;21.19;718;0.0;0
5063;2025.08.17 17:45;16.5;20.81;19.94;713;0.0;0
5064;2025.08.17 18:00;16.5;20.38;19.5;712;0.0;0
5065;2025.08.17 18:15;16.5;20.75;20;713;0.0;0
5066;2025.08.17 18:30;16.62;20.81;19.62;714;0.0;0
5067;2025.08.17 18:45;16.62;20.19;18.75;712;0.0;0
5068;2025.08.17 19:00;16.75;20.62;19.06;714;0.0;0
5069;2025.08.17 19:15;16.88;21.88;20.06;718;0.0;0
5070;2025.08.17 19:30;17;18;16.75;716;0.0;0
5071;2025.08.17 19:45;16.94;17.5;16.62;707;0.0;0
5072;2025.08.17 20:00;16.81;16.25;15.75;720;0.0;0
5073;2025.08.17 20:15;16.69;16;15.25;718;0.0;0
5074;2025.08.17 20:30;16.62;16.12;15.5;712;0.0;0
5075;2025.08.17 20:45;16.5;17.25;16.69;714;0.0;0
5076;2025.08.17 21:00;16.5;20.94;19.5;722;0.0;0
5077;2025.08.17 21:15;16.69;18.12;16.75;713;0.0;0
5078;2025.08.17 21:30;16.62;16;15;724;0.0;0
5079;2025.08.17 21:45;16.5;14.38;13.62;734;0.0;0
5080;2025.08.17 22:00;16.25;12.5;12.12;718;0.0;0
5081;2025.08.17 22:15;16;12.38;12.25;710;0.0;0
5082;2025.08.17 22:30;15.75;13.44;13.25;711;0.0;0
5083;2025.08.17 22:45;15.62;14.75;14.38;716;0.0;0
5084;2025.08.17 23:00;15.62;16.69;15.94;720;0.0;0
5085;2025.08.17 23:15;15.75;16.38;16;716;0.0;0
5086;2025.08.17 23:30;15.69;15.56;16.12;713;0.0;0
5087;2025.08.17 23:45;15.62;15.06;15.5;710;0.0;0
5088;2025.08.18 00:00;15.5;14.5;14.88;708;0.0;0
5089;2025.08.18 00:15;15.38;14;14.5;706;0.0;0
5090;2025.08.18 00:30;15.12;13.31;13.75;704;0.0;0
5091;2025.08.18 00:45;15;12.5;12.88;701;0.0;0
5092;2025.08.18 01:00;14.75;12.25;12.62;699;0.0;0
5093;2025.08.18 01:15;14.62;11.56;11.62;697;0.0;0
5094;2025.08.18 01:30;14.5;11.62;11.75;697;0.0;0
5095;2025.08.18 01:45;14.31;11.75;12.25;697;0.0;0
5096;2025.08.18 02:00;14.19;11;11.62;694;0.0;0
5097;2025.08.18 02:15;14;10.12;10.56;691;0.0;0
5098;2025.08.18 02:30;13.81;9.38;9.75;689;0.0;0
5099;2025.08.18 02:45;13.62;8.69;8.81;687;0.0;0
5100;2025.08.18 03:00;13.38;8;8;685;0.0;0
5101;2025.08.18 03:15;13.19;7.56;7.62;683;0.0;0
5102;2025.08.18 03:30;13;7.75;7.75;684;0.0;0
5103;2025.08.18 03:45;12.81;7.38;7.44;683;0.0;0
5104;2025.08.18 04:00;12.62;6.88;6.81;681;0.0;0
5105;2025.08.18 04:15;12.5;6.5;6.5;680;0.0;0
5106;2025.08.18 04:30;12.25;6.12;6.12;678;0.0;0
5107;2025.08.18 04:45;12.12;5.88;5.88;678;0.0;0
5108;2025.08.18 05:00;12;5.62;5.69;677;0.0;0
5109;2025.08.18 05:15;11.75;5.5;5.56;676;0.0;0
5110;2025.08.18 05:30;11.62;5.25;5.25;676;0.0;0
5111;2025.08.18 05:45;11.44;5.06;5;675;0.0;0
5112;2025.08.18 06:00;11.31;4.88;5;674;0.0;0
5113;2025.08.18 06:15;11.12;4.62;4.56;673;0.0;0
5114;2025.08.18 06:30;11;4.44;4.5;673;0.0;0
5115;2025.08.18 06:45;10.88;4.12;4.12;672;0.0;0
5116;2025.08.18 07:00;10.69;3.88;3.81;671;0.0;0
5117;2025.08.18 07:15;10.56;3.69;3.69;671;0.0;0
5118;2025.08.18 07:30;10.38;3.62;3.5;670;0.0;0
5119;2025.08.18 07:45;10.25;3.38;3.38;670;0.0;0
5120;2025.08.18 08:00;10.12;3.38;3.38;670;0.0;0
5121;2025.08.18 08:15;10;3.25;3.25;669;0.0;0
5122;2025.08.18 08:30;9.88;3.06;3.12;669;0.0;0
5123;2025.08.18 08:45;9.75;2.88;2.88;669;0.0;0
5124;2025.08.18 09:00;9.62;2.88;2.88;668;0.0;0
5125;2025.08.18 09:15;9.56;2.75;2.69;668;0.0;0
5126;2025.08.18 09:30;9.44;2.62;2.62;668;0.0;0
5127;2025.08.18 09:45;9.38;2.5;2.5;667;0.0;0
5128;2025.08.18 10:00;9.25;2.38;2.38;667;0.0;0
5129;2025.08.18 10:15;9.12;2.25;2.31;667;0.0;0
5130;2025.08.18 10:30;9;2.25;2.25;666;0.0;0
5131;2025.08.18 10:45;8.88;2.12;2.12;666;0.0;0
5132;2025.08.18 11:00;8.81;2;2;666;0.0;0
5133;2025.08.18 11:15;8.75;1.94;1.94;665;0.0;0
5134;2025.08.18 11:30;8.62;1.75;1.75;665;0.0;0
5135;2025.08.18 11:45;8.5;1.5;1.56;665;0.0;0
5136;2025.08.18 12:00;8.44;1.5;1.44;664;0.0;0
5137;2025.08.18 12:15;8.38;1.5;1.56;666;0.0;0
5138;2025.08.18 12:30;8.25;1.5;1.56;667;0.0;0
5139;2025.08.18 12:45;8.19;1.69;1.75;669;0.0;0
5140;2025.08.18 13:00;8.12;1.88;1.88;669;0.0;0
5141;2025.08.18 13:15;8.06;2.12;2.19;671;0.0;0
5142;2025.08.18 13:30;8;2.5;2.5;672;0.0;0
5143;2025.08.18 13:45;8;2.81;2.88;673;0.0;0
5144;2025.08.18 14:00;8;3.12;3.12;674;0.0;0
5145;2025.08.18 14:15;8;6;6.5;679;0.0;0
5146;2025.08.18 14:30;8.12;11.25;11.25;692;0.0;0
5147;2025.08.18 14:45;8.38;13.38;14.5;700;0.0;0
5148;2025.08.18 15:00;8.81;15.5;17;707;0.0;0
5149;2025.08.18 15:15;9.38;16.5;17.06;709;0.0;0
5150;2025.08.18 15:30;9.88;21.62;20.31;724;0.0;0
5151;2025.08.18 15:45;10.62;23.69;21.94;729;0.0;0
5152;2025.08.18 16:00;11.38;26.5;24.81;737;0.0;0
5153;2025.08.18 16:15;12.19;30.75;28.12;746;0.0;0
5154;2025.08.18 16:30;13.12;33.25;29.75;755;0.0;0
5155;2025.08.18 16:45;14.25;35.12;30.88;762;0.0;0
5156;2025.08.18 17:00;15.25;35.75;31.12;766;0.0;0
5157;2025.08.18 17:15;16.31;37.94;33;775;0.0;0
5158;2025.08.18 17:30;17.38;39.5;34;782;0.0;0
5159;2025.08.18 17:45;18.5;38.62;33.06;782;0.0;0
5160;2025.08.18 18:00;19.31;32.31;27.31;762;0.0;0
5161;2025.08.18 18:15;19.5;31;27.75;760;0.0;0
5162;2025.08.18 18:30;19.62;29.75;27;755;0.0;0
5163;2025.08.18 18:45;19.75;29.75;27.25;755;0.0;0
5164;2025.08.18 19:00;19.88;29.75;27.19;755;0.0;0
5165;2025.08.18 19:15;19.94;27.38;25;748;0.0;0
5166;2025.08.18 19:30;19.88;29;27.38;755;0.0;0
5167;2025.08.18 19:45;20.19;37;33;783;0.0;0
5168;2025.08.18 20:00;21;41.31;35.25;798;0.0;0
5169;2025.08.18 20:15;22;42;35;803;0.0;0
5170;2025.08.18 20:30;23;43.38;35.19;809;0.0;0
5171;2025.08.18 20:45;23.88;44.5;35.62;814;0.0;0
5172;2025.08.18 21:00;24.75;43.88;34.5;814;0.0;0
5173;2025.08.18 21:15;25.31;43.25;34.06;813;0.0;0
5174;2025.08.18 21:30;25.88;43.25;33.62;813;0.0;0
5175;2025.08.18 21:45;26.19;41.12;32.75;805;0.0;0
5176;2025.08.18 22:00;26.12;36.75;31.62;788;0.0;0
5177;2025.08.18 22:15;25.88;33.38;29.38;773;0.0;0
5178;2025.08.18 22:30;25.31;28.75;27.25;756;0.0;0
5179;2025.08.18 22:45;24.69;26.75;25.62;750;0.0;0
5180;2025.08.18 23:00;24.06;25.75;25.12;745;0.0;0
5181;2025.08.18 23:15;23.5;23.81;22.94;739;0.0;0
5182;2025.08.18 23:30;22.88;22.25;21.62;733;0.0;0
5183;2025.08.18 23:45;22.38;21.5;21.75;730;0.0;0
5184;2025.08.19 00:00;21.81;20.19;20.25;725;0.0;0
5185;2025.08.19 00:15;21.25;19.12;19;721;0.0;0
5186;2025.08.19 00:30;20.81;17.88;17.69;716;0.0;0
5187;2025.08.19 00:45;20.31;16.88;17;713;0.0;0
5188;2025.08.19 01:00;19.88;16.5;17;710;0.0;0
5189;2025.08.19 01:15;19.38;15.69;16;707;0.0;0
5190;2025.08.19 01:30;19;15;15.31;705;0.0;0
5191;2025.08.19 01:45;18.56;14.44;14.75;702;0.0;0
5192;2025.08.19 02:00;18.19;13.69;14;700;0.0;0
5193;2025.08.19 02:15;17.81;12.81;12.94;697;0.0;0
5194;2025.08.19 02:30;17.44;11.75;11.75;693;0.0;0
5195;2025.08.19 02:45;17.12;10.94;11;690;0.0;0
5196;2025.08.19 03:00;16.75;10.25;10.38;688;0.0;0
5197;2025.08.19 03:15;16.38;9.88;10;686;0.0;0
5198;2025.08.19 03:30;16;9.19;9.38;684;0.0;0
5199;2025.08.19 03:45;15.75;8.81;9;682;0.0;0
5200;2025.08.19 04:00;15.38;8.5;8.75;681;0.0;0
5201;2025.08.19 04:15;15.12;8;8;679;0.0;0
5202;2025.08.19 04:30;14.81;7.5;7.5;677;0.0;0
5203;2025.08.19 04:45;14.5;7;6.94;675;0.0;0
5204;2025.08.19 05:00;14.25;6.75;6.75;674;0.0;0
5205;2025.08.19 05:15;14;6.31;6.31;673;0.0;0
5206;2025.08.19 05:30;13.75;6;5.88;671;0.0;0
5207;2025.08.19 05:45;13.5;5.75;5.75;670;0.0;0
5208;2025.08.19 06:00;13.31;5.44;5.44;670;0.0;0
5209;2025.08.19 06:15;13.06;5.25;5.31;669;0.0;0
5210;2025.08.19 06:30;12.88;5;5;668;0.0;0
5211;2025.08.19 06:45;12.62;4.88;4.88;667;0.0;0
5212;2025.08.19 07:00;12.44;4.69;4.69;666;0.0;0
5213;2025.08.19 07:15;12.25;4.44;4.5;665;0.0;0
5214;2025.08.19 07:30;12.06;4.19;4.12;664;0.0;0
5215;2025.08.19 07:45;11.88;4;4.12;664;0.0;0
5216;2025.08.19 08:00;11.69;3.88;3.94;663;0.0;0
5217;2025.08.19 08:15;11.5;3.56;3.5;662;0.0;0
5218;2025.08.19 08:30;11.38;3.38;3.38;661;0.0;0
5219;2025.08.19 08:45;11.19;3.25;3.38;661;0.0;0
5220;2025.08.19 09:00;11;3.12;3.06;660;0.0;0
5221;2025.08.19 09:15;10.88;3;3.12;660;0.0;0
5222;2025.08.19 09:30;10.75;2.94;3.06;659;0.0;0
5223;2025.08.19 09:45;10.62;2.62;2.62;658;0.0;0
5224;2025.08.19 10:00;10.44;2.44;2.44;658;0.0;0
5225;2025.08.19 10:15;10.25;2.38;2.44;657;0.0;0
5226;2025.08.19 10:30;10.12;2.25;2.31;657;0.0;0
5227;2025.08.19 10:45;10;2.12;2.19;656;0.0;0
5228;2025.08.19 11:00;9.88;2;2.12;656;0.0;0
5229;2025.08.19 11:15;9.75;1.88;2;655;0.0;0
5230;2025.08.19 11:30;9.62;1.75;1.75;655;0.0;0
5231;2025.08.19 11:45;9.5;1.62;1.75;654;0.0;0
5232;2025.08.19 12:00;9.38;1.5;1.62;654;0.0;0
5233;2025.08.19 12:15;9.25;1.25;1.25;653;0.0;0
5234;2025.08.19 12:30;9.12;1.38;1.5;653;0.0;0
5235;2025.08.19 12:45;9;1.25;1.38;653;0.0;0
5236;2025.08.19 13:00;8.88;1.31;1.38;653;0.0;0
5237;2025.08.19 13:15;8.81;1.62;1.81;654;0.0;0
5238;2025.08.19 13:30;8.75;1.88;2.12;654;0.0;0
5239;2025.08.19 13:45;8.69;2;2.25;655;0.0;0
5240;2025.08.19 14:00;8.62;2.19;2.38;655;0.0;0
5241;2025.08.19 14:15;8.62;6.31;7.44;662;0.0;0
5242;2025.08.19 14:30;8.62;14.25;15.62;682;0.0;0
5243;2025.08.19 14:45;8.88;18.19;18.75;695;0.0;0
5244;2025.08.19 15:00;9.38;19.38;19.56;701;0.0;0
5245;2025.08.19 15:15;9.88;20;19.19;703;0.0;0
5246;2025.08.19 15:30;10.44;25.12;22.62;720;0.0;0
5247;2025.08.19 15:45;11.25;25.5;23.25;723;0.0;0
5248;2025.08.19 16:00;11.94;28.38;25.62;733;0.0;0
5249;2025.08.19 16:15;12.81;32.19;28.56;747;0.0;0
5250;2025.08.19 16:30;13.81;35.31;31.12;758;0.0;0
5251;2025.08.19 16:45;14.94;37.44;32.12;767;0.0;0
5252;2025.08.19 17:00;16.12;37.88;33;770;0.0;0
5253;2025.08.19 17:15;17.12;39.75;34.25;779;0.0;0
5254;2025.08.19 17:30;18.25;41.12;35.5;786;0.0;0
5255;2025.08.19 17:45;19.31;41.88;36.38;791;0.0;0
5256;2025.08.19 18:00;20.38;42.56;36.31;796;0.0;0
5257;2025.08.19 18:15;21.38;43.12;37.25;800;0.0;0
5258;2025.08.19 18:30;22.38;43.81;37.5;804;0.0;0
5259;2025.08.19 18:45;23.25;44.38;37.12;808;0.0;0
5260;2025.08.19 19:00;24.06;42.5;36.19;804;0.0;0
5261;2025.08.19 19:15;24.75;43.75;36.62;810;0.0;0
5262;2025.08.19 19:30;25.44;44.25;37.38;813;0.0;0
5263;2025.08.19 19:45;26.12;45.88;37.88;820;0.1;0
5264;2025.08.19 20:00;26.75;46;37.5;822;0.2;0
5265;2025.08.19 20:15;27.25;44.75;36.62;819;0.1;0
5266;2025.08.19 20:30;27.69;45.5;36.44;822;0.2;0
5267;2025.08.19 20:45;28.12;46.25;36.75;825;0.3;0
5268;2025.08.19 21:00;28.56;46.5;36.94;827;0.3;0
5269;2025.08.19 21:15;28.94;45.44;35.88;823;0.2;0
5270;2025.08.19 21:30;29.12;43.62;34.62;817;0.0;0
5271;2025.08.19 21:45;29.19;42.75;34.62;814;0.0;0
5272;2025.08.19 22:00;29;39.5;33;799;0.0;0
5273;2025.08.19 22:15;28.62;35.62;31.38;782;0.0;0
5274;2025.08.19 22:30;27.88;31.38;30.88;765;0.0;0
5275;2025.08.19 22:45;27.19;29.12;28.69;757;0.0;0
5276;2025.08.19 23:00;26.5;27.75;27.62;751;0.0;0
5277;2025.08.19 23:15;25.75;27;27.31;747;0.0;0
5278;2025.08.19 23:30;25.12;24.88;25.5;740;0.0;0
5279;2025.08.19 23:45;24.44;23.62;24.44;735;0.0;0
5280;2025.08.20 00:00;23.75;22.12;22.62;730;0.0;0
5281;2025.08.20 00:15;23.12;20.88;21.38;725;0.0;0
5282;2025.08.20 00:30;22.62;19.81;20.25;721;0.0;0
5283;2025.08.20 00:45;22.06;19.12;19.75;718;0.0;0
5284;2025.08.20 01:00;21.5;18.5;19.38;715;0.0;0
5285;2025.08.20 01:15;21.06;17.38;17.81;711;0.0;0
5286;2025.08.20 01:30;20.62;16.69;17.19;708;0.0;0
5287;2025.08.20 01:45;20.12;16;16.5;705;0.0;0
5288;2025.08.20 02:00;19.75;15.25;15.81;702;0.0;0
5289;2025.08.20 02:15;19.38;14.38;14.88;699;0.0;0
5290;2025.08.20 02:30;19;13.44;13.88;696;0.0;0
5291;2025.08.20 02:45;18.56;12.38;12.62;692;0.0;0
5292;2025.08.20 03:00;18.12;11.44;11.5;689;0.0;0
5293;2025.08.20 03:15;17.75;10.75;10.88;686;0.0;0
5294;2025.08.20 03:30;17.38;10.25;10.38;684;0.0;0
5295;2025.08.20 03:45;17.06;9.88;10;683;0.0;0
5296;2025.08.20 04:00;16.69;9.38;9.62;681;0.0;0
5297;2025.08.20 04:15;16.38;9;9.12;679;0.0;0
5298;2025.08.20 04:30;16.12;8.62;8.81;678;0.0;0
5299;2025.08.20 04:45;15.75;8.25;8.25;676;0.0;0
5300;2025.08.20 05:00;15.5;8.06;8.25;675;0.0;0
5301;2025.08.20 05:15;15.25;7.88;8;674;0.0;0
5302;2025.08.20 05:30;15;7.5;7.62;673;0.0;0
5303;2025.08.20 05:45;14.75;7.31;7.38;672;0.0;0
5304;2025.08.20 06:00;14.5;7.12;7.25;671;0.0;0
5305;2025.08.20 06:15;14.25;6.88;6.88;670;0.0;0
5306;2025.08.20 06:30;14;6.75;6.94;669;0.0;0
5307;2025.08.20 06:45;13.88;6.75;7;669;0.0;0
5308;2025.08.20 07:00;13.62;6.62;6.75;668;0.0;0
5309;2025.08.20 07:15;13.44;6.75;7;668;0.0;0
5310;2025.08.20 07:30;13.31;7.56;7.88;670;0.0;0
5311;2025.08.20 07:45;13.12;7.38;7.62;669;0.0;0
5312;2025.08.20 08:00;13;7.12;7.38;668;0.0;0
5313;2025.08.20 08:15;12.88;6.5;6.62;667;0.0;0
5314;2025.08.20 08:30;12.75;6.25;6.25;666;0.0;0
5315;2025.08.20 08:45;12.62;6.19;6.5;665;0.0;0
5316;2025.08.20 09:00;12.5;6.19;6.5;665;0.0;0
5317;2025.08.20 09:15;12.38;6.25;6.44;665;0.0;0
5318;2025.08.20 09:30;12.25;7.44;7.62;668;0.0;0
5319;2025.08.20 09:45;12.12;8.38;8.75;671;0.0;0
5320;2025.08.20 10:00;12.12;9.69;10.12;674;0.0;0
5321;2025.08.20 10:15;12.12;10.38;10.81;676;0.0;0
5322;2025.08.20 10:30;12.19;9.75;9.81;675;0.0;0
5323;2025.08.20 10:45;12.19;9.88;10;675;0.0;0
5324;2025.08.20 11:00;12.25;10.06;10.19;676;0.0;0
5325;2025.08.20 11:15;12.25;9.94;10.12;676;0.0;0
5326;2025.08.20 11:30;12.25;10.12;10.19;676;0.0;0
5327;2025.08.20 11:45;12.25;10.44;10.62;677;0.0;0
5328;2025.08.20 12:00;12.25;10.12;10.62;676;0.0;0
5329;2025.08.20 12:15;12.12;9.5;10;675;0.0;0
5330;2025.08.20 12:30;12.12;9.38;9.81;674;0.0;0
5331;2025.08.20 12:45;12.06;9.25;9.56;674;0.0;0
5332;2025.08.20 13:00;12;8.88;9.25;673;0.0;0
5333;2025.08.20 13:15;12;9.25;9.5;674;0.0;0
5334;2025.08.20 13:30;11.94;10.12;10.5;676;0.0;0
5335;2025.08.20 13:45;11.94;11.19;11.5;679;0.0;0
5336;2025.08.20 14:00;12;11.5;11.62;680;0.0;0
5337;2025.08.20 14:15;12.06;14.38;14.81;685;0.0;0
5338;2025.08.20 14:30;12.12;18.94;19.75;697;0.0;0
5339;2025.08.20 14:45;12.38;23.44;23.69;711;0.0;0
5340;2025.08.20 15:00;12.75;25.44;25.12;719;0.0;0
5341;2025.08.20 15:15;13.38;26.38;25.06;723;0.0;0
5342;2025.08.20 15:30;13.88;30.38;27.12;737;0.0;0
5343;2025.08.20 15:45;14.62;29.56;27.88;736;0.0;0
5344;2025.08.20 16:00;15.25;31.19;28.88;742;0.0;0
5345;2025.08.20 16:15;15.88;32.88;30.12;749;0.0;0
5346;2025.08.20 16:30;16.56;33.5;30.12;752;0.0;0
5347;2025.08.20 16:45;17.25;36.44;32.62;763;0.0;0
5348;2025.08.20 17:00;18.12;37.44;33.06;768;0.0;0
5349;2025.08.20 17:15;19.06;40.38;35.25;780;0.0;0
5350;2025.08.20 17:30;20.06;42.25;36.38;788;0.0;0
5351;2025.08.20 17:45;21.12;43.88;37.62;796;0.0;0
5352;2025.08.20 18:00;22.12;42.19;35.75;791;0.0;0
5353;2025.08.20 18:15;22.88;39.5;33.75;784;0.0;0
5354;2025.08.20 18:30;23.19;39.19;35;785;0.0;0
5355;2025.08.20 18:45;23.62;40.62;35.56;789;0.0;0
5356;2025.08.20 19:00;24.12;43;37.5;800;0.0;0
5357;2025.08.20 19:15;24.62;40.5;35.56;793;0.0;0
5358;2025.08.20 19:30;25.19;45.5;39.62;812;0.0;0
5359;2025.08.20 19:45;26;46.31;38.12;816;0.0;0
5360;2025.08.20 20:00;26.75;47.88;40;823;0.2;0
5361;2025.08.20 20:15;27.25;39.25;32.19;789;0.0;0
5362;2025.08.20 20:30;27.19;37.62;33.06;788;0.0;0
5363;2025.08.20 20:45;27.12;36.5;32.38;780;0.0;0
5364;2025.08.20 21:00;26.94;38.69;34.12;792;0.0;0
5365;2025.08.20 21:15;27.12;42.38;35;806;0.0;0
5366;2025.08.20 21:30;27.5;42.31;35;805;0.0;0
5367;2025.08.20 21:45;27.81;43.88;35.62;811;0.0;0
5368;2025.08.20 22:00;28;41.38;34.5;800;0.0;0
5369;2025.08.20 22:15;28;38.62;33.25;788;0.0;0
5370;2025.08.20 22:30;27.75;35.94;33.5;777;0.0;0
5371;2025.08.20 22:45;27.5;33.5;31.06;769;0.0;0
5372;2025.08.20 23:00;27.12;31.25;28.69;761;0.0;0
5373;2025.08.20 23:15;26.69;29.31;27.06;754;0.0;0
5374;2025.08.20 23:30;26.25;28.94;27.62;752;0.0;0
5375;2025.08.20 23:45;25.75;28;26.88;748;0.0;0
5376;2025.08.21 00:00;25.38;26.12;25.25;741;0.0;0
5377;2025.08.21 00:15;24.88;24.75;24.12;736;0.0;0
5378;2025.08.21 00:30;24.38;24.44;24;734;0.0;0
5379;2025.08.21 00:45;24;23.19;22.88;730;0.0;0
5380;2025.08.21 01:00;23.5;22.62;22.38;727;0.0;0
5381;2025.08.21 01:15;23.12;22;21.75;725;0.0;0
5382;2025.08.21 01:30;22.75;21.25;21;722;0.0;0
5383;2025.08.21 01:45;22.38;20.56;20.25;719;0.0;0
5384;2025.08.21 02:00;22;20.06;19.81;717;0.0;0
5385;2025.08.21 02:15;21.69;19.38;19.12;714;0.0;0
5386;2025.08.21 02:30;21.31;17.94;17.56;710;0.0;0
5387;2025.08.21 02:45;21;17.38;17.06;707;0.0;0
5388;2025.08.21 03:00;20.62;17.19;16.94;706;0.0;0
5389;2025.08.21 03:15;20.31;16.88;16.62;705;0.0;0
5390;2025.08.21 03:30;20;16.38;16.19;703;0.0;0
5391;2025.08.21 03:45;19.75;15.25;15;699;0.0;0
5392;2025.08.21 04:00;19.44;15.44;15.25;699;0.0;0
5393;2025.08.21 04:15;19.12;15.5;15.31;699;0.0;0
5394;2025.08.21 04:30;18.94;15.19;14.94;698;0.0;0
5395;2025.08.21 04:45;18.69;15;14.75;697;0.0;0
5396;2025.08.21 05:00;18.5;14.81;14.56;696;0.0;0
5397;2025.08.21 05:15;18.25;14.5;14.25;695;0.0;0
5398;2025.08.21 05:30;18.06;14.12;13.88;693;0.0;0
5399;2025.08.21 05:45;17.88;13.12;12.81;690;0.0;0
5400;2025.08.21 06:00;17.62;12.94;12.75;689;0.0;0
5401;2025.08.21 06:15;17.38;12.88;12.75;689;0.0;0
5402;2025.08.21 06:30;17.25;12.62;12.38;688;0.0;0
5403;2025.08.21 06:45;17;12.12;12;686;0.0;0
5404;2025.08.21 07:00;16.81;12.19;12.12;686;0.0;0
5405;2025.08.21 07:15;16.62;12.38;12.5;686;0.0;0
5406;2025.08.21 07:30;16.5;12.44;12.5;686;0.0;0
5407;2025.08.21 07:45;16.38;11.88;11.81;684;0.0;0
5408;2025.08.21 08:00;16.12;11.12;11;682;0.0;0
5409;2025.08.21 08:15;16;10.44;10.38;680;0.0;0
5410;2025.08.21 08:30;15.81;9.88;9.81;678;0.0;0
5411;2025.08.21 08:45;15.62;9.62;9.62;677;0.0;0
5412;2025.08.21 09:00;15.38;9.38;9.44;676;0.0;0
5413;2025.08.21 09:15;15.19;9.25;9.12;676;0.0;0
5414;2025.08.21 09:30;15.06;9.25;9.19;675;0.0;0
5415;2025.08.21 09:45;14.88;9.88;9.75;677;0.0;0
5416;2025.08.21 10:00;14.75;10.69;10.5;679;0.0;0
5417;2025.08.21 10:15;14.69;11;10.81;680;0.0;0
5418;2025.08.21 10:30;14.62;11.25;11;680;0.0;0
5419;2025.08.21 10:45;14.62;11.12;11;680;0.0;0
5420;2025.08.21 11:00;14.5;10.75;10.5;679;0.0;0
5421;2025.08.21 11:15;14.44;10.38;10.25;678;0.0;0
5422;2025.08.21 11:30;14.38;9.25;9;675;0.0;0
5423;2025.08.21 11:45;14.25;8.5;8.38;673;0.0;0
5424;2025.08.21 12:00;14.06;9.31;9.25;675;0.0;0
5425;2025.08.21 12:15;13.94;8.81;8.62;673;0.0;0
5426;2025.08.21 12:30;13.88;8.31;8.25;672;0.0;0
5427;2025.08.21 12:45;13.69;7.88;7.81;670;0.0;0
5428;2025.08.21 13:00;13.56;8.38;8.38;672;0.0;0
5429;2025.08.21 13:15;13.5;9.44;9.38;675;0.0;0
5430;2025.08.21 13:30;13.44;10.88;10.94;678;0.0;0
5431;2025.08.21 13:45;13.44;11.38;11.31;680;0.0;0
5432;2025.08.21 14:00;13.5;12.25;12.25;682;0.0;0
5433;2025.08.21 14:15;13.56;12.75;12.88;684;0.0;0
5434;2025.08.21 14:30;13.62;14.19;14.38;688;0.0;0
5435;2025.08.21 14:45;13.75;15.5;15.62;692;0.0;0
5436;2025.08.21 15:00;13.94;17.31;17.12;698;0.0;0
5437;2025.08.21 15:15;14.19;19.12;18.62;703;0.0;0
5438;2025.08.21 15:30;14.38;15;15.19;720;0.0;0
5439;2025.08.21 15:45;14.62;16.5;17;711;0.0;0
5440;2025.08.21 16:00;14.81;21.69;20.75;722;0.0;0
5441;2025.08.21 16:15;15.38;27.88;25.5;738;0.0;0
5442;2025.08.21 16:30;16.12;25.69;22.94;733;0.0;0
5443;2025.08.21 16:45;16.5;21.56;19.75;721;0.0;0
5444;2025.08.21 17:00;16.56;19.12;18.25;715;0.0;0
5445;2025.08.21 17:15;16.56;22.19;21.38;723;0.0;0
5446;2025.08.21 17:30;16.75;22.44;21.38;724;0.0;0
5447;2025.08.21 17:45;16.88;20.94;19.88;720;0.0;0
5448;2025.08.21 18:00;17;22.62;21.5;726;0.0;0
5449;2025.08.21 18:15;17.19;24.75;23.25;732;0.0;0
5450;2025.08.21 18:30;17.5;26.5;24.88;737;0.0;0
5451;2025.08.21 18:45;17.88;28.38;26.38;745;0.0;0
5452;2025.08.21 19:00;18.38;33.88;30.56;765;0.0;0
5453;2025.08.21 19:15;19.38;39.12;33.94;784;0.0;0
5454;2025.08.21 19:30;20.38;34.25;28.75;766;0.0;0
5455;2025.08.21 19:45;20.81;30;26.5;752;0.0;0
5456;2025.08.21 20:00;20.94;29.75;27.38;752;0.0;0
5457;2025.08.21 20:15;21.06;35.38;32.12;774;0.0;0
5458;2025.08.21 20:30;21.69;38.38;32.81;781;0.0;0
5459;2025.08.21 20:45;22.25;34.56;29.75;769;0.0;0
5460;2025.08.21 21:00;22.5;31.38;28.12;759;0.0;0
5461;2025.08.21 21:15;22.62;34.88;30.44;772;0.0;0
5462;2025.08.21 21:30;22.81;33.62;29.5;768;0.0;0
5463;2025.08.21 21:45;22.94;30.5;27.5;756;0.0;0
5464;2025.08.21 22:00;22.81;28.88;26.69;751;0.0;0
5465;2025.08.21 22:15;22.62;28.12;26.38;748;0.0;0
5466;2025.08.21 22:30;22.44;28.75;28.12;748;0.0;0
5467;2025.08.21 22:45;22.31;27.62;27.25;745;0.0;0
5468;2025.08.21 23:00;22.12;26.75;26.44;741;0.0;0
5469;2025.08.21 23:15;21.88;25.62;25.5;738;0.0;0
5470;2025.08.21 23:30;21.62;25.12;24.81;736;0.0;0
5471;2025.08.21 23:45;21.38;24.56;24.44;734;0.0;0
5472;2025.08.22 00:00;21.19;23.88;23.75;732;0.0;0
5473;2025.08.22 00:15;21;23.31;23.12;730;0.0;0
5474;2025.08.22 00:30;20.81;22.88;22.75;728;0.0;0
5475;2025.08.22 00:45;20.62;21.94;21.81;725;0.0;0
5476;2025.08.22 01:00;20.38;20.75;20.62;721;0.0;0
5477;2025.08.22 01:15;20.12;19.75;19.5;718;0.0;0
5478;2025.08.22 01:30;19.88;19.25;19.12;716;0.0;0
5479;2025.08.22 01:45;19.62;18.38;18.06;713;0.0;0
5480;2025.08.22 02:00;19.38;17.5;17.12;711;0.0;0
5481;2025.08.22 02:15;19.12;16.69;16.38;708;0.0;0
5482;2025.08.22 02:30;18.88;15.31;15;704;0.0;0
5483;2025.08.22 02:45;18.62;14.06;13.88;700;0.0;0
5484;2025.08.22 03:00;18.25;13.19;13.12;697;0.0;0
5485;2025.08.22 03:15;18;12.38;12.31;694;0.0;0
5486;2025.08.22 03:30;17.62;11.88;11.81;692;0.0;0
5487;2025.08.22 03:45;17.38;11.38;11.31;691;0.0;0
5488;2025.08.22 04:00;17.06;10.75;10.62;689;0.0;0
5489;2025.08.22 04:15;16.75;10.31;10.38;687;0.0;0
5490;2025.08.22 04:30;16.5;9.69;9.62;685;0.0;0
5491;2025.08.22 04:45;16.19;9.12;9;683;0.0;0
5492;2025.08.22 05:00;15.88;8.75;8.69;681;0.0;0
5493;2025.08.22 05:15;15.62;8.38;8.25;680;0.0;0
5494;2025.08.22 05:30;15.44;7.94;7.75;678;0.0;0
5495;2025.08.22 05:45;15.12;7.62;7.5;677;0.0;0
5496;2025.08.22 06:00;14.88;7.25;7.12;676;0.0;0
5497;2025.08.22 06:15;14.69;7.06;7.06;675;0.0;0
5498;2025.08.22 06:30;14.44;6.62;6.56;673;0.0;0
5499;2025.08.22 06:45;14.25;6.25;6.06;672;0.0;0
5500;2025.08.22 07:00;14;6;5.88;671;0.0;0
5501;2025.08.22 07:15;13.75;5.81;5.75;670;0.0;0
5502;2025.08.22 07:30;13.56;5.38;5.25;669;0.0;0
5503;2025.08.22 07:45;13.38;5.12;5;668;0.0;0
5504;2025.08.22 08:00;13.12;5;4.94;667;0.0;0
5505;2025.08.22 08:15;13;5.12;5;667;0.0;0
5506;2025.08.22 08:30;12.81;4.75;4.62;666;0.0;0
5507;2025.08.22 08:45;12.62;4.5;4.31;665;0.0;0
5508;2025.08.22 09:00;12.44;4.12;4;664;0.0;0
5509;2025.08.22 09:15;12.25;3.88;3.75;663;0.0;0
5510;2025.08.22 09:30;12.12;3.62;3.5;662;0.0;0
5511;2025.08.22 09:45;11.88;3.38;3.25;661;0.0;0
5512;2025.08.22 10:00;11.75;3.19;3.06;660;0.0;0
5513;2025.08.22 10:15;11.62;3;2.81;659;0.0;0
5514;2025.08.22 10:30;11.38;2.88;2.75;659;0.0;0
5515;2025.08.22 10:45;11.25;2.62;2.38;658;0.0;0
5516;2025.08.22 11:00;11.12;2.62;2.62;658;0.0;0
5517;2025.08.22 11:15;11;2.5;2.5;657;0.0;0
5518;2025.08.22 11:30;10.88;2.5;2.38;657;0.0;0
5519;2025.08.22 11:45;10.69;2.44;2.38;657;0.0;0
5520;2025.08.22 12:00;10.56;2.25;2.12;656;0.0;0
5521;2025.08.22 12:15;10.44;2.19;2.12;656;0.0;0
5522;2025.08.22 12:30;10.31;2.19;2.12;655;0.0;0
5523;2025.08.22 12:45;10.19;2.5;2.5;656;0.0;0
5524;2025.08.22 13:00;10.12;2.75;2.81;657;0.0;0
5525;2025.08.22 13:15;10;3.62;3.62;659;0.0;0
5526;2025.08.22 13:30;10;4.56;4.5;661;0.0;0
5527;2025.08.22 13:45;10;4.81;4.62;662;0.0;0
5528;2025.08.22 14:00;10;5.38;5.31;664;0.0;0
5529;2025.08.22 14:15;10;6;5.88;665;0.0;0
5530;2025.08.22 14:30;10.12;11.12;11.75;676;0.0;0
5531;2025.08.22 14:45;10.25;16.38;16.38;692;0.0;0
5532;2025.08.22 15:00;10.62;14.25;13.88;688;0.0;0
5533;2025.08.22 15:15;11;19.88;18.5;703;0.0;0
5534;2025.08.22 15:30;11.5;24.38;21.19;718;0.0;0
5535;2025.08.22 15:45;12.12;24.62;22.25;720;0.0;0
5536;2025.08.22 16:00;12.81;29.19;25.38;736;0.0;0
5537;2025.08.22 16:15;13.75;32.62;28.5;747;0.0;0
5538;2025.08.22 16:30;14.75;35.25;30.62;757;0.0;0
5539;2025.08.22 16:45;15.81;37.25;32.62;766;0.0;0
5540;2025.08.22 17:00;16.88;37.25;32.88;768;0.0;0
5541;2025.08.22 17:15;17.88;40.62;35.5;781;0.0;0
5542;2025.08.22 17:30;19;42.06;36;790;0.0;0
5543;2025.08.22 17:45;20.12;40.5;34.88;786;0.0;0
5544;2025.08.22 18:00;21;41.75;36.69;792;0.0;0
5545;2025.08.22 18:15;22;42.44;36.81;797;0.0;0
5546;2025.08.22 18:30;22.88;43.5;36.81;802;0.0;0
5547;2025.08.22 18:45;23.81;42.75;35.88;800;0.0;0
5548;2025.08.22 19:00;24.5;42.38;36.12;802;0.0;0
5549;2025.08.22 19:15;25.12;44.06;37.38;809;0.0;0
5550;2025.08.22 19:30;25.75;43.38;35.88;807;0.0;0
5551;2025.08.22 19:45;26.19;40.5;33.44;799;0.0;0
5552;2025.08.22 20:00;26.38;36.81;30.88;786;0.0;0
5553;2025.08.22 20:15;26.38;41.5;35.5;804;0.0;0
5554;2025.08.22 20:30;26.81;43.88;36.38;812;0.0;0
5555;2025.08.22 20:45;27.38;44;36.06;814;0.0;0
5556;2025.08.22 21:00;27.69;41.62;33.5;805;0.0;0
5557;2025.08.22 21:15;27.75;39.62;32.81;799;0.0;0
5558;2025.08.22 21:30;27.81;41.62;34.62;806;0.0;0
5559;2025.08.22 21:45;28;41.88;33.88;806;0.0;0
5560;2025.08.22 22:00;28;39.5;32.88;796;0.0;0
5561;2025.08.22 22:15;27.75;35.44;31;778;0.0;0
5562;2025.08.22 22:30;27.25;30.88;29.56;761;0.0;0
5563;2025.08.22 22:45;26.62;28.88;28.25;754;0.0;0
5564;2025.08.22 23:00;26;27.12;26.88;747;0.0;0
5565;2025.08.22 23:15;25.38;25.94;26.19;742;0.0;0
5566;2025.08.22 23:30;24.75;24.88;25.25;737;0.0;0
5567;2025.08.22 23:45;24.12;24.25;24.44;735;0.0;0
5568;2025.08.23 00:00;23.62;23.38;23.81;731;0.0;0
5569;2025.08.23 00:15;23.19;22.75;23.25;728;0.0;0
5570;2025.08.23 00:30;22.75;21.75;22.38;724;0.0;0
5571;2025.08.23 00:45;22.25;21;21.56;721;0.0;0
5572;2025.08.23 01:00;21.88;20.38;21.19;718;0.0;0
5573;2025.08.23 01:15;21.44;19.38;20;715;0.0;0
5574;2025.08.23 01:30;21;18.31;18.94;711;0.0;0
5575;2025.08.23 01:45;20.62;17.44;18;708;0.0;0
5576;2025.08.23 02:00;20.25;17;17.88;706;0.0;0
5577;2025.08.23 02:15;19.88;15.88;16.38;702;0.0;0
5578;2025.08.23 02:30;19.5;15;15.62;699;0.0;0
5579;2025.08.23 02:45;19.12;14.06;14.31;696;0.0;0
5580;2025.08.23 03:00;18.88;13.12;13.12;693;0.0;0
5581;2025.08.23 03:15;18.5;12.25;12.38;690;0.0;0
5582;2025.08.23 03:30;18.12;11.62;11.62;687;0.0;0
5583;2025.08.23 03:45;17.75;11;11.12;685;0.0;0
5584;2025.08.23 04:00;17.44;10.5;10.5;683;0.0;0
5585;2025.08.23 04:15;17.12;10.12;10.12;681;0.0;0
5586;2025.08.23 04:30;16.81;9.62;9.62;680;0.0;0
5587;2025.08.23 04:45;16.5;9.12;9.19;678;0.0;0
5588;2025.08.23 05:00;16.25;8.88;8.88;677;0.0;0
5589;2025.08.23 05:15;16;9;9.62;677;0.0;0
5590;2025.08.23 05:30;15.75;9.25;9.88;677;0.0;0
5591;2025.08.23 05:45;15.5;9.12;9.62;676;0.0;0
5592;2025.08.23 06:00;15.25;8.38;8.38;674;0.0;0
5593;2025.08.23 06:15;15.06;7.94;8;672;0.0;0
5594;2025.08.23 06:30;14.88;8.06;8.38;672;0.0;0
5595;2025.08.23 06:45;14.69;9.06;9.88;675;0.0;0
5596;2025.08.23 07:00;14.5;9.5;10.25;675;0.0;0
5597;2025.08.23 07:15;14.38;8.81;9.19;673;0.0;0
5598;2025.08.23 07:30;14.25;7.62;7.62;670;0.0;0
5599;2025.08.23 07:45;14;6.94;6.75;668;0.0;0
5600;2025.08.23 08:00;13.88;6.56;6.5;667;0.0;0
5601;2025.08.23 08:15;13.62;6.62;6.81;667;0.0;0
5602;2025.08.23 08:30;13.5;6.38;6.44;666;0.0;0
5603;2025.08.23 08:45;13.31;6.19;6.19;665;0.0;0
5604;2025.08.23 09:00;13.12;6;5.94;665;0.0;0
5605;2025.08.23 09:15;13;5.62;5.5;664;0.0;0
5606;2025.08.23 09:30;12.88;5.5;5.31;663;0.0;0
5607;2025.08.23 09:45;12.69;5.5;5.62;663;0.0;0
5608;2025.08.23 10:00;12.56;5.12;5;662;0.0;0
5609;2025.08.23 10:15;12.38;4.94;4.75;661;0.0;0
5610;2025.08.23 10:30;12.25;5.19;5.19;661;0.0;0
5611;2025.08.23 10:45;12.12;5.25;5.38;662;0.0;0
5612;2025.08.23 11:00;12.06;5.69;6.12;663;0.0;0
5613;2025.08.23 11:15;12;6.12;6.69;664;0.0;0
5614;2025.08.23 11:30;11.88;6.38;6.94;664;0.0;0
5615;2025.08.23 11:45;11.81;6.31;6.88;664;0.0;0
5616;2025.08.23 12:00;11.75;6.12;6.56;664;0.0;0
5617;2025.08.23 12:15;11.62;5.62;5.75;662;0.0;0
5618;2025.08.23 12:30;11.56;5.25;5.31;662;0.0;0
5619;2025.08.23 12:45;11.5;5.38;5.5;662;0.0;0
5620;2025.08.23 13:00;11.38;5.88;6.38;663;0.0;0
5621;2025.08.23 13:15;11.38;6;6.44;664;0.0;0
5622;2025.08.23 13:30;11.25;6.06;6.25;664;0.0;0
5623;2025.08.23 13:45;11.25;6.06;6.12;664;0.0;0
5624;2025.08.23 14:00;11.19;6.25;6.38;665;0.0;0
5625;2025.08.23 14:15;11.12;10.44;11.19;672;0.0;0
5626;2025.08.23 14:30;11.25;16.75;17.75;689;0.0;0
5627;2025.08.23 14:45;11.5;20.06;20.25;700;0.0;0
5628;2025.08.23 15:00;11.88;18.88;19.12;699;0.0;0
5629;2025.08.23 15:15;12.25;24.25;22.81;714;0.0;0
5630;2025.08.23 15:30;12.88;27.12;24.44;725;0.0;0
5631;2025.08.23 15:45;13.5;27.31;24.94;728;0.0;0
5632;2025.08.23 16:00;14.25;31.75;27.56;743;0.0;0
5633;2025.08.23 16:15;15.12;33.38;29;750;0.0;0
5634;2025.08.23 16:30;16.12;35.75;30.69;759;0.0;0
5635;2025.08.23 16:45;17.12;36.94;31.06;765;0.0;0
5636;2025.08.23 17:00;18.06;36.69;31.44;766;0.0;0
5637;2025.08.23 17:15;18.94;39.25;33.25;776;0.0;0
5638;2025.08.23 17:30;19.94;40.12;33.88;782;0.0;0
5639;2025.08.23 17:45;20.88;41.62;35.5;788;0.0;0
5640;2025.08.23 18:00;21.81;40.62;35;787;0.0;0
5641;2025.08.23 18:15;22.62;40.88;34.69;789;0.0;0
5642;2025.08.23 18:30;23.25;39.62;33.5;786;0.0;0
5643;2025.08.23 18:45;23.75;37.12;31.38;778;0.0;0
5644;2025.08.23 19:00;24;35.38;30.88;773;0.0;0
5645;2025.08.23 19:15;24;33.88;29.75;767;0.0;0
5646;2025.08.23 19:30;24;35.38;31.62;772;0.0;0
5647;2025.08.23 19:45;24.06;32.62;29;764;0.0;0
5648;2025.08.23 20:00;24;32.62;29.62;767;0.0;0
5649;2025.08.23 20:15;24.12;33.06;29.88;766;0.0;0
5650;2025.08.23 20:30;24.38;39.12;33.69;788;0.0;0
5651;2025.08.23 20:45;24.88;39;32.94;787;0.0;0
5652;2025.08.23 21:00;25.38;42.38;35.44;802;0.0;0
5653;2025.08.23 21:15;26;40.12;32.38;790;0.0;0
5654;2025.08.23 21:30;26.12;36;30.62;780;0.0;0
5655;2025.08.23 21:45;26.19;38.88;33.06;789;0.0;0
5656;2025.08.23 22:00;26.31;38.88;32.75;787;0.0;0
5657;2025.08.23 22:15;26.25;35.88;31.44;775;0.0;0
5658;2025.08.23 22:30;26.06;31.06;27.75;758;0.0;0
5659;2025.08.23 22:45;25.62;29.25;27.75;751;0.0;0
5660;2025.08.23 23:00;25.12;26.5;25.12;742;0.0;0
5661;2025.08.23 23:15;24.62;25.25;24.38;738;0.0;0
5662;2025.08.23 23:30;24.12;25.06;25.06;735;0.0;0
5663;2025.08.23 23:45;23.69;24.56;24.69;733;0.0;0
5664;2025.08.24 00:00;23.25;23.75;23.88;729;0.0;0
5665;2025.08.24 00:15;22.88;22.75;23;726;0.0;0
5666;2025.08.24 00:30;22.44;22;22.38;723;0.0;0
5667;2025.08.24 00:45;22;21.5;22.06;720;0.0;0
5668;2025.08.24 01:00;21.62;21.12;21.75;719;0.0;0
5669;2025.08.24 01:15;21.31;20.5;20.94;716;0.0;0
5670;2025.08.24 01:30;21;19.62;20;713;0.0;0
5671;2025.08.24 01:45;20.62;18.25;18.62;709;0.0;0
5672;2025.08.24 02:00;20.31;17.56;18.12;706;0.0;0
5673;2025.08.24 02:15;20;16.38;16.62;702;0.0;0
5674;2025.08.24 02:30;19.62;15.12;15.12;698;0.0;0
5675;2025.08.24 02:45;19.25;14.56;14.56;696;0.0;0
5676;2025.08.24 03:00;18.94;14.5;14.5;695;0.0;0
5677;2025.08.24 03:15;18.62;14.25;14.12;694;0.0;0
5678;2025.08.24 03:30;18.38;13.56;13.5;691;0.0;0
5679;2025.08.24 03:45;18.06;12.88;12.75;689;0.0;0
5680;2025.08.24 04:00;17.75;12.75;12.75;688;0.0;0
5681;2025.08.24 04:15;17.5;12.62;12.56;687;0.0;0
5682;2025.08.24 04:30;17.25;12.75;12.62;687;0.0;0
5683;2025.08.24 04:45;17.06;12.75;12.75;687;0.0;0
5684;2025.08.24 05:00;16.88;12.62;12.5;686;0.0;0
5685;2025.08.24 05:15;16.75;12.31;12.12;685;0.0;0
5686;2025.08.24 05:30;16.5;11.75;11.5;683;0.0;0
5687;2025.08.24 05:45;16.38;11.25;11.12;682;0.0;0
5688;2025.08.24 06:00;16.12;10.38;10.25;679;0.0;0
5689;2025.08.24 06:15;15.94;9.75;9.62;677;0.0;0
5690;2025.08.24 06:30;15.69;9.5;9.5;676;0.0;0
5691;2025.08.24 06:45;15.5;9.12;9;674;0.0;0
5692;2025.08.24 07:00;15.25;8.75;8.75;673;0.0;0
5693;2025.08.24 07:15;15;8.62;8.62;672;0.0;0
5694;2025.08.24 07:30;14.88;8.5;8.5;672;0.0;0
5695;2025.08.24 07:45;14.62;7.88;7.88;670;0.0;0
5696;2025.08.24 08:00;14.44;7.75;7.75;669;0.0;0
5697;2025.08.24 08:15;14.25;7.62;7.62;668;0.0;0
5698;2025.08.24 08:30;14.12;7.5;7.44;668;0.0;0
5699;2025.08.24 08:45;13.94;7.75;7.75;668;0.0;0
5700;2025.08.24 09:00;13.75;7.81;7.75;668;0.0;0
5701;2025.08.24 09:15;13.62;7.5;7.5;667;0.0;0
5702;2025.08.24 09:30;13.5;7.12;7;666;0.0;0
5703;2025.08.24 09:45;13.38;6.75;6.62;665;0.0;0
5704;2025.08.24 10:00;13.25;6.5;6.44;664;0.0;0
5705;2025.08.24 10:15;13.06;6.25;6.25;663;0.0;0
5706;2025.08.24 10:30;12.94;6.44;6.38;664;0.0;0
5707;2025.08.24 10:45;12.88;6.75;6.69;664;0.0;0
5708;2025.08.24 11:00;12.75;6.62;6.62;664;0.0;0
5709;2025.08.24 11:15;12.62;6;5.88;662;0.0;0
5710;2025.08.24 11:30;12.5;6.06;5.88;662;0.0;0
5711;2025.08.24 11:45;12.38;6.12;6.12;662;0.0;0
5712;2025.08.24 12:00;12.25;6.12;6.12;662;0.0;0
5713;2025.08.24 12:15;12.12;6.88;6.88;664;0.0;0
5714;2025.08.24 12:30;12.12;7.5;7.38;665;0.0;0
5715;2025.08.24 12:45;12.06;6.88;6.75;664;0.0;0
5716;2025.08.24 13:00;12;6;5.75;662;0.0;0
5717;2025.08.24 13:15;11.88;5.88;5.81;661;0.0;0
5718;2025.08.24 13:30;11.81;6.25;6.38;662;0.0;0
5719;2025.08.24 13:45;11.75;7.69;7.88;666;0.0;0
5720;2025.08.24 14:00;11.75;10.25;10.75;673;0.0;0
5721;2025.08.24 14:15;11.88;12.12;12.19;678;0.0;0
5722;2025.08.24 14:30;12.06;18;18.75;692;0.0;0
5723;2025.08.24 14:45;12.38;20;19.75;699;0.0;0
5724;2025.08.24 15:00;12.75;19.12;18.38;698;0.0;0
5725;2025.08.24 15:15;13.06;20.44;19.38;703;0.0;0
5726;2025.08.24 15:30;13.44;21.31;20.25;707;0.0;0
5727;2025.08.24 15:45;13.88;24.5;22.75;717;0.0;0
5728;2025.08.24 16:00;14.5;28.88;25.62;732;0.0;0
5729;2025.08.24 16:15;15.25;30.62;26.88;738;0.0;0
5730;2025.08.24 16:30;16;32.81;28.31;747;0.0;0
5731;2025.08.24 16:45;16.88;35.19;30.5;756;0.0;0
5732;2025.08.24 17:00;17.75;36.44;32.25;762;0.0;0
5733;2025.08.24 17:15;18.62;35.56;30.44;761;0.0;0
5734;2025.08.24 17:30;19.25;31.12;27.25;748;0.0;0
5735;2025.08.24 17:45;19.56;29.88;27.12;744;0.0;0
5736;2025.08.24 18:00;19.75;29.38;27;743;0.0;0
5737;2025.08.24 18:15;19.88;31.38;28.88;750;0.0;0
5738;2025.08.24 18:30;20.25;31.88;29.25;753;0.0;0
5739;2025.08.24 18:45;20.62;33.56;30.62;758;0.0;0
5740;2025.08.24 19:00;21;32.75;29.44;756;0.0;0
5741;2025.08.24 19:15;21.38;37;33.38;773;0.0;0
5742;2025.08.24 19:30;21.88;32.88;28.5;758;0.0;0
5743;2025.08.24 19:45;22.06;28.12;25.12;743;0.0;0
5744;2025.08.24 20:00;21.94;26.19;24.12;737;0.0;0
5745;2025.08.24 20:15;21.75;25.62;24.12;735;0.0;0
5746;2025.08.24 20:30;21.5;25.25;23.56;733;0.0;0
5747;2025.08.24 20:45;21.38;23.31;21.88;727;0.0;0
5748;2025.08.24 21:00;21.12;22.62;21.25;725;0.0;0
5749;2025.08.24 21:15;20.88;22.69;21.38;725;0.0;0
5750;2025.08.24 21:30;20.62;21.38;19.94;721;0.0;0
5751;2025.08.24 21:45;20.38;18.62;17.88;714;0.0;0
5752;2025.08.24 22:00;20.12;18;17.12;712;0.0;0
5753;2025.08.24 22:15;19.81;18.88;17.94;714;0.0;0
5754;2025.08.24 22:30;19.62;20.12;19;717;0.0;0
5755;2025.08.24 22:45;19.5;20.25;18.75;717;0.0;0
5756;2025.08.24 23:00;19.38;20.25;18.88;717;0.0;0
5757;2025.08.24 23:15;19.25;19.62;18.31;716;0.0;0
5758;2025.08.24 23:30;19.12;18.38;17.12;711;0.0;0
5759;2025.08.24 23:45;19;19.19;18.38;714;0.0;0
5760;2025.08.25 00:00;18.88;19.19;18.38;713;0.0;0
5761;2025.08.25 00:15;18.69;18.31;17.5;710;0.0;0
5762;2025.08.25 00:30;18.5;17.38;16.94;707;0.0;0
5763;2025.08.25 00:45;18.38;16.75;16.5;704;0.0;0
5764;2025.08.25 01:00;18.12;16.12;15.75;703;0.0;0
5765;2025.08.25 01:15;17.88;15.56;15.12;701;0.0;0
5766;2025.08.25 01:30;17.69;15.25;14.88;699;0.0;0
5767;2025.08.25 01:45;17.5;15.19;14.88;699;0.0;0
5768;2025.08.25 02:00;17.38;15;14.81;698;0.0;0
5769;2025.08.25 02:15;17.12;14.62;14.44;697;0.0;0
5770;2025.08.25 02:30;17;14;13.75;695;0.0;0
5771;2025.08.25 02:45;16.81;13.69;13.5;694;0.0;0
5772;2025.08.25 03:00;16.62;13.56;13.44;693;0.0;0
5773;2025.08.25 03:15;16.5;13.06;12.88;691;0.0;0
5774;2025.08.25 03:30;16.25;12.62;12.38;690;0.0;0
5775;2025.08.25 03:45;16.12;12.62;12.38;690;0.0;0
5776;2025.08.25 04:00;16;12.38;12.12;689;0.0;0
5777;2025.08.25 04:15;15.88;12;11.75;687;0.0;0
5778;2025.08.25 04:30;15.69;12;11.75;687;0.0;0
5779;2025.08.25 04:45;15.5;12.12;12;688;0.0;0
5780;2025.08.25 05:00;15.44;12.12;11.88;687;0.0;0
5781;2025.08.25 05:15;15.31;12;11.75;687;0.0;0
5782;2025.08.25 05:30;15.25;12;11.75;687;0.0;0
5783;2025.08.25 05:45;15.12;11.75;11.5;686;0.0;0
5784;2025.08.25 06:00;15;11.5;11.44;685;0.0;0
5785;2025.08.25 06:15;14.88;11.25;11.12;684;0.0;0
5786;2025.08.25 06:30;14.75;11.25;11;684;0.0;0
5787;2025.08.25 06:45;14.62;11.19;10.94;684;0.0;0
5788;2025.08.25 07:00;14.56;11.25;10.88;684;0.0;0
5789;2025.08.25 07:15;14.5;11.38;11.25;684;0.0;0
5790;2025.08.25 07:30;14.38;11.62;11.38;685;0.0;0
5791;2025.08.25 07:45;14.38;11.38;11.06;684;0.0;0
5792;2025.08.25 08:00;14.31;11.25;11.12;684;0.0;0
5793;2025.08.25 08:15;14.25;11.12;10.94;683;0.0;0
5794;2025.08.25 08:30;14.12;11;10.75;683;0.0;0
5795;2025.08.25 08:45;14.12;11;10.81;683;0.0;0
5796;2025.08.25 09:00;14;10.88;10.5;682;0.0;0
5797;2025.08.25 09:15;13.94;10.62;10.38;682;0.0;0
5798;2025.08.25 09:30;13.88;10.5;10.25;681;0.0;0
5799;2025.08.25 09:45;13.81;10.38;10.12;681;0.0;0
5800;2025.08.25 10:00;13.75;10.31;10;681;0.0;0
5801;2025.08.25 10:15;13.62;10.25;9.88;680;0.0;0
5802;2025.08.25 10:30;13.62;10.12;9.88;680;0.0;0
5803;2025.08.25 10:45;13.5;10.12;9.81;680;0.0;0
5804;2025.08.25 11:00;13.5;10;9.75;680;0.0;0
5805;2025.08.25 11:15;13.38;10;9.69;679;0.0;0
5806;2025.08.25 11:30;13.38;9.88;9.62;679;0.0;0
5807;2025.08.25 11:45;13.25;9.81;9.5;679;0.0;0
5808;2025.08.25 12:00;13.25;9.62;9.38;678;0.0;0
5809;2025.08.25 12:15;13.12;9.25;8.88;677;0.0;0
5810;2025.08.25 12:30;13.06;8.94;8.62;676;0.0;0
5811;2025.08.25 12:45;13;8.94;8.62;676;0.0;0
5812;2025.08.25 13:00;12.88;9.12;8.94;677;0.0;0
5813;2025.08.25 13:15;12.88;9.75;9.62;679;0.0;0
5814;2025.08.25 13:30;12.81;10.5;10.31;680;0.0;0
5815;2025.08.25 13:45;12.88;11;10.75;682;0.0;0
5816;2025.08.25 14:00;12.88;11.75;11.5;684;0.0;0
5817;2025.08.25 14:15;12.94;13.06;12.75;688;0.0;0
5818;2025.08.25 14:30;13.06;14;13.5;691;0.0;0
5819;2025.08.25 14:45;13.25;15.62;14.88;696;0.0;0
5820;2025.08.25 15:00;13.44;18.25;17.88;703;0.0;0
5821;2025.08.25 15:15;13.75;20.38;19;710;0.0;0
5822;2025.08.25 15:30;14.06;21.19;19.62;713;0.0;0
5823;2025.08.25 15:45;14.44;23.12;21.38;719;0.0;0
5824;2025.08.25 16:00;14.88;27.19;24.38;732;0.0;0
5825;2025.08.25 16:15;15.5;29.12;25.31;739;0.0;0
5826;2025.08.25 16:30;16.19;28.88;25.44;740;0.0;0
5827;2025.08.25 16:45;16.75;29.88;26;744;0.0;0
5828;2025.08.25 17:00;17.38;30.81;27;748;0.0;0
5829;2025.08.25 17:15;17.94;31.25;27.44;751;0.0;0
5830;2025.08.25 17:30;18.5;30.88;27;750;0.0;0
5831;2025.08.25 17:45;18.88;29.88;26;748;0.0;0
5832;2025.08.25 18:00;19.25;28.5;25.12;745;0.0;0
5833;2025.08.25 18:15;19.5;28.12;25.06;743;0.0;0
5834;2025.08.25 18:30;19.62;28.44;25.56;745;0.0;0
5835;2025.08.25 18:45;19.88;28.62;25.62;746;0.0;0
5836;2025.08.25 19:00;20.12;30.56;27.25;753;0.0;0
5837;2025.08.25 19:15;20.44;32.75;29;761;0.0;0
5838;2025.08.25 19:30;20.88;30.25;26.25;752;0.0;0
5839;2025.08.25 19:45;21;26.62;23.56;741;0.0;0
5840;2025.08.25 20:00;20.88;23.38;21.31;732;0.0;0
5841;2025.08.25 20:15;20.62;19.94;17.94;722;0.0;0
5842;2025.08.25 20:30;20.25;16.62;15.38;715;0.0;0
5843;2025.08.25 20:45;19.75;15;14.25;729;0.0;0
5844;2025.08.25 21:00;19.25;13.94;13.38;742;0.0;0
5845;2025.08.25 21:15;18.75;13.69;13.12;737;0.0;0
5846;2025.08.25 21:30;18.38;13.62;13;733;0.0;0
5847;2025.08.25 21:45;18.06;13.56;13.06;730;0.0;0
5848;2025.08.25 22:00;17.75;14.5;13.88;731;0.0;0
5849;2025.08.25 22:15;17.62;14.94;14.25;731;0.0;0
5850;2025.08.25 22:30;17.5;15.5;14.62;732;0.0;0
5851;2025.08.25 22:45;17.38;15.62;14.75;731;0.0;0
5852;2025.08.25 23:00;17.31;17.12;16.25;735;0.0;0
5853;2025.08.25 23:15;17.38;18.25;17.06;737;0.0;0
5854;2025.08.25 23:30;17.44;17.38;16.19;733;0.0;0
5855;2025.08.25 23:45;17.38;17.25;16.12;731;0.0;0
5856;2025.08.26 00:00;17.38;16.38;15.38;727;0.0;0
5857;2025.08.26 00:15;17.25;15.75;15.19;723;0.0;0
5858;2025.08.26 00:30;17.12;15.44;15.12;720;0.0;0
5859;2025.08.26 00:45;16.88;15;14.88;718;0.0;0
5860;2025.08.26 01:00;16.69;14.5;14.5;715;0.0;0
5861;2025.08.26 01:15;16.5;14.44;14.69;713;0.0;0
5862;2025.08.26 01:30;16.25;14.38;14.62;712;0.0;0
5863;2025.08.26 01:45;16;13.44;13.75;709;0.0;0
5864;2025.08.26 02:00;15.81;12.25;12.19;706;0.0;0
5865;2025.08.26 02:15;15.56;11.38;11.19;703;0.0;0
5866;2025.08.26 02:30;15.31;11;11.06;701;0.0;0
5867;2025.08.26 02:45;15.12;10.88;10.88;700;0.0;0
5868;2025.08.26 03:00;14.88;10.5;10.38;699;0.0;0
5869;2025.08.26 03:15;14.69;10.62;10.56;699;0.0;0
5870;2025.08.26 03:30;14.5;10.56;10.5;699;0.0;0
5871;2025.08.26 03:45;14.38;10.62;10.62;698;0.0;0
5872;2025.08.26 04:00;14.25;10.56;10.38;698;0.0;0
5873;2025.08.26 04:15;14.12;10.25;10;697;0.0;0
5874;2025.08.26 04:30;14;9.75;9.5;695;0.0;0
5875;2025.08.26 04:45;13.88;9.44;9.5;694;0.0;0
5876;2025.08.26 05:00;13.69;8.94;9;692;0.0;0
5877;2025.08.26 05:15;13.5;8.62;8.62;691;0.0;0
5878;2025.08.26 05:30;13.38;8.31;8.25;690;0.0;0
5879;2025.08.26 05:45;13.25;8.06;8.06;689;0.0;0
5880;2025.08.26 06:00;13.06;7.5;7.5;688;0.0;0
5881;2025.08.26 06:15;12.88;6.88;6.75;685;0.0;0
5882;2025.08.26 06:30;12.75;6.5;6.5;684;0.0;0
5883;2025.08.26 06:45;12.5;6;5.88;683;0.0;0
5884;2025.08.26 07:00;12.38;5.75;5.62;682;0.0;0
5885;2025.08.26 07:15;12.12;5.62;5.62;681;0.0;0
5886;2025.08.26 07:30;12;5.75;5.69;681;0.0;0
5887;2025.08.26 07:45;11.88;6;5.94;682;0.0;0
5888;2025.08.26 08:00;11.75;6.56;6.5;683;0.0;0
5889;2025.08.26 08:15;11.69;7.06;6.88;685;0.0;0
5890;2025.08.26 08:30;11.62;7.25;7.12;685;0.0;0
5891;2025.08.26 08:45;11.62;7;6.88;684;0.0;0
5892;2025.08.26 09:00;11.56;6.69;6.5;683;0.0;0
5893;2025.08.26 09:15;11.5;6.38;6.25;682;0.0;0
5894;2025.08.26 09:30;11.38;6;5.88;681;0.0;0
5895;2025.08.26 09:45;11.25;5.81;5.75;681;0.0;0
5896;2025.08.26 10:00;11.19;5.5;5.44;680;0.0;0
5897;2025.08.26 10:15;11.12;5.19;5.12;679;0.0;0
5898;2025.08.26 10:30;10.94;5.38;5.38;679;0.0;0
5899;2025.08.26 10:45;10.88;5.75;5.62;680;0.0;0
5900;2025.08.26 11:00;10.81;6.25;6;681;0.0;0
5901;2025.08.26 11:15;10.75;6.56;6.38;682;0.0;0
5902;2025.08.26 11:30;10.75;6.5;6.31;682;0.0;0
5903;2025.08.26 11:45;10.75;6.44;6.25;682;0.0;0
5904;2025.08.26 12:00;10.69;6.25;6.12;681;0.0;0
5905;2025.08.26 12:15;10.62;6;5.88;681;0.0;0
5906;2025.08.26 12:30;10.62;5.88;5.81;680;0.0;0
5907;2025.08.26 12:45;10.5;6;5.88;681;0.0;0
5908;2025.08.26 13:00;10.5;5.62;5.56;680;0.0;0
5909;2025.08.26 13:15;10.38;6.38;6.25;681;0.0;0
5910;2025.08.26 13:30;10.38;7.38;7.25;685;0.0;0
5911;2025.08.26 13:45;10.44;7.94;7.88;686;0.0;0
5912;2025.08.26 14:00;10.5;9.12;8.94;690;0.0;0
5913;2025.08.26 14:15;10.62;10;9.62;693;0.0;0
5914;2025.08.26 14:30;10.88;10.19;9.62;693;0.0;0
5915;2025.08.26 14:45;11;10.5;10;694;0.0;0
5916;2025.08.26 15:00;11.12;10.81;10.25;696;0.0;0
5917;2025.08.26 15:15;11.25;10.75;10.25;696;0.0;0
5918;2025.08.26 15:30;11.31;10.5;10;696;0.0;0
5919;2025.08.26 15:45;11.38;10.5;10;712;0.0;0
5920;2025.08.26 16:00;11.5;10.69;10.25;714;0.0;0
5921;2025.08.26 16:15;11.5;10.88;10.38;717;0.0;0
5922;2025.08.26 16:30;11.62;11;10.5;724;0.0;0
5923;2025.08.26 16:45;11.69;11.12;10.75;742;0.0;0
5924;2025.08.26 17:00;11.75;11.38;11;751;0.0;0
5925;2025.08.26 17:15;11.88;12.62;11.88;750;0.0;0
5926;2025.08.26 17:30;12.12;13.25;12.69;750;0.0;0
5927;2025.08.26 17:45;12.38;13.75;13;750;0.0;0
5928;2025.08.26 18:00;12.62;13.75;13.25;751;0.0;0
5929;2025.08.26 18:15;12.88;13.88;13.62;750;0.0;0
5930;2025.08.26 18:30;13;14.25;13.88;750;0.0;0
5931;2025.08.26 18:45;13.25;14.88;14.5;750;0.0;0
5932;2025.08.26 19:00;13.38;15.12;14.62;749;0.0;0
5933;2025.08.26 19:15;13.62;15.31;14.75;749;0.0;0
5934;2025.08.26 19:30;13.75;15.81;15.06;750;0.0;0
5935;2025.08.26 19:45;13.94;16.62;15.62;752;0.0;0
5936;2025.08.26 20:00;14.12;16.12;15.25;750;0.0;0
5937;2025.08.26 20:15;14.25;15.88;15;750;0.0;0
5938;2025.08.26 20:30;14.38;15.94;15;751;0.0;0
5939;2025.08.26 20:45;14.5;16;15.06;752;0.0;0
5940;2025.08.26 21:00;14.62;16.62;15.44;757;0.0;0
5941;2025.08.26 21:15;14.81;18.5;16.75;764;0.0;0
5942;2025.08.26 21:30;15.12;19.38;17.25;767;0.0;0
5943;2025.08.26 21:45;15.5;21.38;18.56;769;0.0;0
5944;2025.08.26 22:00;15.94;19.75;17.56;762;0.0;0
5945;2025.08.26 22:15;16.19;20.25;18.31;762;0.0;0
5946;2025.08.26 22:30;16.38;20.06;18.56;759;0.0;0
5947;2025.08.26 22:45;16.38;19.38;18.25;757;0.0;0
5948;2025.08.26 23:00;16.5;19.38;18.19;757;0.0;0
5949;2025.08.26 23:15;16.5;19.62;18.38;757;0.0;0
5950;2025.08.26 23:30;16.5;18.69;17.75;755;0.0;0
5951;2025.08.26 23:45;16.5;18.94;18.12;755;0.0;0
5952;2025.08.27 00:00;16.5;19.25;18.44;756;0.0;0
5953;2025.08.27 00:15;16.5;19.44;18.5;756;0.0;0
5954;2025.08.27 00:30;16.62;19.38;18.5;756;0.0;0
5955;2025.08.27 00:45;16.62;18.62;17.81;754;0.0;0
5956;2025.08.27 01:00;16.56;18.25;17.56;753;0.0;0
5957;2025.08.27 01:15;16.5;17.69;17.12;752;0.0;0
5958;2025.08.27 01:30;16.44;17;16.38;750;0.0;0
5959;2025.08.27 01:45;16.31;15.88;15.31;747;0.0;0
5960;2025.08.27 02:00;16.12;14.62;14.06;745;0.0;0
5961;2025.08.27 02:15;15.88;13.94;13.44;745;0.0;0
5962;2025.08.27 02:30;15.69;13.44;13;746;0.0;0
5963;2025.08.27 02:45;15.5;13.06;12.69;748;0.0;0
5964;2025.08.27 03:00;15.25;12.88;12.44;748;0.0;0
5965;2025.08.27 03:15;15.06;12.69;12.25;748;0.0;0
5966;2025.08.27 03:30;14.88;12.62;12.12;748;0.0;0
5967;2025.08.27 03:45;14.75;12.5;12.12;748;0.0;0
5968;2025.08.27 04:00;14.62;12.44;12;748;0.0;0
5969;2025.08.27 04:15;14.44;12.38;12;749;0.0;0
5970;2025.08.27 04:30;14.38;12.25;11.88;749;0.0;0
5971;2025.08.27 04:45;14.25;12.19;11.81;749;0.0;0
5972;2025.08.27 05:00;14.12;12.06;11.75;749;0.0;0
5973;2025.08.27 05:15;14;12;11.69;749;0.0;0
5974;2025.08.27 05:30;13.88;11.62;11.25;748;0.0;0
5975;2025.08.27 05:45;13.81;11.38;11;748;0.0;0
5976;2025.08.27 06:00;13.69;11.25;11;748;0.0;0
5977;2025.08.27 06:15;13.56;11.5;11.19;748;0.0;0
5978;2025.08.27 06:30;13.5;11.5;11.19;749;0.0;0
5979;2025.08.27 06:45;13.38;11.5;11.25;749;0.0;0
5980;2025.08.27 07:00;13.38;11.5;11.25;749;0.0;0
5981;2025.08.27 07:15;13.25;11.5;11.25;750;0.0;0
5982;2025.08.27 07:30;13.25;11.5;11.19;750;0.0;0
5983;2025.08.27 07:45;13.19;11.5;11.19;751;0.0;0
5984;2025.08.27 08:00;13.12;11.44;11.12;752;0.0;0
5985;2025.08.27 08:15;13.12;11.38;11.12;752;0.0;0
5986;2025.08.27 08:30;13;11.38;11;753;0.0;0
5987;2025.08.27 08:45;13;11.25;10.94;753;0.0;0
5988;2025.08.27 09:00;13;11.12;10.88;753;0.0;0
5989;2025.08.27 09:15;12.88;11;10.69;753;0.0;0
5990;2025.08.27 09:30;12.88;11;10.62;753;0.0;0
5991;2025.08.27 09:45;12.81;11;10.75;753;0.0;0
5992;2025.08.27 10:00;12.75;11.12;10.81;756;0.0;0
5993;2025.08.27 10:15;12.75;11.12;10.75;756;0.0;0
5994;2025.08.27 10:30;12.69;11.12;10.75;759;0.0;0
5995;2025.08.27 10:45;12.62;11;10.75;760;0.0;0
5996;2025.08.27 11:00;12.62;10.94;10.62;758;0.0;0
5997;2025.08.27 11:15;12.62;10.94;10.62;758;0.0;0
5998;2025.08.27 11:30;12.5;10.94;10.62;761;0.0;0
5999;2025.08.27 11:45;12.5;10.88;10.62;760;0.0;0
6000;2025.08.27 12:00;12.5;10.88;10.62;763;0.0;0
6001;2025.08.27 12:15;12.44;10.81;10.5;762;0.0;0
6002;2025.08.27 12:30;12.38;10.75;10.44;762;0.0;0
6003;2025.08.27 12:45;12.38;10.81;10.5;762;0.0;0
6004;2025.08.27 13:00;12.38;10.75;10.44;762;0.0;0
6005;2025.08.27 13:15;12.38;10.94;10.62;763;0.0;0
6006;2025.08.27 13:30;12.31;11.12;10.88;763;0.0;0
6007;2025.08.27 13:45;12.31;11.38;11;764;0.0;0
6008;2025.08.27 14:00;12.38;12.19;11.75;766;0.0;0
6009;2025.08.27 14:15;12.5;13.06;12.25;770;0.0;0
6010;2025.08.27 14:30;12.62;13;12.25;782;0.0;0
6011;2025.08.27 14:45;12.75;12.62;12;809;0.0;0
6012;2025.08.27 15:00;12.88;12.62;12.06;838;0.7;0
6013;2025.08.27 15:15;12.88;13;12.31;839;0.7;0
6014;2025.08.27 15:30;13;14.06;13.25;838;0.7;0
6015;2025.08.27 15:45;13.19;13.88;13.25;838;0.7;0
6016;2025.08.27 16:00;13.38;14;13.38;840;0.7;0
6017;2025.08.27 16:15;13.5;14.25;13.44;839;0.7;0
6018;2025.08.27 16:30;13.69;16.44;15.25;844;0.9;0
6019;2025.08.27 16:45;14;15.88;15;841;0.8;0
6020;2025.08.27 17:00;14.25;15.5;14.5;838;0.7;0
6021;2025.08.27 17:15;14.38;16.44;15.19;840;0.7;0
6022;2025.08.27 17:30;14.62;17.62;16.25;841;0.8;0
6023;2025.08.27 17:45;15;18.06;16.5;841;0.8;0
6024;2025.08.27 18:00;15.31;19.5;17.38;842;0.8;0
6025;2025.08.27 18:15;15.75;23.12;20.25;852;1.1;0
6026;2025.08.27 18:30;16.62;25.25;21.38;855;1.2;0
6027;2025.08.27 18:45;17.5;25.88;21.62;858;1.3;0
6028;2025.08.27 19:00;18.25;25.62;21.5;855;1.2;0
6029;2025.08.27 19:15;18.81;26.88;23.44;857;1.3;0
6030;2025.08.27 19:30;19.25;23.62;20.5;846;0.9;0
6031;2025.08.27 19:45;19.31;21.5;18.19;838;0.7;0
6032;2025.08.27 20:00;19.12;17.81;15.38;830;0.4;0
6033;2025.08.27 20:15;18.75;16.06;14.5;850;1.0;0
6034;2025.08.27 20:30;17.25;14.88;13.31;2118;32.3;0
6035;2025.08.27 20:45;17.38;15.5;13.81;1733;24.5;0
6036;2025.08.27 21:00;17.25;16.81;14.81;1657;22.8;0
6037;2025.08.27 21:15;17.31;18.94;16.44;1620;22.0;0
6038;2025.08.27 21:30;17.62;21.88;18.12;1589;21.3;0
6039;2025.08.27 21:45;17.94;20.75;17.38;1561;20.6;0
6040;2025.08.27 22:00;18.06;21.12;18.06;1543;20.2;0
6041;2025.08.27 22:15;18.12;20.06;17.38;1523;19.7;0
6042;2025.08.27 22:30;18.12;17.81;15.75;1505;19.2;0
6043;2025.08.27 22:45;16.75;14.38;13;3602;48.1;0
6044;2025.08.27 23:00;15.88;13.75;12.12;3605;48.1;0
6045;2025.08.27 23:15;15.5;13.12;11.81;3313;46.8;0
6046;2025.08.27 23:30;16;13.12;11.94;2048;31.0;0
6047;2025.08.27 23:45;15.62;12.94;11.81;2466;38.0;0
6048;2025.08.28 00:00;15.25;12.5;11.5;3275;46.5;0
6049;2025.08.28 00:15;14.38;12.5;11.38;3508;47.7;0
6050;2025.08.28 00:30;14.19;12.5;11.38;3454;47.5;0
6051;2025.08.28 00:45;14.5;12.12;11.19;2278;35.1;0
6052;2025.08.28 01:00;14.69;12.25;11.38;2047;31.0;0
6053;2025.08.28 01:15;14.75;12.5;11.5;1983;29.8;0
6054;2025.08.28 01:30;14.75;12.06;11.12;1939;28.9;0
6055;2025.08.28 01:45;14.62;11.62;10.88;1910;28.3;0
6056;2025.08.28 02:00;14.56;11.12;10.31;1884;27.8;0
6057;2025.08.28 02:15;14.44;10.62;9.88;1865;27.4;0
6058;2025.08.28 02:30;14.25;10.44;9.75;1847;27.0;0
6059;2025.08.28 02:45;14.12;10.12;9.5;1834;26.7;0
6060;2025.08.28 03:00;13.94;9.56;8.88;1821;26.5;0
6061;2025.08.28 03:15;13.75;9.44;8.75;1810;26.2;0
6062;2025.08.28 03:30;13.62;9.31;8.62;1801;26.0;0
6063;2025.08.28 03:45;13.44;9.25;8.56;1792;25.8;0
6064;2025.08.28 04:00;13.25;9.38;8.75;1784;25.7;0
6065;2025.08.28 04:15;13.12;9.69;9.12;1778;25.5;0
6066;2025.08.28 04:30;13;10;9.38;1772;25.4;0
6067;2025.08.28 04:45;13;10.12;9.62;1767;25.3;0
6068;2025.08.28 05:00;12.88;9.44;8.81;1760;25.1;0
6069;2025.08.28 05:15;12.75;8.5;7.88;1753;25.0;0
6070;2025.08.28 05:30;12.62;8.25;7.62;1748;24.9;0
6071;2025.08.28 05:45;12.5;8.62;8.19;1745;24.8;0
6072;2025.08.28 06:00;12.38;9.12;8.62;1741;24.7;0
6073;2025.08.28 06:15;12.25;9.12;8.62;1737;24.6;0
6074;2025.08.28 06:30;12.25;9.06;8.5;1733;24.5;0
6075;2025.08.28 06:45;12.12;9;8.5;1729;24.5;0
6076;2025.08.28 07:00;12.06;8.5;7.88;1725;24.4;0
6077;2025.08.28 07:15;12;8.12;7.62;1721;24.3;0
6078;2025.08.28 07:30;11.88;7.75;7.25;1717;24.2;0
6079;2025.08.28 07:45;11.75;7.94;7.44;1714;24.1;0
6080;2025.08.28 08:00;11.62;8.12;7.62;1712;24.1;0
6081;2025.08.28 08:15;11.5;8.25;7.81;1709;24.0;0
6082;2025.08.28 08:30;11.44;7.88;7.56;1706;23.9;0
6083;2025.08.28 08:45;11.38;7.19;6.69;1702;23.9;0
6084;2025.08.28 09:00;11.25;6.88;6.38;1699;23.8;0
6085;2025.08.28 09:15;11.12;7.12;6.62;1697;23.7;0
6086;2025.08.28 09:30;11;7.62;7.12;1696;23.7;0
6087;2025.08.28 09:45;11;8.25;7.75;1695;23.7;0
6088;2025.08.28 10:00;10.94;8.44;7.88;1693;23.7;0
6089;2025.08.28 10:15;10.88;8.5;8;1691;23.6;0
6090;2025.08.28 10:30;10.88;8.62;8.06;1690;23.6;0
6091;2025.08.28 10:45;10.88;8.62;8.12;1687;23.5;0
6092;2025.08.28 11:00;10.88;8.62;8.06;1686;23.5;0
6093;2025.08.28 11:15;10.88;8.62;8.06;1684;23.5;0
6094;2025.08.28 11:30;10.88;8.62;8.12;1682;23.4;0
6095;2025.08.28 11:45;10.88;8.69;8.12;1680;23.4;0
6096;2025.08.28 12:00;10.81;8.69;8.19;1678;23.3;0
6097;2025.08.28 12:15;10.81;8.69;8.12;1677;23.3;0
6098;2025.08.28 12:30;10.81;8.75;8.19;1675;23.2;0
6099;2025.08.28 12:45;10.75;8.81;8.25;1673;23.2;0
6100;2025.08.28 13:00;10.75;8.94;8.38;1672;23.2;0
6101;2025.08.28 13:15;10.75;9;8.5;1670;23.1;0
6102;2025.08.28 13:30;10.75;9.12;8.62;1669;23.1;0
6103;2025.08.28 13:45;10.75;9.25;8.75;1668;23.1;0
6104;2025.08.28 14:00;10.75;9.25;8.75;1673;23.2;0
6105;2025.08.28 14:15;10.75;9.38;8.94;1681;23.4;0
6106;2025.08.28 14:30;10.75;9.56;9.06;1682;23.4;0
6107;2025.08.28 14:45;10.75;9.75;9.25;1681;23.4;0
6108;2025.08.28 15:00;10.88;10.25;9.62;1681;23.4;0
6109;2025.08.28 15:15;10.88;10.31;9.75;1680;23.4;0
6110;2025.08.28 15:30;11;10.88;10.12;1681;23.4;0
6111;2025.08.28 15:45;11;10.88;10.25;1680;23.4;0
6112;2025.08.28 16:00;11.12;11;10.38;1679;23.3;0
6113;2025.08.28 16:15;11.19;11.38;10.69;1679;23.3;0
6114;2025.08.28 16:30;11.31;12.25;11.19;1679;23.3;0
6115;2025.08.28 16:45;11.5;11.94;11.06;1678;23.3;0
6116;2025.08.28 17:00;11.56;11.69;11;1676;23.3;0
6117;2025.08.28 17:15;11.62;12.25;11.38;1677;23.3;0
6118;2025.08.28 17:30;11.75;12.62;11.69;1677;23.3;0
6119;2025.08.28 17:45;11.88;12;11.25;1674;23.2;0
6120;2025.08.28 18:00;11.88;12.62;11.88;1675;23.2;0
6121;2025.08.28 18:15;12;13.12;12.12;1675;23.2;0
6122;2025.08.28 18:30;12.12;14.12;12.88;1676;23.3;0
6123;2025.08.28 18:45;12.38;16.88;14.88;1682;23.4;0
6124;2025.08.28 19:00;12.75;17.44;14.25;1679;23.3;0
6125;2025.08.28 19:15;13.12;19.5;16.12;1684;23.5;0
6126;2025.08.28 19:30;13.56;18.62;15.38;1680;23.4;0
6127;2025.08.28 19:45;13.88;16.44;14;1674;23.2;0
6128;2025.08.28 20:00;13.88;17.19;15.19;1677;23.3;0
6129;2025.08.28 20:15;14.25;20.75;17.75;1682;23.4;0
6130;2025.08.28 20:30;14.62;21.25;18.25;1684;23.5;0
6131;2025.08.28 20:45;15.12;26.75;21.88;1692;23.6;0
6132;2025.08.28 21:00;15.75;22;18.38;1679;23.3;0
6133;2025.08.28 21:15;15.88;16.5;14.62;1671;23.2;0
6134;2025.08.28 21:30;15.81;16.38;14.81;1670;23.1;0
6135;2025.08.28 21:45;15.69;17.12;15.62;1671;23.2;0
6136;2025.08.28 22:00;15.69;21.12;18.44;1676;23.3;0
6137;2025.08.28 22:15;15.75;19.38;17;1668;23.1;0
6138;2025.08.28 22:30;15.75;17.62;16;1662;23.0;0
6139;2025.08.28 22:45;15.62;16.75;15.5;1660;22.9;0
6140;2025.08.28 23:00;15.5;16.88;16.12;1658;22.9;0
6141;2025.08.28 23:15;15.38;15.62;14.88;1654;22.8;0
6142;2025.08.28 23:30;15.25;14.75;14.25;1652;22.7;0
6143;2025.08.28 23:45;15.12;14.12;13.62;1649;22.7;0
6144;2025.08.29 00:00;14.88;13.75;13.25;1648;22.6;0
6145;2025.08.29 00:15;14.75;13.38;13;1646;22.6;0
6146;2025.08.29 00:30;14.62;13.69;13.25;1646;22.6;0
6147;2025.08.29 00:45;14.5;13.62;13.44;1645;22.6;0
6148;2025.08.29 01:00;14.38;12.62;12.25;1642;22.5;0
6149;2025.08.29 01:15;14.19;11.88;11.5;1640;22.4;0
6150;2025.08.29 01:30;14;11.44;11;1639;22.4;0
6151;2025.08.29 01:45;13.88;11.81;11.38;1640;22.4;0
6152;2025.08.29 02:00;13.75;11.62;11.25;1639;22.4;0
6153;2025.08.29 02:15;13.62;10.69;10.12;1637;22.4;0
6154;2025.08.29 02:30;13.5;9.81;9.25;1635;22.3;0
6155;2025.08.29 02:45;13.25;9.56;9.06;1635;22.3;0
6156;2025.08.29 03:00;13.12;9.25;8.75;1634;22.3;0
6157;2025.08.29 03:15;12.88;8.62;8.12;1633;22.3;0
6158;2025.08.29 03:30;12.75;8.12;7.62;1632;22.3;0
6159;2025.08.29 03:45;12.5;7.88;7.38;1632;22.3;0
6160;2025.08.29 04:00;12.38;8.5;7.94;1632;22.3;0
6161;2025.08.29 04:15;12.25;8.38;7.81;1632;22.3;0
6162;2025.08.29 04:30;12.12;7.69;7.12;1631;22.2;0
6163;2025.08.29 04:45;11.94;7.5;6.88;1630;22.2;0
6164;2025.08.29 05:00;11.75;7.5;7;1630;22.2;0
6165;2025.08.29 05:15;11.62;7.25;6.69;1629;22.2;0
6166;2025.08.29 05:30;11.5;7.38;6.88;1629;22.2;0
6167;2025.08.29 05:45;11.38;7.25;6.75;1629;22.2;0
6168;2025.08.29 06:00;11.25;6.75;6.25;1628;22.2;0
6169;2025.08.29 06:15;11.12;6.5;6;1627;22.1;0
6170;2025.08.29 06:30;11;6.75;6.12;1627;22.1;0
6171;2025.08.29 06:45;10.88;6.75;6.25;1627;22.1;0
6172;2025.08.29 07:00;10.75;6.38;5.88;1625;22.1;0
6173;2025.08.29 07:15;10.62;6;5.5;1624;22.1;0
6174;2025.08.29 07:30;10.5;5.5;5;1623;22.1;0
6175;2025.08.29 07:45;10.38;5.62;5.12;1623;22.1;0
6176;2025.08.29 08:00;10.25;5.94;5.5;1623;22.1;0
6177;2025.08.29 08:15;10.12;6;5.56;1623;22.1;0
6178;2025.08.29 08:30;10.06;5.56;5.12;1622;22.0;0
6179;2025.08.29 08:45;10;5.88;5.38;1623;22.1;0
6180;2025.08.29 09:00;9.88;6.31;5.88;1624;22.1;0
6181;2025.08.29 09:15;9.88;6.12;5.56;1623;22.1;0
6182;2025.08.29 09:30;9.75;5.38;4.75;1621;22.0;0
6183;2025.08.29 09:45;9.69;5;4.5;1620;22.0;0
6184;2025.08.29 10:00;9.56;4.75;4.25;1619;22.0;0
6185;2025.08.29 10:15;9.44;4.75;4.25;1618;21.9;0
6186;2025.08.29 10:30;9.38;4.5;4.06;1618;21.9;0
6187;2025.08.29 10:45;9.25;4.12;3.56;1617;21.9;0
6188;2025.08.29 11:00;9.12;3.94;3.38;1616;21.9;0
6189;2025.08.29 11:15;9;3.75;3.25;1616;21.9;0
6190;2025.08.29 11:30;8.88;3.62;3.12;1616;21.9;0
6191;2025.08.29 11:45;8.75;3.69;3.12;1617;21.9;0
6192;2025.08.29 12:00;8.62;3.75;3.25;1617;21.9;0
6193;2025.08.29 12:15;8.56;3.75;3.25;1616;21.9;0
6194;2025.08.29 12:30;8.5;3.56;3;1615;21.9;0
6195;2025.08.29 12:45;8.38;3.38;2.88;1614;21.8;0
6196;2025.08.29 13:00;8.31;3.38;2.88;1613;21.8;0
6197;2025.08.29 13:15;8.25;3.88;3.25;1613;21.8;0
6198;2025.08.29 13:30;8.12;4.5;3.94;1614;21.8;0
6199;2025.08.29 13:45;8.12;5.12;4.5;1614;21.8;0
6200;2025.08.29 14:00;8.12;5.31;4.69;1613;21.8;0
6201;2025.08.29 14:15;8.19;5.56;4.94;1613;21.8;0
6202;2025.08.29 14:30;8.25;7.88;7.5;1614;21.8;0
6203;2025.08.29 14:45;8.25;7.56;7.31;1613;21.8;0
6204;2025.08.29 15:00;8.38;11;9.88;1617;21.9;0
6205;2025.08.29 15:15;8.62;13.19;11.94;1619;22.0;0
6206;2025.08.29 15:30;8.88;15.38;13.62;1620;22.0;0
6207;2025.08.29 15:45;9.31;18.88;15.94;1621;22.0;0
6208;2025.08.29 16:00;9.94;21.88;17.62;1621;22.0;0
6209;2025.08.29 16:15;10.75;24.06;19.31;1623;22.1;0
6210;2025.08.29 16:30;11.5;24.81;20.44;1621;22.0;0
6211;2025.08.29 16:45;12.25;23.25;20.62;1616;21.9;0
6212;2025.08.29 17:00;12.88;25.38;22;1618;21.9;0
6213;2025.08.29 17:15;13.62;25.88;22.19;1618;21.9;0
6214;2025.08.29 17:30;14.31;28.06;23.44;1623;22.1;0
6215;2025.08.29 17:45;15.12;27.56;23.12;1623;22.1;0
6216;2025.08.29 18:00;15.81;29.62;24.62;1628;22.2;0
6217;2025.08.29 18:15;16.5;26.31;22;1619;22.0;0
6218;2025.08.29 18:30;16.88;25;21.44;1615;21.9;0
6219;2025.08.29 18:45;17.19;28.5;24.5;1622;22.0;0
6220;2025.08.29 19:00;17.62;29;24.5;1621;22.0;0
6221;2025.08.29 19:15;18.12;30.12;24.81;1623;22.1;0
6222;2025.08.29 19:30;18.62;28.19;23.19;1618;21.9;0
6223;2025.08.29 19:45;19;27.38;23.12;1612;21.8;0
6224;2025.08.29 20:00;19.12;29.62;24.75;1617;21.9;0
6225;2025.08.29 20:15;19.5;29.12;23.88;1614;21.8;0
6226;2025.08.29 20:30;19.62;29.12;23.88;1612;21.8;0
6227;2025.08.29 20:45;19.88;31;25;1613;21.8;0
6228;2025.08.29 21:00;20.25;32.38;25.62;1613;21.8;0
6229;2025.08.29 21:15;20.5;31.5;24.5;1608;21.7;0
6230;2025.08.29 21:30;20.62;27.88;22.62;1597;21.4;0
6231;2025.08.29 21:45;20.31;26.25;22.25;1588;21.2;0
6232;2025.08.29 22:00;19.94;26.38;22.12;1588;21.2;0
6233;2025.08.29 22:15;19.62;24.38;21.06;1579;21.0;0
6234;2025.08.29 22:30;19.12;19.88;19.5;1566;20.7;0
6235;2025.08.29 22:45;18.5;18.06;18.75;1560;20.6;0
6236;2025.08.29 23:00;17.94;17.12;17.94;1556;20.5;0
6237;2025.08.29 23:15;17.44;16.38;17.25;1553;20.4;0
6238;2025.08.29 23:30;17;15.88;16.62;1551;20.4;0
6239;2025.08.29 23:45;16.62;15.94;16.56;1549;20.3;0
6240;2025.08.30 00:00;16.25;15.19;15.62;1546;20.2;0
6241;2025.08.30 00:15;15.94;14.44;15.25;1544;20.2;0
6242;2025.08.30 00:30;15.62;13.69;14.38;1541;20.1;0
6243;2025.08.30 00:45;15.31;13;13.75;1538;20.0;0
6244;2025.08.30 01:00;15;12.5;13.19;1536;20.0;0
6245;2025.08.30 01:15;14.75;11.62;12;1533;19.9;0
6246;2025.08.30 01:30;14.44;10.75;11.06;1531;19.9;0
6247;2025.08.30 01:45;14.12;9.81;9.88;1528;19.8;0
6248;2025.08.30 02:00;13.88;9.25;9.38;1526;19.8;0
6249;2025.08.30 02:15;13.56;8.5;8.5;1525;19.7;0
6250;2025.08.30 02:30;13.25;8;8;1523;19.7;0
6251;2025.08.30 02:45;13;7.62;7.62;1522;19.7;0
6252;2025.08.30 03:00;12.75;7.25;7.12;1522;19.7;0
6253;2025.08.30 03:15;12.5;6.88;6.75;1521;19.6;0
6254;2025.08.30 03:30;12.25;6.44;6.12;1520;19.6;0
6255;2025.08.30 03:45;12;6.12;5.75;1519;19.6;0
6256;2025.08.30 04:00;11.75;5.88;5.5;1518;19.6;0
6257;2025.08.30 04:15;11.5;5.62;5.25;1518;19.6;0
6258;2025.08.30 04:30;11.38;5.38;5;1517;19.5;0
6259;2025.08.30 04:45;11.12;5.25;4.88;1517;19.5;0
6260;2025.08.30 05:00;10.94;5.06;4.62;1517;19.5;0
6261;2025.08.30 05:15;10.75;4.88;4.38;1517;19.5;0
6262;2025.08.30 05:30;10.62;4.62;4.12;1517;19.5;0
6263;2025.08.30 05:45;10.44;4.38;3.94;1516;19.5;0
6264;2025.08.30 06:00;10.25;4.19;3.69;1516;19.5;0
6265;2025.08.30 06:15;10.12;4;3.5;1516;19.5;0
6266;2025.08.30 06:30;9.94;3.81;3.25;1516;19.5;0
6267;2025.08.30 06:45;9.75;3.62;3.12;1517;19.5;0
6268;2025.08.30 07:00;9.62;3.62;3.12;1517;19.5;0
6269;2025.08.30 07:15;9.5;3.38;2.88;1516;19.5;0
6270;2025.08.30 07:30;9.38;3.38;2.94;1516;19.5;0
6271;2025.08.30 07:45;9.25;3.19;2.69;1516;19.5;0
6272;2025.08.30 08:00;9.06;3.06;2.56;1516;19.5;0
6273;2025.08.30 08:15;8.94;3;2.44;1518;19.6;0
6274;2025.08.30 08:30;8.81;2.75;2.25;1517;19.5;0
6275;2025.08.30 08:45;8.69;2.69;2.12;1517;19.5;0
6276;2025.08.30 09:00;8.56;2.56;2;1516;19.5;0
6277;2025.08.30 09:15;8.44;2.5;1.94;1516;19.5;0
6278;2025.08.30 09:30;8.38;2.38;1.88;1515;19.5;0
6279;2025.08.30 09:45;8.25;2.38;1.88;1515;19.5;0
6280;2025.08.30 10:00;8.12;2.12;1.62;1515;19.5;0
6281;2025.08.30 10:15;8;2.25;1.75;1515;19.5;0
6282;2025.08.30 10:30;7.88;2.19;1.75;1515;19.5;0
6283;2025.08.30 10:45;7.75;2.06;1.62;1515;19.5;0
6284;2025.08.30 11:00;7.69;2;1.62;1515;19.5;0
6285;2025.08.30 11:15;7.62;2;1.62;1515;19.5;0
6286;2025.08.30 11:30;7.5;2;1.62;1515;19.5;0
6287;2025.08.30 11:45;7.38;1.94;1.62;1515;19.5;0
6288;2025.08.30 12:00;7.31;1.88;1.5;1515;19.5;0
6289;2025.08.30 12:15;7.25;1.75;1.38;1515;19.5;0
6290;2025.08.30 12:30;7.12;1.75;1.38;1515;19.5;0
6291;2025.08.30 12:45;7.06;1.75;1.44;1514;19.5;0
6292;2025.08.30 13:00;7;1.88;1.5;1514;19.5;0
6293;2025.08.30 13:15;6.88;2.12;1.75;1514;19.5;0
6294;2025.08.30 13:30;6.88;2.31;2;1514;19.5;0
6295;2025.08.30 13:45;6.81;2.62;2.25;1515;19.5;0
6296;2025.08.30 14:00;6.75;2.75;2.38;1515;19.5;0
6297;2025.08.30 14:15;6.75;3.12;2.75;1515;19.5;0
6298;2025.08.30 14:30;6.75;7.81;8.06;1520;19.6;0
6299;2025.08.30 14:45;6.88;7.75;9;1519;19.6;0
6300;2025.08.30 15:00;7.12;13;12.75;1525;19.7;0
6301;2025.08.30 15:15;7.44;15.5;14.12;1527;19.8;0
6302;2025.08.30 15:30;7.88;17.38;15.25;1527;19.8;0
6303;2025.08.30 15:45;8.44;20.88;17.75;1528;19.8;0
6304;2025.08.30 16:00;9.12;22.62;19.75;1526;19.8;0
6305;2025.08.30 16:15;9.88;23.69;21.81;1523;19.7;0
6306;2025.08.30 16:30;10.62;26.38;22.88;1526;19.8;0
6307;2025.08.30 16:45;11.56;25.44;22.56;1524;19.7;0
6308;2025.08.30 17:00;12.31;27.25;23.69;1528;19.8;0
6309;2025.08.30 17:15;13.12;27;23.81;1527;19.8;0
6310;2025.08.30 17:30;13.88;28.5;24.75;1531;19.9;0
6311;2025.08.30 17:45;14.62;29.5;25.12;1535;20.0;0
6312;2025.08.30 18:00;15.44;29.94;25.31;1537;20.0;0
6313;2025.08.30 18:15;16.12;30.62;25.94;1540;20.1;0
6314;2025.08.30 18:30;16.88;30.44;25.69;1538;20.0;0
6315;2025.08.30 18:45;17.5;30.25;25.38;1538;20.0;0
6316;2025.08.30 19:00;17.94;29.81;25.19;1536;20.0;0
6317;2025.08.30 19:15;18.38;31.12;26.12;1539;20.1;0
6318;2025.08.30 19:30;18.88;31.88;26.25;1539;20.1;0
6319;2025.08.30 19:45;19.38;29.88;25.38;1533;19.9;0
6320;2025.08.30 20:00;19.5;30.75;25.94;1535;20.0;0
6321;2025.08.30 20:15;19.75;30.62;25.5;1533;19.9;0
6322;2025.08.30 20:30;20;31.44;25.44;1534;19.9;0
6323;2025.08.30 20:45;20.19;32.38;26.12;1535;20.0;0
6324;2025.08.30 21:00;20.44;32.31;25.88;1533;19.9;0
6325;2025.08.30 21:15;20.62;31.75;25.19;1532;19.9;0
6326;2025.08.30 21:30;20.62;27.62;23.38;1518;19.6;0
6327;2025.08.30 21:45;20.19;26.75;23.38;1512;19.4;0
6328;2025.08.30 22:00;19.75;26.62;22.75;1513;19.4;0
6329;2025.08.30 22:15;19.38;24.56;21.25;1503;19.2;0
6330;2025.08.30 22:30;18.88;19.62;19.62;1490;18.9;0
6331;2025.08.30 22:45;18.19;17.88;18.88;1484;18.7;0
6332;2025.08.30 23:00;17.56;16.62;17.88;1480;18.6;0
6333;2025.08.30 23:15;17;15.88;17.31;1477;18.6;0
6334;2025.08.30 23:30;16.5;15.12;16.25;1473;18.5;0
6335;2025.08.30 23:45;16;14.62;16.12;1471;18.4;0
6336;2025.08.31 00:00;15.62;13.88;14.94;1468;18.3;0
6337;2025.08.31 00:15;15.25;13.5;14.62;1466;18.3;0
6338;2025.08.31 00:30;14.88;13;14.06;1464;18.2;0
6339;2025.08.31 00:45;14.62;12.5;13.5;1462;18.2;0
6340;2025.08.31 01:00;14.31;12.25;13.38;1460;18.1;0
6341;2025.08.31 01:15;14;11.62;12.88;1458;18.1;0
6342;2025.08.31 01:30;13.75;10.88;11.75;1455;18.0;0
6343;2025.08.31 01:45;13.5;10;10.5;1452;17.9;0
6344;2025.08.31 02:00;13.19;9.12;9.5;1450;17.9;0
6345;2025.08.31 02:15;12.88;8.38;8.75;1448;17.8;0
6346;2025.08.31 02:30;12.62;7.88;8.25;1446;17.8;0
6347;2025.08.31 02:45;12.38;7.44;7.62;1445;17.8;0
6348;2025.08.31 03:00;12.06;6.88;7.06;1443;17.7;0
6349;2025.08.31 03:15;11.81;6.5;6.62;1442;17.7;0
6350;2025.08.31 03:30;11.56;6.19;6.25;1441;17.7;0
6351;2025.08.31 03:45;11.38;6;6.12;1440;17.6;0
6352;2025.08.31 04:00;11.12;5.56;5.5;1439;17.6;0
6353;2025.08.31 04:15;10.88;5.25;5.25;1438;17.6;0
6354;2025.08.31 04:30;10.75;4.88;4.62;1437;17.6;0
6355;2025.08.31 04:45;10.5;4.56;4.44;1437;17.6;0
6356;2025.08.31 05:00;10.31;4.31;4.12;1437;17.6;0
6357;2025.08.31 05:15;10.12;4.06;3.81;1436;17.5;0
6358;2025.08.31 05:30;9.94;3.88;3.69;1436;17.5;0
6359;2025.08.31 05:45;9.75;3.69;3.5;1436;17.5;0
6360;2025.08.31 06:00;9.62;3.5;3.31;1436;17.5;0
6361;2025.08.31 06:15;9.44;3.38;3.12;1436;17.5;0
6362;2025.08.31 06:30;9.31;3.19;3;1435;17.5;0
6363;2025.08.31 06:45;9.12;3;2.75;1435;17.5;0
6364;2025.08.31 07:00;9;2.75;2.5;1435;17.5;0
6365;2025.08.31 07:15;8.88;2.56;2.19;1435;17.5;0
6366;2025.08.31 07:30;8.69;2.38;2;1435;17.5;0
6367;2025.08.31 07:45;8.5;2.06;1.75;1436;17.5;0
6368;2025.08.31 08:00;8.38;1.88;1.56;1435;17.5;0
6369;2025.08.31 08:15;8.25;1.75;1.44;1436;17.5;0
6370;2025.08.31 08:30;8.12;1.56;1.25;1435;17.5;0
6371;2025.08.31 08:45;8;1.38;1.06;1435;17.5;0
6372;2025.08.31 09:00;7.81;1.25;1;1435;17.5;0
6373;2025.08.31 09:15;7.69;1.19;0.88;1435;17.5;0
6374;2025.08.31 09:30;7.56;1.06;0.75;1435;17.5;0
6375;2025.08.31 09:45;7.44;1;0.69;1436;17.5;0
6376;2025.08.31 10:00;7.31;0.88;0.5;1435;17.5;0
6377;2025.08.31 10:15;7.19;0.62;0.25;1434;17.5;0
6378;2025.08.31 10:30;7.12;0.62;0.25;1434;17.5;0
6379;2025.08.31 10:45;6.94;0.5;0.19;1434;17.5;0
6380;2025.08.31 11:00;6.88;0.5;0.25;1432;17.4;0
6381;2025.08.31 11:15;6.75;0.38;0.06;1432;17.4;0
6382;2025.08.31 11:30;6.62;0.25;-0.12;1432;17.4;0
6383;2025.08.31 11:45;6.5;0.25;-0.06;1431;17.4;0
6384;2025.08.31 12:00;6.44;0.12;-0.25;1430;17.4;0
6385;2025.08.31 12:15;6.31;0;-0.38;1430;17.4;0
6386;2025.08.31 12:30;6.25;-0.12;-0.5;1431;17.4;0
6387;2025.08.31 12:45;6.12;-0.12;-0.5;1431;17.4;0
6388;2025.08.31 13:00;6;-0.06;-0.44;1431;17.4;0
6389;2025.08.31 13:15;6;0.12;-0.25;1432;17.4;0
6390;2025.08.31 13:30;5.88;0.5;0.19;1432;17.4;0
6391;2025.08.31 13:45;5.88;0.75;0.38;1433;17.5;0
6392;2025.08.31 14:00;5.81;1.12;0.69;1434;17.5;0
6393;2025.08.31 14:15;5.81;1.5;1.12;1435;17.5;0
6394;2025.08.31 14:30;5.81;5.75;6.56;1441;17.7;0
6395;2025.08.31 14:45;5.88;6.81;8;1443;17.7;0
6396;2025.08.31 15:00;6.12;12.75;12.25;1450;17.9;0
6397;2025.08.31 15:15;6.5;15.25;13.62;1453;18.0;0
6398;2025.08.31 15:30;6.94;16.88;14.75;1452;17.9;0
6399;2025.08.31 15:45;7.5;19.62;17.62;1453;18.0;0
6400;2025.08.31 16:00;8.12;22.12;19.69;1452;17.9;0
6401;2025.08.31 16:15;9;24.75;21.5;1454;18.0;0
6402;2025.08.31 16:30;9.88;26.62;23.25;1457;18.1;0
6403;2025.08.31 16:45;10.81;25.75;23.06;1455;18.0;0
6404;2025.08.31 17:00;11.62;28;24.75;1461;18.2;0
6405;2025.08.31 17:15;12.38;27.62;24.88;1461;18.2;0
6406;2025.08.31 17:30;13.19;29.88;26.25;1466;18.3;0
6407;2025.08.31 17:45;14.06;31.12;27.25;1471;18.4;0
6408;2025.08.31 18:00;14.94;31.88;27.69;1474;18.5;0
6409;2025.08.31 18:15;15.75;31.62;27.5;1475;18.5;0
6410;2025.08.31 18:30;16.5;32.25;27.88;1477;18.6;0
6411;2025.08.31 18:45;17.19;32.5;27.88;1478;18.6;0
6412;2025.08.31 19:00;17.75;32.12;28.25;1476;18.5;0
6413;2025.08.31 19:15;18.25;33.44;28.62;1480;18.6;0
6414;2025.08.31 19:30;18.75;34.44;28.94;1482;18.7;0
6415;2025.08.31 19:45;19.31;32.12;27.62;1475;18.5;0
6416;2025.08.31 20:00;19.56;33.25;28.5;1479;18.6;0
6417;2025.08.31 20:15;19.88;32.25;27.75;1476;18.5;0
6418;2025.08.31 20:30;20.12;33.38;28.44;1478;18.6;0
6419;2025.08.31 20:45;20.38;34.38;28.5;1480;18.6;0
6420;2025.08.31 21:00;20.75;34.88;28.5;1481;18.7;0
6421;2025.08.31 21:15;21;34.25;27.88;1478;18.6;0
6422;2025.08.31 21:30;21.12;30.06;25.62;1465;18.3;0
6423;2025.08.31 21:45;20.75;27.62;25.5;1456;18.0;0
6424;2025.08.31 22:00;20.25;27.75;24.88;1457;18.1;0
6425;2025.08.31 22:15;19.94;26.38;23.56;1450;17.9;0
6426;2025.08.31 22:30;19.38;21.62;21.94;1438;17.6;0
6427;2025.08.31 22:45;18.81;19.75;21.12;1432;17.4;0
6428;2025.08.31 23:00;18.25;18.5;19.62;1428;17.3;0
6429;2025.08.31 23:15;17.75;17.75;19.19;1426;17.3;0
6430;2025.08.31 23:30;17.25;17.06;18.19;1423;17.2;0
6431;2025.08.31 23:45;16.88;16.56;17.75;1421;17.2;0
6432;2025.09.01 00:00;16.44;16.12;17.44;1419;17.1;0
6433;2025.09.01 00:15;16.12;15.88;17.25;1417;17.0;0
6434;2025.09.01 00:30;15.75;15.62;17.12;1416;17.0;0
6435;2025.09.01 00:45;15.5;15.19;16.5;1414;17.0;0
6436;2025.09.01 01:00;15.19;14.25;15.12;1411;16.9;0
6437;2025.09.01 01:15;14.88;13.38;14.12;1408;16.8;0
6438;2025.09.01 01:30;14.62;12.5;13.12;1406;16.8;0
6439;2025.09.01 01:45;14.38;11.75;12.25;1403;16.7;0
6440;2025.09.01 02:00;14.12;11;11.62;1401;16.6;0
6441;2025.09.01 02:15;13.81;10.5;11.12;1400;16.6;0
6442;2025.09.01 02:30;13.5;9.75;10.12;1398;16.6;0
6443;2025.09.01 02:45;13.25;9.12;9.25;1396;16.5;0
6444;2025.09.01 03:00;13;8.5;8.62;1395;16.5;0
6445;2025.09.01 03:15;12.75;8;8;1393;16.4;0
6446;2025.09.01 03:30;12.5;7.56;7.62;1392;16.4;0
6447;2025.09.01 03:45;12.25;7.19;7.19;1391;16.4;0
6448;2025.09.01 04:00;12;6.88;6.88;1390;16.4;0
6449;2025.09.01 04:15;11.81;6.62;6.75;1390;16.4;0
6450;2025.09.01 04:30;11.62;6.31;6.38;1389;16.3;0
6451;2025.09.01 04:45;11.38;6;6;1389;16.3;0
6452;2025.09.01 05:00;11.19;5.75;5.75;1389;16.3;0
6453;2025.09.01 05:15;11;5.5;5.5;1388;16.3;0
6454;2025.09.01 05:30;10.81;5.25;5.06;1388;16.3;0
6455;2025.09.01 05:45;10.62;4.88;4.75;1387;16.3;0
6456;2025.09.01 06:00;10.5;4.81;4.75;1387;16.3;0
6457;2025.09.01 06:15;10.25;4.75;4.75;1387;16.3;0
6458;2025.09.01 06:30;10.12;4.56;4.5;1387;16.3;0
6459;2025.09.01 06:45;10;4.25;4.12;1387;16.3;0
6460;2025.09.01 07:00;9.75;4;3.81;1386;16.3;0
6461;2025.09.01 07:15;9.62;4;4;1386;16.3;0
6462;2025.09.01 07:30;9.5;3.75;3.62;1386;16.3;0
6463;2025.09.01 07:45;9.38;3.75;3.88;1387;16.3;0
6464;2025.09.01 08:00;9.19;3.62;3.75;1387;16.3;0
6465;2025.09.01 08:15;9.06;3.5;3.5;1386;16.3;0
6466;2025.09.01 08:30;8.88;3.25;3.12;1386;16.3;0
6467;2025.09.01 08:45;8.75;3;2.88;1386;16.3;0
6468;2025.09.01 09:00;8.62;2.81;2.62;1386;16.3;0
6469;2025.09.01 09:15;8.5;2.69;2.5;1386;16.3;0
6470;2025.09.01 09:30;8.38;2.75;2.75;1386;16.3;0
6471;2025.09.01 09:45;8.25;2.62;2.62;1386;16.3;0
6472;2025.09.01 10:00;8.12;2.44;2.31;1386;16.3;0
6473;2025.09.01 10:15;8;2.31;2.25;1386;16.3;0
6474;2025.09.01 10:30;7.88;2.25;2.12;1386;16.3;0
6475;2025.09.01 10:45;7.81;2.12;2.06;1386;16.3;0
6476;2025.09.01 11:00;7.69;2;1.81;1386;16.3;0
6477;2025.09.01 11:15;7.62;1.88;1.62;1384;16.2;0
6478;2025.09.01 11:30;7.5;1.75;1.62;1384;16.2;0
6479;2025.09.01 11:45;7.38;1.75;1.75;1384;16.2;0
6480;2025.09.01 12:00;7.25;1.88;1.94;1384;16.2;0
6481;2025.09.01 12:15;7.19;1.75;1.75;1382;16.2;0
6482;2025.09.01 12:30;7.12;1.5;1.25;1382;16.2;0
6483;2025.09.01 12:45;7;1.44;1.25;1381;16.1;0
6484;2025.09.01 13:00;6.88;1.5;1.44;1382;16.2;0
6485;2025.09.01 13:15;6.88;1.75;1.69;1382;16.2;0
6486;2025.09.01 13:30;6.75;2;2;1382;16.2;0
6487;2025.09.01 13:45;6.75;2.31;2.25;1382;16.2;0
6488;2025.09.01 14:00;6.69;2.69;2.69;1383;16.2;0
6489;2025.09.01 14:15;6.62;3;3;1383;16.2;0
6490;2025.09.01 14:30;6.62;6;6.56;1387;16.3;0
6491;2025.09.01 14:45;6.75;8.62;10.12;1391;16.4;0
6492;2025.09.01 15:00;6.88;14.75;14;1399;16.6;0
6493;2025.09.01 15:15;7.25;16.38;15.75;1401;16.6;0
6494;2025.09.01 15:30;7.75;18.62;18.12;1401;16.6;0
6495;2025.09.01 15:45;8.31;22.62;20.88;1403;16.7;0
6496;2025.09.01 16:00;9;26.25;23.62;1407;16.8;0
6497;2025.09.01 16:15;9.88;28.62;25.69;1411;16.9;0
6498;2025.09.01 16:30;10.88;30;26.69;1414;17.0;0
6499;2025.09.01 16:45;11.81;28.69;26.88;1411;16.9;0
6500;2025.09.01 17:00;12.56;30.75;28.06;1415;17.0;0
6501;2025.09.01 17:15;13.38;30.25;28.06;1415;17.0;0
6502;2025.09.01 17:30;14.12;32.62;29.62;1421;17.2;0
6503;2025.09.01 17:45;15.06;33.69;29.88;1425;17.3;0
6504;2025.09.01 18:00;16;34.5;30.38;1429;17.4;0
6505;2025.09.01 18:15;16.88;35.19;30.88;1432;17.4;0
6506;2025.09.01 18:30;17.69;36.62;31.75;1437;17.6;0
6507;2025.09.01 18:45;18.5;36.5;31.44;1437;17.6;0
6508;2025.09.01 19:00;19;29.25;25.94;1421;17.2;0
6509;2025.09.01 19:15;18.88;32.06;29.25;1428;17.3;0
6510;2025.09.01 19:30;19.12;34.38;30.94;1435;17.5;0
6511;2025.09.01 19:45;19.75;33.38;28.88;1430;17.4;0
6512;2025.09.01 20:00;19.88;28;25.38;1418;17.1;0
6513;2025.09.01 20:15;19.75;33.38;30.19;1432;17.4;0
6514;2025.09.01 20:30;20.12;32.06;28.25;1428;17.3;0
6515;2025.09.01 20:45;20.38;35;30.25;1433;17.5;0
6516;2025.09.01 21:00;20.69;31.25;27.44;1424;17.2;0
6517;2025.09.01 21:15;20.62;26.62;24.44;1409;16.8;0
6518;2025.09.01 21:30;20.25;24.94;23.88;1405;16.7;0
6519;2025.09.01 21:45;19.88;22.62;22.12;1397;16.5;0
6520;2025.09.01 22:00;19.44;26.38;25.06;1406;16.8;0
6521;2025.09.01 22:15;19.38;27;25.25;1403;16.7;0
6522;2025.09.01 22:30;19.06;23;23;1394;16.5;0
6523;2025.09.01 22:45;18.69;21.62;22.69;1390;16.4;0
6524;2025.09.01 23:00;18.31;21.56;22.75;1388;16.3;0
6525;2025.09.01 23:15;18;21.25;22.5;1384;16.2;0
6526;2025.09.01 23:30;17.75;21.06;22.12;1382;16.2;0
6527;2025.09.01 23:45;17.56;20.88;21.88;1381;16.1;0
6528;2025.09.02 00:00;17.38;20.5;21.44;1378;16.1;0
6529;2025.09.02 00:15;17.25;20.06;21.12;1376;16.0;0
6530;2025.09.02 00:30;17.06;19.69;20.62;1375;16.0;0
6531;2025.09.02 00:45;16.88;18.88;19.75;1372;15.9;0
6532;2025.09.02 01:00;16.69;18;18.88;1370;15.8;0
6533;2025.09.02 01:15;16.5;17.38;18.19;1368;15.8;0
6534;2025.09.02 01:30;16.25;17.19;17.88;1367;15.8;0
6535;2025.09.02 01:45;16.12;17;17.69;1366;15.7;0
6536;2025.09.02 02:00;15.94;13.62;15.19;1460;18.1;0
6537;2025.09.02 02:15;15.62;11.12;11.38;1460;18.1;0
6538;2025.09.02 02:30;15.25;10.75;11.38;1414;17.0;0
6539;2025.09.02 02:45;15;10.75;13.25;1405;16.7;0
6540;2025.09.02 03:00;14.69;10.62;11.75;1402;16.7;0
6541;2025.09.02 03:15;14.38;10.5;11.12;1402;16.7;0
6542;2025.09.02 03:30;14.12;10.06;10.5;1399;16.6;0
6543;2025.09.02 03:45;13.88;9.56;9.88;1397;16.5;0
6544;2025.09.02 04:00;13.62;9;9.25;1396;16.5;0
6545;2025.09.02 04:15;13.38;8.62;8.62;1394;16.5;0
6546;2025.09.02 04:30;13.12;8.25;8.38;1393;16.4;0
6547;2025.09.02 04:45;12.88;7.75;7.75;1392;16.4;0
6548;2025.09.02 05:00;12.62;7.44;7.38;1391;16.4;0
6549;2025.09.02 05:15;12.38;7.06;7;1391;16.4;0
6550;2025.09.02 05:30;12.12;6.75;6.5;1389;16.3;0
6551;2025.09.02 05:45;11.94;6.5;6.38;1389;16.3;0
6552;2025.09.02 06:00;11.75;6.25;6.12;1388;16.3;0
6553;2025.09.02 06:15;11.5;6;5.75;1387;16.3;0
6554;2025.09.02 06:30;11.31;5.75;5.5;1387;16.3;0
6555;2025.09.02 06:45;11.12;5.5;5.31;1386;16.3;0
6556;2025.09.02 07:00;10.94;5.31;5.12;1386;16.3;0
6557;2025.09.02 07:15;10.75;5.12;4.88;1385;16.2;0
6558;2025.09.02 07:30;10.62;5;4.88;1385;16.2;0
6559;2025.09.02 07:45;10.38;4.88;4.75;1384;16.2;0
6560;2025.09.02 08:00;10.25;4.75;4.56;1384;16.2;0
6561;2025.09.02 08:15;10.12;4.62;4.38;1383;16.2;0
6562;2025.09.02 08:30;9.94;4.62;4.5;1383;16.2;0
6563;2025.09.02 08:45;9.75;4.75;4.75;1383;16.2;0
6564;2025.09.02 09:00;9.69;4.75;4.75;1382;16.2;0
6565;2025.09.02 09:15;9.56;4.56;4.56;1381;16.1;0
6566;2025.09.02 09:30;9.44;4.25;4.06;1380;16.1;0
6567;2025.09.02 09:45;9.31;3.94;3.69;1380;16.1;0
6568;2025.09.02 10:00;9.12;3.88;3.75;1379;16.1;0
6569;2025.09.02 10:15;9;3.88;3.75;1379;16.1;0
6570;2025.09.02 10:30;8.88;3.69;3.5;1378;16.1;0
6571;2025.09.02 10:45;8.81;3.38;3.12;1377;16.0;0
6572;2025.09.02 11:00;8.62;3.25;3;1377;16.0;0
6573;2025.09.02 11:15;8.56;3.12;2.88;1376;16.0;0
6574;2025.09.02 11:30;8.44;3.06;2.75;1376;16.0;0
6575;2025.09.02 11:45;8.31;3;2.75;1375;16.0;0
6576;2025.09.02 12:00;8.25;2.88;2.69;1376;16.0;0
6577;2025.09.02 12:15;8.12;2.75;2.5;1375;16.0;0
6578;2025.09.02 12:30;8;2.62;2.38;1375;16.0;0
6579;2025.09.02 12:45;7.88;2.62;2.38;1374;16.0;0
6580;2025.09.02 13:00;7.75;2.56;2.31;1374;16.0;0
6581;2025.09.02 13:15;7.69;2.69;2.5;1374;16.0;0
6582;2025.09.02 13:30;7.62;2.88;2.69;1375;16.0;0
6583;2025.09.02 13:45;7.5;3.12;3;1374;16.0;0
6584;2025.09.02 14:00;7.5;3.38;3.12;1374;16.0;0
6585;2025.09.02 14:15;7.5;3.62;3.5;1375;16.0;0
6586;2025.09.02 14:30;7.44;5.31;5.81;1376;16.0;0
6587;2025.09.02 14:45;7.5;8.62;9.5;1381;16.1;0
6588;2025.09.02 15:00;7.62;14;14;1388;16.3;0
6589;2025.09.02 15:15;8;15.25;15.12;1387;16.3;0
6590;2025.09.02 15:30;8.38;18.25;17.69;1390;16.4;0
6591;2025.09.02 15:45;8.94;22;19.75;1397;16.5;0
6592;2025.09.02 16:00;9.62;24.62;21.62;1401;16.6;0
6593;2025.09.02 16:15;10.5;26.62;23.38;1405;16.7;0
6594;2025.09.02 16:30;11.5;27.88;24.75;1408;16.8;0
6595;2025.09.02 16:45;12.25;26.75;24.81;1406;16.8;0
6596;2025.09.02 17:00;13;29;26.44;1412;16.9;0
6597;2025.09.02 17:15;13.81;29.25;26.75;1413;16.9;0
6598;2025.09.02 17:30;14.62;31.38;28.38;1418;17.1;0
6599;2025.09.02 17:45;15.5;32.88;29.56;1422;17.2;0
6600;2025.09.02 18:00;16.38;34;30.25;1425;17.3;0
6601;2025.09.02 18:15;17.25;34.38;30.5;1427;17.3;0
6602;2025.09.02 18:30;18;34.5;30.62;1428;17.3;0
6603;2025.09.02 18:45;18.75;34.25;30.12;1427;17.3;0
6604;2025.09.02 19:00;19.19;34.5;30.81;1429;17.4;0
6605;2025.09.02 19:15;19.75;36.12;31.75;1434;17.5;0
6606;2025.09.02 19:30;20.25;36.5;31.44;1436;17.5;0
6607;2025.09.02 19:45;20.75;33.5;29.38;1426;17.3;0
6608;2025.09.02 20:00;20.88;35.12;30.75;1432;17.4;0
6609;2025.09.02 20:15;21.19;35.25;30.31;1431;17.4;0
6610;2025.09.02 20:30;21.38;33.5;29.25;1426;17.3;0
6611;2025.09.02 20:45;21.5;34.62;29.62;1428;17.3;0
6612;2025.09.02 21:00;21.5;34.31;29.44;1424;17.2;0
6613;2025.09.02 21:15;21.69;30.5;26.38;1409;16.8;0
6614;2025.09.02 21:30;21.5;29.25;26.62;1405;16.7;0
6615;2025.09.02 21:45;21.12;27.12;27.19;1398;16.6;0
6616;2025.09.02 22:00;20.69;28;26.56;1401;16.6;0
6617;2025.09.02 22:15;20.44;27.88;26;1396;16.5;0
6618;2025.09.02 22:30;20;23.25;23.81;1383;16.2;0
6619;2025.09.02 22:45;19.38;21.06;22.69;1377;16.0;0
6620;2025.09.02 23:00;18.81;20;21.62;1373;15.9;0
6621;2025.09.02 23:15;18.31;18.75;20.25;1370;15.8;0
6622;2025.09.02 23:30;17.88;18.12;19.75;1367;15.8;0
6623;2025.09.02 23:45;17.44;17.31;18.75;1364;15.7;0
6624;2025.09.03 00:00;17.06;16.88;18.44;1362;15.6;0
6625;2025.09.03 00:15;16.69;16.62;18.5;1361;15.6;0
6626;2025.09.03 00:30;16.38;15.56;16.75;1358;15.5;0
6627;2025.09.03 00:45;16;14.62;15.69;1355;15.5;0
6628;2025.09.03 01:00;15.69;14.12;15.19;1353;15.4;0
6629;2025.09.03 01:15;15.38;13.5;14.25;1351;15.4;0
6630;2025.09.03 01:30;15.12;13;13.75;1349;15.3;0
6631;2025.09.03 01:45;14.81;12.12;12.62;1346;15.2;0
6632;2025.09.03 02:00;14.5;11.38;11.88;1344;15.2;0
6633;2025.09.03 02:15;14.25;10.81;11.19;1342;15.1;0
6634;2025.09.03 02:30;14;10.44;10.81;1341;15.1;0
6635;2025.09.03 02:45;13.75;9.88;10.12;1340;15.1;0
6636;2025.09.03 03:00;13.5;9.38;9.56;1339;15.0;0
6637;2025.09.03 03:15;13.25;8.88;9;1337;15.0;0
6638;2025.09.03 03:30;13;8.5;8.62;1336;15.0;0
6639;2025.09.03 03:45;12.75;8.19;8.38;1336;15.0;0
6640;2025.09.03 04:00;12.5;7.81;7.88;1334;14.9;0
6641;2025.09.03 04:15;12.31;7.5;7.62;1333;14.9;0
6642;2025.09.03 04:30;12.12;7.25;7.38;1333;14.9;0
6643;2025.09.03 04:45;11.88;6.88;6.88;1331;14.8;0
6644;2025.09.03 05:00;11.75;6.62;6.62;1331;14.8;0
6645;2025.09.03 05:15;11.5;6.31;6.25;1330;14.8;0
6646;2025.09.03 05:30;11.38;6;5.94;1329;14.8;0
6647;2025.09.03 05:45;11.12;5.75;5.69;1328;14.8;0
6648;2025.09.03 06:00;11;5.5;5.38;1327;14.7;0
6649;2025.09.03 06:15;10.81;5.25;5.12;1326;14.7;0
6650;2025.09.03 06:30;10.62;5;4.88;1326;14.7;0
6651;2025.09.03 06:45;10.5;4.88;4.75;1326;14.7;0
6652;2025.09.03 07:00;10.31;4.62;4.5;1325;14.7;0
6653;2025.09.03 07:15;10.12;4.38;4.12;1324;14.6;0
6654;2025.09.03 07:30;10;4.25;4;1324;14.6;0
6655;2025.09.03 07:45;9.81;4.06;3.75;1323;14.6;0
6656;2025.09.03 08:00;9.69;3.88;3.75;1323;14.6;0
6657;2025.09.03 08:15;9.5;3.81;3.62;1323;14.6;0
6658;2025.09.03 08:30;9.38;3.69;3.5;1323;14.6;0
6659;2025.09.03 08:45;9.25;3.5;3.38;1323;14.6;0
6660;2025.09.03 09:00;9.12;3.38;3.25;1322;14.6;0
6661;2025.09.03 09:15;9;3.25;3.12;1323;14.6;0
6662;2025.09.03 09:30;8.88;3.25;3.12;1323;14.6;0
6663;2025.09.03 09:45;8.75;3.25;3.12;1322;14.6;0
6664;2025.09.03 10:00;8.62;3.12;2.94;1322;14.6;0
6665;2025.09.03 10:15;8.5;3;2.75;1322;14.6;0
6666;2025.09.03 10:30;8.44;2.75;2.62;1322;14.6;0
6667;2025.09.03 10:45;8.31;2.88;2.75;1323;14.6;0
6668;2025.09.03 11:00;8.25;2.75;2.69;1322;14.6;0
6669;2025.09.03 11:15;8.12;2.62;2.5;1321;14.6;0
6670;2025.09.03 11:30;8;2.5;2.31;1320;14.5;0
6671;2025.09.03 11:45;7.88;2.38;2.25;1320;14.5;0
6672;2025.09.03 12:00;7.75;2.25;2.19;1320;14.5;0
6673;2025.09.03 12:15;7.69;2.12;2;1320;14.5;0
6674;2025.09.03 12:30;7.62;2.12;2;1320;14.5;0
6675;2025.09.03 12:45;7.5;2;1.75;1320;14.5;0
6676;2025.09.03 13:00;7.38;1.88;1.62;1320;14.5;0
6677;2025.09.03 13:15;7.31;2.12;1.88;1320;14.5;0
6678;2025.09.03 13:30;7.25;2.38;2.12;1321;14.6;0
6679;2025.09.03 13:45;7.25;2.75;2.56;1322;14.6;0
6680;2025.09.03 14:00;7.12;3.12;3;1323;14.6;0
6681;2025.09.03 14:15;7.12;3.5;3.44;1323;14.6;0
6682;2025.09.03 14:30;7.12;4.69;5;1325;14.7;0
6683;2025.09.03 14:45;7.19;8.12;10.31;1330;14.8;0
6684;2025.09.03 15:00;7.38;13.56;14.75;1337;15.0;0
6685;2025.09.03 15:15;7.69;15.44;16.19;1339;15.0;0
6686;2025.09.03 15:30;8.12;19.5;18.75;1345;15.2;0
6687;2025.09.03 15:45;8.75;23.25;21.06;1348;15.3;0
6688;2025.09.03 16:00;9.5;25.88;23;1351;15.4;0
6689;2025.09.03 16:15;10.38;27.75;24.69;1355;15.5;0
6690;2025.09.03 16:30;11.31;29.12;25.88;1358;15.5;0
6691;2025.09.03 16:45;12.12;27.75;25.75;1355;15.5;0
6692;2025.09.03 17:00;12.88;29.75;27.44;1360;15.6;0
6693;2025.09.03 17:15;13.62;31;28.31;1363;15.7;0
6694;2025.09.03 17:30;14.5;33.12;29.94;1369;15.8;0
6695;2025.09.03 17:45;15.44;34.12;30.38;1374;16.0;0
6696;2025.09.03 18:00;16.38;34.75;30.44;1378;16.1;0
6697;2025.09.03 18:15;17.25;35.69;31.25;1382;16.2;0
6698;2025.09.03 18:30;18.12;35.69;31.19;1384;16.2;0
6699;2025.09.03 18:45;18.88;35;30.88;1383;16.2;0
6700;2025.09.03 19:00;19.38;35.25;31.06;1386;16.3;0
6701;2025.09.03 19:15;20;36.38;31.12;1391;16.4;0
6702;2025.09.03 19:30;20.62;37.12;31.31;1394;16.5;0
6703;2025.09.03 19:45;21.25;34.56;29.88;1385;16.2;0
6704;2025.09.03 20:00;21.38;35.12;30.56;1388;16.3;0
6705;2025.09.03 20:15;21.69;35.38;30.5;1387;16.3;0
6706;2025.09.03 20:30;21.88;35.38;30.75;1386;16.3;0
6707;2025.09.03 20:45;22.12;36.75;30.69;1390;16.4;0
6708;2025.09.03 21:00;22.5;37.62;30.62;1392;16.4;0
6709;2025.09.03 21:15;22.75;36.62;30.06;1387;16.3;0
6710;2025.09.03 21:30;22.75;32.31;28.06;1373;15.9;0
6711;2025.09.03 21:45;22.31;28.06;27.38;1361;15.6;0
6712;2025.09.03 22:00;21.75;27.25;26.44;1361;15.6;0
6713;2025.09.03 22:15;21.38;27.06;25.75;1357;15.5;0
6714;2025.09.03 22:30;20.81;23.25;24;1347;15.3;0
6715;2025.09.03 22:45;20.19;21.5;22.75;1343;15.1;0
6716;2025.09.03 23:00;19.62;20.44;21.75;1340;15.1;0
6717;2025.09.03 23:15;19.12;19.31;20.5;1338;15.0;0
6718;2025.09.03 23:30;18.62;18.5;19.62;1336;15.0;0
6719;2025.09.03 23:45;18.25;17.94;19.38;1334;14.9;0
6720;2025.09.04 00:00;17.81;17.75;19.5;1333;14.9;0
6721;2025.09.04 00:15;17.44;17.12;18.69;1332;14.9;0
6722;2025.09.04 00:30;17.12;16.56;18;1330;14.8;0
6723;2025.09.04 00:45;16.75;15.88;17.12;1328;14.8;0
6724;2025.09.04 01:00;16.5;15.25;16.44;1326;14.7;0
6725;2025.09.04 01:15;16.19;14.5;15.25;1324;14.6;0
6726;2025.09.04 01:30;15.88;13.69;14.38;1321;14.6;0
6727;2025.09.04 01:45;15.62;12.88;13.38;1319;14.5;0
6728;2025.09.04 02:00;15.31;12.19;12.62;1317;14.5;0
6729;2025.09.04 02:15;15;11.5;11.75;1315;14.4;0
6730;2025.09.04 02:30;14.75;10.88;11;1313;14.4;0
6731;2025.09.04 02:45;14.5;10.38;10.5;1312;14.3;0
6732;2025.09.04 03:00;14.25;9.88;10;1311;14.3;0
6733;2025.09.04 03:15;13.94;9.56;9.75;1309;14.3;0
6734;2025.09.04 03:30;13.75;9.19;9.25;1308;14.2;0
6735;2025.09.04 03:45;13.5;8.81;8.81;1307;14.2;0
6736;2025.09.04 04:00;13.25;8.5;8.5;1306;14.2;0
6737;2025.09.04 04:15;13;8.12;8.19;1305;14.1;0
6738;2025.09.04 04:30;12.81;7.75;7.62;1304;14.1;0
6739;2025.09.04 04:45;12.62;7.38;7.25;1303;14.1;0
6740;2025.09.04 05:00;12.38;7;6.88;1302;14.1;0
6741;2025.09.04 05:15;12.19;6.75;6.62;1301;14.0;0
6742;2025.09.04 05:30;12;6.38;6.25;1301;14.0;0
6743;2025.09.04 05:45;11.75;6.12;6.12;1300;14.0;0
6744;2025.09.04 06:00;11.62;6;5.88;1299;14.0;0
6745;2025.09.04 06:15;11.38;5.81;5.75;1299;14.0;0
6746;2025.09.04 06:30;11.25;5.62;5.5;1298;14.0;0
6747;2025.09.04 06:45;11.12;5.31;5.25;1298;14.0;0
6748;2025.09.04 07:00;10.88;5.06;4.88;1297;13.9;0
6749;2025.09.04 07:15;10.75;4.88;4.75;1297;13.9;0
6750;2025.09.04 07:30;10.62;4.75;4.62;1296;13.9;0
6751;2025.09.04 07:45;10.44;4.62;4.44;1296;13.9;0
6752;2025.09.04 08:00;10.25;4.38;4.25;1295;13.9;0
6753;2025.09.04 08:15;10.12;4.44;4.38;1295;13.9;0
6754;2025.09.04 08:30;10;4.44;4.5;1295;13.9;0
6755;2025.09.04 08:45;9.88;4.06;3.88;1294;13.9;0
6756;2025.09.04 09:00;9.75;3.81;3.62;1293;13.8;0
6757;2025.09.04 09:15;9.62;3.62;3.5;1293;13.8;0
6758;2025.09.04 09:30;9.44;3.5;3.38;1293;13.8;0
6759;2025.09.04 09:45;9.31;3.5;3.38;1293;13.8;0
6760;2025.09.04 10:00;9.19;3.5;3.5;1293;13.8;0
6761;2025.09.04 10:15;9.06;3.38;3.38;1292;13.8;0
6762;2025.09.04 10:30;8.94;3.19;3.12;1292;13.8;0
6763;2025.09.04 10:45;8.81;3.25;3.25;1292;13.8;0
6764;2025.09.04 11:00;8.75;3.06;3;1291;13.8;0
6765;2025.09.04 11:15;8.62;2.94;2.88;1291;13.8;0
6766;2025.09.04 11:30;8.5;2.88;2.88;1291;13.8;0
6767;2025.09.04 11:45;8.38;2.88;2.88;1291;13.8;0
6768;2025.09.04 12:00;8.25;2.88;2.88;1291;13.8;0
6769;2025.09.04 12:15;8.19;2.88;2.88;1290;13.7;0
6770;2025.09.04 12:30;8.12;2.69;2.75;1290;13.7;0
6771;2025.09.04 12:45;8;2.62;2.62;1290;13.7;0
6772;2025.09.04 13:00;7.88;2.62;2.56;1290;13.7;0
6773;2025.09.04 13:15;7.88;2.81;2.81;1291;13.8;0
6774;2025.09.04 13:30;7.75;3.25;3.38;1292;13.8;0
6775;2025.09.04 13:45;7.75;3.75;4;1293;13.8;0
6776;2025.09.04 14:00;7.69;4.25;4.25;1293;13.8;0
6777;2025.09.04 14:15;7.69;4.62;4.75;1294;13.9;0
6778;2025.09.04 14:30;7.75;5.69;6;1295;13.9;0
6779;2025.09.04 14:45;7.75;9.88;11.62;1302;14.1;0
6780;2025.09.04 15:00;7.94;14.38;15.38;1308;14.2;0
6781;2025.09.04 15:15;8.25;16.56;16.62;1311;14.3;0
6782;2025.09.04 15:30;8.62;20.25;19.12;1317;14.5;0
6783;2025.09.04 15:45;9.25;23.62;21.38;1322;14.6;0
6784;2025.09.04 16:00;10;26.25;23.88;1325;14.7;0
6785;2025.09.04 16:15;10.81;28.5;26.12;1328;14.8;0
6786;2025.09.04 16:30;11.62;29.88;27.06;1331;14.8;0
6787;2025.09.04 16:45;12.44;28.44;26.62;1327;14.7;0
6788;2025.09.04 17:00;13.12;30;27.94;1331;14.8;0
6789;2025.09.04 17:15;13.94;31.25;28.56;1335;14.9;0
6790;2025.09.04 17:30;14.81;32.81;29.69;1339;15.0;0
6791;2025.09.04 17:45;15.75;34.56;30.25;1344;15.2;0
6792;2025.09.04 18:00;16.75;35.06;30.62;1347;15.3;0
6793;2025.09.04 18:15;17.62;36.12;31.38;1351;15.4;0
6794;2025.09.04 18:30;18.38;36;30.62;1353;15.4;0
6795;2025.09.04 18:45;19.12;35.31;31.19;1351;15.4;0
6796;2025.09.04 19:00;19.75;35.94;31.38;1355;15.5;0
6797;2025.09.04 19:15;20.31;37;31.38;1358;15.5;0
6798;2025.09.04 19:30;20.88;37.25;31.12;1360;15.6;0
6799;2025.09.04 19:45;21.44;34.88;29.5;1353;15.4;0
6800;2025.09.04 20:00;21.62;35.75;30.62;1357;15.5;0
6801;2025.09.04 20:15;21.88;35.25;29.94;1354;15.4;0
6802;2025.09.04 20:30;22;35.12;30.62;1354;15.4;0
6803;2025.09.04 20:45;22.31;35.38;29.5;1353;15.4;0
6804;2025.09.04 21:00;22.44;33.81;28.12;1352;15.4;0
6805;2025.09.04 21:15;22.56;34.75;28.69;1351;15.4;0
6806;2025.09.04 21:30;22.5;31.62;27.38;1340;15.1;0
6807;2025.09.04 21:45;22.12;27.62;25.69;1327;14.7;0
6808;2025.09.04 22:00;21.62;28.12;26.5;1330;14.8;0
6809;2025.09.04 22:15;21.38;26.38;24.25;1323;14.6;0
6810;2025.09.04 22:30;20.88;22.75;21.44;1313;14.4;0
6811;2025.09.04 22:45;20.38;20.75;20;1309;14.3;0
6812;2025.09.04 23:00;19.88;21.5;21.12;1310;14.3;0
6813;2025.09.04 23:15;19.62;22.06;21.75;1311;14.3;0
6814;2025.09.04 23:30;19.31;19.88;19.5;1306;14.2;0
6815;2025.09.04 23:45;19;19.12;18.75;1305;14.1;0
6816;2025.09.05 00:00;18.62;19;19.12;1304;14.1;0
6817;2025.09.05 00:15;18.38;18.5;18.5;1303;14.1;0
6818;2025.09.05 00:30;18.12;18.5;18.75;1303;14.1;0
6819;2025.09.05 00:45;17.88;17.81;17.88;1301;14.0;0
6820;2025.09.05 01:00;17.62;16.94;16.94;1299;14.0;0
6821;2025.09.05 01:15;17.38;16.12;16.06;1297;13.9;0
6822;2025.09.05 01:30;17.12;15;14.94;1294;13.9;0
6823;2025.09.05 01:45;16.75;13.38;13.25;1290;13.7;0
6824;2025.09.05 02:00;16.44;12.25;12.12;1288;13.7;0
6825;2025.09.05 02:15;16.12;11.62;11.5;1286;13.6;0
6826;2025.09.05 02:30;15.75;11;10.88;1285;13.6;0
6827;2025.09.05 02:45;15.5;10.5;10.38;1284;13.6;0
6828;2025.09.05 03:00;15.12;10.06;10;1283;13.6;0
6829;2025.09.05 03:15;14.88;9.75;9.62;1282;13.5;0
6830;2025.09.05 03:30;14.62;9.38;9.25;1282;13.5;0
6831;2025.09.05 03:45;14.38;9.06;8.88;1281;13.5;0
6832;2025.09.05 04:00;14.12;8.62;8.5;1280;13.5;0
6833;2025.09.05 04:15;13.88;8.25;8.06;1279;13.5;0
6834;2025.09.05 04:30;13.62;7.94;7.75;1278;13.4;0
6835;2025.09.05 04:45;13.38;7.5;7.25;1277;13.4;0
6836;2025.09.05 05:00;13.19;7.25;7;1277;13.4;0
6837;2025.09.05 05:15;13;6.88;6.62;1276;13.4;0
6838;2025.09.05 05:30;12.75;6.56;6.38;1275;13.3;0
6839;2025.09.05 05:45;12.5;6.25;6;1274;13.3;0
6840;2025.09.05 06:00;12.31;6;5.75;1273;13.3;0
6841;2025.09.05 06:15;12.12;5.75;5.44;1273;13.3;0
6842;2025.09.05 06:30;11.88;5.5;5.12;1272;13.3;0
6843;2025.09.05 06:45;11.75;5.12;4.81;1272;13.3;0
6844;2025.09.05 07:00;11.56;4.88;4.56;1271;13.2;0
6845;2025.09.05 07:15;11.38;4.75;4.5;1271;13.2;0
6846;2025.09.05 07:30;11.19;4.5;4.19;1271;13.2;0
6847;2025.09.05 07:45;11;4.5;4.25;1271;13.2;0
6848;2025.09.05 08:00;10.88;4.38;4.06;1271;13.2;0
6849;2025.09.05 08:15;10.69;4.19;3.88;1270;13.2;0
6850;2025.09.05 08:30;10.56;4.12;3.81;1270;13.2;0
6851;2025.09.05 08:45;10.38;3.94;3.62;1270;13.2;0
6852;2025.09.05 09:00;10.25;3.75;3.44;1270;13.2;0
6853;2025.09.05 09:15;10.12;3.62;3.31;1270;13.2;0
6854;2025.09.05 09:30;10;3.62;3.25;1270;13.2;0
6855;2025.09.05 09:45;9.88;4.25;3.81;1271;13.2;0
6856;2025.09.05 10:00;9.75;5.12;4.88;1273;13.3;0
6857;2025.09.05 10:15;9.75;4.88;4.5;1273;13.3;0
6858;2025.09.05 10:30;9.62;4.12;3.81;1271;13.2;0
6859;2025.09.05 10:45;9.56;3.75;3.38;1270;13.2;0
6860;2025.09.05 11:00;9.44;3.5;3.12;1270;13.2;0
6861;2025.09.05 11:15;9.31;3.38;3.12;1269;13.2;0
6862;2025.09.05 11:30;9.19;3.31;3;1269;13.2;0
6863;2025.09.05 11:45;9.12;3.12;2.81;1269;13.2;0
6864;2025.09.05 12:00;9;2.88;2.5;1269;13.2;0
6865;2025.09.05 12:15;8.88;2.62;2.31;1268;13.2;0
6866;2025.09.05 12:30;8.75;2.5;2.12;1268;13.2;0
6867;2025.09.05 12:45;8.62;2.38;2.06;1268;13.2;0
6868;2025.09.05 13:00;8.5;2.38;2.12;1268;13.2;0
6869;2025.09.05 13:15;8.44;2.56;2.25;1268;13.2;0
6870;2025.09.05 13:30;8.38;2.88;2.62;1267;13.1;0
6871;2025.09.05 13:45;8.25;3.44;3.12;1269;13.2;0
6872;2025.09.05 14:00;8.25;4.06;3.75;1270;13.2;0
6873;2025.09.05 14:15;8.25;4.75;4.38;1271;13.2;0
6874;2025.09.05 14:30;8.31;5.62;5.38;1273;13.3;0
6875;2025.09.05 14:45;8.38;8.62;9;1277;13.4;0
6876;2025.09.05 15:00;8.5;12.25;12.12;1283;13.6;0
6877;2025.09.05 15:15;8.75;14.38;13.62;1286;13.6;0
6878;2025.09.05 15:30;9.12;17.75;16;1291;13.8;0
6879;2025.09.05 15:45;9.62;20.75;18.12;1294;13.9;0
6880;2025.09.05 16:00;10.19;22.88;19.62;1296;13.9;0
6881;2025.09.05 16:15;10.88;24.56;21.38;1298;14.0;0
6882;2025.09.05 16:30;11.56;25.12;21.88;1299;14.0;0
6883;2025.09.05 16:45;12.19;24.69;22;1298;14.0;0
6884;2025.09.05 17:00;12.88;26.5;23.12;1301;14.0;0
6885;2025.09.05 17:15;13.5;27.62;24.25;1304;14.1;0
6886;2025.09.05 17:30;14.25;29.69;25.88;1309;14.3;0
6887;2025.09.05 17:45;15.12;31.38;27;1313;14.4;0
6888;2025.09.05 18:00;16;32.12;27.25;1315;14.4;0
6889;2025.09.05 18:15;16.75;32.12;27.38;1314;14.4;0
6890;2025.09.05 18:30;17.5;33;27.88;1318;14.5;0
6891;2025.09.05 18:45;18.12;31.5;26.88;1315;14.4;0
6892;2025.09.05 19:00;18.5;28.88;24.88;1309;14.3;0
6893;2025.09.05 19:15;18.62;27.5;24.44;1307;14.2;0
6894;2025.09.05 19:30;18.75;29.94;26.12;1312;14.3;0
6895;2025.09.05 19:45;19.19;30.56;26.69;1312;14.3;0
6896;2025.09.05 20:00;19.44;31.62;27.12;1316;14.4;0
6897;2025.09.05 20:15;19.81;31.25;26.38;1314;14.4;0
6898;2025.09.05 20:30;20;29.38;25.38;1310;14.3;0
6899;2025.09.05 20:45;20.12;26.81;23;1302;14.1;0
6900;2025.09.05 21:00;20;28.94;25.19;1307;14.2;0
6901;2025.09.05 21:15;20;24.38;21.75;1296;13.9;0
6902;2025.09.05 21:30;19.69;23.88;22.19;1293;13.8;0
6903;2025.09.05 21:45;19.38;23;22.62;1290;13.7;0
6904;2025.09.05 22:00;19.06;23.5;22.62;1292;13.8;0
6905;2025.09.05 22:15;18.88;24.19;22.5;1291;13.8;0
6906;2025.09.05 22:30;18.62;21.38;21;1284;13.6;0
6907;2025.09.05 22:45;18.31;20.06;20.38;1281;13.5;0
6908;2025.09.05 23:00;18;19.25;19.62;1278;13.4;0
6909;2025.09.05 23:15;17.69;18.62;19.25;1277;13.4;0
6910;2025.09.05 23:30;17.44;18;18.5;1275;13.3;0
6911;2025.09.05 23:45;17.12;17.38;18;1273;13.3;0
6912;2025.09.06 00:00;16.88;17;17.62;1272;13.3;0
6913;2025.09.06 00:15;16.62;16.25;16.75;1270;13.2;0
6914;2025.09.06 00:30;16.38;15.75;16.38;1269;13.2;0
6915;2025.09.06 00:45;16.12;14.88;15.44;1267;13.1;0
6916;2025.09.06 01:00;15.88;14;14.5;1264;13.1;0
6917;2025.09.06 01:15;15.62;13.12;13.5;1262;13.0;0
6918;2025.09.06 01:30;15.38;12.12;12.38;1259;12.9;0
6919;2025.09.06 01:45;15.12;11.12;11.25;1257;12.9;0
6920;2025.09.06 02:00;14.81;10.44;10.5;1255;12.8;0
6921;2025.09.06 02:15;14.5;9.81;9.88;1254;12.8;0
6922;2025.09.06 02:30;14.25;9.12;9.06;1252;12.7;0
6923;2025.09.06 02:45;14;8.75;8.69;1252;12.7;0
6924;2025.09.06 03:00;13.75;8.25;8.12;1251;12.7;0
6925;2025.09.06 03:15;13.5;7.75;7.69;1250;12.7;0
6926;2025.09.06 03:30;13.25;7.25;7.12;1249;12.6;0
6927;2025.09.06 03:45;13;6.81;6.62;1248;12.6;0
6928;2025.09.06 04:00;12.75;6.56;6.38;1248;12.6;0
6929;2025.09.06 04:15;12.5;6.38;6.25;1247;12.6;0
6930;2025.09.06 04:30;12.38;6.06;5.94;1247;12.6;0
6931;2025.09.06 04:45;12.12;5.75;5.62;1246;12.6;0
6932;2025.09.06 05:00;11.94;5.5;5.25;1246;12.6;0
6933;2025.09.06 05:15;11.75;5.25;4.94;1245;12.5;0
6934;2025.09.06 05:30;11.5;5.12;4.94;1245;12.5;0
6935;2025.09.06 05:45;11.38;4.88;4.69;1245;12.5;0
6936;2025.09.06 06:00;11.19;4.62;4.38;1244;12.5;0
6937;2025.09.06 06:15;11;4.56;4.38;1244;12.5;0
6938;2025.09.06 06:30;10.88;4.69;4.62;1244;12.5;0
6939;2025.09.06 06:45;10.75;4.69;4.62;1244;12.5;0
6940;2025.09.06 07:00;10.56;4.31;4.12;1243;12.5;0
6941;2025.09.06 07:15;10.44;4.06;3.88;1243;12.5;0
6942;2025.09.06 07:30;10.25;4.25;4.38;1243;12.5;0
6943;2025.09.06 07:45;10.12;4;4;1243;12.5;0
6944;2025.09.06 08:00;10;3.62;3.38;1242;12.5;0
6945;2025.09.06 08:15;9.88;3.38;3.12;1241;12.4;0
6946;2025.09.06 08:30;9.75;3.19;3.12;1241;12.4;0
6947;2025.09.06 08:45;9.56;2.88;2.62;1240;12.4;0
6948;2025.09.06 09:00;9.44;2.62;2.38;1240;12.4;0
6949;2025.09.06 09:15;9.25;2.38;2;1240;12.4;0
6950;2025.09.06 09:30;9.12;2.19;1.88;1239;12.4;0
6951;2025.09.06 09:45;9;2.06;1.75;1239;12.4;0
6952;2025.09.06 10:00;8.88;2;1.62;1239;12.4;0
6953;2025.09.06 10:15;8.75;1.88;1.62;1239;12.4;0
6954;2025.09.06 10:30;8.62;1.62;1.31;1239;12.4;0
6955;2025.09.06 10:45;8.5;1.44;1.12;1238;12.3;0
6956;2025.09.06 11:00;8.38;1.38;1;1238;12.3;0
6957;2025.09.06 11:15;8.25;1.25;0.88;1238;12.3;0
6958;2025.09.06 11:30;8.12;1;0.62;1238;12.3;0
6959;2025.09.06 11:45;8;0.94;0.62;1238;12.3;0
6960;2025.09.06 12:00;7.88;0.88;0.5;1238;12.3;0
6961;2025.09.06 12:15;7.75;0.75;0.38;1238;12.3;0
6962;2025.09.06 12:30;7.62;0.62;0.12;1238;12.3;0
6963;2025.09.06 12:45;7.56;0.5;0.12;1238;12.3;0
6964;2025.09.06 13:00;7.5;0.62;0.19;1238;12.3;0
6965;2025.09.06 13:15;7.38;0.81;0.44;1239;12.4;0
6966;2025.09.06 13:30;7.25;1.38;1.06;1241;12.4;0
6967;2025.09.06 13:45;7.25;2.12;1.75;1242;12.5;0
6968;2025.09.06 14:00;7.25;2.81;2.44;1244;12.5;0
6969;2025.09.06 14:15;7.25;3.62;3.38;1246;12.6;0
6970;2025.09.06 14:30;7.38;4.56;4.38;1247;12.6;0
6971;2025.09.06 14:45;7.44;7.38;7.5;1251;12.7;0
6972;2025.09.06 15:00;7.62;10.94;10.38;1257;12.9;0
6973;2025.09.06 15:15;7.88;12.88;11.88;1260;12.9;0
6974;2025.09.06 15:30;8.25;15.62;13.88;1264;13.1;0
6975;2025.09.06 15:45;8.62;18.19;16;1267;13.1;0
6976;2025.09.06 16:00;9.25;20.44;18.06;1270;13.2;0
6977;2025.09.06 16:15;9.81;22.38;19.69;1273;13.3;0
6978;2025.09.06 16:30;10.5;23.25;21;1274;13.3;0
6979;2025.09.06 16:45;11.12;23.75;22;1274;13.3;0
6980;2025.09.06 17:00;11.75;25.25;23.5;1276;13.4;0
6981;2025.09.06 17:15;12.38;27.75;25.38;1282;13.5;0
6982;2025.09.06 17:30;13.19;29.62;27.19;1286;13.6;0
6983;2025.09.06 17:45;14;30.81;27.5;1288;13.7;0
6984;2025.09.06 18:00;14.81;31.56;27.62;1291;13.8;0
6985;2025.09.06 18:15;15.62;30.56;27.25;1288;13.7;0
6986;2025.09.06 18:30;16.25;32.38;28.75;1293;13.8;0
6987;2025.09.06 18:45;16.94;31.5;28;1292;13.8;0
6988;2025.09.06 19:00;17.5;32.5;28.88;1295;13.9;0
6989;2025.09.06 19:15;18;32.75;28.12;1296;13.9;0
6990;2025.09.06 19:30;18.5;34.38;29.62;1301;14.0;0
6991;2025.09.06 19:45;19.12;34.25;29.25;1300;14.0;0
6992;2025.09.06 20:00;19.62;35.62;30;1303;14.1;0
6993;2025.09.06 20:15;20;33.25;28.75;1295;13.9;0
6994;2025.09.06 20:30;20.12;32.75;28.94;1295;13.9;0
6995;2025.09.06 20:45;20.38;32.25;27.88;1294;13.9;0
6996;2025.09.06 21:00;20.5;30.12;26.44;1290;13.7;0
6997;2025.09.06 21:15;20.5;28.88;25.62;1285;13.6;0
6998;2025.09.06 21:30;20.31;25.88;23.88;1277;13.4;0
6999;2025.09.06 21:45;20;25;23.5;1274;13.3;0
7000;2025.09.06 22:00;19.75;24.25;23;1272;13.3;0
7001;2025.09.06 22:15;19.5;23.69;22.5;1270;13.2;0
7002;2025.09.06 22:30;19.25;22.75;21.75;1267;13.1;0
7003;2025.09.06 22:45;19;21.19;20;1263;13.0;0
7004;2025.09.06 23:00;18.75;20.38;19.38;1262;13.0;0
7005;2025.09.06 23:15;18.5;19.88;19.06;1260;12.9;0
7006;2025.09.06 23:30;18.25;19.62;19;1260;12.9;0
7007;2025.09.06 23:45;18;19.12;18.56;1258;12.9;0
7008;2025.09.07 00:00;17.81;18;17.38;1255;12.8;0
7009;2025.09.07 00:15;17.56;17.25;16.75;1254;12.8;0
7010;2025.09.07 00:30;17.25;16.75;16.44;1252;12.7;0
7011;2025.09.07 00:45;17.06;16.31;16.12;1251;12.7;0
7012;2025.09.07 01:00;16.81;15.69;15.38;1249;12.6;0
7013;2025.09.07 01:15;16.56;14.81;14.5;1247;12.6;0
7014;2025.09.07 01:30;16.31;13.88;13.56;1245;12.5;0
7015;2025.09.07 01:45;16.06;13.31;13.12;1244;12.5;0
7016;2025.09.07 02:00;15.81;12.5;12.25;1242;12.5;0
7017;2025.09.07 02:15;15.5;12.12;11.88;1241;12.4;0
7018;2025.09.07 02:30;15.25;12.25;12.12;1241;12.4;0
7019;2025.09.07 02:45;15.12;12.12;11.88;1240;12.4;0
7020;2025.09.07 03:00;14.88;11.94;11.69;1240;12.4;0
7021;2025.09.07 03:15;14.69;11.88;11.75;1240;12.4;0
7022;2025.09.07 03:30;14.5;12;11.88;1240;12.4;0
7023;2025.09.07 03:45;14.38;12.25;12.12;1240;12.4;0
7024;2025.09.07 04:00;14.25;12.44;12.44;1240;12.4;0
7025;2025.09.07 04:15;14.19;12.5;12.62;1240;12.4;0
7026;2025.09.07 04:30;14.06;12.38;12.44;1239;12.4;0
7027;2025.09.07 04:45;14;12;11.62;1239;12.4;0
7028;2025.09.07 05:00;13.88;11.12;10.62;1237;12.3;0
7029;2025.09.07 05:15;13.69;10.88;10.38;1236;12.3;0
7030;2025.09.07 05:30;13.56;10.88;10.5;1236;12.3;0
7031;2025.09.07 05:45;13.44;10.62;10.25;1235;12.3;0
7032;2025.09.07 06:00;13.31;10.31;9.88;1234;12.2;0
7033;2025.09.07 06:15;13.19;10.06;9.62;1234;12.2;0
7034;2025.09.07 06:30;13.06;10;9.69;1233;12.2;0
7035;2025.09.07 06:45;12.94;10.06;9.75;1233;12.2;0
7036;2025.09.07 07:00;12.88;10.12;9.75;1233;12.2;0
7037;2025.09.07 07:15;12.75;9.94;9.62;1232;12.2;0
7038;2025.09.07 07:30;12.62;9.5;9.12;1231;12.2;0
7039;2025.09.07 07:45;12.5;9.44;9.06;1230;12.1;0
7040;2025.09.07 08:00;12.44;9.38;9;1230;12.1;0
7041;2025.09.07 08:15;12.38;9.12;8.75;1229;12.1;0
7042;2025.09.07 08:30;12.25;8.19;7.75;1227;12.0;0
7043;2025.09.07 08:45;12.12;7;6.62;1225;12.0;0
7044;2025.09.07 09:00;11.88;7;6.62;1224;12.0;0
7045;2025.09.07 09:15;11.75;7.19;6.88;1225;12.0;0
7046;2025.09.07 09:30;11.62;6.5;6.19;1223;11.9;0
7047;2025.09.07 09:45;11.5;5.62;5.25;1222;11.9;0
7048;2025.09.07 10:00;11.25;5.12;4.75;1221;11.9;0
7049;2025.09.07 10:15;11.12;4.75;4.44;1220;11.9;0
7050;2025.09.07 10:30;10.94;4.31;3.88;1219;11.8;0
7051;2025.09.07 10:45;10.75;4.06;3.69;1219;11.8;0
7052;2025.09.07 11:00;10.56;3.88;3.5;1219;11.8;0
7053;2025.09.07 11:15;10.38;3.69;3.44;1219;11.8;0
7054;2025.09.07 11:30;10.25;3.56;3.25;1219;11.8;0
7055;2025.09.07 11:45;10.12;3.38;3.12;1219;11.8;0
7056;2025.09.07 12:00;9.94;3.25;2.94;1219;11.8;0
7057;2025.09.07 12:15;9.81;3.19;2.88;1219;11.8;0
7058;2025.09.07 12:30;9.62;3;2.69;1219;11.8;0
7059;2025.09.07 12:45;9.5;2.88;2.5;1219;11.8;0
7060;2025.09.07 13:00;9.38;2.88;2.62;1219;11.8;0
7061;2025.09.07 13:15;9.25;3.19;2.88;1220;11.9;0
7062;2025.09.07 13:30;9.19;3.88;3.62;1222;11.9;0
7063;2025.09.07 13:45;9.12;4.5;4.12;1223;11.9;0
7064;2025.09.07 14:00;9.12;4.88;4.69;1224;12.0;0
7065;2025.09.07 14:15;9.12;5.5;5.25;1225;12.0;0
7066;2025.09.07 14:30;9.12;7.25;7;1228;12.1;0
7067;2025.09.07 14:45;9.25;9.5;9.38;1232;12.2;0
7068;2025.09.07 15:00;9.38;11.25;10.75;1234;12.2;0
7069;2025.09.07 15:15;9.62;12;11.12;1235;12.3;0
7070;2025.09.07 15:30;9.88;13.75;12.75;1237;12.3;0
7071;2025.09.07 15:45;10.19;14.75;13.75;1238;12.3;0
7072;2025.09.07 16:00;10.5;16;15;1239;12.4;0
7073;2025.09.07 16:15;10.88;18;16.75;1241;12.4;0
7074;2025.09.07 16:30;11.31;22;21;1248;12.6;0
7075;2025.09.07 16:45;11.88;22.25;20.75;1248;12.6;0
7076;2025.09.07 17:00;12.44;24.75;23.12;1253;12.8;0
7077;2025.09.07 17:15;13.12;29.38;25.88;1263;13.0;0
7078;2025.09.07 17:30;14;30.56;26.12;1267;13.1;0
7079;2025.09.07 17:45;15;30;25.38;1265;13.1;0
7080;2025.09.07 18:00;15.75;32.69;27.25;1272;13.3;0
7081;2025.09.07 18:15;16.62;32.25;27.19;1270;13.2;0
7082;2025.09.07 18:30;17.19;30.25;25.75;1268;13.2;0
7083;2025.09.07 18:45;17.75;31.12;26.69;1271;13.2;0
7084;2025.09.07 19:00;18.31;31.88;26.5;1273;13.3;0
7085;2025.09.07 19:15;18.88;35.75;29.5;1283;13.6;0
7086;2025.09.07 19:30;19.62;34.81;28.12;1282;13.5;0
7087;2025.09.07 19:45;20.12;29.62;24.5;1268;13.2;0
7088;2025.09.07 20:00;20;25.62;22.5;1259;12.9;0
7089;2025.09.07 20:15;19.69;23.81;21.62;1254;12.8;0
7090;2025.09.07 20:30;19.31;21.81;20.25;1248;12.6;0
7091;2025.09.07 20:45;19;22.25;21.12;1249;12.6;0
7092;2025.09.07 21:00;18.69;21.31;20.12;1245;12.5;0
7093;2025.09.07 21:15;18.38;19.25;18.12;1240;12.4;0
7094;2025.09.07 21:30;18;12.5;12.12;1254;12.8;0
7095;2025.09.07 21:45;17.44;11.5;11;1260;12.9;0
7096;2025.09.07 22:00;13;9.62;9.06;3449;47.5;0
7097;2025.09.07 22:15;14.88;9.75;8.88;1833;26.7;0
7098;2025.09.07 22:30;14.94;9.88;9;1731;24.5;0
7099;2025.09.07 22:45;14.75;9.94;8.88;1686;23.5;0
7100;2025.09.07 23:00;14.62;10.62;9.56;1658;22.9;0
7101;2025.09.07 23:15;14.5;11.75;10.38;1638;22.4;0
7102;2025.09.07 23:30;14.38;12.75;11.38;1622;22.0;0
7103;2025.09.07 23:45;14.38;12.5;11.25;1608;21.7;0
7104;2025.09.08 00:00;14.38;12.38;11.25;1595;21.4;0
7105;2025.09.08 00:15;14.25;11.38;10.62;1584;21.1;0
7106;2025.09.08 00:30;14.12;10.38;9.69;1573;20.9;0
7107;2025.09.08 00:45;13.88;9.62;9;1564;20.7;0
7108;2025.09.08 01:00;13.62;9.62;9.12;1558;20.5;0
7109;2025.09.08 01:15;13.5;9.75;9.12;1552;20.4;0
7110;2025.09.08 01:30;13.25;9.38;8.75;1545;20.2;0
7111;2025.09.08 01:45;13.12;9;8.38;1539;20.1;0
7112;2025.09.08 02:00;12.88;8.81;8.19;1534;19.9;0
7113;2025.09.08 02:15;12.75;8.94;8.38;1530;19.8;0
7114;2025.09.08 02:30;12.62;9.12;8.5;1526;19.8;0
7115;2025.09.08 02:45;12.44;9.06;8.44;1525;19.7;0
7116;2025.09.08 03:00;12.31;8.75;8.19;1529;19.8;0
7117;2025.09.08 03:15;12.19;8.62;8.06;1526;19.8;0
7118;2025.09.08 03:30;12.06;8.5;8;1522;19.7;0
7119;2025.09.08 03:45;11.94;8.44;7.88;1520;19.6;0
7120;2025.09.08 04:00;11.81;8.38;7.75;1517;19.5;0
7121;2025.09.08 04:15;11.69;7.88;7.25;1514;19.5;0
7122;2025.09.08 04:30;11.56;7.5;6.88;1511;19.4;0
7123;2025.09.08 04:45;11.44;7.12;6.62;1508;19.3;0
7124;2025.09.08 05:00;11.25;7.12;6.56;1506;19.3;0
7125;2025.09.08 05:15;11.12;7;6.5;1503;19.2;0
7126;2025.09.08 05:30;11;7.38;7;1503;19.2;0
7127;2025.09.08 05:45;10.88;7.62;7.06;1500;19.1;0
7128;2025.09.08 06:00;10.81;7.88;7.38;1500;19.1;0
7129;2025.09.08 06:15;10.75;8;7.5;1502;19.2;0
7130;2025.09.08 06:30;10.75;7.94;7.5;1506;19.3;0
7131;2025.09.08 06:45;10.62;7.81;7.38;1507;19.3;0
7132;2025.09.08 07:00;10.62;7.75;7.31;1508;19.3;0
7133;2025.09.08 07:15;10.5;7.69;7.31;1507;19.3;0
7134;2025.09.08 07:30;10.5;7.5;7.19;1506;19.3;0
7135;2025.09.08 07:45;10.38;7.38;7.06;1504;19.2;0
7136;2025.09.08 08:00;10.31;7.38;7.12;1503;19.2;0
7137;2025.09.08 08:15;10.25;7.31;6.94;1502;19.2;0
7138;2025.09.08 08:30;10.19;7.19;6.88;1500;19.1;0
7139;2025.09.08 08:45;10.12;7.25;6.94;1499;19.1;0
7140;2025.09.08 09:00;10.12;7.31;7.12;1499;19.1;0
7141;2025.09.08 09:15;10;7.19;6.88;1498;19.1;0
7142;2025.09.08 09:30;10;7.38;7;1498;19.1;0
7143;2025.09.08 09:45;9.94;7.19;7;1496;19.0;0
7144;2025.09.08 10:00;9.88;6.25;6.06;1493;18.9;0
7145;2025.09.08 10:15;9.75;5.75;5.5;1491;18.9;0
7146;2025.09.08 10:30;9.62;5.12;4.75;1488;18.8;0
7147;2025.09.08 10:45;9.5;4.75;4.5;1487;18.8;0
7148;2025.09.08 11:00;9.31;4.44;4.12;1486;18.8;0
7149;2025.09.08 11:15;9.19;4.25;3.88;1484;18.7;0
7150;2025.09.08 11:30;9;4.12;3.75;1483;18.7;0
7151;2025.09.08 11:45;8.88;4;3.62;1482;18.7;0
7152;2025.09.08 12:00;8.75;3.88;3.5;1481;18.7;0
7153;2025.09.08 12:15;8.62;3.75;3.44;1480;18.6;0
7154;2025.09.08 12:30;8.5;3.75;3.38;1479;18.6;0
7155;2025.09.08 12:45;8.38;3.56;3.12;1478;18.6;0
7156;2025.09.08 13:00;8.25;3.62;3.31;1477;18.6;0
7157;2025.09.08 13:15;8.19;3.88;3.62;1476;18.5;0
7158;2025.09.08 13:30;8.12;4.38;4.12;1476;18.5;0
7159;2025.09.08 13:45;8.06;5.25;4.88;1477;18.6;0
7160;2025.09.08 14:00;8.06;6;5.56;1478;18.6;0
7161;2025.09.08 14:15;8.12;6.5;6;1478;18.6;0
7162;2025.09.08 14:30;8.25;7.25;6.75;1478;18.6;0
7163;2025.09.08 14:45;8.31;9.62;9.25;1480;18.6;0
7164;2025.09.08 15:00;8.44;9.5;9.44;1479;18.6;0
7165;2025.09.08 15:15;8.62;10.88;11;1481;18.7;0
7166;2025.09.08 15:30;8.88;12.25;11.69;1482;18.7;0
7167;2025.09.08 15:45;9.19;12.62;12.38;1481;18.7;0
7168;2025.09.08 16:00;9.5;18.38;16.62;1491;18.9;0
7169;2025.09.08 16:15;10.06;21.5;19.25;1498;19.1;0
7170;2025.09.08 16:30;10.75;22;20.25;1499;19.1;0
7171;2025.09.08 16:45;11.38;22.88;20.69;1501;19.1;0
7172;2025.09.08 17:00;12;23.12;21;1502;19.2;0
7173;2025.09.08 17:15;12.62;25.31;23.12;1507;19.3;0
7174;2025.09.08 17:30;13.5;27.12;23.62;1512;19.4;0
7175;2025.09.08 17:45;14.38;28.69;24.38;1516;19.5;0
7176;2025.09.08 18:00;15.25;29.38;24.75;1519;19.6;0
7177;2025.09.08 18:15;16;27.75;23.88;1515;19.5;0
7178;2025.09.08 18:30;16.62;29.75;25;1520;19.6;0
7179;2025.09.08 18:45;17.25;29.25;25;1517;19.5;0
7180;2025.09.08 19:00;17.69;30.88;25.88;1520;19.6;0
7181;2025.09.08 19:15;18.25;30.5;25.25;1516;19.5;0
7182;2025.09.08 19:30;18.62;30.31;25.38;1515;19.5;0
7183;2025.09.08 19:45;18.88;26.44;23.25;1503;19.2;0
7184;2025.09.08 20:00;18.75;28.56;25;1505;19.2;0
7185;2025.09.08 20:15;18.81;27;23.69;1497;19.0;0
7186;2025.09.08 20:30;18.75;28.62;25.5;1501;19.1;0
7187;2025.09.08 20:45;19;28.5;24.06;1498;19.1;0
7188;2025.09.08 21:00;19.12;31.88;25.94;1504;19.2;0
7189;2025.09.08 21:15;19.38;30.94;25.25;1494;19.0;0
7190;2025.09.08 21:30;19.31;27.69;24.12;1485;18.7;0
7191;2025.09.08 21:45;19;22.38;21.62;1470;18.4;0
7192;2025.09.08 22:00;18.5;20.19;19.88;1464;18.2;0
7193;2025.09.08 22:15;18;21.88;21;1465;18.3;0
7194;2025.09.08 22:30;17.56;18.56;18.56;1455;18.0;0
7195;2025.09.08 22:45;17.06;17.62;18.56;1452;17.9;0
7196;2025.09.08 23:00;16.62;17;17.75;1448;17.8;0
7197;2025.09.08 23:15;16.25;16.44;17.38;1446;17.8;0
7198;2025.09.08 23:30;15.88;15.75;16.75;1443;17.7;0
7199;2025.09.08 23:45;15.5;15.12;16.19;1440;17.6;0
7200;2025.09.09 00:00;15.25;14.62;15.38;1437;17.6;0
7201;2025.09.09 00:15;14.94;13.81;14.75;1434;17.5;0
7202;2025.09.09 00:30;14.62;13.25;14.25;1431;17.4;0
7203;2025.09.09 00:45;14.38;12.31;12.94;1429;17.4;0
7204;2025.09.09 01:00;14.06;11.75;12.38;1426;17.3;0
7205;2025.09.09 01:15;13.75;11.12;11.69;1424;17.2;0
7206;2025.09.09 01:30;13.5;10.5;11;1421;17.2;0
7207;2025.09.09 01:45;13.25;9.81;10.12;1419;17.1;0
7208;2025.09.09 02:00;13;9.06;9.25;1416;17.0;0
7209;2025.09.09 02:15;12.69;8.5;8.62;1414;17.0;0
7210;2025.09.09 02:30;12.44;8;8.25;1413;16.9;0
7211;2025.09.09 02:45;12.12;7.56;7.62;1411;16.9;0
7212;2025.09.09 03:00;11.94;7.19;7.25;1410;16.9;0
7213;2025.09.09 03:15;11.69;6.88;6.81;1409;16.8;0
7214;2025.09.09 03:30;11.5;6.5;6.5;1408;16.8;0
7215;2025.09.09 03:45;11.25;6.12;6.06;1407;16.8;0
7216;2025.09.09 04:00;11.06;5.81;5.69;1406;16.8;0
7217;2025.09.09 04:15;10.88;5.69;5.56;1405;16.7;0
7218;2025.09.09 04:30;10.62;5.75;5.5;1405;16.7;0
7219;2025.09.09 04:45;10.5;5.81;5.62;1405;16.7;0
7220;2025.09.09 05:00;10.38;5.88;5.62;1405;16.7;0
7221;2025.09.09 05:15;10.25;5.88;5.62;1404;16.7;0
7222;2025.09.09 05:30;10.12;5.88;5.75;1404;16.7;0
7223;2025.09.09 05:45;10;5.75;5.62;1403;16.7;0
7224;2025.09.09 06:00;9.88;5.5;5.25;1402;16.7;0
7225;2025.09.09 06:15;9.75;5.5;5.38;1402;16.7;0
7226;2025.09.09 06:30;9.62;5.5;5.38;1401;16.6;0
7227;2025.09.09 06:45;9.56;5.38;5.12;1401;16.6;0
7228;2025.09.09 07:00;9.44;5.38;5.12;1400;16.6;0
7229;2025.09.09 07:15;9.38;5.19;4.94;1399;16.6;0
7230;2025.09.09 07:30;9.25;5;4.62;1398;16.6;0
7231;2025.09.09 07:45;9.12;4.62;4.38;1397;16.5;0
7232;2025.09.09 08:00;9;4.31;4.06;1396;16.5;0
7233;2025.09.09 08:15;8.88;4;3.81;1395;16.5;0
7234;2025.09.09 08:30;8.75;3.88;3.69;1394;16.5;0
7235;2025.09.09 08:45;8.62;3.69;3.38;1393;16.4;0
7236;2025.09.09 09:00;8.56;3.5;3.25;1393;16.4;0
7237;2025.09.09 09:15;8.44;3.25;3;1392;16.4;0
7238;2025.09.09 09:30;8.31;3.12;2.88;1391;16.4;0
7239;2025.09.09 09:45;8.19;3.06;2.75;1391;16.4;0
7240;2025.09.09 10:00;8.12;3.5;3.19;1391;16.4;0
7241;2025.09.09 10:15;8;4.12;3.75;1391;16.4;0
7242;2025.09.09 10:30;8;5.38;5.69;1397;16.5;0
7243;2025.09.09 10:45;8;5.62;5.81;1410;16.9;0
7244;2025.09.09 11:00;8;6.06;6.69;1405;16.7;0
7245;2025.09.09 11:15;8.06;6.62;7.5;1404;16.7;0
7246;2025.09.09 11:30;8.12;7;8;1403;16.7;0
7247;2025.09.09 11:45;8.19;7.5;8.81;1402;16.7;0
7248;2025.09.09 12:00;8.25;7.56;8.38;1401;16.6;0
7249;2025.09.09 12:15;8.25;7.62;8.38;1401;16.6;0
7250;2025.09.09 12:30;8.38;7.25;7.75;1399;16.6;0
7251;2025.09.09 12:45;8.38;6.62;7;1397;16.5;0
7252;2025.09.09 13:00;8.38;6.38;6.94;1396;16.5;0
7253;2025.09.09 13:15;8.31;6.06;6.38;1395;16.5;0
7254;2025.09.09 13:30;8.25;6.12;6.5;1395;16.5;0
7255;2025.09.09 13:45;8.25;6.56;6.94;1395;16.5;0
7256;2025.09.09 14:00;8.25;7.12;7.56;1396;16.5;0
7257;2025.09.09 14:15;8.25;7.75;8.31;1396;16.5;0
7258;2025.09.09 14:30;8.25;8.06;8.5;1396;16.5;0
7259;2025.09.09 14:45;8.38;10.38;11.38;1398;16.6;0
7260;2025.09.09 15:00;8.5;14;14.88;1402;16.7;0
7261;2025.09.09 15:15;8.69;18.88;18.62;1409;16.8;0
7262;2025.09.09 15:30;9.12;21.38;19.75;1413;16.9;0
7263;2025.09.09 15:45;9.75;20.75;20.44;1410;16.9;0
7264;2025.09.09 16:00;10.25;23.25;21.75;1414;17.0;0
7265;2025.09.09 16:15;10.88;25.88;23.38;1418;17.1;0
7266;2025.09.09 16:30;11.62;24.62;22.75;1416;17.0;0
7267;2025.09.09 16:45;12.25;26.25;23.75;1420;17.1;0
7268;2025.09.09 17:00;12.94;26.25;23.88;1420;17.1;0
7269;2025.09.09 17:15;13.62;28.75;24.88;1427;17.3;0
7270;2025.09.09 17:30;14.5;30.44;26.25;1432;17.4;0
7271;2025.09.09 17:45;15.38;31.25;26.56;1435;17.5;0
7272;2025.09.09 18:00;16.19;31.56;26.75;1436;17.5;0
7273;2025.09.09 18:15;16.88;29.12;25.06;1430;17.4;0
7274;2025.09.09 18:30;17.25;30.31;25.88;1433;17.5;0
7275;2025.09.09 18:45;17.75;31.25;27.12;1435;17.5;0
7276;2025.09.09 19:00;18;26;22.5;1421;17.2;0
7277;2025.09.09 19:15;18;27.5;24.38;1426;17.3;0
7278;2025.09.09 19:30;18.12;26.44;23;1421;17.2;0
7279;2025.09.09 19:45;18.12;22.19;20.12;1412;16.9;0
7280;2025.09.09 20:00;17.75;21.94;20.5;1410;16.9;0
7281;2025.09.09 20:15;17.5;19.25;18.38;1406;16.8;0
7282;2025.09.09 20:30;17.06;14.38;13.5;1426;17.3;0
7283;2025.09.09 20:45;16.62;15.12;14.38;1427;17.3;0
7284;2025.09.09 21:00;16.38;16.62;15.62;1428;17.3;0
7285;2025.09.09 21:15;16.38;19.31;18.75;1430;17.4;0
7286;2025.09.09 21:30;16.5;18.19;17.75;1426;17.3;0
7287;2025.09.09 21:45;16.5;18.81;18.25;1427;17.3;0
7288;2025.09.09 22:00;16.5;17.25;16.25;1423;17.2;0
7289;2025.09.09 22:15;16.31;15.5;14.69;1420;17.1;0
7290;2025.09.09 22:30;16;14.75;13.88;1420;17.1;0
7291;2025.09.09 22:45;15.81;15.88;15.25;1423;17.2;0
7292;2025.09.09 23:00;15.75;16.75;15.75;1424;17.2;0
7293;2025.09.09 23:15;15.62;16.62;15.62;1423;17.2;0
7294;2025.09.09 23:30;15.56;16.44;15.75;1422;17.2;0
7295;2025.09.09 23:45;15.44;15;14.38;1418;17.1;0
7296;2025.09.10 00:00;15.25;14.25;13.75;1416;17.0;0
7297;2025.09.10 00:15;15;13.88;13.5;1416;17.0;0
7298;2025.09.10 00:30;14.81;13.62;13.25;1415;17.0;0
7299;2025.09.10 00:45;14.62;12.75;12.38;1413;16.9;0
7300;2025.09.10 01:00;14.38;11.81;11.5;1412;16.9;0
7301;2025.09.10 01:15;14.19;10.94;10.56;1410;16.9;0
7302;2025.09.10 01:30;13.94;10;9.5;1409;16.8;0
7303;2025.09.10 01:45;13.62;9.62;9.25;1409;16.8;0
7304;2025.09.10 02:00;13.38;9.12;8.75;1408;16.8;0
7305;2025.09.10 02:15;13.12;8.94;8.75;1408;16.8;0
7306;2025.09.10 02:30;12.88;8.38;8.25;1407;16.8;0
7307;2025.09.10 02:45;12.62;7.88;7.62;1406;16.8;0
7308;2025.09.10 03:00;12.38;7.38;7.12;1406;16.8;0
7309;2025.09.10 03:15;12.12;7;6.62;1405;16.7;0
7310;2025.09.10 03:30;11.94;6.5;6.12;1405;16.7;0
7311;2025.09.10 03:45;11.69;6.38;6;1404;16.7;0
7312;2025.09.10 04:00;11.5;6.06;5.75;1404;16.7;0
7313;2025.09.10 04:15;11.25;5.75;5.25;1403;16.7;0
7314;2025.09.10 04:30;11;5.5;5;1403;16.7;0
7315;2025.09.10 04:45;10.88;5.31;4.81;1403;16.7;0
7316;2025.09.10 05:00;10.62;5.25;4.88;1403;16.7;0
7317;2025.09.10 05:15;10.5;5;4.5;1402;16.7;0
7318;2025.09.10 05:30;10.31;4.75;4.25;1402;16.7;0
7319;2025.09.10 05:45;10.12;4.5;4.06;1401;16.6;0
7320;2025.09.10 06:00;9.94;4.31;3.81;1399;16.6;0
7321;2025.09.10 06:15;9.75;4.38;3.94;1399;16.6;0
7322;2025.09.10 06:30;9.62;4.31;3.81;1399;16.6;0
7323;2025.09.10 06:45;9.5;4.12;3.69;1398;16.6;0
7324;2025.09.10 07:00;9.38;4.06;3.62;1398;16.6;0
7325;2025.09.10 07:15;9.25;4.62;4.25;1398;16.6;0
7326;2025.09.10 07:30;9.12;4.56;4.12;1398;16.6;0
7327;2025.09.10 07:45;9;4.75;4.38;1398;16.6;0
7328;2025.09.10 08:00;9;4.5;4.12;1397;16.5;0
7329;2025.09.10 08:15;8.88;5.19;4.75;1398;16.6;0
7330;2025.09.10 08:30;8.88;5.12;4.62;1397;16.5;0
7331;2025.09.10 08:45;8.81;4.94;4.44;1396;16.5;0
7332;2025.09.10 09:00;8.75;4.62;4.25;1395;16.5;0
7333;2025.09.10 09:15;8.62;4.62;4.25;1395;16.5;0
7334;2025.09.10 09:30;8.62;4.81;4.44;1395;16.5;0
7335;2025.09.10 09:45;8.5;4.88;4.5;1395;16.5;0
7336;2025.09.10 10:00;8.5;4.62;4.31;1394;16.5;0
7337;2025.09.10 10:15;8.44;4.81;4.44;1395;16.5;0
7338;2025.09.10 10:30;8.38;5.25;4.88;1395;16.5;0
7339;2025.09.10 10:45;8.38;5.12;4.75;1395;16.5;0
7340;2025.09.10 11:00;8.31;4.69;4.38;1394;16.5;0
7341;2025.09.10 11:15;8.25;4.56;4.25;1393;16.4;0
7342;2025.09.10 11:30;8.19;4.75;4.44;1394;16.5;0
7343;2025.09.10 11:45;8.12;4.88;4.5;1393;16.4;0
7344;2025.09.10 12:00;8.12;4.88;4.62;1393;16.4;0
7345;2025.09.10 12:15;8.06;4.62;4.38;1392;16.4;0
7346;2025.09.10 12:30;8;4.62;4.38;1392;16.4;0
7347;2025.09.10 12:45;8;4.62;4.38;1392;16.4;0
7348;2025.09.10 13:00;7.88;4.5;4.38;1391;16.4;0
7349;2025.09.10 13:15;7.88;4.75;4.69;1391;16.4;0
7350;2025.09.10 13:30;7.81;5.38;5.19;1392;16.4;0
7351;2025.09.10 13:45;7.88;6.12;6.12;1393;16.4;0
7352;2025.09.10 14:00;7.88;7;6.88;1394;16.5;0
7353;2025.09.10 14:15;8;7.88;7.69;1396;16.5;0
7354;2025.09.10 14:30;8.12;8.75;8.75;1397;16.5;0
7355;2025.09.10 14:45;8.25;9.56;9.5;1398;16.6;0
7356;2025.09.10 15:00;8.5;11.94;12.81;1400;16.6;0
7357;2025.09.10 15:15;8.69;15.75;16.06;1405;16.7;0
7358;2025.09.10 15:30;9;19.38;18.06;1409;16.8;0
7359;2025.09.10 15:45;9.5;20.62;19.75;1410;16.9;0
7360;2025.09.10 16:00;10.12;23.88;21.75;1413;16.9;0
7361;2025.09.10 16:15;10.75;26.62;23.75;1417;17.0;0
7362;2025.09.10 16:30;11.5;25;23.12;1414;17.0;0
7363;2025.09.10 16:45;12.12;26.88;24.75;1418;17.1;0
7364;2025.09.10 17:00;12.88;25.75;24.12;1415;17.0;0
7365;2025.09.10 17:15;13.5;29.5;26.38;1423;17.2;0
7366;2025.09.10 17:30;14.31;31.69;27.5;1428;17.3;0
7367;2025.09.10 17:45;15.25;32.62;28;1431;17.4;0
7368;2025.09.10 18:00;16.06;27.88;24;1421;17.2;0
7369;2025.09.10 18:15;16.31;28.5;26.25;1422;17.2;0
7370;2025.09.10 18:30;16.69;30.75;27.25;1425;17.3;0
7371;2025.09.10 18:45;17.12;27.25;24.25;1417;17.0;0
7372;2025.09.10 19:00;17.25;30.25;27.38;1424;17.2;0
7373;2025.09.10 19:15;17.75;32.62;28.06;1429;17.4;0
7374;2025.09.10 19:30;18.38;34.38;29.25;1434;17.5;0
7375;2025.09.10 19:45;18.88;32.75;28;1429;17.4;0
7376;2025.09.10 20:00;19.12;30.5;27.62;1420;17.1;0
7377;2025.09.10 20:15;19.12;31.12;28.75;1421;17.2;0
7378;2025.09.10 20:30;19.12;29.38;26.31;1418;17.1;0
7379;2025.09.10 20:45;19.12;29.38;26.25;1417;17.0;0
7380;2025.09.10 21:00;19.12;27;24.62;1409;16.8;0
7381;2025.09.10 21:15;19;27.12;25.5;1408;16.8;0
7382;2025.09.10 21:30;18.81;26;24.25;1405;16.7;0
7383;2025.09.10 21:45;18.62;23.62;23.75;1398;16.6;0
7384;2025.09.10 22:00;18.25;21.25;21;1392;16.4;0
7385;2025.09.10 22:15;17.94;22.5;22.5;1394;16.5;0
7386;2025.09.10 22:30;17.69;21.38;21.38;1391;16.4;0
7387;2025.09.10 22:45;17.44;21.31;21.5;1390;16.4;0
7388;2025.09.10 23:00;17.25;20;20.38;1386;16.3;0
7389;2025.09.10 23:15;17;18.5;19.19;1382;16.2;0
7390;2025.09.10 23:30;16.69;18.56;19.12;1381;16.1;0
7391;2025.09.10 23:45;16.5;18.94;19.75;1382;16.2;0
7392;2025.09.11 00:00;16.31;18.62;19.44;1380;16.1;0
7393;2025.09.11 00:15;16.12;17.56;18.38;1377;16.0;0
7394;2025.09.11 00:30;15.88;15.5;16;1372;15.9;0
7395;2025.09.11 00:45;15.62;14.75;15.31;1370;15.8;0
7396;2025.09.11 01:00;15.25;14.56;15.38;1369;15.8;0
7397;2025.09.11 01:15;15;14;14.75;1367;15.8;0
7398;2025.09.11 01:30;14.75;13.62;14.25;1366;15.7;0
7399;2025.09.11 01:45;14.5;13.5;14.38;1364;15.7;0
7400;2025.09.11 02:00;14.25;13.5;14.5;1364;15.7;0
7401;2025.09.11 02:15;14.12;13.56;14.62;1363;15.7;0
7402;2025.09.11 02:30;13.88;13.38;14.12;1362;15.6;0
7403;2025.09.11 02:45;13.75;13.69;15;1362;15.6;0
7404;2025.09.11 03:00;13.62;13.38;14.5;1361;15.6;0
7405;2025.09.11 03:15;13.5;12.88;13.69;1359;15.6;0
7406;2025.09.11 03:30;13.31;11.94;12.62;1356;15.5;0
7407;2025.09.11 03:45;13.12;11.25;11.69;1354;15.4;0
7408;2025.09.11 04:00;12.94;10.38;10.75;1352;15.4;0
7409;2025.09.11 04:15;12.75;9.81;10.12;1350;15.3;0
7410;2025.09.11 04:30;12.5;9.38;9.75;1349;15.3;0
7411;2025.09.11 04:45;12.31;8.56;8.75;1347;15.3;0
7412;2025.09.11 05:00;12.12;8;8.12;1345;15.2;0
7413;2025.09.11 05:15;11.88;7.38;7.5;1344;15.2;0
7414;2025.09.11 05:30;11.62;6.94;7;1343;15.1;0
7415;2025.09.11 05:45;11.5;6.5;6.44;1342;15.1;0
7416;2025.09.11 06:00;11.25;6.25;6.25;1341;15.1;0
7417;2025.09.11 06:15;11.06;5.88;5.75;1341;15.1;0
7418;2025.09.11 06:30;10.88;5.5;5.44;1341;15.1;0
7419;2025.09.11 06:45;10.62;5.25;5.12;1339;15.0;0
7420;2025.09.11 07:00;10.5;5.12;5.06;1339;15.0;0
7421;2025.09.11 07:15;10.31;5;5;1339;15.0;0
7422;2025.09.11 07:30;10.12;4.69;4.5;1338;15.0;0
7423;2025.09.11 07:45;10;4.75;4.62;1338;15.0;0
7424;2025.09.11 08:00;9.88;5.62;5.75;1340;15.1;0
7425;2025.09.11 08:15;9.75;6.44;6.56;1342;15.1;0
7426;2025.09.11 08:30;9.75;6.25;6.25;1341;15.1;0
7427;2025.09.11 08:45;9.62;5.5;5.44;1339;15.0;0
7428;2025.09.11 09:00;9.5;4.88;4.69;1337;15.0;0
7429;2025.09.11 09:15;9.38;4.5;4.38;1336;15.0;0
7430;2025.09.11 09:30;9.25;4.25;4.12;1335;14.9;0
7431;2025.09.11 09:45;9.12;4;3.75;1335;14.9;0
7432;2025.09.11 10:00;9;4.06;3.88;1335;14.9;0
7433;2025.09.11 10:15;8.88;3.75;3.44;1334;14.9;0
7434;2025.09.11 10:30;8.75;3.69;3.31;1334;14.9;0
7435;2025.09.11 10:45;8.62;3.75;3.5;1334;14.9;0
7436;2025.09.11 11:00;8.56;4.31;4.06;1335;14.9;0
7437;2025.09.11 11:15;8.5;5;5;1337;15.0;0
7438;2025.09.11 11:30;8.5;5;4.88;1336;15.0;0
7439;2025.09.11 11:45;8.44;4.06;3.88;1334;14.9;0
7440;2025.09.11 12:00;8.38;3.56;3.25;1333;14.9;0
7441;2025.09.11 12:15;8.25;3.5;3.38;1332;14.9;0
7442;2025.09.11 12:30;8.12;3.5;3.38;1332;14.9;0
7443;2025.09.11 12:45;8.06;3.38;3.12;1332;14.9;0
7444;2025.09.11 13:00;8;3.75;3.62;1332;14.9;0
7445;2025.09.11 13:15;7.88;3.38;3.25;1331;14.8;0
7446;2025.09.11 13:30;7.81;3.38;3.25;1331;14.8;0
7447;2025.09.11 13:45;7.75;3.19;3;1330;14.8;0
7448;2025.09.11 14:00;7.62;3.5;3.31;1331;14.8;0
7449;2025.09.11 14:15;7.62;3.88;3.62;1332;14.9;0
7450;2025.09.11 14:30;7.56;4.12;3.94;1332;14.9;0
7451;2025.09.11 14:45;7.56;10.38;10.81;1340;15.1;0
7452;2025.09.11 15:00;7.62;13.25;12.62;1343;15.1;0
7453;2025.09.11 15:15;7.88;17.25;15.62;1348;15.3;0
7454;2025.09.11 15:30;8.38;18.94;17.62;1350;15.3;0
7455;2025.09.11 15:45;8.88;21.5;18.88;1353;15.4;0
7456;2025.09.11 16:00;9.5;24;20.69;1357;15.5;0
7457;2025.09.11 16:15;10.25;25.38;21.62;1359;15.6;0
7458;2025.09.11 16:30;11;23.62;21.25;1356;15.5;0
7459;2025.09.11 16:45;11.62;26.62;23.56;1362;15.6;0
7460;2025.09.11 17:00;12.38;26.38;23.38;1363;15.7;0
7461;2025.09.11 17:15;13.12;26.44;23.56;1364;15.7;0
7462;2025.09.11 17:30;13.62;23.69;21.62;1358;15.5;0
7463;2025.09.11 17:45;13.88;19.81;18.69;1350;15.3;0
7464;2025.09.11 18:00;13.88;22;20.88;1355;15.5;0
7465;2025.09.11 18:15;14.12;21;20;1352;15.4;0
7466;2025.09.11 18:30;14.25;26.75;24.69;1366;15.7;0
7467;2025.09.11 18:45;14.81;28.5;25.88;1369;15.8;0
7468;2025.09.11 19:00;15.38;29.12;25.5;1371;15.9;0
7469;2025.09.11 19:15;16.12;30.44;26.06;1373;15.9;0
7470;2025.09.11 19:30;16.81;31.94;26.5;1378;16.1;0
7471;2025.09.11 19:45;17.38;26.88;22.88;1367;15.8;0
7472;2025.09.11 20:00;17.44;25.25;22.38;1360;15.6;0
7473;2025.09.11 20:15;17.38;24.62;23.12;1358;15.5;0
7474;2025.09.11 20:30;17.38;28.88;25.75;1369;15.8;0
7475;2025.09.11 20:45;17.75;31.56;26;1374;16.0;0
7476;2025.09.11 21:00;18;27.75;23.62;1364;15.7;0
7477;2025.09.11 21:15;18;22.62;20.62;1350;15.3;0
7478;2025.09.11 21:30;17.75;24.5;22.62;1354;15.4;0
7479;2025.09.11 21:45;17.38;20.88;20.88;1343;15.1;0
7480;2025.09.11 22:00;17;19;18.94;1339;15.0;0
7481;2025.09.11 22:15;16.75;18.94;19;1338;15.0;0
7482;2025.09.11 22:30;16.38;17.75;18.25;1335;14.9;0
7483;2025.09.11 22:45;16.12;17.31;17.75;1334;14.9;0
7484;2025.09.11 23:00;15.88;17.5;18.25;1334;14.9;0
7485;2025.09.11 23:15;15.62;17.62;18.38;1334;14.9;0
7486;2025.09.11 23:30;15.5;16.75;17.25;1331;14.8;0
7487;2025.09.11 23:45;15.25;16.12;16.75;1329;14.8;0
7488;2025.09.12 00:00;15;15.38;16;1327;14.7;0
7489;2025.09.12 00:15;14.81;15.19;15.81;1327;14.7;0
7490;2025.09.12 00:30;14.62;14.88;15.5;1325;14.7;0
7491;2025.09.12 00:45;14.44;14.38;14.88;1324;14.6;0
7492;2025.09.12 01:00;14.25;13.44;13.88;1322;14.6;0
7493;2025.09.12 01:15;14;12.38;12.81;1319;14.5;0
7494;2025.09.12 01:30;13.75;11.56;12;1317;14.5;0
7495;2025.09.12 01:45;13.5;10.88;11.25;1315;14.4;0
7496;2025.09.12 02:00;13.25;10.12;10.38;1313;14.4;0
7497;2025.09.12 02:15;13;9.62;9.75;1312;14.3;0
7498;2025.09.12 02:30;12.81;9;9.12;1311;14.3;0
7499;2025.09.12 02:45;12.56;8.5;8.56;1309;14.3;0
7500;2025.09.12 03:00;12.31;7.94;8;1308;14.2;0
7501;2025.09.12 03:15;12.12;7.62;7.75;1308;14.2;0
7502;2025.09.12 03:30;11.88;7.5;7.56;1307;14.2;0
7503;2025.09.12 03:45;11.62;7.25;7.25;1307;14.2;0
7504;2025.09.12 04:00;11.5;7.38;7.44;1307;14.2;0
7505;2025.09.12 04:15;11.31;7.19;7.12;1306;14.2;0
7506;2025.09.12 04:30;11.19;7.12;7.12;1306;14.2;0
7507;2025.09.12 04:45;11;7.12;7.12;1306;14.2;0
7508;2025.09.12 05:00;10.88;7.44;7.38;1307;14.2;0
7509;2025.09.12 05:15;10.81;7.75;7.75;1307;14.2;0
7510;2025.09.12 05:30;10.75;7.88;7.88;1307;14.2;0
7511;2025.09.12 05:45;10.62;7.69;7.88;1306;14.2;0
7512;2025.09.12 06:00;10.5;7.56;7.62;1305;14.1;0
7513;2025.09.12 06:15;10.44;7.38;7.44;1304;14.1;0
7514;2025.09.12 06:30;10.38;7.31;7.31;1304;14.1;0
7515;2025.09.12 06:45;10.25;7.5;7.5;1304;14.1;0
7516;2025.09.12 07:00;10.19;7.75;7.75;1304;14.1;0
7517;2025.09.12 07:15;10.12;7.88;8.12;1304;14.1;0
7518;2025.09.12 07:30;10.12;8.25;8.62;1304;14.1;0
7519;2025.09.12 07:45;10.06;8.38;8.75;1303;14.1;0
7520;2025.09.12 08:00;10;8.75;9.44;1303;14.1;0
7521;2025.09.12 08:15;10;8.75;9.31;1303;14.1;0
7522;2025.09.12 08:30;9.94;9.5;10.62;1303;14.1;0
7523;2025.09.12 08:45;9.88;9.69;10.62;1302;14.1;0
7524;2025.09.12 09:00;9.88;9.69;10.5;1302;14.1;0
7525;2025.09.12 09:15;9.88;9.19;9.62;1300;14.0;0
7526;2025.09.12 09:30;9.81;9.06;9.5;1299;14.0;0
7527;2025.09.12 09:45;9.81;8.88;9.25;1298;14.0;0
7528;2025.09.12 10:00;9.75;8.81;9.25;1298;14.0;0
7529;2025.09.12 10:15;9.75;7.69;8.19;1295;13.9;0
7530;2025.09.12 10:30;9.62;7.75;8.38;1294;13.9;0
7531;2025.09.12 10:45;9.5;7.88;8.38;1294;13.9;0
7532;2025.09.12 11:00;9.5;8.19;8.75;1294;13.9;0
7533;2025.09.12 11:15;9.44;8.88;9.94;1295;13.9;0
7534;2025.09.12 11:30;9.44;9.62;11.25;1296;13.9;0
7535;2025.09.12 11:45;9.44;9.75;11;1295;13.9;0
7536;2025.09.12 12:00;9.44;9.5;10.44;1294;13.9;0
7537;2025.09.12 12:15;9.38;9.38;10.31;1294;13.9;0
7538;2025.09.12 12:30;9.38;8.88;9.5;1292;13.8;0
7539;2025.09.12 12:45;9.38;8.81;9.25;1292;13.8;0
7540;2025.09.12 13:00;9.38;9;9.88;1292;13.8;0
7541;2025.09.12 13:15;9.38;9.12;10.31;1291;13.8;0
7542;2025.09.12 13:30;9.31;8.88;9.81;1290;13.7;0
7543;2025.09.12 13:45;9.25;8.25;8.62;1289;13.7;0
7544;2025.09.12 14:00;9.25;8.75;9.12;1290;13.7;0
7545;2025.09.12 14:15;9.25;10.25;10.75;1292;13.8;0
7546;2025.09.12 14:30;9.38;11.62;12.12;1295;13.9;0
7547;2025.09.12 14:45;9.5;17.06;17.56;1303;14.1;0
7548;2025.09.12 15:00;9.81;17.38;17.12;1304;14.1;0
7549;2025.09.12 15:15;10.12;15.25;15.12;1300;14.0;0
7550;2025.09.12 15:30;10.31;16.19;16.12;1302;14.1;0
7551;2025.09.12 15:45;10.56;19.44;18.69;1308;14.2;0
7552;2025.09.12 16:00;10.88;19.88;18.75;1309;14.3;0
7553;2025.09.12 16:15;11.25;17.75;16.94;1304;14.1;0
7554;2025.09.12 16:30;11.44;18.31;17.69;1305;14.1;0
7555;2025.09.12 16:45;11.81;25.25;23.62;1319;14.5;0
7556;2025.09.12 17:00;12.5;27.25;23.94;1324;14.6;0
7557;2025.09.12 17:15;13.38;31.88;27;1335;14.9;0
7558;2025.09.12 17:30;14.44;29.88;24.88;1332;14.9;0
7559;2025.09.12 17:45;15;24.81;21.38;1323;14.6;0
7560;2025.09.12 18:00;15.25;22.62;20.06;1318;14.5;0
7561;2025.09.12 18:15;15.31;21.38;19.56;1315;14.4;0
7562;2025.09.12 18:30;15.25;19.75;18.5;1311;14.3;0
7563;2025.09.12 18:45;15.19;18.56;17.56;1308;14.2;0
7564;2025.09.12 19:00;15;19.38;18.62;1310;14.3;0
7565;2025.09.12 19:15;15.06;22;20.38;1316;14.4;0
7566;2025.09.12 19:30;15.25;24;21.69;1321;14.6;0
7567;2025.09.12 19:45;15.62;24.38;21.69;1320;14.5;0
7568;2025.09.12 20:00;15.88;22.62;20.38;1316;14.4;0
7569;2025.09.12 20:15;16;23;21;1316;14.4;0
7570;2025.09.12 20:30;16.12;22;20;1314;14.4;0
7571;2025.09.12 20:45;16.12;24.62;21.81;1322;14.6;0
7572;2025.09.12 21:00;16.38;22.81;19.88;1315;14.4;0
7573;2025.09.12 21:15;16.44;20.5;18.25;1309;14.3;0
7574;2025.09.12 21:30;16.38;18.5;16.88;1305;14.1;0
7575;2025.09.12 21:45;16.12;17.38;16;1303;14.1;0
7576;2025.09.12 22:00;16;14;13.38;1306;14.2;0
7577;2025.09.12 22:15;15.62;12.88;12.25;1304;14.1;0
7578;2025.09.12 22:30;15.38;13.69;13.12;1306;14.2;0
7579;2025.09.12 22:45;15.25;15.06;14.25;1308;14.2;0
7580;2025.09.12 23:00;15.25;15.12;14.06;1308;14.2;0
7581;2025.09.12 23:15;15.12;15;14.06;1307;14.2;0
7582;2025.09.12 23:30;15;13.94;13.25;1304;14.1;0
7583;2025.09.12 23:45;14.75;13.5;12.88;1302;14.1;0
7584;2025.09.13 00:00;14.56;13.75;13.25;1303;14.1;0
7585;2025.09.13 00:15;14.38;13.56;13;1302;14.1;0
7586;2025.09.13 00:30;14.25;13;12.5;1300;14.0;0
7587;2025.09.13 00:45;14.12;12.38;11.81;1299;14.0;0
7588;2025.09.13 01:00;13.94;11.62;11.12;1297;13.9;0
7589;2025.09.13 01:15;13.75;11.12;10.69;1296;13.9;0
7590;2025.09.13 01:30;13.5;10.75;10.38;1295;13.9;0
7591;2025.09.13 01:45;13.31;10.44;10;1295;13.9;0
7592;2025.09.13 02:00;13.12;10.25;9.88;1294;13.9;0
7593;2025.09.13 02:15;12.94;10.25;10;1294;13.9;0
7594;2025.09.13 02:30;12.75;10.38;10.56;1293;13.8;0
7595;2025.09.13 02:45;12.62;9.75;9.56;1292;13.8;0
7596;2025.09.13 03:00;12.38;9.31;8.94;1291;13.8;0
7597;2025.09.13 03:15;12.25;8.75;8.31;1291;13.8;0
7598;2025.09.13 03:30;12.12;8.31;7.75;1291;13.8;0
7599;2025.09.13 03:45;11.94;8;7.38;1291;13.8;0
7600;2025.09.13 04:00;11.75;7.88;7.25;1291;13.8;0
7601;2025.09.13 04:15;11.62;7.75;7.25;1290;13.7;0
7602;2025.09.13 04:30;11.5;7.62;7;1290;13.7;0
7603;2025.09.13 04:45;11.38;7.31;6.69;1290;13.7;0
7604;2025.09.13 05:00;11.25;6.88;6.38;1289;13.7;0
7605;2025.09.13 05:15;11.06;5.88;5.25;1287;13.7;0
7606;2025.09.13 05:30;10.88;5.06;4.5;1285;13.6;0
7607;2025.09.13 05:45;10.62;4.44;3.81;1284;13.6;0
7608;2025.09.13 06:00;10.38;4.12;3.62;1284;13.6;0
7609;2025.09.13 06:15;10.19;3.75;3.25;1284;13.6;0
7610;2025.09.13 06:30;10;3.31;2.75;1283;13.6;0
7611;2025.09.13 06:45;9.75;3;2.5;1283;13.6;0
7612;2025.09.13 07:00;9.5;2.75;2.25;1283;13.6;0
7613;2025.09.13 07:15;9.38;2.38;1.75;1282;13.5;0
7614;2025.09.13 07:30;9.12;2.25;1.69;1282;13.5;0
7615;2025.09.13 07:45;9;1.94;1.38;1282;13.5;0
7616;2025.09.13 08:00;8.75;1.62;1;1281;13.5;0
7617;2025.09.13 08:15;8.62;1.38;0.75;1281;13.5;0
7618;2025.09.13 08:30;8.38;1.25;0.75;1281;13.5;0
7619;2025.09.13 08:45;8.25;0.94;0.31;1281;13.5;0
7620;2025.09.13 09:00;8.06;0.88;0.38;1281;13.5;0
7621;2025.09.13 09:15;7.88;0.75;0.19;1281;13.5;0
7622;2025.09.13 09:30;7.75;0.38;-0.25;1281;13.5;0
7623;2025.09.13 09:45;7.62;0.38;-0.25;1281;13.5;0
7624;2025.09.13 10:00;7.44;0.25;-0.25;1281;13.5;0
7625;2025.09.13 10:15;7.31;0.12;-0.5;1279;13.5;0
7626;2025.09.13 10:30;7.12;0.06;-0.5;1279;13.5;0
7627;2025.09.13 10:45;7;-0.12;-0.75;1279;13.5;0
7628;2025.09.13 11:00;6.88;-0.25;-0.75;1279;13.5;0
7629;2025.09.13 11:15;6.75;-0.31;-0.88;1278;13.4;0
7630;2025.09.13 11:30;6.62;-0.38;-0.88;1278;13.4;0
7631;2025.09.13 11:45;6.5;-0.44;-1;1278;13.4;0
7632;2025.09.13 12:00;6.38;-0.62;-1.25;1277;13.4;0
7633;2025.09.13 12:15;6.25;-0.75;-1.25;1277;13.4;0
7634;2025.09.13 12:30;6.12;-0.81;-1.38;1277;13.4;0
7635;2025.09.13 12:45;6.06;-0.88;-1.38;1277;13.4;0
7636;2025.09.13 13:00;5.94;-0.94;-1.5;1277;13.4;0
7637;2025.09.13 13:15;5.88;-0.88;-1.5;1277;13.4;0
7638;2025.09.13 13:30;5.75;-0.62;-1.19;1277;13.4;0
7639;2025.09.13 13:45;5.69;-0.5;-1.12;1278;13.4;0
7640;2025.09.13 14:00;5.62;-0.38;-1;1278;13.4;0
7641;2025.09.13 14:15;5.56;-0.12;-0.5;1279;13.5;0
7642;2025.09.13 14:30;5.5;0.25;-0.12;1279;13.5;0
7643;2025.09.13 14:45;5.5;4.81;4.5;1287;13.7;0
7644;2025.09.13 15:00;5.62;8;7.88;1291;13.8;0
7645;2025.09.13 15:15;5.88;10.5;10.62;1294;13.9;0
7646;2025.09.13 15:30;6.25;13.25;12.44;1297;13.9;0
7647;2025.09.13 15:45;6.75;17.25;14.38;1302;14.1;0
7648;2025.09.13 16:00;7.5;19.75;15.62;1304;14.1;0
7649;2025.09.13 16:15;8.25;21.12;16.62;1304;14.1;0
7650;2025.09.13 16:30;9;19.69;16.88;1299;14.0;0
7651;2025.09.13 16:45;9.62;21.94;18.62;1304;14.1;0
7652;2025.09.13 17:00;10.25;22.12;19.44;1305;14.1;0
7653;2025.09.13 17:15;11.06;25.62;21.25;1313;14.4;0
7654;2025.09.13 17:30;12;27.56;22.56;1318;14.5;0
7655;2025.09.13 17:45;12.94;29.25;23.5;1322;14.6;0
7656;2025.09.13 18:00;13.94;30.75;24.88;1326;14.7;0
7657;2025.09.13 18:15;14.75;29.62;23.75;1325;14.7;0
7658;2025.09.13 18:30;15.31;21.75;17.75;1316;14.4;0
7659;2025.09.13 18:45;15.25;16.44;14.19;1305;14.1;0
7660;2025.09.13 19:00;14.88;15.75;14.25;1304;14.1;0
7661;2025.09.13 19:15;14.75;22.88;20;1315;14.4;0
7662;2025.09.13 19:30;15;21.12;18.25;1306;14.2;0
7663;2025.09.13 19:45;15;18.88;17;1300;14.0;0
7664;2025.09.13 20:00;14.81;20.62;19.62;1302;14.1;0
7665;2025.09.13 20:15;14.81;20;18.25;1299;14.0;0
7666;2025.09.13 20:30;14.75;23.25;20.81;1307;14.2;0
7667;2025.09.13 20:45;15.12;28.5;23.44;1321;14.6;0
7668;2025.09.13 21:00;24.25;27.5;25.62;532;0.0;0
7669;2025.09.13 21:15;25.75;26.56;25.62;528;0.0;0
7670;2025.09.13 21:30;25.75;26;25.25;529;0.0;0
7671;2025.09.13 21:45;28.12;26.5;25.38;527;0.0;0
7672;2025.09.13 22:00;25.94;27.38;27.38;529;0.0;0
7673;2025.09.13 22:15;28.88;27.19;26;534;0.0;0
7674;2025.09.13 22:30;27.12;27.06;25.62;521;0.0;0
7675;2025.09.13 22:45;24.81;26.25;25;513;0.0;0
7676;2025.09.13 23:00;22.25;24.69;23.38;471;0.0;0
7677;2025.09.13 23:15;19.88;22;20.56;463;0.0;0
7678;2025.09.13 23:30;19.5;20.81;20.06;459;0.0;0
7679;2025.09.13 23:45;19.38;20.19;19.81;457;0.0;0
