"","SiteID","Group","Species","Row","Column","germination.spring","germination.fall.new","germ.any","survival.spring","survival.fall","surv.any","tray.damage.spring","tray.damage.fall","damage.any","nodamage.any","dead.germinant.fall","canopy.cover.mean","elevation.m","TPI.30","TPI.gen","Slope","TRI.30","TRI.gen","aspect","aspect.gen","site.type"
"1","CR01","C","pico","A",1,0,0,0,0,0,0,0,0,0,1,0,21.22,2437.812423,6.496385668,"convex",20.37066764,11.10871538,"high",323.7876155,"NW","convex.rugged"
"2","CR01","C","pico","A",2,0,0,0,0,0,0,0,0,0,1,0,21.22,2437.812423,6.496385668,"convex",20.37066764,11.10871538,"high",323.7876155,"NW","convex.rugged"
"3","CR01","C","pico","A",3,0,0,0,0,0,0,0,0,0,1,0,21.22,2437.812423,6.496385668,"convex",20.37066764,11.10871538,"high",323.7876155,"NW","convex.rugged"
"4","CR01","C","pico","A",4,0,0,0,0,0,0,0,0,0,1,0,21.22,2437.812423,6.496385668,"convex",20.37066764,11.10871538,"high",323.7876155,"NW","convex.rugged"
"5","CR01","C","pico","A",5,0,0,0,0,0,0,0,0,0,1,0,21.22,2437.812423,6.496385668,"convex",20.37066764,11.10871538,"high",323.7876155,"NW","convex.rugged"
"6","CR01","C","pico","A",6,0,0,0,0,0,0,0,0,0,1,0,21.22,2437.812423,6.496385668,"convex",20.37066764,11.10871538,"high",323.7876155,"NW","convex.rugged"
"7","CR01","C","pico","A",7,0,0,0,0,0,0,0,0,0,1,0,21.22,2437.812423,6.496385668,"convex",20.37066764,11.10871538,"high",323.7876155,"NW","convex.rugged"
"8","CR01","C","pico","A",8,0,0,0,0,0,0,0,0,0,1,0,21.22,2437.812423,6.496385668,"convex",20.37066764,11.10871538,"high",323.7876155,"NW","convex.rugged"
"9","CR01","C","pico","A",9,0,0,0,0,0,0,0,0,0,1,0,21.22,2437.812423,6.496385668,"convex",20.37066764,11.10871538,"high",323.7876155,"NW","convex.rugged"
"10","CR01","C","pico","A",10,0,0,0,0,0,0,0,0,0,1,0,21.22,2437.812423,6.496385668,"convex",20.37066764,11.10871538,"high",323.7876155,"NW","convex.rugged"
"11","CR01","C","psme","A",1,0,0,0,0,0,0,0,0,0,1,0,21.22,2437.812423,6.496385668,"convex",20.37066764,11.10871538,"high",323.7876155,"NW","convex.rugged"
"12","CR01","C","psme","A",2,0,0,0,0,0,0,0,0,0,1,0,21.22,2437.812423,6.496385668,"convex",20.37066764,11.10871538,"high",323.7876155,"NW","convex.rugged"
"13","CR01","C","psme","A",3,0,0,0,0,0,0,0,0,0,1,0,21.22,2437.812423,6.496385668,"convex",20.37066764,11.10871538,"high",323.7876155,"NW","convex.rugged"
"14","CR01","C","psme","A",4,0,0,0,0,0,0,0,0,0,1,0,21.22,2437.812423,6.496385668,"convex",20.37066764,11.10871538,"high",323.7876155,"NW","convex.rugged"
"15","CR01","C","psme","A",5,0,0,0,0,0,0,0,0,0,1,0,21.22,2437.812423,6.496385668,"convex",20.37066764,11.10871538,"high",323.7876155,"NW","convex.rugged"
"16","CR01","C","psme","A",6,0,0,0,0,0,0,0,0,0,1,0,21.22,2437.812423,6.496385668,"convex",20.37066764,11.10871538,"high",323.7876155,"NW","convex.rugged"
"17","CR01","C","psme","A",7,0,0,0,0,0,0,0,0,0,1,0,21.22,2437.812423,6.496385668,"convex",20.37066764,11.10871538,"high",323.7876155,"NW","convex.rugged"
"18","CR01","C","psme","A",8,0,0,0,0,0,0,0,0,0,1,0,21.22,2437.812423,6.496385668,"convex",20.37066764,11.10871538,"high",323.7876155,"NW","convex.rugged"
"19","CR01","C","psme","A",9,0,0,0,0,0,0,0,0,0,1,0,21.22,2437.812423,6.496385668,"convex",20.37066764,11.10871538,"high",323.7876155,"NW","convex.rugged"
"20","CR01","C","psme","A",10,0,0,0,0,0,0,0,0,0,1,0,21.22,2437.812423,6.496385668,"convex",20.37066764,11.10871538,"high",323.7876155,"NW","convex.rugged"
"21","CR01","E","pico","A",1,0,0,0,0,0,0,0,0,0,1,0,21.22,2437.812423,6.496385668,"convex",20.37066764,11.10871538,"high",323.7876155,"NW","convex.rugged"
"22","CR01","E","pico","A",2,0,0,0,0,0,0,0,0,0,1,0,21.22,2437.812423,6.496385668,"convex",20.37066764,11.10871538,"high",323.7876155,"NW","convex.rugged"
"23","CR01","E","pico","A",3,0,0,0,0,0,0,0,0,0,1,0,21.22,2437.812423,6.496385668,"convex",20.37066764,11.10871538,"high",323.7876155,"NW","convex.rugged"
"24","CR01","E","pico","A",4,0,0,0,0,0,0,0,0,0,1,0,21.22,2437.812423,6.496385668,"convex",20.37066764,11.10871538,"high",323.7876155,"NW","convex.rugged"
"25","CR01","E","pico","A",5,0,0,0,0,0,0,0,0,0,1,0,21.22,2437.812423,6.496385668,"convex",20.37066764,11.10871538,"high",323.7876155,"NW","convex.rugged"
"26","CR01","E","pico","A",6,0,0,0,0,0,0,0,0,0,1,0,21.22,2437.812423,6.496385668,"convex",20.37066764,11.10871538,"high",323.7876155,"NW","convex.rugged"
"27","CR01","E","pico","A",7,1,0,1,1,0,0,0,0,0,1,0,21.22,2437.812423,6.496385668,"convex",20.37066764,11.10871538,"high",323.7876155,"NW","convex.rugged"
"28","CR01","E","pico","A",8,0,0,0,0,0,0,0,0,0,1,0,21.22,2437.812423,6.496385668,"convex",20.37066764,11.10871538,"high",323.7876155,"NW","convex.rugged"
"29","CR01","E","pico","A",9,0,0,0,0,0,0,0,0,0,1,0,21.22,2437.812423,6.496385668,"convex",20.37066764,11.10871538,"high",323.7876155,"NW","convex.rugged"
"30","CR01","E","pico","A",10,0,0,0,0,0,0,0,0,0,1,0,21.22,2437.812423,6.496385668,"convex",20.37066764,11.10871538,"high",323.7876155,"NW","convex.rugged"
"31","CR01","E","psme","A",1,0,0,0,0,0,0,0,0,0,1,0,21.22,2437.812423,6.496385668,"convex",20.37066764,11.10871538,"high",323.7876155,"NW","convex.rugged"
"32","CR01","E","psme","A",2,0,0,0,0,0,0,0,0,0,1,0,21.22,2437.812423,6.496385668,"convex",20.37066764,11.10871538,"high",323.7876155,"NW","convex.rugged"
"33","CR01","E","psme","A",3,0,0,0,0,0,0,0,0,0,1,0,21.22,2437.812423,6.496385668,"convex",20.37066764,11.10871538,"high",323.7876155,"NW","convex.rugged"
"34","CR01","E","psme","A",4,0,0,0,0,0,0,0,0,0,1,0,21.22,2437.812423,6.496385668,"convex",20.37066764,11.10871538,"high",323.7876155,"NW","convex.rugged"
"35","CR01","E","psme","A",5,0,0,0,0,0,0,0,0,0,1,0,21.22,2437.812423,6.496385668,"convex",20.37066764,11.10871538,"high",323.7876155,"NW","convex.rugged"
"36","CR01","E","psme","A",6,0,0,0,0,0,0,0,0,0,1,0,21.22,2437.812423,6.496385668,"convex",20.37066764,11.10871538,"high",323.7876155,"NW","convex.rugged"
"37","CR01","E","psme","A",7,1,0,1,1,0,0,0,0,0,1,1,21.22,2437.812423,6.496385668,"convex",20.37066764,11.10871538,"high",323.7876155,"NW","convex.rugged"
"38","CR01","E","psme","A",8,0,0,0,0,0,0,0,0,0,1,0,21.22,2437.812423,6.496385668,"convex",20.37066764,11.10871538,"high",323.7876155,"NW","convex.rugged"
"39","CR01","E","psme","A",9,0,0,0,0,0,0,0,0,0,1,0,21.22,2437.812423,6.496385668,"convex",20.37066764,11.10871538,"high",323.7876155,"NW","convex.rugged"
"40","CR01","E","psme","A",10,0,0,0,0,0,0,0,0,0,1,0,21.22,2437.812423,6.496385668,"convex",20.37066764,11.10871538,"high",323.7876155,"NW","convex.rugged"
"41","CR01","N","pico","A",1,0,0,0,0,0,0,0,0,0,1,0,21.22,2437.812423,6.496385668,"convex",20.37066764,11.10871538,"high",323.7876155,"NW","convex.rugged"
"42","CR01","N","pico","A",2,0,0,0,0,0,0,0,0,0,1,0,21.22,2437.812423,6.496385668,"convex",20.37066764,11.10871538,"high",323.7876155,"NW","convex.rugged"
"43","CR01","N","pico","A",3,0,0,0,0,0,0,0,0,0,1,0,21.22,2437.812423,6.496385668,"convex",20.37066764,11.10871538,"high",323.7876155,"NW","convex.rugged"
"44","CR01","N","pico","A",4,0,0,0,0,0,0,0,0,0,1,0,21.22,2437.812423,6.496385668,"convex",20.37066764,11.10871538,"high",323.7876155,"NW","convex.rugged"
"45","CR01","N","pico","A",5,0,0,0,0,0,0,1,0,1,0,0,21.22,2437.812423,6.496385668,"convex",20.37066764,11.10871538,"high",323.7876155,"NW","convex.rugged"
"46","CR01","N","pico","A",6,0,0,0,0,0,0,1,0,1,0,0,21.22,2437.812423,6.496385668,"convex",20.37066764,11.10871538,"high",323.7876155,"NW","convex.rugged"
"47","CR01","N","pico","A",7,0,0,0,0,0,0,0,0,0,1,0,21.22,2437.812423,6.496385668,"convex",20.37066764,11.10871538,"high",323.7876155,"NW","convex.rugged"
"48","CR01","N","pico","A",8,0,0,0,0,0,0,1,0,1,0,0,21.22,2437.812423,6.496385668,"convex",20.37066764,11.10871538,"high",323.7876155,"NW","convex.rugged"
"49","CR01","N","pico","A",9,0,0,0,0,0,0,1,0,1,0,0,21.22,2437.812423,6.496385668,"convex",20.37066764,11.10871538,"high",323.7876155,"NW","convex.rugged"
"50","CR01","N","pico","A",10,0,0,0,0,0,0,0,0,0,1,0,21.22,2437.812423,6.496385668,"convex",20.37066764,11.10871538,"high",323.7876155,"NW","convex.rugged"
"51","CR01","N","psme","A",1,0,0,0,0,0,0,0,0,0,1,0,21.22,2437.812423,6.496385668,"convex",20.37066764,11.10871538,"high",323.7876155,"NW","convex.rugged"
"52","CR01","N","psme","A",2,0,0,0,0,0,0,0,0,0,1,0,21.22,2437.812423,6.496385668,"convex",20.37066764,11.10871538,"high",323.7876155,"NW","convex.rugged"
"53","CR01","N","psme","A",3,0,0,0,0,0,0,0,0,0,1,0,21.22,2437.812423,6.496385668,"convex",20.37066764,11.10871538,"high",323.7876155,"NW","convex.rugged"
"54","CR01","N","psme","A",4,0,0,0,0,0,0,0,0,0,1,0,21.22,2437.812423,6.496385668,"convex",20.37066764,11.10871538,"high",323.7876155,"NW","convex.rugged"
"55","CR01","N","psme","A",5,0,0,0,0,0,0,0,0,0,1,0,21.22,2437.812423,6.496385668,"convex",20.37066764,11.10871538,"high",323.7876155,"NW","convex.rugged"
"56","CR01","N","psme","A",6,1,0,1,1,1,0,0,0,0,1,0,21.22,2437.812423,6.496385668,"convex",20.37066764,11.10871538,"high",323.7876155,"NW","convex.rugged"
"57","CR01","N","psme","A",7,0,0,0,0,0,0,0,0,0,1,0,21.22,2437.812423,6.496385668,"convex",20.37066764,11.10871538,"high",323.7876155,"NW","convex.rugged"
"58","CR01","N","psme","A",8,0,0,0,0,0,0,0,0,0,1,0,21.22,2437.812423,6.496385668,"convex",20.37066764,11.10871538,"high",323.7876155,"NW","convex.rugged"
"59","CR01","N","psme","A",9,1,0,1,1,1,0,0,0,0,1,0,21.22,2437.812423,6.496385668,"convex",20.37066764,11.10871538,"high",323.7876155,"NW","convex.rugged"
"60","CR01","N","psme","A",10,0,0,0,0,0,0,0,0,0,1,0,21.22,2437.812423,6.496385668,"convex",20.37066764,11.10871538,"high",323.7876155,"NW","convex.rugged"
"61","CR01","S","pico","A",1,0,0,0,0,0,0,0,0,0,1,0,21.22,2437.812423,6.496385668,"convex",20.37066764,11.10871538,"high",323.7876155,"NW","convex.rugged"
"62","CR01","S","pico","A",2,0,0,0,0,0,0,0,0,0,1,0,21.22,2437.812423,6.496385668,"convex",20.37066764,11.10871538,"high",323.7876155,"NW","convex.rugged"
"63","CR01","S","pico","A",3,0,0,0,0,0,0,0,0,0,1,0,21.22,2437.812423,6.496385668,"convex",20.37066764,11.10871538,"high",323.7876155,"NW","convex.rugged"
"64","CR01","S","pico","A",4,0,0,0,0,0,0,0,0,0,1,0,21.22,2437.812423,6.496385668,"convex",20.37066764,11.10871538,"high",323.7876155,"NW","convex.rugged"
"65","CR01","S","pico","A",5,1,0,1,1,0,0,0,0,0,1,0,21.22,2437.812423,6.496385668,"convex",20.37066764,11.10871538,"high",323.7876155,"NW","convex.rugged"
"66","CR01","S","pico","A",6,0,0,0,0,0,0,0,0,0,1,0,21.22,2437.812423,6.496385668,"convex",20.37066764,11.10871538,"high",323.7876155,"NW","convex.rugged"
"67","CR01","S","pico","A",7,0,0,0,0,0,0,0,0,0,1,0,21.22,2437.812423,6.496385668,"convex",20.37066764,11.10871538,"high",323.7876155,"NW","convex.rugged"
"68","CR01","S","pico","A",8,0,0,0,0,0,0,0,0,0,1,0,21.22,2437.812423,6.496385668,"convex",20.37066764,11.10871538,"high",323.7876155,"NW","convex.rugged"
"69","CR01","S","pico","A",9,0,0,0,0,0,0,0,0,0,1,0,21.22,2437.812423,6.496385668,"convex",20.37066764,11.10871538,"high",323.7876155,"NW","convex.rugged"
"70","CR01","S","pico","A",10,0,0,0,0,0,0,0,0,0,1,0,21.22,2437.812423,6.496385668,"convex",20.37066764,11.10871538,"high",323.7876155,"NW","convex.rugged"
"71","CR01","S","psme","A",1,0,0,0,0,0,0,0,0,0,1,0,21.22,2437.812423,6.496385668,"convex",20.37066764,11.10871538,"high",323.7876155,"NW","convex.rugged"
"72","CR01","S","psme","A",2,0,0,0,0,0,0,0,0,0,1,0,21.22,2437.812423,6.496385668,"convex",20.37066764,11.10871538,"high",323.7876155,"NW","convex.rugged"
"73","CR01","S","psme","A",3,0,0,0,0,0,0,0,0,0,1,0,21.22,2437.812423,6.496385668,"convex",20.37066764,11.10871538,"high",323.7876155,"NW","convex.rugged"
"74","CR01","S","psme","A",4,0,0,0,0,0,0,0,0,0,1,0,21.22,2437.812423,6.496385668,"convex",20.37066764,11.10871538,"high",323.7876155,"NW","convex.rugged"
"75","CR01","S","psme","A",5,0,0,0,0,0,0,0,0,0,1,0,21.22,2437.812423,6.496385668,"convex",20.37066764,11.10871538,"high",323.7876155,"NW","convex.rugged"
"76","CR01","S","psme","A",6,0,0,0,0,0,0,0,0,0,1,0,21.22,2437.812423,6.496385668,"convex",20.37066764,11.10871538,"high",323.7876155,"NW","convex.rugged"
"77","CR01","S","psme","A",7,0,0,0,0,0,0,0,0,0,1,0,21.22,2437.812423,6.496385668,"convex",20.37066764,11.10871538,"high",323.7876155,"NW","convex.rugged"
"78","CR01","S","psme","A",8,0,0,0,0,0,0,0,0,0,1,0,21.22,2437.812423,6.496385668,"convex",20.37066764,11.10871538,"high",323.7876155,"NW","convex.rugged"
"79","CR01","S","psme","A",9,0,0,0,0,0,0,0,0,0,1,0,21.22,2437.812423,6.496385668,"convex",20.37066764,11.10871538,"high",323.7876155,"NW","convex.rugged"
"80","CR01","S","psme","A",10,0,0,0,0,0,0,0,0,0,1,0,21.22,2437.812423,6.496385668,"convex",20.37066764,11.10871538,"high",323.7876155,"NW","convex.rugged"
"81","CR01","W","pico","A",1,0,0,0,0,0,0,0,0,0,1,0,21.22,2437.812423,6.496385668,"convex",20.37066764,11.10871538,"high",323.7876155,"NW","convex.rugged"
"82","CR01","W","pico","A",2,0,0,0,0,0,0,0,0,0,1,0,21.22,2437.812423,6.496385668,"convex",20.37066764,11.10871538,"high",323.7876155,"NW","convex.rugged"
"83","CR01","W","pico","A",3,0,0,0,0,0,0,0,0,0,1,0,21.22,2437.812423,6.496385668,"convex",20.37066764,11.10871538,"high",323.7876155,"NW","convex.rugged"
"84","CR01","W","pico","A",4,0,0,0,0,0,0,0,0,0,1,0,21.22,2437.812423,6.496385668,"convex",20.37066764,11.10871538,"high",323.7876155,"NW","convex.rugged"
"85","CR01","W","pico","A",5,0,0,0,0,0,0,0,0,0,1,0,21.22,2437.812423,6.496385668,"convex",20.37066764,11.10871538,"high",323.7876155,"NW","convex.rugged"
"86","CR01","W","pico","A",6,1,0,1,1,0,0,0,0,0,1,0,21.22,2437.812423,6.496385668,"convex",20.37066764,11.10871538,"high",323.7876155,"NW","convex.rugged"
"87","CR01","W","pico","A",7,0,0,0,0,0,0,1,0,1,0,0,21.22,2437.812423,6.496385668,"convex",20.37066764,11.10871538,"high",323.7876155,"NW","convex.rugged"
"88","CR01","W","pico","A",8,0,0,0,0,0,0,0,0,0,1,0,21.22,2437.812423,6.496385668,"convex",20.37066764,11.10871538,"high",323.7876155,"NW","convex.rugged"
"89","CR01","W","pico","A",9,0,0,0,0,0,0,1,0,1,0,0,21.22,2437.812423,6.496385668,"convex",20.37066764,11.10871538,"high",323.7876155,"NW","convex.rugged"
"90","CR01","W","pico","A",10,0,0,0,0,0,0,0,0,0,1,0,21.22,2437.812423,6.496385668,"convex",20.37066764,11.10871538,"high",323.7876155,"NW","convex.rugged"
"91","CR01","W","psme","A",1,0,0,0,0,0,0,0,0,0,1,0,21.22,2437.812423,6.496385668,"convex",20.37066764,11.10871538,"high",323.7876155,"NW","convex.rugged"
"92","CR01","W","psme","A",2,0,0,0,0,0,0,0,0,0,1,0,21.22,2437.812423,6.496385668,"convex",20.37066764,11.10871538,"high",323.7876155,"NW","convex.rugged"
"93","CR01","W","psme","A",3,0,0,0,0,0,0,0,0,0,1,0,21.22,2437.812423,6.496385668,"convex",20.37066764,11.10871538,"high",323.7876155,"NW","convex.rugged"
"94","CR01","W","psme","A",4,0,0,0,0,0,0,0,0,0,1,0,21.22,2437.812423,6.496385668,"convex",20.37066764,11.10871538,"high",323.7876155,"NW","convex.rugged"
"95","CR01","W","psme","A",5,0,0,0,0,0,0,0,0,0,1,0,21.22,2437.812423,6.496385668,"convex",20.37066764,11.10871538,"high",323.7876155,"NW","convex.rugged"
"96","CR01","W","psme","A",6,0,0,0,0,0,0,0,0,0,1,0,21.22,2437.812423,6.496385668,"convex",20.37066764,11.10871538,"high",323.7876155,"NW","convex.rugged"
"97","CR01","W","psme","A",7,0,0,0,0,0,0,0,0,0,1,0,21.22,2437.812423,6.496385668,"convex",20.37066764,11.10871538,"high",323.7876155,"NW","convex.rugged"
"98","CR01","W","psme","A",8,0,0,0,0,0,0,0,0,0,1,0,21.22,2437.812423,6.496385668,"convex",20.37066764,11.10871538,"high",323.7876155,"NW","convex.rugged"
"99","CR01","W","psme","A",9,0,0,0,0,0,0,0,0,0,1,0,21.22,2437.812423,6.496385668,"convex",20.37066764,11.10871538,"high",323.7876155,"NW","convex.rugged"
"100","CR01","W","psme","A",10,0,0,0,0,0,0,0,0,0,1,0,21.22,2437.812423,6.496385668,"convex",20.37066764,11.10871538,"high",323.7876155,"NW","convex.rugged"
"101","CR01","C","pico","B",1,0,0,0,0,0,0,0,0,0,1,0,21.22,2437.812423,6.496385668,"convex",20.37066764,11.10871538,"high",323.7876155,"NW","convex.rugged"
"102","CR01","C","pico","B",2,0,0,0,0,0,0,0,0,0,1,0,21.22,2437.812423,6.496385668,"convex",20.37066764,11.10871538,"high",323.7876155,"NW","convex.rugged"
"103","CR01","C","pico","B",3,0,0,0,0,0,0,0,0,0,1,0,21.22,2437.812423,6.496385668,"convex",20.37066764,11.10871538,"high",323.7876155,"NW","convex.rugged"
"104","CR01","C","pico","B",4,0,0,0,0,0,0,0,0,0,1,0,21.22,2437.812423,6.496385668,"convex",20.37066764,11.10871538,"high",323.7876155,"NW","convex.rugged"
"105","CR01","C","pico","B",5,0,0,0,0,0,0,0,0,0,1,0,21.22,2437.812423,6.496385668,"convex",20.37066764,11.10871538,"high",323.7876155,"NW","convex.rugged"
"106","CR01","C","pico","B",6,0,0,0,0,0,0,0,0,0,1,0,21.22,2437.812423,6.496385668,"convex",20.37066764,11.10871538,"high",323.7876155,"NW","convex.rugged"
"107","CR01","C","pico","B",7,0,0,0,0,0,0,0,0,0,1,0,21.22,2437.812423,6.496385668,"convex",20.37066764,11.10871538,"high",323.7876155,"NW","convex.rugged"
"108","CR01","C","pico","B",8,0,0,0,0,0,0,0,0,0,1,0,21.22,2437.812423,6.496385668,"convex",20.37066764,11.10871538,"high",323.7876155,"NW","convex.rugged"
"109","CR01","C","pico","B",9,0,0,0,0,0,0,0,0,0,1,0,21.22,2437.812423,6.496385668,"convex",20.37066764,11.10871538,"high",323.7876155,"NW","convex.rugged"
"110","CR01","C","pico","B",10,0,0,0,0,0,0,0,0,0,1,0,21.22,2437.812423,6.496385668,"convex",20.37066764,11.10871538,"high",323.7876155,"NW","convex.rugged"
"111","CR01","C","psme","B",1,0,0,0,0,0,0,0,0,0,1,0,21.22,2437.812423,6.496385668,"convex",20.37066764,11.10871538,"high",323.7876155,"NW","convex.rugged"
"112","CR01","C","psme","B",2,0,0,0,0,0,0,0,0,0,1,0,21.22,2437.812423,6.496385668,"convex",20.37066764,11.10871538,"high",323.7876155,"NW","convex.rugged"
"113","CR01","C","psme","B",3,0,0,0,0,0,0,0,0,0,1,0,21.22,2437.812423,6.496385668,"convex",20.37066764,11.10871538,"high",323.7876155,"NW","convex.rugged"
"114","CR01","C","psme","B",4,0,0,0,0,0,0,0,0,0,1,0,21.22,2437.812423,6.496385668,"convex",20.37066764,11.10871538,"high",323.7876155,"NW","convex.rugged"
"115","CR01","C","psme","B",5,0,0,0,0,0,0,0,0,0,1,0,21.22,2437.812423,6.496385668,"convex",20.37066764,11.10871538,"high",323.7876155,"NW","convex.rugged"
"116","CR01","C","psme","B",6,0,0,0,0,0,0,0,0,0,1,0,21.22,2437.812423,6.496385668,"convex",20.37066764,11.10871538,"high",323.7876155,"NW","convex.rugged"
"117","CR01","C","psme","B",7,0,0,0,0,0,0,0,0,0,1,0,21.22,2437.812423,6.496385668,"convex",20.37066764,11.10871538,"high",323.7876155,"NW","convex.rugged"
"118","CR01","C","psme","B",8,0,0,0,0,0,0,0,0,0,1,0,21.22,2437.812423,6.496385668,"convex",20.37066764,11.10871538,"high",323.7876155,"NW","convex.rugged"
"119","CR01","C","psme","B",9,0,0,0,0,0,0,0,0,0,1,0,21.22,2437.812423,6.496385668,"convex",20.37066764,11.10871538,"high",323.7876155,"NW","convex.rugged"
"120","CR01","C","psme","B",10,0,0,0,0,0,0,0,0,0,1,0,21.22,2437.812423,6.496385668,"convex",20.37066764,11.10871538,"high",323.7876155,"NW","convex.rugged"
"121","CR01","E","pico","B",1,0,0,0,0,0,0,0,0,0,1,0,21.22,2437.812423,6.496385668,"convex",20.37066764,11.10871538,"high",323.7876155,"NW","convex.rugged"
"122","CR01","E","pico","B",2,0,0,0,0,0,0,0,0,0,1,0,21.22,2437.812423,6.496385668,"convex",20.37066764,11.10871538,"high",323.7876155,"NW","convex.rugged"
"123","CR01","E","pico","B",3,0,0,0,0,0,0,0,0,0,1,0,21.22,2437.812423,6.496385668,"convex",20.37066764,11.10871538,"high",323.7876155,"NW","convex.rugged"
"124","CR01","E","pico","B",4,0,0,0,0,0,0,0,0,0,1,0,21.22,2437.812423,6.496385668,"convex",20.37066764,11.10871538,"high",323.7876155,"NW","convex.rugged"
"125","CR01","E","pico","B",5,0,0,0,0,0,0,0,0,0,1,0,21.22,2437.812423,6.496385668,"convex",20.37066764,11.10871538,"high",323.7876155,"NW","convex.rugged"
"126","CR01","E","pico","B",6,0,0,0,0,0,0,0,0,0,1,0,21.22,2437.812423,6.496385668,"convex",20.37066764,11.10871538,"high",323.7876155,"NW","convex.rugged"
"127","CR01","E","pico","B",7,0,0,0,0,0,0,0,0,0,1,0,21.22,2437.812423,6.496385668,"convex",20.37066764,11.10871538,"high",323.7876155,"NW","convex.rugged"
"128","CR01","E","pico","B",8,0,0,0,0,0,0,0,0,0,1,0,21.22,2437.812423,6.496385668,"convex",20.37066764,11.10871538,"high",323.7876155,"NW","convex.rugged"
"129","CR01","E","pico","B",9,0,0,0,0,0,0,0,0,0,1,0,21.22,2437.812423,6.496385668,"convex",20.37066764,11.10871538,"high",323.7876155,"NW","convex.rugged"
"130","CR01","E","pico","B",10,0,0,0,0,0,0,0,0,0,1,0,21.22,2437.812423,6.496385668,"convex",20.37066764,11.10871538,"high",323.7876155,"NW","convex.rugged"
"131","CR01","E","psme","B",1,0,0,0,0,0,0,0,0,0,1,0,21.22,2437.812423,6.496385668,"convex",20.37066764,11.10871538,"high",323.7876155,"NW","convex.rugged"
"132","CR01","E","psme","B",2,0,0,0,0,0,0,0,0,0,1,0,21.22,2437.812423,6.496385668,"convex",20.37066764,11.10871538,"high",323.7876155,"NW","convex.rugged"
"133","CR01","E","psme","B",3,0,0,0,0,0,0,0,0,0,1,0,21.22,2437.812423,6.496385668,"convex",20.37066764,11.10871538,"high",323.7876155,"NW","convex.rugged"
"134","CR01","E","psme","B",4,0,0,0,0,0,0,0,0,0,1,0,21.22,2437.812423,6.496385668,"convex",20.37066764,11.10871538,"high",323.7876155,"NW","convex.rugged"
"135","CR01","E","psme","B",5,0,0,0,0,0,0,0,0,0,1,0,21.22,2437.812423,6.496385668,"convex",20.37066764,11.10871538,"high",323.7876155,"NW","convex.rugged"
"136","CR01","E","psme","B",6,0,0,0,0,0,0,0,0,0,1,0,21.22,2437.812423,6.496385668,"convex",20.37066764,11.10871538,"high",323.7876155,"NW","convex.rugged"
"137","CR01","E","psme","B",7,0,0,0,0,0,0,0,0,0,1,0,21.22,2437.812423,6.496385668,"convex",20.37066764,11.10871538,"high",323.7876155,"NW","convex.rugged"
"138","CR01","E","psme","B",8,0,0,0,0,0,0,0,0,0,1,0,21.22,2437.812423,6.496385668,"convex",20.37066764,11.10871538,"high",323.7876155,"NW","convex.rugged"
"139","CR01","E","psme","B",9,0,0,0,0,0,0,0,0,0,1,0,21.22,2437.812423,6.496385668,"convex",20.37066764,11.10871538,"high",323.7876155,"NW","convex.rugged"
"140","CR01","E","psme","B",10,0,0,0,0,0,0,0,0,0,1,0,21.22,2437.812423,6.496385668,"convex",20.37066764,11.10871538,"high",323.7876155,"NW","convex.rugged"
"141","CR01","N","pico","B",1,0,0,0,0,0,0,0,0,0,1,0,21.22,2437.812423,6.496385668,"convex",20.37066764,11.10871538,"high",323.7876155,"NW","convex.rugged"
"142","CR01","N","pico","B",2,0,0,0,0,0,0,1,0,1,0,0,21.22,2437.812423,6.496385668,"convex",20.37066764,11.10871538,"high",323.7876155,"NW","convex.rugged"
"143","CR01","N","pico","B",3,0,0,0,0,0,0,0,0,0,1,0,21.22,2437.812423,6.496385668,"convex",20.37066764,11.10871538,"high",323.7876155,"NW","convex.rugged"
"144","CR01","N","pico","B",4,0,0,0,0,0,0,0,0,0,1,0,21.22,2437.812423,6.496385668,"convex",20.37066764,11.10871538,"high",323.7876155,"NW","convex.rugged"
"145","CR01","N","pico","B",5,0,0,0,0,0,0,1,0,1,0,0,21.22,2437.812423,6.496385668,"convex",20.37066764,11.10871538,"high",323.7876155,"NW","convex.rugged"
"146","CR01","N","pico","B",6,0,0,0,0,0,0,1,0,1,0,0,21.22,2437.812423,6.496385668,"convex",20.37066764,11.10871538,"high",323.7876155,"NW","convex.rugged"
"147","CR01","N","pico","B",7,0,0,0,0,0,0,0,0,0,1,0,21.22,2437.812423,6.496385668,"convex",20.37066764,11.10871538,"high",323.7876155,"NW","convex.rugged"
"148","CR01","N","pico","B",8,0,0,0,0,0,0,0,0,0,1,0,21.22,2437.812423,6.496385668,"convex",20.37066764,11.10871538,"high",323.7876155,"NW","convex.rugged"
"149","CR01","N","pico","B",9,0,0,0,0,0,0,0,0,0,1,0,21.22,2437.812423,6.496385668,"convex",20.37066764,11.10871538,"high",323.7876155,"NW","convex.rugged"
"150","CR01","N","pico","B",10,0,0,0,0,0,0,0,0,0,1,0,21.22,2437.812423,6.496385668,"convex",20.37066764,11.10871538,"high",323.7876155,"NW","convex.rugged"
"151","CR01","N","psme","B",1,0,0,0,0,0,0,0,0,0,1,0,21.22,2437.812423,6.496385668,"convex",20.37066764,11.10871538,"high",323.7876155,"NW","convex.rugged"
"152","CR01","N","psme","B",2,0,0,0,0,0,0,0,0,0,1,0,21.22,2437.812423,6.496385668,"convex",20.37066764,11.10871538,"high",323.7876155,"NW","convex.rugged"
"153","CR01","N","psme","B",3,0,0,0,0,0,0,0,0,0,1,0,21.22,2437.812423,6.496385668,"convex",20.37066764,11.10871538,"high",323.7876155,"NW","convex.rugged"
"154","CR01","N","psme","B",4,0,0,0,0,0,0,0,0,0,1,0,21.22,2437.812423,6.496385668,"convex",20.37066764,11.10871538,"high",323.7876155,"NW","convex.rugged"
"155","CR01","N","psme","B",5,0,0,0,0,0,0,0,0,0,1,0,21.22,2437.812423,6.496385668,"convex",20.37066764,11.10871538,"high",323.7876155,"NW","convex.rugged"
"156","CR01","N","psme","B",6,0,0,0,0,0,0,0,0,0,1,0,21.22,2437.812423,6.496385668,"convex",20.37066764,11.10871538,"high",323.7876155,"NW","convex.rugged"
"157","CR01","N","psme","B",7,0,0,0,0,0,0,0,0,0,1,0,21.22,2437.812423,6.496385668,"convex",20.37066764,11.10871538,"high",323.7876155,"NW","convex.rugged"
"158","CR01","N","psme","B",8,0,0,0,0,0,0,0,0,0,1,0,21.22,2437.812423,6.496385668,"convex",20.37066764,11.10871538,"high",323.7876155,"NW","convex.rugged"
"159","CR01","N","psme","B",9,1,0,1,1,0,0,0,0,0,1,1,21.22,2437.812423,6.496385668,"convex",20.37066764,11.10871538,"high",323.7876155,"NW","convex.rugged"
"160","CR01","N","psme","B",10,1,0,1,1,0,0,0,0,0,1,0,21.22,2437.812423,6.496385668,"convex",20.37066764,11.10871538,"high",323.7876155,"NW","convex.rugged"
"161","CR01","S","pico","B",1,0,0,0,0,0,0,0,0,0,1,0,21.22,2437.812423,6.496385668,"convex",20.37066764,11.10871538,"high",323.7876155,"NW","convex.rugged"
"162","CR01","S","pico","B",2,0,0,0,0,0,0,0,0,0,1,0,21.22,2437.812423,6.496385668,"convex",20.37066764,11.10871538,"high",323.7876155,"NW","convex.rugged"
"163","CR01","S","pico","B",3,0,0,0,0,0,0,0,0,0,1,0,21.22,2437.812423,6.496385668,"convex",20.37066764,11.10871538,"high",323.7876155,"NW","convex.rugged"
"164","CR01","S","pico","B",4,0,0,0,0,0,0,0,0,0,1,0,21.22,2437.812423,6.496385668,"convex",20.37066764,11.10871538,"high",323.7876155,"NW","convex.rugged"
"165","CR01","S","pico","B",5,0,0,0,0,0,0,0,0,0,1,0,21.22,2437.812423,6.496385668,"convex",20.37066764,11.10871538,"high",323.7876155,"NW","convex.rugged"
"166","CR01","S","pico","B",6,0,0,0,0,0,0,0,0,0,1,0,21.22,2437.812423,6.496385668,"convex",20.37066764,11.10871538,"high",323.7876155,"NW","convex.rugged"
"167","CR01","S","pico","B",7,0,0,0,0,0,0,0,0,0,1,0,21.22,2437.812423,6.496385668,"convex",20.37066764,11.10871538,"high",323.7876155,"NW","convex.rugged"
"168","CR01","S","pico","B",8,0,0,0,0,0,0,0,0,0,1,0,21.22,2437.812423,6.496385668,"convex",20.37066764,11.10871538,"high",323.7876155,"NW","convex.rugged"
"169","CR01","S","pico","B",9,0,0,0,0,0,0,0,0,0,1,0,21.22,2437.812423,6.496385668,"convex",20.37066764,11.10871538,"high",323.7876155,"NW","convex.rugged"
"170","CR01","S","pico","B",10,0,0,0,0,0,0,0,0,0,1,0,21.22,2437.812423,6.496385668,"convex",20.37066764,11.10871538,"high",323.7876155,"NW","convex.rugged"
"171","CR01","S","psme","B",1,0,0,0,0,0,0,0,0,0,1,0,21.22,2437.812423,6.496385668,"convex",20.37066764,11.10871538,"high",323.7876155,"NW","convex.rugged"
"172","CR01","S","psme","B",2,0,0,0,0,0,0,0,0,0,1,0,21.22,2437.812423,6.496385668,"convex",20.37066764,11.10871538,"high",323.7876155,"NW","convex.rugged"
"173","CR01","S","psme","B",3,0,0,0,0,0,0,0,0,0,1,0,21.22,2437.812423,6.496385668,"convex",20.37066764,11.10871538,"high",323.7876155,"NW","convex.rugged"
"174","CR01","S","psme","B",4,0,0,0,0,0,0,0,0,0,1,0,21.22,2437.812423,6.496385668,"convex",20.37066764,11.10871538,"high",323.7876155,"NW","convex.rugged"
"175","CR01","S","psme","B",5,0,0,0,0,0,0,0,0,0,1,0,21.22,2437.812423,6.496385668,"convex",20.37066764,11.10871538,"high",323.7876155,"NW","convex.rugged"
"176","CR01","S","psme","B",6,0,0,0,0,0,0,0,0,0,1,0,21.22,2437.812423,6.496385668,"convex",20.37066764,11.10871538,"high",323.7876155,"NW","convex.rugged"
"177","CR01","S","psme","B",7,0,0,0,0,0,0,0,0,0,1,0,21.22,2437.812423,6.496385668,"convex",20.37066764,11.10871538,"high",323.7876155,"NW","convex.rugged"
"178","CR01","S","psme","B",8,0,0,0,0,0,0,0,0,0,1,0,21.22,2437.812423,6.496385668,"convex",20.37066764,11.10871538,"high",323.7876155,"NW","convex.rugged"
"179","CR01","S","psme","B",9,0,0,0,0,0,0,0,0,0,1,0,21.22,2437.812423,6.496385668,"convex",20.37066764,11.10871538,"high",323.7876155,"NW","convex.rugged"
"180","CR01","S","psme","B",10,0,0,0,0,0,0,0,0,0,1,0,21.22,2437.812423,6.496385668,"convex",20.37066764,11.10871538,"high",323.7876155,"NW","convex.rugged"
"181","CR01","W","pico","B",1,0,0,0,0,0,0,0,0,0,1,0,21.22,2437.812423,6.496385668,"convex",20.37066764,11.10871538,"high",323.7876155,"NW","convex.rugged"
"182","CR01","W","pico","B",2,0,0,0,0,0,0,0,0,0,1,0,21.22,2437.812423,6.496385668,"convex",20.37066764,11.10871538,"high",323.7876155,"NW","convex.rugged"
"183","CR01","W","pico","B",3,0,0,0,0,0,0,0,0,0,1,0,21.22,2437.812423,6.496385668,"convex",20.37066764,11.10871538,"high",323.7876155,"NW","convex.rugged"
"184","CR01","W","pico","B",4,0,0,0,0,0,0,0,0,0,1,0,21.22,2437.812423,6.496385668,"convex",20.37066764,11.10871538,"high",323.7876155,"NW","convex.rugged"
"185","CR01","W","pico","B",5,0,0,0,0,0,0,0,0,0,1,0,21.22,2437.812423,6.496385668,"convex",20.37066764,11.10871538,"high",323.7876155,"NW","convex.rugged"
"186","CR01","W","pico","B",6,0,0,0,0,0,0,0,0,0,1,0,21.22,2437.812423,6.496385668,"convex",20.37066764,11.10871538,"high",323.7876155,"NW","convex.rugged"
"187","CR01","W","pico","B",7,0,0,0,0,0,0,0,0,0,1,0,21.22,2437.812423,6.496385668,"convex",20.37066764,11.10871538,"high",323.7876155,"NW","convex.rugged"
"188","CR01","W","pico","B",8,1,0,1,1,0,0,0,0,0,1,1,21.22,2437.812423,6.496385668,"convex",20.37066764,11.10871538,"high",323.7876155,"NW","convex.rugged"
"189","CR01","W","pico","B",9,0,0,0,0,0,0,1,0,1,0,0,21.22,2437.812423,6.496385668,"convex",20.37066764,11.10871538,"high",323.7876155,"NW","convex.rugged"
"190","CR01","W","pico","B",10,0,0,0,0,0,0,0,0,0,1,0,21.22,2437.812423,6.496385668,"convex",20.37066764,11.10871538,"high",323.7876155,"NW","convex.rugged"
"191","CR01","W","psme","B",1,0,0,0,0,0,0,0,0,0,1,0,21.22,2437.812423,6.496385668,"convex",20.37066764,11.10871538,"high",323.7876155,"NW","convex.rugged"
"192","CR01","W","psme","B",2,0,0,0,0,0,0,0,0,0,1,0,21.22,2437.812423,6.496385668,"convex",20.37066764,11.10871538,"high",323.7876155,"NW","convex.rugged"
"193","CR01","W","psme","B",3,0,0,0,0,0,0,0,0,0,1,0,21.22,2437.812423,6.496385668,"convex",20.37066764,11.10871538,"high",323.7876155,"NW","convex.rugged"
"194","CR01","W","psme","B",4,0,0,0,0,0,0,0,0,0,1,0,21.22,2437.812423,6.496385668,"convex",20.37066764,11.10871538,"high",323.7876155,"NW","convex.rugged"
"195","CR01","W","psme","B",5,0,0,0,0,0,0,0,0,0,1,0,21.22,2437.812423,6.496385668,"convex",20.37066764,11.10871538,"high",323.7876155,"NW","convex.rugged"
"196","CR01","W","psme","B",6,0,0,0,0,0,0,0,0,0,1,0,21.22,2437.812423,6.496385668,"convex",20.37066764,11.10871538,"high",323.7876155,"NW","convex.rugged"
"197","CR01","W","psme","B",7,0,0,0,0,0,0,0,0,0,1,0,21.22,2437.812423,6.496385668,"convex",20.37066764,11.10871538,"high",323.7876155,"NW","convex.rugged"
"198","CR01","W","psme","B",8,0,0,0,0,0,0,0,0,0,1,0,21.22,2437.812423,6.496385668,"convex",20.37066764,11.10871538,"high",323.7876155,"NW","convex.rugged"
"199","CR01","W","psme","B",9,0,0,0,0,0,0,0,0,0,1,0,21.22,2437.812423,6.496385668,"convex",20.37066764,11.10871538,"high",323.7876155,"NW","convex.rugged"
"200","CR01","W","psme","B",10,0,0,0,0,0,0,0,0,0,1,0,21.22,2437.812423,6.496385668,"convex",20.37066764,11.10871538,"high",323.7876155,"NW","convex.rugged"
"201","CR01","C","pico","C",1,0,0,0,0,0,0,0,0,0,1,0,21.22,2437.812423,6.496385668,"convex",20.37066764,11.10871538,"high",323.7876155,"NW","convex.rugged"
"202","CR01","C","pico","C",2,0,0,0,0,0,0,0,0,0,1,0,21.22,2437.812423,6.496385668,"convex",20.37066764,11.10871538,"high",323.7876155,"NW","convex.rugged"
"203","CR01","C","pico","C",3,0,0,0,0,0,0,0,0,0,1,0,21.22,2437.812423,6.496385668,"convex",20.37066764,11.10871538,"high",323.7876155,"NW","convex.rugged"
"204","CR01","C","pico","C",4,0,0,0,0,0,0,0,0,0,1,0,21.22,2437.812423,6.496385668,"convex",20.37066764,11.10871538,"high",323.7876155,"NW","convex.rugged"
"205","CR01","C","pico","C",5,0,0,0,0,0,0,0,0,0,1,0,21.22,2437.812423,6.496385668,"convex",20.37066764,11.10871538,"high",323.7876155,"NW","convex.rugged"
"206","CR01","C","pico","C",6,0,0,0,0,0,0,0,0,0,1,0,21.22,2437.812423,6.496385668,"convex",20.37066764,11.10871538,"high",323.7876155,"NW","convex.rugged"
"207","CR01","C","pico","C",7,0,0,0,0,0,0,0,0,0,1,0,21.22,2437.812423,6.496385668,"convex",20.37066764,11.10871538,"high",323.7876155,"NW","convex.rugged"
"208","CR01","C","pico","C",8,0,0,0,0,0,0,0,0,0,1,0,21.22,2437.812423,6.496385668,"convex",20.37066764,11.10871538,"high",323.7876155,"NW","convex.rugged"
"209","CR01","C","pico","C",9,0,0,0,0,0,0,0,0,0,1,0,21.22,2437.812423,6.496385668,"convex",20.37066764,11.10871538,"high",323.7876155,"NW","convex.rugged"
"210","CR01","C","pico","C",10,0,0,0,0,0,0,0,0,0,1,0,21.22,2437.812423,6.496385668,"convex",20.37066764,11.10871538,"high",323.7876155,"NW","convex.rugged"
"211","CR01","C","psme","C",1,0,0,0,0,0,0,0,0,0,1,0,21.22,2437.812423,6.496385668,"convex",20.37066764,11.10871538,"high",323.7876155,"NW","convex.rugged"
"212","CR01","C","psme","C",2,0,0,0,0,0,0,0,0,0,1,0,21.22,2437.812423,6.496385668,"convex",20.37066764,11.10871538,"high",323.7876155,"NW","convex.rugged"
"213","CR01","C","psme","C",3,0,0,0,0,0,0,0,0,0,1,0,21.22,2437.812423,6.496385668,"convex",20.37066764,11.10871538,"high",323.7876155,"NW","convex.rugged"
"214","CR01","C","psme","C",4,0,0,0,0,0,0,0,0,0,1,0,21.22,2437.812423,6.496385668,"convex",20.37066764,11.10871538,"high",323.7876155,"NW","convex.rugged"
"215","CR01","C","psme","C",5,0,0,0,0,0,0,0,0,0,1,0,21.22,2437.812423,6.496385668,"convex",20.37066764,11.10871538,"high",323.7876155,"NW","convex.rugged"
"216","CR01","C","psme","C",6,0,0,0,0,0,0,0,0,0,1,0,21.22,2437.812423,6.496385668,"convex",20.37066764,11.10871538,"high",323.7876155,"NW","convex.rugged"
"217","CR01","C","psme","C",7,0,0,0,0,0,0,0,0,0,1,0,21.22,2437.812423,6.496385668,"convex",20.37066764,11.10871538,"high",323.7876155,"NW","convex.rugged"
"218","CR01","C","psme","C",8,0,0,0,0,0,0,0,0,0,1,0,21.22,2437.812423,6.496385668,"convex",20.37066764,11.10871538,"high",323.7876155,"NW","convex.rugged"
"219","CR01","C","psme","C",9,0,0,0,0,0,0,0,0,0,1,0,21.22,2437.812423,6.496385668,"convex",20.37066764,11.10871538,"high",323.7876155,"NW","convex.rugged"
"220","CR01","C","psme","C",10,0,0,0,0,0,0,0,0,0,1,0,21.22,2437.812423,6.496385668,"convex",20.37066764,11.10871538,"high",323.7876155,"NW","convex.rugged"
"221","CR01","E","pico","C",1,0,0,0,0,0,0,0,0,0,1,0,21.22,2437.812423,6.496385668,"convex",20.37066764,11.10871538,"high",323.7876155,"NW","convex.rugged"
"222","CR01","E","pico","C",2,0,0,0,0,0,0,0,0,0,1,0,21.22,2437.812423,6.496385668,"convex",20.37066764,11.10871538,"high",323.7876155,"NW","convex.rugged"
"223","CR01","E","pico","C",3,0,0,0,0,0,0,0,0,0,1,0,21.22,2437.812423,6.496385668,"convex",20.37066764,11.10871538,"high",323.7876155,"NW","convex.rugged"
"224","CR01","E","pico","C",4,0,0,0,0,0,0,0,0,0,1,0,21.22,2437.812423,6.496385668,"convex",20.37066764,11.10871538,"high",323.7876155,"NW","convex.rugged"
"225","CR01","E","pico","C",5,0,0,0,0,0,0,0,0,0,1,0,21.22,2437.812423,6.496385668,"convex",20.37066764,11.10871538,"high",323.7876155,"NW","convex.rugged"
"226","CR01","E","pico","C",6,0,0,0,0,0,0,0,0,0,1,0,21.22,2437.812423,6.496385668,"convex",20.37066764,11.10871538,"high",323.7876155,"NW","convex.rugged"
"227","CR01","E","pico","C",7,0,0,0,0,0,0,0,0,0,1,0,21.22,2437.812423,6.496385668,"convex",20.37066764,11.10871538,"high",323.7876155,"NW","convex.rugged"
"228","CR01","E","pico","C",8,0,0,0,0,0,0,0,0,0,1,0,21.22,2437.812423,6.496385668,"convex",20.37066764,11.10871538,"high",323.7876155,"NW","convex.rugged"
"229","CR01","E","pico","C",9,0,0,0,0,0,0,0,0,0,1,0,21.22,2437.812423,6.496385668,"convex",20.37066764,11.10871538,"high",323.7876155,"NW","convex.rugged"
"230","CR01","E","pico","C",10,0,0,0,0,0,0,0,0,0,1,0,21.22,2437.812423,6.496385668,"convex",20.37066764,11.10871538,"high",323.7876155,"NW","convex.rugged"
"231","CR01","E","psme","C",1,0,0,0,0,0,0,0,0,0,1,0,21.22,2437.812423,6.496385668,"convex",20.37066764,11.10871538,"high",323.7876155,"NW","convex.rugged"
"232","CR01","E","psme","C",2,0,0,0,0,0,0,0,0,0,1,0,21.22,2437.812423,6.496385668,"convex",20.37066764,11.10871538,"high",323.7876155,"NW","convex.rugged"
"233","CR01","E","psme","C",3,0,0,0,0,0,0,0,0,0,1,0,21.22,2437.812423,6.496385668,"convex",20.37066764,11.10871538,"high",323.7876155,"NW","convex.rugged"
"234","CR01","E","psme","C",4,0,0,0,0,0,0,0,0,0,1,0,21.22,2437.812423,6.496385668,"convex",20.37066764,11.10871538,"high",323.7876155,"NW","convex.rugged"
"235","CR01","E","psme","C",5,0,0,0,0,0,0,0,0,0,1,0,21.22,2437.812423,6.496385668,"convex",20.37066764,11.10871538,"high",323.7876155,"NW","convex.rugged"
"236","CR01","E","psme","C",6,0,0,0,0,0,0,0,0,0,1,0,21.22,2437.812423,6.496385668,"convex",20.37066764,11.10871538,"high",323.7876155,"NW","convex.rugged"
"237","CR01","E","psme","C",7,0,0,0,0,0,0,0,0,0,1,0,21.22,2437.812423,6.496385668,"convex",20.37066764,11.10871538,"high",323.7876155,"NW","convex.rugged"
"238","CR01","E","psme","C",8,0,0,0,0,0,0,0,0,0,1,0,21.22,2437.812423,6.496385668,"convex",20.37066764,11.10871538,"high",323.7876155,"NW","convex.rugged"
"239","CR01","E","psme","C",9,0,0,0,0,0,0,0,0,0,1,0,21.22,2437.812423,6.496385668,"convex",20.37066764,11.10871538,"high",323.7876155,"NW","convex.rugged"
"240","CR01","E","psme","C",10,0,0,0,0,0,0,0,0,0,1,0,21.22,2437.812423,6.496385668,"convex",20.37066764,11.10871538,"high",323.7876155,"NW","convex.rugged"
"241","CR01","N","pico","C",1,0,0,0,0,0,0,1,0,1,0,0,21.22,2437.812423,6.496385668,"convex",20.37066764,11.10871538,"high",323.7876155,"NW","convex.rugged"
"242","CR01","N","pico","C",2,0,0,0,0,0,0,1,0,1,0,0,21.22,2437.812423,6.496385668,"convex",20.37066764,11.10871538,"high",323.7876155,"NW","convex.rugged"
"243","CR01","N","pico","C",3,0,0,0,0,0,0,0,0,0,1,0,21.22,2437.812423,6.496385668,"convex",20.37066764,11.10871538,"high",323.7876155,"NW","convex.rugged"
"244","CR01","N","pico","C",4,0,0,0,0,0,0,0,0,0,1,0,21.22,2437.812423,6.496385668,"convex",20.37066764,11.10871538,"high",323.7876155,"NW","convex.rugged"
"245","CR01","N","pico","C",5,0,0,0,0,0,0,0,0,0,1,0,21.22,2437.812423,6.496385668,"convex",20.37066764,11.10871538,"high",323.7876155,"NW","convex.rugged"
"246","CR01","N","pico","C",6,0,0,0,0,0,0,0,0,0,1,0,21.22,2437.812423,6.496385668,"convex",20.37066764,11.10871538,"high",323.7876155,"NW","convex.rugged"
"247","CR01","N","pico","C",7,0,0,0,0,0,0,0,0,0,1,0,21.22,2437.812423,6.496385668,"convex",20.37066764,11.10871538,"high",323.7876155,"NW","convex.rugged"
"248","CR01","N","pico","C",8,0,0,0,0,0,0,0,0,0,1,0,21.22,2437.812423,6.496385668,"convex",20.37066764,11.10871538,"high",323.7876155,"NW","convex.rugged"
"249","CR01","N","pico","C",9,0,0,0,0,0,0,0,0,0,1,0,21.22,2437.812423,6.496385668,"convex",20.37066764,11.10871538,"high",323.7876155,"NW","convex.rugged"
"250","CR01","N","pico","C",10,0,0,0,0,0,0,0,0,0,1,0,21.22,2437.812423,6.496385668,"convex",20.37066764,11.10871538,"high",323.7876155,"NW","convex.rugged"
"251","CR01","N","psme","C",1,0,0,0,0,0,0,0,0,0,1,0,21.22,2437.812423,6.496385668,"convex",20.37066764,11.10871538,"high",323.7876155,"NW","convex.rugged"
"252","CR01","N","psme","C",2,0,0,0,0,0,0,0,0,0,1,0,21.22,2437.812423,6.496385668,"convex",20.37066764,11.10871538,"high",323.7876155,"NW","convex.rugged"
"253","CR01","N","psme","C",3,0,0,0,0,0,0,0,0,0,1,0,21.22,2437.812423,6.496385668,"convex",20.37066764,11.10871538,"high",323.7876155,"NW","convex.rugged"
"254","CR01","N","psme","C",4,0,0,0,0,0,0,0,0,0,1,0,21.22,2437.812423,6.496385668,"convex",20.37066764,11.10871538,"high",323.7876155,"NW","convex.rugged"
"255","CR01","N","psme","C",5,0,0,0,0,0,0,0,0,0,1,0,21.22,2437.812423,6.496385668,"convex",20.37066764,11.10871538,"high",323.7876155,"NW","convex.rugged"
"256","CR01","N","psme","C",6,0,0,0,0,0,0,0,0,0,1,0,21.22,2437.812423,6.496385668,"convex",20.37066764,11.10871538,"high",323.7876155,"NW","convex.rugged"
"257","CR01","N","psme","C",7,0,0,0,0,0,0,0,0,0,1,0,21.22,2437.812423,6.496385668,"convex",20.37066764,11.10871538,"high",323.7876155,"NW","convex.rugged"
"258","CR01","N","psme","C",8,1,0,1,1,0,0,0,0,0,1,0,21.22,2437.812423,6.496385668,"convex",20.37066764,11.10871538,"high",323.7876155,"NW","convex.rugged"
"259","CR01","N","psme","C",9,0,0,0,0,0,0,0,0,0,1,0,21.22,2437.812423,6.496385668,"convex",20.37066764,11.10871538,"high",323.7876155,"NW","convex.rugged"
"260","CR01","N","psme","C",10,0,0,0,0,0,0,0,0,0,1,0,21.22,2437.812423,6.496385668,"convex",20.37066764,11.10871538,"high",323.7876155,"NW","convex.rugged"
"261","CR01","S","pico","C",1,0,0,0,0,0,0,0,0,0,1,0,21.22,2437.812423,6.496385668,"convex",20.37066764,11.10871538,"high",323.7876155,"NW","convex.rugged"
"262","CR01","S","pico","C",2,0,0,0,0,0,0,0,0,0,1,0,21.22,2437.812423,6.496385668,"convex",20.37066764,11.10871538,"high",323.7876155,"NW","convex.rugged"
"263","CR01","S","pico","C",3,0,0,0,0,0,0,0,0,0,1,0,21.22,2437.812423,6.496385668,"convex",20.37066764,11.10871538,"high",323.7876155,"NW","convex.rugged"
"264","CR01","S","pico","C",4,0,0,0,0,0,0,0,0,0,1,0,21.22,2437.812423,6.496385668,"convex",20.37066764,11.10871538,"high",323.7876155,"NW","convex.rugged"
"265","CR01","S","pico","C",5,0,0,0,0,0,0,0,0,0,1,0,21.22,2437.812423,6.496385668,"convex",20.37066764,11.10871538,"high",323.7876155,"NW","convex.rugged"
"266","CR01","S","pico","C",6,0,0,0,0,0,0,0,0,0,1,0,21.22,2437.812423,6.496385668,"convex",20.37066764,11.10871538,"high",323.7876155,"NW","convex.rugged"
"267","CR01","S","pico","C",7,0,0,0,0,0,0,0,0,0,1,0,21.22,2437.812423,6.496385668,"convex",20.37066764,11.10871538,"high",323.7876155,"NW","convex.rugged"
"268","CR01","S","pico","C",8,0,0,0,0,0,0,0,0,0,1,0,21.22,2437.812423,6.496385668,"convex",20.37066764,11.10871538,"high",323.7876155,"NW","convex.rugged"
"269","CR01","S","pico","C",9,0,0,0,0,0,0,0,0,0,1,0,21.22,2437.812423,6.496385668,"convex",20.37066764,11.10871538,"high",323.7876155,"NW","convex.rugged"
"270","CR01","S","pico","C",10,0,0,0,0,0,0,0,0,0,1,0,21.22,2437.812423,6.496385668,"convex",20.37066764,11.10871538,"high",323.7876155,"NW","convex.rugged"
"271","CR01","S","psme","C",1,0,0,0,0,0,0,0,0,0,1,0,21.22,2437.812423,6.496385668,"convex",20.37066764,11.10871538,"high",323.7876155,"NW","convex.rugged"
"272","CR01","S","psme","C",2,0,0,0,0,0,0,0,0,0,1,0,21.22,2437.812423,6.496385668,"convex",20.37066764,11.10871538,"high",323.7876155,"NW","convex.rugged"
"273","CR01","S","psme","C",3,0,0,0,0,0,0,0,0,0,1,0,21.22,2437.812423,6.496385668,"convex",20.37066764,11.10871538,"high",323.7876155,"NW","convex.rugged"
"274","CR01","S","psme","C",4,0,0,0,0,0,0,0,0,0,1,0,21.22,2437.812423,6.496385668,"convex",20.37066764,11.10871538,"high",323.7876155,"NW","convex.rugged"
"275","CR01","S","psme","C",5,0,0,0,0,0,0,0,0,0,1,0,21.22,2437.812423,6.496385668,"convex",20.37066764,11.10871538,"high",323.7876155,"NW","convex.rugged"
"276","CR01","S","psme","C",6,0,0,0,0,0,0,0,0,0,1,0,21.22,2437.812423,6.496385668,"convex",20.37066764,11.10871538,"high",323.7876155,"NW","convex.rugged"
"277","CR01","S","psme","C",7,0,0,0,0,0,0,0,0,0,1,0,21.22,2437.812423,6.496385668,"convex",20.37066764,11.10871538,"high",323.7876155,"NW","convex.rugged"
"278","CR01","S","psme","C",8,0,0,0,0,0,0,0,0,0,1,0,21.22,2437.812423,6.496385668,"convex",20.37066764,11.10871538,"high",323.7876155,"NW","convex.rugged"
"279","CR01","S","psme","C",9,0,0,0,0,0,0,0,0,0,1,0,21.22,2437.812423,6.496385668,"convex",20.37066764,11.10871538,"high",323.7876155,"NW","convex.rugged"
"280","CR01","S","psme","C",10,0,0,0,0,0,0,0,0,0,1,0,21.22,2437.812423,6.496385668,"convex",20.37066764,11.10871538,"high",323.7876155,"NW","convex.rugged"
"281","CR01","W","pico","C",1,0,0,0,0,0,0,0,0,0,1,0,21.22,2437.812423,6.496385668,"convex",20.37066764,11.10871538,"high",323.7876155,"NW","convex.rugged"
"282","CR01","W","pico","C",2,0,0,0,0,0,0,0,0,0,1,0,21.22,2437.812423,6.496385668,"convex",20.37066764,11.10871538,"high",323.7876155,"NW","convex.rugged"
"283","CR01","W","pico","C",3,0,0,0,0,0,0,0,0,0,1,0,21.22,2437.812423,6.496385668,"convex",20.37066764,11.10871538,"high",323.7876155,"NW","convex.rugged"
"284","CR01","W","pico","C",4,0,0,0,0,0,0,0,0,0,1,0,21.22,2437.812423,6.496385668,"convex",20.37066764,11.10871538,"high",323.7876155,"NW","convex.rugged"
"285","CR01","W","pico","C",5,0,0,0,0,0,0,0,0,0,1,0,21.22,2437.812423,6.496385668,"convex",20.37066764,11.10871538,"high",323.7876155,"NW","convex.rugged"
"286","CR01","W","pico","C",6,0,0,0,0,0,0,0,0,0,1,0,21.22,2437.812423,6.496385668,"convex",20.37066764,11.10871538,"high",323.7876155,"NW","convex.rugged"
"287","CR01","W","pico","C",7,0,0,0,0,0,0,0,0,0,1,0,21.22,2437.812423,6.496385668,"convex",20.37066764,11.10871538,"high",323.7876155,"NW","convex.rugged"
"288","CR01","W","pico","C",8,0,0,0,0,0,0,1,0,1,0,0,21.22,2437.812423,6.496385668,"convex",20.37066764,11.10871538,"high",323.7876155,"NW","convex.rugged"
"289","CR01","W","pico","C",9,0,0,0,0,0,0,0,0,0,1,0,21.22,2437.812423,6.496385668,"convex",20.37066764,11.10871538,"high",323.7876155,"NW","convex.rugged"
"290","CR01","W","pico","C",10,0,0,0,0,0,0,0,0,0,1,0,21.22,2437.812423,6.496385668,"convex",20.37066764,11.10871538,"high",323.7876155,"NW","convex.rugged"
"291","CR01","W","psme","C",1,0,0,0,0,0,0,0,0,0,1,0,21.22,2437.812423,6.496385668,"convex",20.37066764,11.10871538,"high",323.7876155,"NW","convex.rugged"
"292","CR01","W","psme","C",2,0,0,0,0,0,0,0,0,0,1,0,21.22,2437.812423,6.496385668,"convex",20.37066764,11.10871538,"high",323.7876155,"NW","convex.rugged"
"293","CR01","W","psme","C",3,0,0,0,0,0,0,0,0,0,1,0,21.22,2437.812423,6.496385668,"convex",20.37066764,11.10871538,"high",323.7876155,"NW","convex.rugged"
"294","CR01","W","psme","C",4,0,0,0,0,0,0,0,0,0,1,0,21.22,2437.812423,6.496385668,"convex",20.37066764,11.10871538,"high",323.7876155,"NW","convex.rugged"
"295","CR01","W","psme","C",5,0,0,0,0,0,0,0,0,0,1,0,21.22,2437.812423,6.496385668,"convex",20.37066764,11.10871538,"high",323.7876155,"NW","convex.rugged"
"296","CR01","W","psme","C",6,0,0,0,0,0,0,0,0,0,1,0,21.22,2437.812423,6.496385668,"convex",20.37066764,11.10871538,"high",323.7876155,"NW","convex.rugged"
"297","CR01","W","psme","C",7,0,0,0,0,0,0,0,0,0,1,0,21.22,2437.812423,6.496385668,"convex",20.37066764,11.10871538,"high",323.7876155,"NW","convex.rugged"
"298","CR01","W","psme","C",8,0,0,0,0,0,0,0,0,0,1,0,21.22,2437.812423,6.496385668,"convex",20.37066764,11.10871538,"high",323.7876155,"NW","convex.rugged"
"299","CR01","W","psme","C",9,0,0,0,0,0,0,0,0,0,1,0,21.22,2437.812423,6.496385668,"convex",20.37066764,11.10871538,"high",323.7876155,"NW","convex.rugged"
"300","CR01","W","psme","C",10,0,0,0,0,0,0,0,0,0,1,0,21.22,2437.812423,6.496385668,"convex",20.37066764,11.10871538,"high",323.7876155,"NW","convex.rugged"
"301","CR01","C","pico","D",1,0,0,0,0,0,0,0,0,0,1,0,21.22,2437.812423,6.496385668,"convex",20.37066764,11.10871538,"high",323.7876155,"NW","convex.rugged"
"302","CR01","C","pico","D",2,0,0,0,0,0,0,0,0,0,1,0,21.22,2437.812423,6.496385668,"convex",20.37066764,11.10871538,"high",323.7876155,"NW","convex.rugged"
"303","CR01","C","pico","D",3,0,0,0,0,0,0,0,0,0,1,0,21.22,2437.812423,6.496385668,"convex",20.37066764,11.10871538,"high",323.7876155,"NW","convex.rugged"
"304","CR01","C","pico","D",4,0,0,0,0,0,0,0,0,0,1,0,21.22,2437.812423,6.496385668,"convex",20.37066764,11.10871538,"high",323.7876155,"NW","convex.rugged"
"305","CR01","C","pico","D",5,0,0,0,0,0,0,0,0,0,1,0,21.22,2437.812423,6.496385668,"convex",20.37066764,11.10871538,"high",323.7876155,"NW","convex.rugged"
"306","CR01","C","pico","D",6,0,0,0,0,0,0,0,0,0,1,0,21.22,2437.812423,6.496385668,"convex",20.37066764,11.10871538,"high",323.7876155,"NW","convex.rugged"
"307","CR01","C","pico","D",7,0,0,0,0,0,0,0,0,0,1,0,21.22,2437.812423,6.496385668,"convex",20.37066764,11.10871538,"high",323.7876155,"NW","convex.rugged"
"308","CR01","C","pico","D",8,0,0,0,0,0,0,0,0,0,1,0,21.22,2437.812423,6.496385668,"convex",20.37066764,11.10871538,"high",323.7876155,"NW","convex.rugged"
"309","CR01","C","pico","D",9,0,0,0,0,0,0,0,0,0,1,0,21.22,2437.812423,6.496385668,"convex",20.37066764,11.10871538,"high",323.7876155,"NW","convex.rugged"
"310","CR01","C","pico","D",10,0,0,0,0,0,0,0,0,0,1,0,21.22,2437.812423,6.496385668,"convex",20.37066764,11.10871538,"high",323.7876155,"NW","convex.rugged"
"311","CR01","C","psme","D",1,0,0,0,0,0,0,0,0,0,1,0,21.22,2437.812423,6.496385668,"convex",20.37066764,11.10871538,"high",323.7876155,"NW","convex.rugged"
"312","CR01","C","psme","D",2,0,0,0,0,0,0,0,0,0,1,0,21.22,2437.812423,6.496385668,"convex",20.37066764,11.10871538,"high",323.7876155,"NW","convex.rugged"
"313","CR01","C","psme","D",3,0,0,0,0,0,0,0,0,0,1,0,21.22,2437.812423,6.496385668,"convex",20.37066764,11.10871538,"high",323.7876155,"NW","convex.rugged"
"314","CR01","C","psme","D",4,0,0,0,0,0,0,0,0,0,1,0,21.22,2437.812423,6.496385668,"convex",20.37066764,11.10871538,"high",323.7876155,"NW","convex.rugged"
"315","CR01","C","psme","D",5,0,0,0,0,0,0,0,0,0,1,0,21.22,2437.812423,6.496385668,"convex",20.37066764,11.10871538,"high",323.7876155,"NW","convex.rugged"
"316","CR01","C","psme","D",6,0,0,0,0,0,0,0,0,0,1,0,21.22,2437.812423,6.496385668,"convex",20.37066764,11.10871538,"high",323.7876155,"NW","convex.rugged"
"317","CR01","C","psme","D",7,0,0,0,0,0,0,0,0,0,1,0,21.22,2437.812423,6.496385668,"convex",20.37066764,11.10871538,"high",323.7876155,"NW","convex.rugged"
"318","CR01","C","psme","D",8,0,0,0,0,0,0,0,0,0,1,0,21.22,2437.812423,6.496385668,"convex",20.37066764,11.10871538,"high",323.7876155,"NW","convex.rugged"
"319","CR01","C","psme","D",9,0,0,0,0,0,0,0,0,0,1,0,21.22,2437.812423,6.496385668,"convex",20.37066764,11.10871538,"high",323.7876155,"NW","convex.rugged"
"320","CR01","C","psme","D",10,0,0,0,0,0,0,0,0,0,1,0,21.22,2437.812423,6.496385668,"convex",20.37066764,11.10871538,"high",323.7876155,"NW","convex.rugged"
"321","CR01","E","pico","D",1,0,0,0,0,0,0,0,0,0,1,0,21.22,2437.812423,6.496385668,"convex",20.37066764,11.10871538,"high",323.7876155,"NW","convex.rugged"
"322","CR01","E","pico","D",2,0,0,0,0,0,0,0,0,0,1,0,21.22,2437.812423,6.496385668,"convex",20.37066764,11.10871538,"high",323.7876155,"NW","convex.rugged"
"323","CR01","E","pico","D",3,0,0,0,0,0,0,0,0,0,1,0,21.22,2437.812423,6.496385668,"convex",20.37066764,11.10871538,"high",323.7876155,"NW","convex.rugged"
"324","CR01","E","pico","D",4,1,0,1,1,0,0,0,0,0,1,0,21.22,2437.812423,6.496385668,"convex",20.37066764,11.10871538,"high",323.7876155,"NW","convex.rugged"
"325","CR01","E","pico","D",5,0,0,0,0,0,0,0,0,0,1,0,21.22,2437.812423,6.496385668,"convex",20.37066764,11.10871538,"high",323.7876155,"NW","convex.rugged"
"326","CR01","E","pico","D",6,0,0,0,0,0,0,0,0,0,1,0,21.22,2437.812423,6.496385668,"convex",20.37066764,11.10871538,"high",323.7876155,"NW","convex.rugged"
"327","CR01","E","pico","D",7,0,0,0,0,0,0,0,0,0,1,0,21.22,2437.812423,6.496385668,"convex",20.37066764,11.10871538,"high",323.7876155,"NW","convex.rugged"
"328","CR01","E","pico","D",8,0,0,0,0,0,0,0,0,0,1,0,21.22,2437.812423,6.496385668,"convex",20.37066764,11.10871538,"high",323.7876155,"NW","convex.rugged"
"329","CR01","E","pico","D",9,0,0,0,0,0,0,0,0,0,1,0,21.22,2437.812423,6.496385668,"convex",20.37066764,11.10871538,"high",323.7876155,"NW","convex.rugged"
"330","CR01","E","pico","D",10,0,0,0,0,0,0,0,0,0,1,0,21.22,2437.812423,6.496385668,"convex",20.37066764,11.10871538,"high",323.7876155,"NW","convex.rugged"
"331","CR01","E","psme","D",1,0,0,0,0,0,0,0,0,0,1,0,21.22,2437.812423,6.496385668,"convex",20.37066764,11.10871538,"high",323.7876155,"NW","convex.rugged"
"332","CR01","E","psme","D",2,0,0,0,0,0,0,0,0,0,1,0,21.22,2437.812423,6.496385668,"convex",20.37066764,11.10871538,"high",323.7876155,"NW","convex.rugged"
"333","CR01","E","psme","D",3,0,0,0,0,0,0,0,0,0,1,0,21.22,2437.812423,6.496385668,"convex",20.37066764,11.10871538,"high",323.7876155,"NW","convex.rugged"
"334","CR01","E","psme","D",4,0,0,0,0,0,0,0,0,0,1,0,21.22,2437.812423,6.496385668,"convex",20.37066764,11.10871538,"high",323.7876155,"NW","convex.rugged"
"335","CR01","E","psme","D",5,0,0,0,0,0,0,0,0,0,1,0,21.22,2437.812423,6.496385668,"convex",20.37066764,11.10871538,"high",323.7876155,"NW","convex.rugged"
"336","CR01","E","psme","D",6,0,0,0,0,0,0,0,0,0,1,0,21.22,2437.812423,6.496385668,"convex",20.37066764,11.10871538,"high",323.7876155,"NW","convex.rugged"
"337","CR01","E","psme","D",7,0,0,0,0,0,0,0,0,0,1,0,21.22,2437.812423,6.496385668,"convex",20.37066764,11.10871538,"high",323.7876155,"NW","convex.rugged"
"338","CR01","E","psme","D",8,0,0,0,0,0,0,0,0,0,1,0,21.22,2437.812423,6.496385668,"convex",20.37066764,11.10871538,"high",323.7876155,"NW","convex.rugged"
"339","CR01","E","psme","D",9,0,0,0,0,0,0,0,0,0,1,0,21.22,2437.812423,6.496385668,"convex",20.37066764,11.10871538,"high",323.7876155,"NW","convex.rugged"
"340","CR01","E","psme","D",10,0,0,0,0,0,0,0,0,0,1,0,21.22,2437.812423,6.496385668,"convex",20.37066764,11.10871538,"high",323.7876155,"NW","convex.rugged"
"341","CR01","N","pico","D",1,0,0,0,0,0,0,0,0,0,1,0,21.22,2437.812423,6.496385668,"convex",20.37066764,11.10871538,"high",323.7876155,"NW","convex.rugged"
"342","CR01","N","pico","D",2,0,0,0,0,0,0,0,0,0,1,0,21.22,2437.812423,6.496385668,"convex",20.37066764,11.10871538,"high",323.7876155,"NW","convex.rugged"
"343","CR01","N","pico","D",3,0,0,0,0,0,0,0,0,0,1,0,21.22,2437.812423,6.496385668,"convex",20.37066764,11.10871538,"high",323.7876155,"NW","convex.rugged"
"344","CR01","N","pico","D",4,0,0,0,0,0,0,0,0,0,1,0,21.22,2437.812423,6.496385668,"convex",20.37066764,11.10871538,"high",323.7876155,"NW","convex.rugged"
"345","CR01","N","pico","D",5,0,0,0,0,0,0,0,0,0,1,0,21.22,2437.812423,6.496385668,"convex",20.37066764,11.10871538,"high",323.7876155,"NW","convex.rugged"
"346","CR01","N","pico","D",6,0,0,0,0,0,0,0,0,0,1,0,21.22,2437.812423,6.496385668,"convex",20.37066764,11.10871538,"high",323.7876155,"NW","convex.rugged"
"347","CR01","N","pico","D",7,0,0,0,0,0,0,0,0,0,1,0,21.22,2437.812423,6.496385668,"convex",20.37066764,11.10871538,"high",323.7876155,"NW","convex.rugged"
"348","CR01","N","pico","D",8,0,0,0,0,0,0,0,0,0,1,0,21.22,2437.812423,6.496385668,"convex",20.37066764,11.10871538,"high",323.7876155,"NW","convex.rugged"
"349","CR01","N","pico","D",9,0,0,0,0,0,0,0,0,0,1,0,21.22,2437.812423,6.496385668,"convex",20.37066764,11.10871538,"high",323.7876155,"NW","convex.rugged"
"350","CR01","N","pico","D",10,0,0,0,0,0,0,0,0,0,1,0,21.22,2437.812423,6.496385668,"convex",20.37066764,11.10871538,"high",323.7876155,"NW","convex.rugged"
"351","CR01","N","psme","D",1,0,0,0,0,0,0,0,0,0,1,0,21.22,2437.812423,6.496385668,"convex",20.37066764,11.10871538,"high",323.7876155,"NW","convex.rugged"
"352","CR01","N","psme","D",2,0,0,0,0,0,0,0,0,0,1,0,21.22,2437.812423,6.496385668,"convex",20.37066764,11.10871538,"high",323.7876155,"NW","convex.rugged"
"353","CR01","N","psme","D",3,0,0,0,0,0,0,0,0,0,1,0,21.22,2437.812423,6.496385668,"convex",20.37066764,11.10871538,"high",323.7876155,"NW","convex.rugged"
"354","CR01","N","psme","D",4,0,0,0,0,0,0,0,0,0,1,0,21.22,2437.812423,6.496385668,"convex",20.37066764,11.10871538,"high",323.7876155,"NW","convex.rugged"
"355","CR01","N","psme","D",5,0,0,0,0,0,0,0,0,0,1,0,21.22,2437.812423,6.496385668,"convex",20.37066764,11.10871538,"high",323.7876155,"NW","convex.rugged"
"356","CR01","N","psme","D",6,0,0,0,0,0,0,0,0,0,1,0,21.22,2437.812423,6.496385668,"convex",20.37066764,11.10871538,"high",323.7876155,"NW","convex.rugged"
"357","CR01","N","psme","D",7,0,0,0,0,0,0,0,0,0,1,0,21.22,2437.812423,6.496385668,"convex",20.37066764,11.10871538,"high",323.7876155,"NW","convex.rugged"
"358","CR01","N","psme","D",8,0,0,0,0,0,0,0,0,0,1,0,21.22,2437.812423,6.496385668,"convex",20.37066764,11.10871538,"high",323.7876155,"NW","convex.rugged"
"359","CR01","N","psme","D",9,0,0,0,0,0,0,0,0,0,1,0,21.22,2437.812423,6.496385668,"convex",20.37066764,11.10871538,"high",323.7876155,"NW","convex.rugged"
"360","CR01","N","psme","D",10,0,0,0,0,0,0,0,0,0,1,0,21.22,2437.812423,6.496385668,"convex",20.37066764,11.10871538,"high",323.7876155,"NW","convex.rugged"
"361","CR01","S","pico","D",1,0,0,0,0,0,0,0,0,0,1,0,21.22,2437.812423,6.496385668,"convex",20.37066764,11.10871538,"high",323.7876155,"NW","convex.rugged"
"362","CR01","S","pico","D",2,0,0,0,0,0,0,0,0,0,1,0,21.22,2437.812423,6.496385668,"convex",20.37066764,11.10871538,"high",323.7876155,"NW","convex.rugged"
"363","CR01","S","pico","D",3,0,0,0,0,0,0,0,0,0,1,0,21.22,2437.812423,6.496385668,"convex",20.37066764,11.10871538,"high",323.7876155,"NW","convex.rugged"
"364","CR01","S","pico","D",4,0,0,0,0,0,0,0,0,0,1,0,21.22,2437.812423,6.496385668,"convex",20.37066764,11.10871538,"high",323.7876155,"NW","convex.rugged"
"365","CR01","S","pico","D",5,0,0,0,0,0,0,0,0,0,1,0,21.22,2437.812423,6.496385668,"convex",20.37066764,11.10871538,"high",323.7876155,"NW","convex.rugged"
"366","CR01","S","pico","D",6,0,0,0,0,0,0,0,0,0,1,0,21.22,2437.812423,6.496385668,"convex",20.37066764,11.10871538,"high",323.7876155,"NW","convex.rugged"
"367","CR01","S","pico","D",7,0,0,0,0,0,0,0,0,0,1,0,21.22,2437.812423,6.496385668,"convex",20.37066764,11.10871538,"high",323.7876155,"NW","convex.rugged"
"368","CR01","S","pico","D",8,0,0,0,0,0,0,0,0,0,1,0,21.22,2437.812423,6.496385668,"convex",20.37066764,11.10871538,"high",323.7876155,"NW","convex.rugged"
"369","CR01","S","pico","D",9,0,0,0,0,0,0,0,0,0,1,0,21.22,2437.812423,6.496385668,"convex",20.37066764,11.10871538,"high",323.7876155,"NW","convex.rugged"
"370","CR01","S","pico","D",10,0,0,0,0,0,0,0,0,0,1,0,21.22,2437.812423,6.496385668,"convex",20.37066764,11.10871538,"high",323.7876155,"NW","convex.rugged"
"371","CR01","S","psme","D",1,0,0,0,0,0,0,0,0,0,1,0,21.22,2437.812423,6.496385668,"convex",20.37066764,11.10871538,"high",323.7876155,"NW","convex.rugged"
"372","CR01","S","psme","D",2,0,0,0,0,0,0,0,0,0,1,0,21.22,2437.812423,6.496385668,"convex",20.37066764,11.10871538,"high",323.7876155,"NW","convex.rugged"
"373","CR01","S","psme","D",3,0,0,0,0,0,0,0,0,0,1,0,21.22,2437.812423,6.496385668,"convex",20.37066764,11.10871538,"high",323.7876155,"NW","convex.rugged"
"374","CR01","S","psme","D",4,0,0,0,0,0,0,0,0,0,1,0,21.22,2437.812423,6.496385668,"convex",20.37066764,11.10871538,"high",323.7876155,"NW","convex.rugged"
"375","CR01","S","psme","D",5,0,0,0,0,0,0,0,0,0,1,0,21.22,2437.812423,6.496385668,"convex",20.37066764,11.10871538,"high",323.7876155,"NW","convex.rugged"
"376","CR01","S","psme","D",6,0,0,0,0,0,0,0,0,0,1,0,21.22,2437.812423,6.496385668,"convex",20.37066764,11.10871538,"high",323.7876155,"NW","convex.rugged"
"377","CR01","S","psme","D",7,0,0,0,0,0,0,0,0,0,1,0,21.22,2437.812423,6.496385668,"convex",20.37066764,11.10871538,"high",323.7876155,"NW","convex.rugged"
"378","CR01","S","psme","D",8,0,0,0,0,0,0,0,0,0,1,0,21.22,2437.812423,6.496385668,"convex",20.37066764,11.10871538,"high",323.7876155,"NW","convex.rugged"
"379","CR01","S","psme","D",9,0,0,0,0,0,0,0,0,0,1,0,21.22,2437.812423,6.496385668,"convex",20.37066764,11.10871538,"high",323.7876155,"NW","convex.rugged"
"380","CR01","S","psme","D",10,0,0,0,0,0,0,0,0,0,1,0,21.22,2437.812423,6.496385668,"convex",20.37066764,11.10871538,"high",323.7876155,"NW","convex.rugged"
"381","CR01","W","pico","D",1,0,0,0,0,0,0,0,0,0,1,0,21.22,2437.812423,6.496385668,"convex",20.37066764,11.10871538,"high",323.7876155,"NW","convex.rugged"
"382","CR01","W","pico","D",2,0,0,0,0,0,0,0,0,0,1,0,21.22,2437.812423,6.496385668,"convex",20.37066764,11.10871538,"high",323.7876155,"NW","convex.rugged"
"383","CR01","W","pico","D",3,0,0,0,0,0,0,0,0,0,1,0,21.22,2437.812423,6.496385668,"convex",20.37066764,11.10871538,"high",323.7876155,"NW","convex.rugged"
"384","CR01","W","pico","D",4,0,0,0,0,0,0,0,0,0,1,0,21.22,2437.812423,6.496385668,"convex",20.37066764,11.10871538,"high",323.7876155,"NW","convex.rugged"
"385","CR01","W","pico","D",5,0,0,0,0,0,0,0,0,0,1,0,21.22,2437.812423,6.496385668,"convex",20.37066764,11.10871538,"high",323.7876155,"NW","convex.rugged"
"386","CR01","W","pico","D",6,0,0,0,0,0,0,0,0,0,1,0,21.22,2437.812423,6.496385668,"convex",20.37066764,11.10871538,"high",323.7876155,"NW","convex.rugged"
"387","CR01","W","pico","D",7,0,0,0,0,0,0,0,0,0,1,0,21.22,2437.812423,6.496385668,"convex",20.37066764,11.10871538,"high",323.7876155,"NW","convex.rugged"
"388","CR01","W","pico","D",8,0,0,0,0,0,0,0,0,0,1,0,21.22,2437.812423,6.496385668,"convex",20.37066764,11.10871538,"high",323.7876155,"NW","convex.rugged"
"389","CR01","W","pico","D",9,0,0,0,0,0,0,0,0,0,1,0,21.22,2437.812423,6.496385668,"convex",20.37066764,11.10871538,"high",323.7876155,"NW","convex.rugged"
"390","CR01","W","pico","D",10,0,0,0,0,0,0,0,0,0,1,0,21.22,2437.812423,6.496385668,"convex",20.37066764,11.10871538,"high",323.7876155,"NW","convex.rugged"
"391","CR01","W","psme","D",1,0,0,0,0,0,0,0,0,0,1,0,21.22,2437.812423,6.496385668,"convex",20.37066764,11.10871538,"high",323.7876155,"NW","convex.rugged"
"392","CR01","W","psme","D",2,0,0,0,0,0,0,0,0,0,1,0,21.22,2437.812423,6.496385668,"convex",20.37066764,11.10871538,"high",323.7876155,"NW","convex.rugged"
"393","CR01","W","psme","D",3,0,0,0,0,0,0,0,0,0,1,0,21.22,2437.812423,6.496385668,"convex",20.37066764,11.10871538,"high",323.7876155,"NW","convex.rugged"
"394","CR01","W","psme","D",4,0,0,0,0,0,0,0,0,0,1,0,21.22,2437.812423,6.496385668,"convex",20.37066764,11.10871538,"high",323.7876155,"NW","convex.rugged"
"395","CR01","W","psme","D",5,0,0,0,0,0,0,0,0,0,1,0,21.22,2437.812423,6.496385668,"convex",20.37066764,11.10871538,"high",323.7876155,"NW","convex.rugged"
"396","CR01","W","psme","D",6,0,0,0,0,0,0,0,0,0,1,0,21.22,2437.812423,6.496385668,"convex",20.37066764,11.10871538,"high",323.7876155,"NW","convex.rugged"
"397","CR01","W","psme","D",7,0,0,0,0,0,0,0,0,0,1,0,21.22,2437.812423,6.496385668,"convex",20.37066764,11.10871538,"high",323.7876155,"NW","convex.rugged"
"398","CR01","W","psme","D",8,0,0,0,0,0,0,0,0,0,1,0,21.22,2437.812423,6.496385668,"convex",20.37066764,11.10871538,"high",323.7876155,"NW","convex.rugged"
"399","CR01","W","psme","D",9,0,0,0,0,0,0,0,0,0,1,0,21.22,2437.812423,6.496385668,"convex",20.37066764,11.10871538,"high",323.7876155,"NW","convex.rugged"
"400","CR01","W","psme","D",10,0,0,0,0,0,0,0,0,0,1,0,21.22,2437.812423,6.496385668,"convex",20.37066764,11.10871538,"high",323.7876155,"NW","convex.rugged"
"401","CR01","C","pico","E",1,0,0,0,0,0,0,0,0,0,1,0,21.22,2437.812423,6.496385668,"convex",20.37066764,11.10871538,"high",323.7876155,"NW","convex.rugged"
"402","CR01","C","pico","E",2,0,0,0,0,0,0,0,0,0,1,0,21.22,2437.812423,6.496385668,"convex",20.37066764,11.10871538,"high",323.7876155,"NW","convex.rugged"
"403","CR01","C","pico","E",3,1,0,1,1,0,0,0,0,0,1,0,21.22,2437.812423,6.496385668,"convex",20.37066764,11.10871538,"high",323.7876155,"NW","convex.rugged"
"404","CR01","C","pico","E",4,0,0,0,0,0,0,0,0,0,1,0,21.22,2437.812423,6.496385668,"convex",20.37066764,11.10871538,"high",323.7876155,"NW","convex.rugged"
"405","CR01","C","pico","E",5,0,0,0,0,0,0,0,0,0,1,0,21.22,2437.812423,6.496385668,"convex",20.37066764,11.10871538,"high",323.7876155,"NW","convex.rugged"
"406","CR01","C","pico","E",6,0,0,0,0,0,0,0,0,0,1,0,21.22,2437.812423,6.496385668,"convex",20.37066764,11.10871538,"high",323.7876155,"NW","convex.rugged"
"407","CR01","C","pico","E",7,0,0,0,0,0,0,0,0,0,1,0,21.22,2437.812423,6.496385668,"convex",20.37066764,11.10871538,"high",323.7876155,"NW","convex.rugged"
"408","CR01","C","pico","E",8,0,0,0,0,0,0,0,0,0,1,0,21.22,2437.812423,6.496385668,"convex",20.37066764,11.10871538,"high",323.7876155,"NW","convex.rugged"
"409","CR01","C","pico","E",9,0,0,0,0,0,0,0,0,0,1,0,21.22,2437.812423,6.496385668,"convex",20.37066764,11.10871538,"high",323.7876155,"NW","convex.rugged"
"410","CR01","C","pico","E",10,0,0,0,0,0,0,0,0,0,1,0,21.22,2437.812423,6.496385668,"convex",20.37066764,11.10871538,"high",323.7876155,"NW","convex.rugged"
"411","CR01","C","psme","E",1,0,0,0,0,0,0,0,0,0,1,0,21.22,2437.812423,6.496385668,"convex",20.37066764,11.10871538,"high",323.7876155,"NW","convex.rugged"
"412","CR01","C","psme","E",2,0,0,0,0,0,0,0,0,0,1,0,21.22,2437.812423,6.496385668,"convex",20.37066764,11.10871538,"high",323.7876155,"NW","convex.rugged"
"413","CR01","C","psme","E",3,0,0,0,0,0,0,0,0,0,1,0,21.22,2437.812423,6.496385668,"convex",20.37066764,11.10871538,"high",323.7876155,"NW","convex.rugged"
"414","CR01","C","psme","E",4,0,0,0,0,0,0,0,0,0,1,0,21.22,2437.812423,6.496385668,"convex",20.37066764,11.10871538,"high",323.7876155,"NW","convex.rugged"
"415","CR01","C","psme","E",5,0,0,0,0,0,0,0,0,0,1,0,21.22,2437.812423,6.496385668,"convex",20.37066764,11.10871538,"high",323.7876155,"NW","convex.rugged"
"416","CR01","C","psme","E",6,0,0,0,0,0,0,0,0,0,1,0,21.22,2437.812423,6.496385668,"convex",20.37066764,11.10871538,"high",323.7876155,"NW","convex.rugged"
"417","CR01","C","psme","E",7,0,0,0,0,0,0,0,0,0,1,0,21.22,2437.812423,6.496385668,"convex",20.37066764,11.10871538,"high",323.7876155,"NW","convex.rugged"
"418","CR01","C","psme","E",8,0,0,0,0,0,0,0,0,0,1,0,21.22,2437.812423,6.496385668,"convex",20.37066764,11.10871538,"high",323.7876155,"NW","convex.rugged"
"419","CR01","C","psme","E",9,0,0,0,0,0,0,0,0,0,1,0,21.22,2437.812423,6.496385668,"convex",20.37066764,11.10871538,"high",323.7876155,"NW","convex.rugged"
"420","CR01","C","psme","E",10,0,0,0,0,0,0,0,0,0,1,0,21.22,2437.812423,6.496385668,"convex",20.37066764,11.10871538,"high",323.7876155,"NW","convex.rugged"
"421","CR01","E","pico","E",1,0,0,0,0,0,0,0,0,0,1,0,21.22,2437.812423,6.496385668,"convex",20.37066764,11.10871538,"high",323.7876155,"NW","convex.rugged"
"422","CR01","E","pico","E",2,0,0,0,0,0,0,0,0,0,1,0,21.22,2437.812423,6.496385668,"convex",20.37066764,11.10871538,"high",323.7876155,"NW","convex.rugged"
"423","CR01","E","pico","E",3,0,0,0,0,0,0,0,0,0,1,0,21.22,2437.812423,6.496385668,"convex",20.37066764,11.10871538,"high",323.7876155,"NW","convex.rugged"
"424","CR01","E","pico","E",4,0,0,0,0,0,0,0,0,0,1,0,21.22,2437.812423,6.496385668,"convex",20.37066764,11.10871538,"high",323.7876155,"NW","convex.rugged"
"425","CR01","E","pico","E",5,0,0,0,0,0,0,0,0,0,1,0,21.22,2437.812423,6.496385668,"convex",20.37066764,11.10871538,"high",323.7876155,"NW","convex.rugged"
"426","CR01","E","pico","E",6,0,0,0,0,0,0,0,0,0,1,0,21.22,2437.812423,6.496385668,"convex",20.37066764,11.10871538,"high",323.7876155,"NW","convex.rugged"
"427","CR01","E","pico","E",7,0,0,0,0,0,0,0,0,0,1,0,21.22,2437.812423,6.496385668,"convex",20.37066764,11.10871538,"high",323.7876155,"NW","convex.rugged"
"428","CR01","E","pico","E",8,0,0,0,0,0,0,0,0,0,1,0,21.22,2437.812423,6.496385668,"convex",20.37066764,11.10871538,"high",323.7876155,"NW","convex.rugged"
"429","CR01","E","pico","E",9,0,0,0,0,0,0,0,0,0,1,0,21.22,2437.812423,6.496385668,"convex",20.37066764,11.10871538,"high",323.7876155,"NW","convex.rugged"
"430","CR01","E","pico","E",10,0,0,0,0,0,0,0,0,0,1,0,21.22,2437.812423,6.496385668,"convex",20.37066764,11.10871538,"high",323.7876155,"NW","convex.rugged"
"431","CR01","E","psme","E",1,0,0,0,0,0,0,0,0,0,1,0,21.22,2437.812423,6.496385668,"convex",20.37066764,11.10871538,"high",323.7876155,"NW","convex.rugged"
"432","CR01","E","psme","E",2,0,0,0,0,0,0,0,0,0,1,0,21.22,2437.812423,6.496385668,"convex",20.37066764,11.10871538,"high",323.7876155,"NW","convex.rugged"
"433","CR01","E","psme","E",3,0,0,0,0,0,0,0,0,0,1,0,21.22,2437.812423,6.496385668,"convex",20.37066764,11.10871538,"high",323.7876155,"NW","convex.rugged"
"434","CR01","E","psme","E",4,0,0,0,0,0,0,0,0,0,1,0,21.22,2437.812423,6.496385668,"convex",20.37066764,11.10871538,"high",323.7876155,"NW","convex.rugged"
"435","CR01","E","psme","E",5,0,0,0,0,0,0,0,0,0,1,0,21.22,2437.812423,6.496385668,"convex",20.37066764,11.10871538,"high",323.7876155,"NW","convex.rugged"
"436","CR01","E","psme","E",6,0,0,0,0,0,0,0,0,0,1,0,21.22,2437.812423,6.496385668,"convex",20.37066764,11.10871538,"high",323.7876155,"NW","convex.rugged"
"437","CR01","E","psme","E",7,0,0,0,0,0,0,0,0,0,1,0,21.22,2437.812423,6.496385668,"convex",20.37066764,11.10871538,"high",323.7876155,"NW","convex.rugged"
"438","CR01","E","psme","E",8,0,0,0,0,0,0,0,0,0,1,0,21.22,2437.812423,6.496385668,"convex",20.37066764,11.10871538,"high",323.7876155,"NW","convex.rugged"
"439","CR01","E","psme","E",9,0,0,0,0,0,0,0,0,0,1,0,21.22,2437.812423,6.496385668,"convex",20.37066764,11.10871538,"high",323.7876155,"NW","convex.rugged"
"440","CR01","E","psme","E",10,0,0,0,0,0,0,0,0,0,1,0,21.22,2437.812423,6.496385668,"convex",20.37066764,11.10871538,"high",323.7876155,"NW","convex.rugged"
"441","CR01","N","pico","E",1,0,0,0,0,0,0,0,0,0,1,0,21.22,2437.812423,6.496385668,"convex",20.37066764,11.10871538,"high",323.7876155,"NW","convex.rugged"
"442","CR01","N","pico","E",2,0,0,0,0,0,0,1,0,1,0,0,21.22,2437.812423,6.496385668,"convex",20.37066764,11.10871538,"high",323.7876155,"NW","convex.rugged"
"443","CR01","N","pico","E",3,0,0,0,0,0,0,0,0,0,1,0,21.22,2437.812423,6.496385668,"convex",20.37066764,11.10871538,"high",323.7876155,"NW","convex.rugged"
"444","CR01","N","pico","E",4,0,0,0,0,0,0,0,0,0,1,0,21.22,2437.812423,6.496385668,"convex",20.37066764,11.10871538,"high",323.7876155,"NW","convex.rugged"
"445","CR01","N","pico","E",5,0,0,0,0,0,0,0,0,0,1,0,21.22,2437.812423,6.496385668,"convex",20.37066764,11.10871538,"high",323.7876155,"NW","convex.rugged"
"446","CR01","N","pico","E",6,0,0,0,0,0,0,0,0,0,1,0,21.22,2437.812423,6.496385668,"convex",20.37066764,11.10871538,"high",323.7876155,"NW","convex.rugged"
"447","CR01","N","pico","E",7,0,0,0,0,0,0,0,0,0,1,0,21.22,2437.812423,6.496385668,"convex",20.37066764,11.10871538,"high",323.7876155,"NW","convex.rugged"
"448","CR01","N","pico","E",8,0,0,0,0,0,0,0,0,0,1,0,21.22,2437.812423,6.496385668,"convex",20.37066764,11.10871538,"high",323.7876155,"NW","convex.rugged"
"449","CR01","N","pico","E",9,0,0,0,0,0,0,0,0,0,1,0,21.22,2437.812423,6.496385668,"convex",20.37066764,11.10871538,"high",323.7876155,"NW","convex.rugged"
"450","CR01","N","pico","E",10,0,0,0,0,0,0,0,0,0,1,0,21.22,2437.812423,6.496385668,"convex",20.37066764,11.10871538,"high",323.7876155,"NW","convex.rugged"
"451","CR01","N","psme","E",1,0,0,0,0,0,0,0,0,0,1,0,21.22,2437.812423,6.496385668,"convex",20.37066764,11.10871538,"high",323.7876155,"NW","convex.rugged"
"452","CR01","N","psme","E",2,0,0,0,0,0,0,0,0,0,1,0,21.22,2437.812423,6.496385668,"convex",20.37066764,11.10871538,"high",323.7876155,"NW","convex.rugged"
"453","CR01","N","psme","E",3,0,0,0,0,0,0,0,0,0,1,0,21.22,2437.812423,6.496385668,"convex",20.37066764,11.10871538,"high",323.7876155,"NW","convex.rugged"
"454","CR01","N","psme","E",4,0,0,0,0,0,0,0,0,0,1,0,21.22,2437.812423,6.496385668,"convex",20.37066764,11.10871538,"high",323.7876155,"NW","convex.rugged"
"455","CR01","N","psme","E",5,0,0,0,0,0,0,0,0,0,1,0,21.22,2437.812423,6.496385668,"convex",20.37066764,11.10871538,"high",323.7876155,"NW","convex.rugged"
"456","CR01","N","psme","E",6,0,0,0,0,0,0,0,0,0,1,0,21.22,2437.812423,6.496385668,"convex",20.37066764,11.10871538,"high",323.7876155,"NW","convex.rugged"
"457","CR01","N","psme","E",7,0,0,0,0,0,0,0,0,0,1,0,21.22,2437.812423,6.496385668,"convex",20.37066764,11.10871538,"high",323.7876155,"NW","convex.rugged"
"458","CR01","N","psme","E",8,0,0,0,0,0,0,0,0,0,1,0,21.22,2437.812423,6.496385668,"convex",20.37066764,11.10871538,"high",323.7876155,"NW","convex.rugged"
"459","CR01","N","psme","E",9,0,0,0,0,0,0,0,0,0,1,0,21.22,2437.812423,6.496385668,"convex",20.37066764,11.10871538,"high",323.7876155,"NW","convex.rugged"
"460","CR01","N","psme","E",10,0,0,0,0,0,0,0,0,0,1,0,21.22,2437.812423,6.496385668,"convex",20.37066764,11.10871538,"high",323.7876155,"NW","convex.rugged"
"461","CR01","S","pico","E",1,0,0,0,0,0,0,0,0,0,1,0,21.22,2437.812423,6.496385668,"convex",20.37066764,11.10871538,"high",323.7876155,"NW","convex.rugged"
"462","CR01","S","pico","E",2,0,0,0,0,0,0,0,0,0,1,0,21.22,2437.812423,6.496385668,"convex",20.37066764,11.10871538,"high",323.7876155,"NW","convex.rugged"
"463","CR01","S","pico","E",3,0,0,0,0,0,0,0,0,0,1,0,21.22,2437.812423,6.496385668,"convex",20.37066764,11.10871538,"high",323.7876155,"NW","convex.rugged"
"464","CR01","S","pico","E",4,0,0,0,0,0,0,0,0,0,1,0,21.22,2437.812423,6.496385668,"convex",20.37066764,11.10871538,"high",323.7876155,"NW","convex.rugged"
"465","CR01","S","pico","E",5,0,0,0,0,0,0,0,0,0,1,0,21.22,2437.812423,6.496385668,"convex",20.37066764,11.10871538,"high",323.7876155,"NW","convex.rugged"
"466","CR01","S","pico","E",6,0,0,0,0,0,0,0,0,0,1,0,21.22,2437.812423,6.496385668,"convex",20.37066764,11.10871538,"high",323.7876155,"NW","convex.rugged"
"467","CR01","S","pico","E",7,0,0,0,0,0,0,0,0,0,1,0,21.22,2437.812423,6.496385668,"convex",20.37066764,11.10871538,"high",323.7876155,"NW","convex.rugged"
"468","CR01","S","pico","E",8,0,0,0,0,0,0,0,0,0,1,0,21.22,2437.812423,6.496385668,"convex",20.37066764,11.10871538,"high",323.7876155,"NW","convex.rugged"
"469","CR01","S","pico","E",9,0,0,0,0,0,0,0,0,0,1,0,21.22,2437.812423,6.496385668,"convex",20.37066764,11.10871538,"high",323.7876155,"NW","convex.rugged"
"470","CR01","S","pico","E",10,0,0,0,0,0,0,0,0,0,1,0,21.22,2437.812423,6.496385668,"convex",20.37066764,11.10871538,"high",323.7876155,"NW","convex.rugged"
"471","CR01","S","psme","E",1,0,0,0,0,0,0,0,0,0,1,0,21.22,2437.812423,6.496385668,"convex",20.37066764,11.10871538,"high",323.7876155,"NW","convex.rugged"
"472","CR01","S","psme","E",2,0,0,0,0,0,0,0,0,0,1,0,21.22,2437.812423,6.496385668,"convex",20.37066764,11.10871538,"high",323.7876155,"NW","convex.rugged"
"473","CR01","S","psme","E",3,0,0,0,0,0,0,0,0,0,1,0,21.22,2437.812423,6.496385668,"convex",20.37066764,11.10871538,"high",323.7876155,"NW","convex.rugged"
"474","CR01","S","psme","E",4,0,0,0,0,0,0,0,0,0,1,0,21.22,2437.812423,6.496385668,"convex",20.37066764,11.10871538,"high",323.7876155,"NW","convex.rugged"
"475","CR01","S","psme","E",5,0,0,0,0,0,0,0,0,0,1,0,21.22,2437.812423,6.496385668,"convex",20.37066764,11.10871538,"high",323.7876155,"NW","convex.rugged"
"476","CR01","S","psme","E",6,0,0,0,0,0,0,0,0,0,1,0,21.22,2437.812423,6.496385668,"convex",20.37066764,11.10871538,"high",323.7876155,"NW","convex.rugged"
"477","CR01","S","psme","E",7,0,0,0,0,0,0,0,0,0,1,0,21.22,2437.812423,6.496385668,"convex",20.37066764,11.10871538,"high",323.7876155,"NW","convex.rugged"
"478","CR01","S","psme","E",8,0,0,0,0,0,0,0,0,0,1,0,21.22,2437.812423,6.496385668,"convex",20.37066764,11.10871538,"high",323.7876155,"NW","convex.rugged"
"479","CR01","S","psme","E",9,0,0,0,0,0,0,0,0,0,1,0,21.22,2437.812423,6.496385668,"convex",20.37066764,11.10871538,"high",323.7876155,"NW","convex.rugged"
"480","CR01","S","psme","E",10,0,0,0,0,0,0,0,0,0,1,0,21.22,2437.812423,6.496385668,"convex",20.37066764,11.10871538,"high",323.7876155,"NW","convex.rugged"
"481","CR01","W","pico","E",1,0,0,0,0,0,0,0,0,0,1,0,21.22,2437.812423,6.496385668,"convex",20.37066764,11.10871538,"high",323.7876155,"NW","convex.rugged"
"482","CR01","W","pico","E",2,0,0,0,0,0,0,0,0,0,1,0,21.22,2437.812423,6.496385668,"convex",20.37066764,11.10871538,"high",323.7876155,"NW","convex.rugged"
"483","CR01","W","pico","E",3,0,0,0,0,0,0,0,0,0,1,0,21.22,2437.812423,6.496385668,"convex",20.37066764,11.10871538,"high",323.7876155,"NW","convex.rugged"
"484","CR01","W","pico","E",4,0,0,0,0,0,0,0,0,0,1,0,21.22,2437.812423,6.496385668,"convex",20.37066764,11.10871538,"high",323.7876155,"NW","convex.rugged"
"485","CR01","W","pico","E",5,0,0,0,0,0,0,0,0,0,1,0,21.22,2437.812423,6.496385668,"convex",20.37066764,11.10871538,"high",323.7876155,"NW","convex.rugged"
"486","CR01","W","pico","E",6,0,0,0,0,0,0,0,0,0,1,0,21.22,2437.812423,6.496385668,"convex",20.37066764,11.10871538,"high",323.7876155,"NW","convex.rugged"
"487","CR01","W","pico","E",7,0,0,0,0,0,0,0,0,0,1,0,21.22,2437.812423,6.496385668,"convex",20.37066764,11.10871538,"high",323.7876155,"NW","convex.rugged"
"488","CR01","W","pico","E",8,0,0,0,0,0,0,0,0,0,1,0,21.22,2437.812423,6.496385668,"convex",20.37066764,11.10871538,"high",323.7876155,"NW","convex.rugged"
"489","CR01","W","pico","E",9,0,0,0,0,0,0,0,0,0,1,0,21.22,2437.812423,6.496385668,"convex",20.37066764,11.10871538,"high",323.7876155,"NW","convex.rugged"
"490","CR01","W","pico","E",10,0,0,0,0,0,0,0,0,0,1,0,21.22,2437.812423,6.496385668,"convex",20.37066764,11.10871538,"high",323.7876155,"NW","convex.rugged"
"491","CR01","W","psme","E",1,0,0,0,0,0,0,0,0,0,1,0,21.22,2437.812423,6.496385668,"convex",20.37066764,11.10871538,"high",323.7876155,"NW","convex.rugged"
"492","CR01","W","psme","E",2,0,0,0,0,0,0,0,0,0,1,0,21.22,2437.812423,6.496385668,"convex",20.37066764,11.10871538,"high",323.7876155,"NW","convex.rugged"
"493","CR01","W","psme","E",3,0,0,0,0,0,0,0,0,0,1,0,21.22,2437.812423,6.496385668,"convex",20.37066764,11.10871538,"high",323.7876155,"NW","convex.rugged"
"494","CR01","W","psme","E",4,0,0,0,0,0,0,0,0,0,1,0,21.22,2437.812423,6.496385668,"convex",20.37066764,11.10871538,"high",323.7876155,"NW","convex.rugged"
"495","CR01","W","psme","E",5,0,0,0,0,0,0,0,0,0,1,0,21.22,2437.812423,6.496385668,"convex",20.37066764,11.10871538,"high",323.7876155,"NW","convex.rugged"
"496","CR01","W","psme","E",6,0,0,0,0,0,0,0,0,0,1,0,21.22,2437.812423,6.496385668,"convex",20.37066764,11.10871538,"high",323.7876155,"NW","convex.rugged"
"497","CR01","W","psme","E",7,0,0,0,0,0,0,0,0,0,1,0,21.22,2437.812423,6.496385668,"convex",20.37066764,11.10871538,"high",323.7876155,"NW","convex.rugged"
"498","CR01","W","psme","E",8,0,0,0,0,0,0,0,0,0,1,0,21.22,2437.812423,6.496385668,"convex",20.37066764,11.10871538,"high",323.7876155,"NW","convex.rugged"
"499","CR01","W","psme","E",9,0,0,0,0,0,0,0,0,0,1,0,21.22,2437.812423,6.496385668,"convex",20.37066764,11.10871538,"high",323.7876155,"NW","convex.rugged"
"500","CR01","W","psme","E",10,0,0,0,0,0,0,0,0,0,1,0,21.22,2437.812423,6.496385668,"convex",20.37066764,11.10871538,"high",323.7876155,"NW","convex.rugged"
"501","CR02","C","pico","A",1,0,0,0,0,0,0,0,0,0,1,0,43.58,2329.692154,2.872052544,"convex",25.67852835,11.12948486,"high",261.5200827,"W","convex.rugged"
"502","CR02","C","pico","A",2,0,0,0,0,0,0,0,0,0,1,0,43.58,2329.692154,2.872052544,"convex",25.67852835,11.12948486,"high",261.5200827,"W","convex.rugged"
"503","CR02","C","pico","A",3,0,0,0,0,0,0,0,0,0,1,0,43.58,2329.692154,2.872052544,"convex",25.67852835,11.12948486,"high",261.5200827,"W","convex.rugged"
"504","CR02","C","pico","A",4,0,0,0,0,0,0,0,0,0,1,0,43.58,2329.692154,2.872052544,"convex",25.67852835,11.12948486,"high",261.5200827,"W","convex.rugged"
"505","CR02","C","pico","A",5,0,0,0,0,0,0,0,0,0,1,0,43.58,2329.692154,2.872052544,"convex",25.67852835,11.12948486,"high",261.5200827,"W","convex.rugged"
"506","CR02","C","pico","A",6,0,0,0,0,0,0,0,0,0,1,0,43.58,2329.692154,2.872052544,"convex",25.67852835,11.12948486,"high",261.5200827,"W","convex.rugged"
"507","CR02","C","pico","A",7,0,0,0,0,0,0,0,0,0,1,0,43.58,2329.692154,2.872052544,"convex",25.67852835,11.12948486,"high",261.5200827,"W","convex.rugged"
"508","CR02","C","pico","A",8,0,0,0,0,0,0,0,0,0,1,0,43.58,2329.692154,2.872052544,"convex",25.67852835,11.12948486,"high",261.5200827,"W","convex.rugged"
"509","CR02","C","pico","A",9,0,0,0,0,0,0,1,0,1,0,0,43.58,2329.692154,2.872052544,"convex",25.67852835,11.12948486,"high",261.5200827,"W","convex.rugged"
"510","CR02","C","pico","A",10,0,0,0,0,0,0,1,0,1,0,0,43.58,2329.692154,2.872052544,"convex",25.67852835,11.12948486,"high",261.5200827,"W","convex.rugged"
"511","CR02","C","psme","A",1,0,0,0,0,0,0,0,0,0,1,0,43.58,2329.692154,2.872052544,"convex",25.67852835,11.12948486,"high",261.5200827,"W","convex.rugged"
"512","CR02","C","psme","A",2,0,0,0,0,0,0,0,0,0,1,0,43.58,2329.692154,2.872052544,"convex",25.67852835,11.12948486,"high",261.5200827,"W","convex.rugged"
"513","CR02","C","psme","A",3,0,0,0,0,0,0,0,0,0,1,0,43.58,2329.692154,2.872052544,"convex",25.67852835,11.12948486,"high",261.5200827,"W","convex.rugged"
"514","CR02","C","psme","A",4,0,0,0,0,0,0,0,0,0,1,0,43.58,2329.692154,2.872052544,"convex",25.67852835,11.12948486,"high",261.5200827,"W","convex.rugged"
"515","CR02","C","psme","A",5,0,0,0,0,0,0,0,0,0,1,0,43.58,2329.692154,2.872052544,"convex",25.67852835,11.12948486,"high",261.5200827,"W","convex.rugged"
"516","CR02","C","psme","A",6,0,0,0,0,0,0,0,0,0,1,0,43.58,2329.692154,2.872052544,"convex",25.67852835,11.12948486,"high",261.5200827,"W","convex.rugged"
"517","CR02","C","psme","A",7,0,0,0,0,0,0,0,0,0,1,0,43.58,2329.692154,2.872052544,"convex",25.67852835,11.12948486,"high",261.5200827,"W","convex.rugged"
"518","CR02","C","psme","A",8,0,0,0,0,0,0,0,0,0,1,0,43.58,2329.692154,2.872052544,"convex",25.67852835,11.12948486,"high",261.5200827,"W","convex.rugged"
"519","CR02","C","psme","A",9,0,0,0,0,0,0,0,0,0,1,0,43.58,2329.692154,2.872052544,"convex",25.67852835,11.12948486,"high",261.5200827,"W","convex.rugged"
"520","CR02","C","psme","A",10,0,0,0,0,0,0,0,0,0,1,0,43.58,2329.692154,2.872052544,"convex",25.67852835,11.12948486,"high",261.5200827,"W","convex.rugged"
"521","CR02","E","pico","A",1,0,0,0,0,0,0,0,0,0,1,0,43.58,2329.692154,2.872052544,"convex",25.67852835,11.12948486,"high",261.5200827,"W","convex.rugged"
"522","CR02","E","pico","A",2,0,0,0,0,0,0,0,0,0,1,0,43.58,2329.692154,2.872052544,"convex",25.67852835,11.12948486,"high",261.5200827,"W","convex.rugged"
"523","CR02","E","pico","A",3,0,0,0,0,0,0,0,0,0,1,0,43.58,2329.692154,2.872052544,"convex",25.67852835,11.12948486,"high",261.5200827,"W","convex.rugged"
"524","CR02","E","pico","A",4,0,0,0,0,0,0,0,0,0,1,0,43.58,2329.692154,2.872052544,"convex",25.67852835,11.12948486,"high",261.5200827,"W","convex.rugged"
"525","CR02","E","pico","A",5,0,0,0,0,0,0,0,0,0,1,0,43.58,2329.692154,2.872052544,"convex",25.67852835,11.12948486,"high",261.5200827,"W","convex.rugged"
"526","CR02","E","pico","A",6,0,0,0,0,0,0,1,0,1,0,0,43.58,2329.692154,2.872052544,"convex",25.67852835,11.12948486,"high",261.5200827,"W","convex.rugged"
"527","CR02","E","pico","A",7,0,0,0,0,0,0,1,0,1,0,0,43.58,2329.692154,2.872052544,"convex",25.67852835,11.12948486,"high",261.5200827,"W","convex.rugged"
"528","CR02","E","pico","A",8,0,0,0,0,0,0,0,0,0,1,0,43.58,2329.692154,2.872052544,"convex",25.67852835,11.12948486,"high",261.5200827,"W","convex.rugged"
"529","CR02","E","pico","A",9,0,0,0,0,0,0,0,0,0,1,0,43.58,2329.692154,2.872052544,"convex",25.67852835,11.12948486,"high",261.5200827,"W","convex.rugged"
"530","CR02","E","pico","A",10,0,0,0,0,0,0,0,0,0,1,0,43.58,2329.692154,2.872052544,"convex",25.67852835,11.12948486,"high",261.5200827,"W","convex.rugged"
"531","CR02","E","psme","A",1,0,0,0,0,0,0,0,0,0,1,0,43.58,2329.692154,2.872052544,"convex",25.67852835,11.12948486,"high",261.5200827,"W","convex.rugged"
"532","CR02","E","psme","A",2,0,0,0,0,0,0,0,0,0,1,0,43.58,2329.692154,2.872052544,"convex",25.67852835,11.12948486,"high",261.5200827,"W","convex.rugged"
"533","CR02","E","psme","A",3,0,0,0,0,0,0,0,0,0,1,0,43.58,2329.692154,2.872052544,"convex",25.67852835,11.12948486,"high",261.5200827,"W","convex.rugged"
"534","CR02","E","psme","A",4,0,0,0,0,0,0,0,0,0,1,0,43.58,2329.692154,2.872052544,"convex",25.67852835,11.12948486,"high",261.5200827,"W","convex.rugged"
"535","CR02","E","psme","A",5,0,0,0,0,0,0,0,0,0,1,0,43.58,2329.692154,2.872052544,"convex",25.67852835,11.12948486,"high",261.5200827,"W","convex.rugged"
"536","CR02","E","psme","A",6,0,0,0,0,0,0,0,0,0,1,0,43.58,2329.692154,2.872052544,"convex",25.67852835,11.12948486,"high",261.5200827,"W","convex.rugged"
"537","CR02","E","psme","A",7,0,0,0,0,0,0,0,0,0,1,0,43.58,2329.692154,2.872052544,"convex",25.67852835,11.12948486,"high",261.5200827,"W","convex.rugged"
"538","CR02","E","psme","A",8,0,0,0,0,0,0,0,0,0,1,0,43.58,2329.692154,2.872052544,"convex",25.67852835,11.12948486,"high",261.5200827,"W","convex.rugged"
"539","CR02","E","psme","A",9,0,0,0,0,0,0,0,0,0,1,0,43.58,2329.692154,2.872052544,"convex",25.67852835,11.12948486,"high",261.5200827,"W","convex.rugged"
"540","CR02","E","psme","A",10,0,0,0,0,0,0,0,0,0,1,0,43.58,2329.692154,2.872052544,"convex",25.67852835,11.12948486,"high",261.5200827,"W","convex.rugged"
"541","CR02","N","pico","A",1,0,0,0,0,0,0,0,0,0,1,0,43.58,2329.692154,2.872052544,"convex",25.67852835,11.12948486,"high",261.5200827,"W","convex.rugged"
"542","CR02","N","pico","A",2,0,0,0,0,0,0,0,0,0,1,0,43.58,2329.692154,2.872052544,"convex",25.67852835,11.12948486,"high",261.5200827,"W","convex.rugged"
"543","CR02","N","pico","A",3,0,0,0,0,0,0,0,0,0,1,0,43.58,2329.692154,2.872052544,"convex",25.67852835,11.12948486,"high",261.5200827,"W","convex.rugged"
"544","CR02","N","pico","A",4,0,0,0,0,0,0,0,0,0,1,0,43.58,2329.692154,2.872052544,"convex",25.67852835,11.12948486,"high",261.5200827,"W","convex.rugged"
"545","CR02","N","pico","A",5,0,0,0,0,0,0,0,0,0,1,0,43.58,2329.692154,2.872052544,"convex",25.67852835,11.12948486,"high",261.5200827,"W","convex.rugged"
"546","CR02","N","pico","A",6,0,0,0,0,0,0,0,0,0,1,0,43.58,2329.692154,2.872052544,"convex",25.67852835,11.12948486,"high",261.5200827,"W","convex.rugged"
"547","CR02","N","pico","A",7,0,0,0,0,0,0,0,0,0,1,0,43.58,2329.692154,2.872052544,"convex",25.67852835,11.12948486,"high",261.5200827,"W","convex.rugged"
"548","CR02","N","pico","A",8,0,0,0,0,0,0,0,0,0,1,0,43.58,2329.692154,2.872052544,"convex",25.67852835,11.12948486,"high",261.5200827,"W","convex.rugged"
"549","CR02","N","pico","A",9,0,0,0,0,0,0,0,0,0,1,0,43.58,2329.692154,2.872052544,"convex",25.67852835,11.12948486,"high",261.5200827,"W","convex.rugged"
"550","CR02","N","pico","A",10,0,0,0,0,0,0,0,0,0,1,0,43.58,2329.692154,2.872052544,"convex",25.67852835,11.12948486,"high",261.5200827,"W","convex.rugged"
"551","CR02","N","psme","A",1,0,0,0,0,0,0,0,0,0,1,0,43.58,2329.692154,2.872052544,"convex",25.67852835,11.12948486,"high",261.5200827,"W","convex.rugged"
"552","CR02","N","psme","A",2,0,0,0,0,0,0,0,0,0,1,0,43.58,2329.692154,2.872052544,"convex",25.67852835,11.12948486,"high",261.5200827,"W","convex.rugged"
"553","CR02","N","psme","A",3,0,0,0,0,0,0,0,0,0,1,0,43.58,2329.692154,2.872052544,"convex",25.67852835,11.12948486,"high",261.5200827,"W","convex.rugged"
"554","CR02","N","psme","A",4,0,0,0,0,0,0,0,0,0,1,0,43.58,2329.692154,2.872052544,"convex",25.67852835,11.12948486,"high",261.5200827,"W","convex.rugged"
"555","CR02","N","psme","A",5,0,0,0,0,0,0,0,0,0,1,0,43.58,2329.692154,2.872052544,"convex",25.67852835,11.12948486,"high",261.5200827,"W","convex.rugged"
"556","CR02","N","psme","A",6,0,0,0,0,0,0,0,0,0,1,0,43.58,2329.692154,2.872052544,"convex",25.67852835,11.12948486,"high",261.5200827,"W","convex.rugged"
"557","CR02","N","psme","A",7,0,0,0,0,0,0,0,0,0,1,0,43.58,2329.692154,2.872052544,"convex",25.67852835,11.12948486,"high",261.5200827,"W","convex.rugged"
"558","CR02","N","psme","A",8,0,0,0,0,0,0,0,0,0,1,0,43.58,2329.692154,2.872052544,"convex",25.67852835,11.12948486,"high",261.5200827,"W","convex.rugged"
"559","CR02","N","psme","A",9,0,0,0,0,0,0,0,0,0,1,0,43.58,2329.692154,2.872052544,"convex",25.67852835,11.12948486,"high",261.5200827,"W","convex.rugged"
"560","CR02","N","psme","A",10,0,0,0,0,0,0,0,0,0,1,0,43.58,2329.692154,2.872052544,"convex",25.67852835,11.12948486,"high",261.5200827,"W","convex.rugged"
"561","CR02","S","pico","A",1,0,0,0,0,0,0,0,0,0,1,0,43.58,2329.692154,2.872052544,"convex",25.67852835,11.12948486,"high",261.5200827,"W","convex.rugged"
"562","CR02","S","pico","A",2,0,0,0,0,0,0,0,0,0,1,0,43.58,2329.692154,2.872052544,"convex",25.67852835,11.12948486,"high",261.5200827,"W","convex.rugged"
"563","CR02","S","pico","A",3,0,0,0,0,0,0,0,0,0,1,0,43.58,2329.692154,2.872052544,"convex",25.67852835,11.12948486,"high",261.5200827,"W","convex.rugged"
"564","CR02","S","pico","A",4,0,0,0,0,0,0,0,0,0,1,0,43.58,2329.692154,2.872052544,"convex",25.67852835,11.12948486,"high",261.5200827,"W","convex.rugged"
"565","CR02","S","pico","A",5,0,0,0,0,0,0,0,0,0,1,0,43.58,2329.692154,2.872052544,"convex",25.67852835,11.12948486,"high",261.5200827,"W","convex.rugged"
"566","CR02","S","pico","A",6,0,0,0,0,0,0,0,0,0,1,0,43.58,2329.692154,2.872052544,"convex",25.67852835,11.12948486,"high",261.5200827,"W","convex.rugged"
"567","CR02","S","pico","A",7,0,0,0,0,0,0,0,0,0,1,0,43.58,2329.692154,2.872052544,"convex",25.67852835,11.12948486,"high",261.5200827,"W","convex.rugged"
"568","CR02","S","pico","A",8,0,0,0,0,0,0,0,0,0,1,0,43.58,2329.692154,2.872052544,"convex",25.67852835,11.12948486,"high",261.5200827,"W","convex.rugged"
"569","CR02","S","pico","A",9,0,0,0,0,0,0,0,0,0,1,0,43.58,2329.692154,2.872052544,"convex",25.67852835,11.12948486,"high",261.5200827,"W","convex.rugged"
"570","CR02","S","pico","A",10,0,0,0,0,0,0,0,0,0,1,0,43.58,2329.692154,2.872052544,"convex",25.67852835,11.12948486,"high",261.5200827,"W","convex.rugged"
"571","CR02","S","psme","A",1,0,0,0,0,0,0,0,0,0,1,0,43.58,2329.692154,2.872052544,"convex",25.67852835,11.12948486,"high",261.5200827,"W","convex.rugged"
"572","CR02","S","psme","A",2,0,0,0,0,0,0,0,0,0,1,0,43.58,2329.692154,2.872052544,"convex",25.67852835,11.12948486,"high",261.5200827,"W","convex.rugged"
"573","CR02","S","psme","A",3,0,0,0,0,0,0,0,0,0,1,0,43.58,2329.692154,2.872052544,"convex",25.67852835,11.12948486,"high",261.5200827,"W","convex.rugged"
"574","CR02","S","psme","A",4,0,0,0,0,0,0,0,0,0,1,0,43.58,2329.692154,2.872052544,"convex",25.67852835,11.12948486,"high",261.5200827,"W","convex.rugged"
"575","CR02","S","psme","A",5,0,0,0,0,0,0,0,0,0,1,0,43.58,2329.692154,2.872052544,"convex",25.67852835,11.12948486,"high",261.5200827,"W","convex.rugged"
"576","CR02","S","psme","A",6,0,0,0,0,0,0,0,0,0,1,0,43.58,2329.692154,2.872052544,"convex",25.67852835,11.12948486,"high",261.5200827,"W","convex.rugged"
"577","CR02","S","psme","A",7,0,0,0,0,0,0,0,0,0,1,0,43.58,2329.692154,2.872052544,"convex",25.67852835,11.12948486,"high",261.5200827,"W","convex.rugged"
"578","CR02","S","psme","A",8,0,0,0,0,0,0,0,0,0,1,0,43.58,2329.692154,2.872052544,"convex",25.67852835,11.12948486,"high",261.5200827,"W","convex.rugged"
"579","CR02","S","psme","A",9,0,0,0,0,0,0,0,0,0,1,0,43.58,2329.692154,2.872052544,"convex",25.67852835,11.12948486,"high",261.5200827,"W","convex.rugged"
"580","CR02","S","psme","A",10,0,0,0,0,0,0,0,0,0,1,0,43.58,2329.692154,2.872052544,"convex",25.67852835,11.12948486,"high",261.5200827,"W","convex.rugged"
"581","CR02","W","pico","A",1,0,0,0,0,0,0,0,0,0,1,0,43.58,2329.692154,2.872052544,"convex",25.67852835,11.12948486,"high",261.5200827,"W","convex.rugged"
"582","CR02","W","pico","A",2,0,0,0,0,0,0,0,0,0,1,0,43.58,2329.692154,2.872052544,"convex",25.67852835,11.12948486,"high",261.5200827,"W","convex.rugged"
"583","CR02","W","pico","A",3,0,0,0,0,0,0,0,0,0,1,0,43.58,2329.692154,2.872052544,"convex",25.67852835,11.12948486,"high",261.5200827,"W","convex.rugged"
"584","CR02","W","pico","A",4,0,0,0,0,0,0,0,0,0,1,0,43.58,2329.692154,2.872052544,"convex",25.67852835,11.12948486,"high",261.5200827,"W","convex.rugged"
"585","CR02","W","pico","A",5,0,0,0,0,0,0,0,1,1,0,0,43.58,2329.692154,2.872052544,"convex",25.67852835,11.12948486,"high",261.5200827,"W","convex.rugged"
"586","CR02","W","pico","A",6,0,0,0,0,0,0,0,1,1,0,0,43.58,2329.692154,2.872052544,"convex",25.67852835,11.12948486,"high",261.5200827,"W","convex.rugged"
"587","CR02","W","pico","A",7,0,0,0,0,0,0,0,1,1,0,0,43.58,2329.692154,2.872052544,"convex",25.67852835,11.12948486,"high",261.5200827,"W","convex.rugged"
"588","CR02","W","pico","A",8,0,0,0,0,0,0,0,1,1,0,0,43.58,2329.692154,2.872052544,"convex",25.67852835,11.12948486,"high",261.5200827,"W","convex.rugged"
"589","CR02","W","pico","A",9,0,0,0,0,0,0,0,1,1,0,0,43.58,2329.692154,2.872052544,"convex",25.67852835,11.12948486,"high",261.5200827,"W","convex.rugged"
"590","CR02","W","pico","A",10,0,0,0,0,0,0,0,0,0,1,0,43.58,2329.692154,2.872052544,"convex",25.67852835,11.12948486,"high",261.5200827,"W","convex.rugged"
"591","CR02","W","psme","A",1,0,0,0,0,0,0,0,0,0,1,0,43.58,2329.692154,2.872052544,"convex",25.67852835,11.12948486,"high",261.5200827,"W","convex.rugged"
"592","CR02","W","psme","A",2,0,0,0,0,0,0,0,0,0,1,0,43.58,2329.692154,2.872052544,"convex",25.67852835,11.12948486,"high",261.5200827,"W","convex.rugged"
"593","CR02","W","psme","A",3,0,0,0,0,0,0,0,0,0,1,0,43.58,2329.692154,2.872052544,"convex",25.67852835,11.12948486,"high",261.5200827,"W","convex.rugged"
"594","CR02","W","psme","A",4,0,0,0,0,0,0,0,0,0,1,0,43.58,2329.692154,2.872052544,"convex",25.67852835,11.12948486,"high",261.5200827,"W","convex.rugged"
"595","CR02","W","psme","A",5,0,0,0,0,0,0,0,0,0,1,0,43.58,2329.692154,2.872052544,"convex",25.67852835,11.12948486,"high",261.5200827,"W","convex.rugged"
"596","CR02","W","psme","A",6,0,0,0,0,0,0,0,0,0,1,0,43.58,2329.692154,2.872052544,"convex",25.67852835,11.12948486,"high",261.5200827,"W","convex.rugged"
"597","CR02","W","psme","A",7,0,0,0,0,0,0,0,0,0,1,0,43.58,2329.692154,2.872052544,"convex",25.67852835,11.12948486,"high",261.5200827,"W","convex.rugged"
"598","CR02","W","psme","A",8,0,0,0,0,0,0,0,0,0,1,0,43.58,2329.692154,2.872052544,"convex",25.67852835,11.12948486,"high",261.5200827,"W","convex.rugged"
"599","CR02","W","psme","A",9,0,0,0,0,0,0,0,0,0,1,0,43.58,2329.692154,2.872052544,"convex",25.67852835,11.12948486,"high",261.5200827,"W","convex.rugged"
"600","CR02","W","psme","A",10,0,0,0,0,0,0,0,0,0,1,0,43.58,2329.692154,2.872052544,"convex",25.67852835,11.12948486,"high",261.5200827,"W","convex.rugged"
"601","CR02","C","pico","B",1,0,0,0,0,0,0,0,0,0,1,0,43.58,2329.692154,2.872052544,"convex",25.67852835,11.12948486,"high",261.5200827,"W","convex.rugged"
"602","CR02","C","pico","B",2,0,0,0,0,0,0,0,0,0,1,0,43.58,2329.692154,2.872052544,"convex",25.67852835,11.12948486,"high",261.5200827,"W","convex.rugged"
"603","CR02","C","pico","B",3,0,0,0,0,0,0,0,0,0,1,0,43.58,2329.692154,2.872052544,"convex",25.67852835,11.12948486,"high",261.5200827,"W","convex.rugged"
"604","CR02","C","pico","B",4,0,0,0,0,0,0,0,0,0,1,0,43.58,2329.692154,2.872052544,"convex",25.67852835,11.12948486,"high",261.5200827,"W","convex.rugged"
"605","CR02","C","pico","B",5,0,0,0,0,0,0,0,0,0,1,0,43.58,2329.692154,2.872052544,"convex",25.67852835,11.12948486,"high",261.5200827,"W","convex.rugged"
"606","CR02","C","pico","B",6,0,0,0,0,0,0,0,0,0,1,0,43.58,2329.692154,2.872052544,"convex",25.67852835,11.12948486,"high",261.5200827,"W","convex.rugged"
"607","CR02","C","pico","B",7,0,0,0,0,0,0,0,0,0,1,0,43.58,2329.692154,2.872052544,"convex",25.67852835,11.12948486,"high",261.5200827,"W","convex.rugged"
"608","CR02","C","pico","B",8,0,0,0,0,0,0,0,0,0,1,0,43.58,2329.692154,2.872052544,"convex",25.67852835,11.12948486,"high",261.5200827,"W","convex.rugged"
"609","CR02","C","pico","B",9,0,0,0,0,0,0,1,0,1,0,0,43.58,2329.692154,2.872052544,"convex",25.67852835,11.12948486,"high",261.5200827,"W","convex.rugged"
"610","CR02","C","pico","B",10,0,0,0,0,0,0,0,0,0,1,0,43.58,2329.692154,2.872052544,"convex",25.67852835,11.12948486,"high",261.5200827,"W","convex.rugged"
"611","CR02","C","psme","B",1,0,0,0,0,0,0,0,0,0,1,0,43.58,2329.692154,2.872052544,"convex",25.67852835,11.12948486,"high",261.5200827,"W","convex.rugged"
"612","CR02","C","psme","B",2,0,0,0,0,0,0,0,0,0,1,0,43.58,2329.692154,2.872052544,"convex",25.67852835,11.12948486,"high",261.5200827,"W","convex.rugged"
"613","CR02","C","psme","B",3,0,0,0,0,0,0,0,0,0,1,0,43.58,2329.692154,2.872052544,"convex",25.67852835,11.12948486,"high",261.5200827,"W","convex.rugged"
"614","CR02","C","psme","B",4,0,0,0,0,0,0,0,0,0,1,0,43.58,2329.692154,2.872052544,"convex",25.67852835,11.12948486,"high",261.5200827,"W","convex.rugged"
"615","CR02","C","psme","B",5,0,0,0,0,0,0,0,0,0,1,0,43.58,2329.692154,2.872052544,"convex",25.67852835,11.12948486,"high",261.5200827,"W","convex.rugged"
"616","CR02","C","psme","B",6,0,0,0,0,0,0,0,0,0,1,0,43.58,2329.692154,2.872052544,"convex",25.67852835,11.12948486,"high",261.5200827,"W","convex.rugged"
"617","CR02","C","psme","B",7,0,0,0,0,0,0,0,0,0,1,0,43.58,2329.692154,2.872052544,"convex",25.67852835,11.12948486,"high",261.5200827,"W","convex.rugged"
"618","CR02","C","psme","B",8,0,0,0,0,0,0,0,0,0,1,0,43.58,2329.692154,2.872052544,"convex",25.67852835,11.12948486,"high",261.5200827,"W","convex.rugged"
"619","CR02","C","psme","B",9,0,0,0,0,0,0,0,0,0,1,0,43.58,2329.692154,2.872052544,"convex",25.67852835,11.12948486,"high",261.5200827,"W","convex.rugged"
"620","CR02","C","psme","B",10,0,0,0,0,0,0,0,0,0,1,0,43.58,2329.692154,2.872052544,"convex",25.67852835,11.12948486,"high",261.5200827,"W","convex.rugged"
"621","CR02","E","pico","B",1,0,0,0,0,0,0,0,0,0,1,0,43.58,2329.692154,2.872052544,"convex",25.67852835,11.12948486,"high",261.5200827,"W","convex.rugged"
"622","CR02","E","pico","B",2,0,0,0,0,0,0,0,0,0,1,0,43.58,2329.692154,2.872052544,"convex",25.67852835,11.12948486,"high",261.5200827,"W","convex.rugged"
"623","CR02","E","pico","B",3,0,0,0,0,0,0,0,0,0,1,0,43.58,2329.692154,2.872052544,"convex",25.67852835,11.12948486,"high",261.5200827,"W","convex.rugged"
"624","CR02","E","pico","B",4,0,0,0,0,0,0,0,0,0,1,0,43.58,2329.692154,2.872052544,"convex",25.67852835,11.12948486,"high",261.5200827,"W","convex.rugged"
"625","CR02","E","pico","B",5,0,0,0,0,0,0,0,0,0,1,0,43.58,2329.692154,2.872052544,"convex",25.67852835,11.12948486,"high",261.5200827,"W","convex.rugged"
"626","CR02","E","pico","B",6,0,0,0,0,0,0,0,0,0,1,0,43.58,2329.692154,2.872052544,"convex",25.67852835,11.12948486,"high",261.5200827,"W","convex.rugged"
"627","CR02","E","pico","B",7,0,0,0,0,0,0,0,0,0,1,0,43.58,2329.692154,2.872052544,"convex",25.67852835,11.12948486,"high",261.5200827,"W","convex.rugged"
"628","CR02","E","pico","B",8,0,0,0,0,0,0,0,0,0,1,0,43.58,2329.692154,2.872052544,"convex",25.67852835,11.12948486,"high",261.5200827,"W","convex.rugged"
"629","CR02","E","pico","B",9,0,0,0,0,0,0,0,0,0,1,0,43.58,2329.692154,2.872052544,"convex",25.67852835,11.12948486,"high",261.5200827,"W","convex.rugged"
"630","CR02","E","pico","B",10,0,0,0,0,0,0,0,0,0,1,0,43.58,2329.692154,2.872052544,"convex",25.67852835,11.12948486,"high",261.5200827,"W","convex.rugged"
"631","CR02","E","psme","B",1,0,0,0,0,0,0,0,0,0,1,0,43.58,2329.692154,2.872052544,"convex",25.67852835,11.12948486,"high",261.5200827,"W","convex.rugged"
"632","CR02","E","psme","B",2,0,0,0,0,0,0,0,0,0,1,0,43.58,2329.692154,2.872052544,"convex",25.67852835,11.12948486,"high",261.5200827,"W","convex.rugged"
"633","CR02","E","psme","B",3,0,0,0,0,0,0,0,0,0,1,0,43.58,2329.692154,2.872052544,"convex",25.67852835,11.12948486,"high",261.5200827,"W","convex.rugged"
"634","CR02","E","psme","B",4,0,0,0,0,0,0,0,0,0,1,0,43.58,2329.692154,2.872052544,"convex",25.67852835,11.12948486,"high",261.5200827,"W","convex.rugged"
"635","CR02","E","psme","B",5,0,0,0,0,0,0,0,0,0,1,0,43.58,2329.692154,2.872052544,"convex",25.67852835,11.12948486,"high",261.5200827,"W","convex.rugged"
"636","CR02","E","psme","B",6,0,0,0,0,0,0,0,0,0,1,0,43.58,2329.692154,2.872052544,"convex",25.67852835,11.12948486,"high",261.5200827,"W","convex.rugged"
"637","CR02","E","psme","B",7,0,0,0,0,0,0,0,0,0,1,0,43.58,2329.692154,2.872052544,"convex",25.67852835,11.12948486,"high",261.5200827,"W","convex.rugged"
"638","CR02","E","psme","B",8,0,0,0,0,0,0,0,0,0,1,0,43.58,2329.692154,2.872052544,"convex",25.67852835,11.12948486,"high",261.5200827,"W","convex.rugged"
"639","CR02","E","psme","B",9,0,0,0,0,0,0,0,0,0,1,0,43.58,2329.692154,2.872052544,"convex",25.67852835,11.12948486,"high",261.5200827,"W","convex.rugged"
"640","CR02","E","psme","B",10,0,0,0,0,0,0,0,0,0,1,0,43.58,2329.692154,2.872052544,"convex",25.67852835,11.12948486,"high",261.5200827,"W","convex.rugged"
"641","CR02","N","pico","B",1,0,0,0,0,0,0,0,0,0,1,0,43.58,2329.692154,2.872052544,"convex",25.67852835,11.12948486,"high",261.5200827,"W","convex.rugged"
"642","CR02","N","pico","B",2,0,0,0,0,0,0,0,0,0,1,0,43.58,2329.692154,2.872052544,"convex",25.67852835,11.12948486,"high",261.5200827,"W","convex.rugged"
"643","CR02","N","pico","B",3,0,0,0,0,0,0,0,0,0,1,0,43.58,2329.692154,2.872052544,"convex",25.67852835,11.12948486,"high",261.5200827,"W","convex.rugged"
"644","CR02","N","pico","B",4,0,0,0,0,0,0,0,0,0,1,0,43.58,2329.692154,2.872052544,"convex",25.67852835,11.12948486,"high",261.5200827,"W","convex.rugged"
"645","CR02","N","pico","B",5,0,0,0,0,0,0,0,0,0,1,0,43.58,2329.692154,2.872052544,"convex",25.67852835,11.12948486,"high",261.5200827,"W","convex.rugged"
"646","CR02","N","pico","B",6,0,0,0,0,0,0,0,0,0,1,0,43.58,2329.692154,2.872052544,"convex",25.67852835,11.12948486,"high",261.5200827,"W","convex.rugged"
"647","CR02","N","pico","B",7,0,0,0,0,0,0,0,0,0,1,0,43.58,2329.692154,2.872052544,"convex",25.67852835,11.12948486,"high",261.5200827,"W","convex.rugged"
"648","CR02","N","pico","B",8,1,0,1,1,0,0,0,0,0,1,0,43.58,2329.692154,2.872052544,"convex",25.67852835,11.12948486,"high",261.5200827,"W","convex.rugged"
"649","CR02","N","pico","B",9,0,0,0,0,0,0,0,0,0,1,0,43.58,2329.692154,2.872052544,"convex",25.67852835,11.12948486,"high",261.5200827,"W","convex.rugged"
"650","CR02","N","pico","B",10,0,0,0,0,0,0,0,0,0,1,0,43.58,2329.692154,2.872052544,"convex",25.67852835,11.12948486,"high",261.5200827,"W","convex.rugged"
"651","CR02","N","psme","B",1,0,0,0,0,0,0,0,0,0,1,0,43.58,2329.692154,2.872052544,"convex",25.67852835,11.12948486,"high",261.5200827,"W","convex.rugged"
"652","CR02","N","psme","B",2,0,0,0,0,0,0,0,0,0,1,0,43.58,2329.692154,2.872052544,"convex",25.67852835,11.12948486,"high",261.5200827,"W","convex.rugged"
"653","CR02","N","psme","B",3,0,0,0,0,0,0,0,0,0,1,0,43.58,2329.692154,2.872052544,"convex",25.67852835,11.12948486,"high",261.5200827,"W","convex.rugged"
"654","CR02","N","psme","B",4,0,0,0,0,0,0,0,0,0,1,0,43.58,2329.692154,2.872052544,"convex",25.67852835,11.12948486,"high",261.5200827,"W","convex.rugged"
"655","CR02","N","psme","B",5,0,0,0,0,0,0,0,0,0,1,0,43.58,2329.692154,2.872052544,"convex",25.67852835,11.12948486,"high",261.5200827,"W","convex.rugged"
"656","CR02","N","psme","B",6,0,0,0,0,0,0,0,0,0,1,0,43.58,2329.692154,2.872052544,"convex",25.67852835,11.12948486,"high",261.5200827,"W","convex.rugged"
"657","CR02","N","psme","B",7,0,0,0,0,0,0,0,0,0,1,0,43.58,2329.692154,2.872052544,"convex",25.67852835,11.12948486,"high",261.5200827,"W","convex.rugged"
"658","CR02","N","psme","B",8,0,0,0,0,0,0,0,0,0,1,0,43.58,2329.692154,2.872052544,"convex",25.67852835,11.12948486,"high",261.5200827,"W","convex.rugged"
"659","CR02","N","psme","B",9,0,0,0,0,0,0,0,0,0,1,0,43.58,2329.692154,2.872052544,"convex",25.67852835,11.12948486,"high",261.5200827,"W","convex.rugged"
"660","CR02","N","psme","B",10,0,0,0,0,0,0,0,0,0,1,0,43.58,2329.692154,2.872052544,"convex",25.67852835,11.12948486,"high",261.5200827,"W","convex.rugged"
"661","CR02","S","pico","B",1,0,0,0,0,0,0,0,0,0,1,0,43.58,2329.692154,2.872052544,"convex",25.67852835,11.12948486,"high",261.5200827,"W","convex.rugged"
"662","CR02","S","pico","B",2,0,0,0,0,0,0,0,0,0,1,0,43.58,2329.692154,2.872052544,"convex",25.67852835,11.12948486,"high",261.5200827,"W","convex.rugged"
"663","CR02","S","pico","B",3,0,0,0,0,0,0,0,0,0,1,0,43.58,2329.692154,2.872052544,"convex",25.67852835,11.12948486,"high",261.5200827,"W","convex.rugged"
"664","CR02","S","pico","B",4,0,0,0,0,0,0,0,0,0,1,0,43.58,2329.692154,2.872052544,"convex",25.67852835,11.12948486,"high",261.5200827,"W","convex.rugged"
"665","CR02","S","pico","B",5,0,0,0,0,0,0,0,0,0,1,0,43.58,2329.692154,2.872052544,"convex",25.67852835,11.12948486,"high",261.5200827,"W","convex.rugged"
"666","CR02","S","pico","B",6,0,0,0,0,0,0,0,0,0,1,0,43.58,2329.692154,2.872052544,"convex",25.67852835,11.12948486,"high",261.5200827,"W","convex.rugged"
"667","CR02","S","pico","B",7,0,0,0,0,0,0,0,0,0,1,0,43.58,2329.692154,2.872052544,"convex",25.67852835,11.12948486,"high",261.5200827,"W","convex.rugged"
"668","CR02","S","pico","B",8,0,0,0,0,0,0,0,0,0,1,0,43.58,2329.692154,2.872052544,"convex",25.67852835,11.12948486,"high",261.5200827,"W","convex.rugged"
"669","CR02","S","pico","B",9,1,0,1,0,0,0,0,0,0,1,0,43.58,2329.692154,2.872052544,"convex",25.67852835,11.12948486,"high",261.5200827,"W","convex.rugged"
"670","CR02","S","pico","B",10,0,0,0,0,0,0,0,0,0,1,0,43.58,2329.692154,2.872052544,"convex",25.67852835,11.12948486,"high",261.5200827,"W","convex.rugged"
"671","CR02","S","psme","B",1,0,0,0,0,0,0,0,0,0,1,0,43.58,2329.692154,2.872052544,"convex",25.67852835,11.12948486,"high",261.5200827,"W","convex.rugged"
"672","CR02","S","psme","B",2,0,0,0,0,0,0,0,0,0,1,0,43.58,2329.692154,2.872052544,"convex",25.67852835,11.12948486,"high",261.5200827,"W","convex.rugged"
"673","CR02","S","psme","B",3,0,0,0,0,0,0,0,0,0,1,0,43.58,2329.692154,2.872052544,"convex",25.67852835,11.12948486,"high",261.5200827,"W","convex.rugged"
"674","CR02","S","psme","B",4,0,0,0,0,0,0,0,0,0,1,0,43.58,2329.692154,2.872052544,"convex",25.67852835,11.12948486,"high",261.5200827,"W","convex.rugged"
"675","CR02","S","psme","B",5,0,0,0,0,0,0,0,0,0,1,0,43.58,2329.692154,2.872052544,"convex",25.67852835,11.12948486,"high",261.5200827,"W","convex.rugged"
"676","CR02","S","psme","B",6,0,0,0,0,0,0,0,0,0,1,0,43.58,2329.692154,2.872052544,"convex",25.67852835,11.12948486,"high",261.5200827,"W","convex.rugged"
"677","CR02","S","psme","B",7,0,0,0,0,0,0,0,0,0,1,0,43.58,2329.692154,2.872052544,"convex",25.67852835,11.12948486,"high",261.5200827,"W","convex.rugged"
"678","CR02","S","psme","B",8,0,0,0,0,0,0,0,0,0,1,0,43.58,2329.692154,2.872052544,"convex",25.67852835,11.12948486,"high",261.5200827,"W","convex.rugged"
"679","CR02","S","psme","B",9,0,0,0,0,0,0,0,0,0,1,0,43.58,2329.692154,2.872052544,"convex",25.67852835,11.12948486,"high",261.5200827,"W","convex.rugged"
"680","CR02","S","psme","B",10,0,0,0,0,0,0,0,0,0,1,0,43.58,2329.692154,2.872052544,"convex",25.67852835,11.12948486,"high",261.5200827,"W","convex.rugged"
"681","CR02","W","pico","B",1,0,0,0,0,0,0,0,0,0,1,0,43.58,2329.692154,2.872052544,"convex",25.67852835,11.12948486,"high",261.5200827,"W","convex.rugged"
"682","CR02","W","pico","B",2,0,0,0,0,0,0,0,0,0,1,0,43.58,2329.692154,2.872052544,"convex",25.67852835,11.12948486,"high",261.5200827,"W","convex.rugged"
"683","CR02","W","pico","B",3,0,0,0,0,0,0,0,0,0,1,0,43.58,2329.692154,2.872052544,"convex",25.67852835,11.12948486,"high",261.5200827,"W","convex.rugged"
"684","CR02","W","pico","B",4,0,0,0,0,0,0,0,0,0,1,0,43.58,2329.692154,2.872052544,"convex",25.67852835,11.12948486,"high",261.5200827,"W","convex.rugged"
"685","CR02","W","pico","B",5,0,0,0,0,0,0,0,0,0,1,0,43.58,2329.692154,2.872052544,"convex",25.67852835,11.12948486,"high",261.5200827,"W","convex.rugged"
"686","CR02","W","pico","B",6,0,0,0,0,0,0,0,1,1,0,0,43.58,2329.692154,2.872052544,"convex",25.67852835,11.12948486,"high",261.5200827,"W","convex.rugged"
"687","CR02","W","pico","B",7,0,0,0,0,0,0,0,0,0,1,0,43.58,2329.692154,2.872052544,"convex",25.67852835,11.12948486,"high",261.5200827,"W","convex.rugged"
"688","CR02","W","pico","B",8,0,0,0,0,0,0,0,0,0,1,0,43.58,2329.692154,2.872052544,"convex",25.67852835,11.12948486,"high",261.5200827,"W","convex.rugged"
"689","CR02","W","pico","B",9,0,0,0,0,0,0,0,0,0,1,0,43.58,2329.692154,2.872052544,"convex",25.67852835,11.12948486,"high",261.5200827,"W","convex.rugged"
"690","CR02","W","pico","B",10,0,0,0,0,0,0,0,0,0,1,0,43.58,2329.692154,2.872052544,"convex",25.67852835,11.12948486,"high",261.5200827,"W","convex.rugged"
"691","CR02","W","psme","B",1,0,0,0,0,0,0,0,0,0,1,0,43.58,2329.692154,2.872052544,"convex",25.67852835,11.12948486,"high",261.5200827,"W","convex.rugged"
"692","CR02","W","psme","B",2,0,0,0,0,0,0,0,0,0,1,0,43.58,2329.692154,2.872052544,"convex",25.67852835,11.12948486,"high",261.5200827,"W","convex.rugged"
"693","CR02","W","psme","B",3,0,0,0,0,0,0,0,0,0,1,0,43.58,2329.692154,2.872052544,"convex",25.67852835,11.12948486,"high",261.5200827,"W","convex.rugged"
"694","CR02","W","psme","B",4,0,0,0,0,0,0,0,0,0,1,0,43.58,2329.692154,2.872052544,"convex",25.67852835,11.12948486,"high",261.5200827,"W","convex.rugged"
"695","CR02","W","psme","B",5,0,0,0,0,0,0,0,0,0,1,0,43.58,2329.692154,2.872052544,"convex",25.67852835,11.12948486,"high",261.5200827,"W","convex.rugged"
"696","CR02","W","psme","B",6,0,0,0,0,0,0,0,0,0,1,0,43.58,2329.692154,2.872052544,"convex",25.67852835,11.12948486,"high",261.5200827,"W","convex.rugged"
"697","CR02","W","psme","B",7,0,0,0,0,0,0,0,0,0,1,0,43.58,2329.692154,2.872052544,"convex",25.67852835,11.12948486,"high",261.5200827,"W","convex.rugged"
"698","CR02","W","psme","B",8,0,0,0,0,0,0,0,0,0,1,0,43.58,2329.692154,2.872052544,"convex",25.67852835,11.12948486,"high",261.5200827,"W","convex.rugged"
"699","CR02","W","psme","B",9,0,0,0,0,0,0,0,0,0,1,0,43.58,2329.692154,2.872052544,"convex",25.67852835,11.12948486,"high",261.5200827,"W","convex.rugged"
"700","CR02","W","psme","B",10,0,0,0,0,0,0,0,0,0,1,0,43.58,2329.692154,2.872052544,"convex",25.67852835,11.12948486,"high",261.5200827,"W","convex.rugged"
"701","CR02","C","pico","C",1,0,0,0,0,0,0,0,0,0,1,0,43.58,2329.692154,2.872052544,"convex",25.67852835,11.12948486,"high",261.5200827,"W","convex.rugged"
"702","CR02","C","pico","C",2,0,0,0,0,0,0,0,0,0,1,0,43.58,2329.692154,2.872052544,"convex",25.67852835,11.12948486,"high",261.5200827,"W","convex.rugged"
"703","CR02","C","pico","C",3,0,0,0,0,0,0,0,0,0,1,0,43.58,2329.692154,2.872052544,"convex",25.67852835,11.12948486,"high",261.5200827,"W","convex.rugged"
"704","CR02","C","pico","C",4,0,0,0,0,0,0,0,0,0,1,0,43.58,2329.692154,2.872052544,"convex",25.67852835,11.12948486,"high",261.5200827,"W","convex.rugged"
"705","CR02","C","pico","C",5,0,0,0,0,0,0,0,0,0,1,0,43.58,2329.692154,2.872052544,"convex",25.67852835,11.12948486,"high",261.5200827,"W","convex.rugged"
"706","CR02","C","pico","C",6,0,0,0,0,0,0,0,0,0,1,0,43.58,2329.692154,2.872052544,"convex",25.67852835,11.12948486,"high",261.5200827,"W","convex.rugged"
"707","CR02","C","pico","C",7,0,0,0,0,0,0,0,0,0,1,0,43.58,2329.692154,2.872052544,"convex",25.67852835,11.12948486,"high",261.5200827,"W","convex.rugged"
"708","CR02","C","pico","C",8,0,0,0,0,0,0,0,0,0,1,0,43.58,2329.692154,2.872052544,"convex",25.67852835,11.12948486,"high",261.5200827,"W","convex.rugged"
"709","CR02","C","pico","C",9,0,0,0,0,0,0,0,0,0,1,0,43.58,2329.692154,2.872052544,"convex",25.67852835,11.12948486,"high",261.5200827,"W","convex.rugged"
"710","CR02","C","pico","C",10,0,0,0,0,0,0,0,0,0,1,0,43.58,2329.692154,2.872052544,"convex",25.67852835,11.12948486,"high",261.5200827,"W","convex.rugged"
"711","CR02","C","psme","C",1,0,0,0,0,0,0,0,0,0,1,0,43.58,2329.692154,2.872052544,"convex",25.67852835,11.12948486,"high",261.5200827,"W","convex.rugged"
"712","CR02","C","psme","C",2,0,0,0,0,0,0,0,0,0,1,0,43.58,2329.692154,2.872052544,"convex",25.67852835,11.12948486,"high",261.5200827,"W","convex.rugged"
"713","CR02","C","psme","C",3,0,0,0,0,0,0,0,0,0,1,0,43.58,2329.692154,2.872052544,"convex",25.67852835,11.12948486,"high",261.5200827,"W","convex.rugged"
"714","CR02","C","psme","C",4,0,0,0,0,0,0,0,0,0,1,0,43.58,2329.692154,2.872052544,"convex",25.67852835,11.12948486,"high",261.5200827,"W","convex.rugged"
"715","CR02","C","psme","C",5,0,0,0,0,0,0,0,0,0,1,0,43.58,2329.692154,2.872052544,"convex",25.67852835,11.12948486,"high",261.5200827,"W","convex.rugged"
"716","CR02","C","psme","C",6,0,0,0,0,0,0,0,0,0,1,0,43.58,2329.692154,2.872052544,"convex",25.67852835,11.12948486,"high",261.5200827,"W","convex.rugged"
"717","CR02","C","psme","C",7,0,0,0,0,0,0,0,0,0,1,0,43.58,2329.692154,2.872052544,"convex",25.67852835,11.12948486,"high",261.5200827,"W","convex.rugged"
"718","CR02","C","psme","C",8,0,0,0,0,0,0,0,0,0,1,0,43.58,2329.692154,2.872052544,"convex",25.67852835,11.12948486,"high",261.5200827,"W","convex.rugged"
"719","CR02","C","psme","C",9,0,0,0,0,0,0,0,0,0,1,0,43.58,2329.692154,2.872052544,"convex",25.67852835,11.12948486,"high",261.5200827,"W","convex.rugged"
"720","CR02","C","psme","C",10,0,0,0,0,0,0,0,0,0,1,0,43.58,2329.692154,2.872052544,"convex",25.67852835,11.12948486,"high",261.5200827,"W","convex.rugged"
"721","CR02","E","pico","C",1,0,0,0,0,0,0,0,0,0,1,0,43.58,2329.692154,2.872052544,"convex",25.67852835,11.12948486,"high",261.5200827,"W","convex.rugged"
"722","CR02","E","pico","C",2,0,0,0,0,0,0,0,0,0,1,0,43.58,2329.692154,2.872052544,"convex",25.67852835,11.12948486,"high",261.5200827,"W","convex.rugged"
"723","CR02","E","pico","C",3,0,0,0,0,0,0,0,0,0,1,0,43.58,2329.692154,2.872052544,"convex",25.67852835,11.12948486,"high",261.5200827,"W","convex.rugged"
"724","CR02","E","pico","C",4,0,0,0,0,0,0,0,0,0,1,0,43.58,2329.692154,2.872052544,"convex",25.67852835,11.12948486,"high",261.5200827,"W","convex.rugged"
"725","CR02","E","pico","C",5,0,0,0,0,0,0,0,0,0,1,0,43.58,2329.692154,2.872052544,"convex",25.67852835,11.12948486,"high",261.5200827,"W","convex.rugged"
"726","CR02","E","pico","C",6,0,0,0,0,0,0,0,0,0,1,0,43.58,2329.692154,2.872052544,"convex",25.67852835,11.12948486,"high",261.5200827,"W","convex.rugged"
"727","CR02","E","pico","C",7,0,0,0,0,0,0,0,0,0,1,0,43.58,2329.692154,2.872052544,"convex",25.67852835,11.12948486,"high",261.5200827,"W","convex.rugged"
"728","CR02","E","pico","C",8,0,0,0,0,0,0,0,0,0,1,0,43.58,2329.692154,2.872052544,"convex",25.67852835,11.12948486,"high",261.5200827,"W","convex.rugged"
"729","CR02","E","pico","C",9,0,0,0,0,0,0,0,0,0,1,0,43.58,2329.692154,2.872052544,"convex",25.67852835,11.12948486,"high",261.5200827,"W","convex.rugged"
"730","CR02","E","pico","C",10,0,0,0,0,0,0,0,0,0,1,0,43.58,2329.692154,2.872052544,"convex",25.67852835,11.12948486,"high",261.5200827,"W","convex.rugged"
"731","CR02","E","psme","C",1,0,0,0,0,0,0,0,0,0,1,0,43.58,2329.692154,2.872052544,"convex",25.67852835,11.12948486,"high",261.5200827,"W","convex.rugged"
"732","CR02","E","psme","C",2,0,0,0,0,0,0,0,0,0,1,0,43.58,2329.692154,2.872052544,"convex",25.67852835,11.12948486,"high",261.5200827,"W","convex.rugged"
"733","CR02","E","psme","C",3,0,0,0,0,0,0,0,0,0,1,0,43.58,2329.692154,2.872052544,"convex",25.67852835,11.12948486,"high",261.5200827,"W","convex.rugged"
"734","CR02","E","psme","C",4,0,0,0,0,0,0,0,0,0,1,0,43.58,2329.692154,2.872052544,"convex",25.67852835,11.12948486,"high",261.5200827,"W","convex.rugged"
"735","CR02","E","psme","C",5,0,0,0,0,0,0,0,0,0,1,0,43.58,2329.692154,2.872052544,"convex",25.67852835,11.12948486,"high",261.5200827,"W","convex.rugged"
"736","CR02","E","psme","C",6,0,0,0,0,0,0,0,0,0,1,0,43.58,2329.692154,2.872052544,"convex",25.67852835,11.12948486,"high",261.5200827,"W","convex.rugged"
"737","CR02","E","psme","C",7,0,0,0,0,0,0,0,0,0,1,0,43.58,2329.692154,2.872052544,"convex",25.67852835,11.12948486,"high",261.5200827,"W","convex.rugged"
"738","CR02","E","psme","C",8,0,0,0,0,0,0,0,0,0,1,0,43.58,2329.692154,2.872052544,"convex",25.67852835,11.12948486,"high",261.5200827,"W","convex.rugged"
"739","CR02","E","psme","C",9,0,0,0,0,0,0,0,0,0,1,0,43.58,2329.692154,2.872052544,"convex",25.67852835,11.12948486,"high",261.5200827,"W","convex.rugged"
"740","CR02","E","psme","C",10,0,0,0,0,0,0,1,0,1,0,0,43.58,2329.692154,2.872052544,"convex",25.67852835,11.12948486,"high",261.5200827,"W","convex.rugged"
"741","CR02","N","pico","C",1,0,0,0,0,0,0,0,0,0,1,0,43.58,2329.692154,2.872052544,"convex",25.67852835,11.12948486,"high",261.5200827,"W","convex.rugged"
"742","CR02","N","pico","C",2,0,0,0,0,0,0,0,0,0,1,0,43.58,2329.692154,2.872052544,"convex",25.67852835,11.12948486,"high",261.5200827,"W","convex.rugged"
"743","CR02","N","pico","C",3,0,0,0,0,0,0,0,0,0,1,0,43.58,2329.692154,2.872052544,"convex",25.67852835,11.12948486,"high",261.5200827,"W","convex.rugged"
"744","CR02","N","pico","C",4,0,0,0,0,0,0,0,0,0,1,0,43.58,2329.692154,2.872052544,"convex",25.67852835,11.12948486,"high",261.5200827,"W","convex.rugged"
"745","CR02","N","pico","C",5,0,0,0,0,0,0,0,0,0,1,0,43.58,2329.692154,2.872052544,"convex",25.67852835,11.12948486,"high",261.5200827,"W","convex.rugged"
"746","CR02","N","pico","C",6,0,0,0,0,0,0,0,0,0,1,0,43.58,2329.692154,2.872052544,"convex",25.67852835,11.12948486,"high",261.5200827,"W","convex.rugged"
"747","CR02","N","pico","C",7,0,0,0,0,0,0,0,0,0,1,0,43.58,2329.692154,2.872052544,"convex",25.67852835,11.12948486,"high",261.5200827,"W","convex.rugged"
"748","CR02","N","pico","C",8,0,0,0,0,0,0,0,0,0,1,0,43.58,2329.692154,2.872052544,"convex",25.67852835,11.12948486,"high",261.5200827,"W","convex.rugged"
"749","CR02","N","pico","C",9,0,0,0,0,0,0,0,0,0,1,0,43.58,2329.692154,2.872052544,"convex",25.67852835,11.12948486,"high",261.5200827,"W","convex.rugged"
"750","CR02","N","pico","C",10,0,0,0,0,0,0,0,0,0,1,0,43.58,2329.692154,2.872052544,"convex",25.67852835,11.12948486,"high",261.5200827,"W","convex.rugged"
"751","CR02","N","psme","C",1,0,0,0,0,0,0,0,0,0,1,0,43.58,2329.692154,2.872052544,"convex",25.67852835,11.12948486,"high",261.5200827,"W","convex.rugged"
"752","CR02","N","psme","C",2,0,0,0,0,0,0,0,0,0,1,0,43.58,2329.692154,2.872052544,"convex",25.67852835,11.12948486,"high",261.5200827,"W","convex.rugged"
"753","CR02","N","psme","C",3,0,0,0,0,0,0,0,0,0,1,0,43.58,2329.692154,2.872052544,"convex",25.67852835,11.12948486,"high",261.5200827,"W","convex.rugged"
"754","CR02","N","psme","C",4,0,0,0,0,0,0,0,0,0,1,0,43.58,2329.692154,2.872052544,"convex",25.67852835,11.12948486,"high",261.5200827,"W","convex.rugged"
"755","CR02","N","psme","C",5,0,0,0,0,0,0,0,0,0,1,0,43.58,2329.692154,2.872052544,"convex",25.67852835,11.12948486,"high",261.5200827,"W","convex.rugged"
"756","CR02","N","psme","C",6,0,0,0,0,0,0,0,0,0,1,0,43.58,2329.692154,2.872052544,"convex",25.67852835,11.12948486,"high",261.5200827,"W","convex.rugged"
"757","CR02","N","psme","C",7,0,0,0,0,0,0,0,0,0,1,0,43.58,2329.692154,2.872052544,"convex",25.67852835,11.12948486,"high",261.5200827,"W","convex.rugged"
"758","CR02","N","psme","C",8,0,0,0,0,0,0,0,0,0,1,0,43.58,2329.692154,2.872052544,"convex",25.67852835,11.12948486,"high",261.5200827,"W","convex.rugged"
"759","CR02","N","psme","C",9,0,0,0,0,0,0,0,0,0,1,0,43.58,2329.692154,2.872052544,"convex",25.67852835,11.12948486,"high",261.5200827,"W","convex.rugged"
"760","CR02","N","psme","C",10,0,0,0,0,0,0,0,0,0,1,0,43.58,2329.692154,2.872052544,"convex",25.67852835,11.12948486,"high",261.5200827,"W","convex.rugged"
"761","CR02","S","pico","C",1,0,0,0,0,0,0,0,0,0,1,0,43.58,2329.692154,2.872052544,"convex",25.67852835,11.12948486,"high",261.5200827,"W","convex.rugged"
"762","CR02","S","pico","C",2,0,0,0,0,0,0,0,0,0,1,0,43.58,2329.692154,2.872052544,"convex",25.67852835,11.12948486,"high",261.5200827,"W","convex.rugged"
"763","CR02","S","pico","C",3,0,0,0,0,0,0,0,0,0,1,0,43.58,2329.692154,2.872052544,"convex",25.67852835,11.12948486,"high",261.5200827,"W","convex.rugged"
"764","CR02","S","pico","C",4,0,0,0,0,0,0,0,0,0,1,0,43.58,2329.692154,2.872052544,"convex",25.67852835,11.12948486,"high",261.5200827,"W","convex.rugged"
"765","CR02","S","pico","C",5,0,0,0,0,0,0,0,0,0,1,0,43.58,2329.692154,2.872052544,"convex",25.67852835,11.12948486,"high",261.5200827,"W","convex.rugged"
"766","CR02","S","pico","C",6,0,0,0,0,0,0,0,0,0,1,0,43.58,2329.692154,2.872052544,"convex",25.67852835,11.12948486,"high",261.5200827,"W","convex.rugged"
"767","CR02","S","pico","C",7,0,0,0,0,0,0,0,0,0,1,0,43.58,2329.692154,2.872052544,"convex",25.67852835,11.12948486,"high",261.5200827,"W","convex.rugged"
"768","CR02","S","pico","C",8,0,0,0,0,0,0,0,0,0,1,0,43.58,2329.692154,2.872052544,"convex",25.67852835,11.12948486,"high",261.5200827,"W","convex.rugged"
"769","CR02","S","pico","C",9,0,0,0,0,0,0,0,0,0,1,0,43.58,2329.692154,2.872052544,"convex",25.67852835,11.12948486,"high",261.5200827,"W","convex.rugged"
"770","CR02","S","pico","C",10,0,0,0,0,0,0,0,0,0,1,0,43.58,2329.692154,2.872052544,"convex",25.67852835,11.12948486,"high",261.5200827,"W","convex.rugged"
"771","CR02","S","psme","C",1,0,0,0,0,0,0,0,0,0,1,0,43.58,2329.692154,2.872052544,"convex",25.67852835,11.12948486,"high",261.5200827,"W","convex.rugged"
"772","CR02","S","psme","C",2,0,0,0,0,0,0,0,0,0,1,0,43.58,2329.692154,2.872052544,"convex",25.67852835,11.12948486,"high",261.5200827,"W","convex.rugged"
"773","CR02","S","psme","C",3,0,0,0,0,0,0,0,0,0,1,0,43.58,2329.692154,2.872052544,"convex",25.67852835,11.12948486,"high",261.5200827,"W","convex.rugged"
"774","CR02","S","psme","C",4,0,0,0,0,0,0,0,0,0,1,0,43.58,2329.692154,2.872052544,"convex",25.67852835,11.12948486,"high",261.5200827,"W","convex.rugged"
"775","CR02","S","psme","C",5,0,0,0,0,0,0,0,0,0,1,0,43.58,2329.692154,2.872052544,"convex",25.67852835,11.12948486,"high",261.5200827,"W","convex.rugged"
"776","CR02","S","psme","C",6,0,0,0,0,0,0,0,0,0,1,0,43.58,2329.692154,2.872052544,"convex",25.67852835,11.12948486,"high",261.5200827,"W","convex.rugged"
"777","CR02","S","psme","C",7,0,0,0,0,0,0,0,0,0,1,0,43.58,2329.692154,2.872052544,"convex",25.67852835,11.12948486,"high",261.5200827,"W","convex.rugged"
"778","CR02","S","psme","C",8,0,0,0,0,0,0,0,0,0,1,0,43.58,2329.692154,2.872052544,"convex",25.67852835,11.12948486,"high",261.5200827,"W","convex.rugged"
"779","CR02","S","psme","C",9,0,0,0,0,0,0,0,0,0,1,0,43.58,2329.692154,2.872052544,"convex",25.67852835,11.12948486,"high",261.5200827,"W","convex.rugged"
"780","CR02","S","psme","C",10,0,0,0,0,0,0,0,0,0,1,0,43.58,2329.692154,2.872052544,"convex",25.67852835,11.12948486,"high",261.5200827,"W","convex.rugged"
"781","CR02","W","pico","C",1,0,0,0,0,0,0,0,0,0,1,0,43.58,2329.692154,2.872052544,"convex",25.67852835,11.12948486,"high",261.5200827,"W","convex.rugged"
"782","CR02","W","pico","C",2,0,0,0,0,0,0,0,0,0,1,0,43.58,2329.692154,2.872052544,"convex",25.67852835,11.12948486,"high",261.5200827,"W","convex.rugged"
"783","CR02","W","pico","C",3,0,0,0,0,0,0,0,0,0,1,0,43.58,2329.692154,2.872052544,"convex",25.67852835,11.12948486,"high",261.5200827,"W","convex.rugged"
"784","CR02","W","pico","C",4,1,0,1,0,0,0,0,0,0,1,0,43.58,2329.692154,2.872052544,"convex",25.67852835,11.12948486,"high",261.5200827,"W","convex.rugged"
"785","CR02","W","pico","C",5,0,0,0,0,0,0,0,0,0,1,0,43.58,2329.692154,2.872052544,"convex",25.67852835,11.12948486,"high",261.5200827,"W","convex.rugged"
"786","CR02","W","pico","C",6,0,0,0,0,0,0,0,0,0,1,0,43.58,2329.692154,2.872052544,"convex",25.67852835,11.12948486,"high",261.5200827,"W","convex.rugged"
"787","CR02","W","pico","C",7,0,0,0,0,0,0,0,0,0,1,0,43.58,2329.692154,2.872052544,"convex",25.67852835,11.12948486,"high",261.5200827,"W","convex.rugged"
"788","CR02","W","pico","C",8,0,0,0,0,0,0,0,0,0,1,0,43.58,2329.692154,2.872052544,"convex",25.67852835,11.12948486,"high",261.5200827,"W","convex.rugged"
"789","CR02","W","pico","C",9,0,0,0,0,0,0,0,0,0,1,0,43.58,2329.692154,2.872052544,"convex",25.67852835,11.12948486,"high",261.5200827,"W","convex.rugged"
"790","CR02","W","pico","C",10,0,0,0,0,0,0,0,0,0,1,0,43.58,2329.692154,2.872052544,"convex",25.67852835,11.12948486,"high",261.5200827,"W","convex.rugged"
"791","CR02","W","psme","C",1,0,0,0,0,0,0,0,0,0,1,0,43.58,2329.692154,2.872052544,"convex",25.67852835,11.12948486,"high",261.5200827,"W","convex.rugged"
"792","CR02","W","psme","C",2,0,0,0,0,0,0,0,0,0,1,0,43.58,2329.692154,2.872052544,"convex",25.67852835,11.12948486,"high",261.5200827,"W","convex.rugged"
"793","CR02","W","psme","C",3,0,0,0,0,0,0,0,0,0,1,0,43.58,2329.692154,2.872052544,"convex",25.67852835,11.12948486,"high",261.5200827,"W","convex.rugged"
"794","CR02","W","psme","C",4,0,0,0,0,0,0,0,0,0,1,0,43.58,2329.692154,2.872052544,"convex",25.67852835,11.12948486,"high",261.5200827,"W","convex.rugged"
"795","CR02","W","psme","C",5,0,0,0,0,0,0,0,0,0,1,0,43.58,2329.692154,2.872052544,"convex",25.67852835,11.12948486,"high",261.5200827,"W","convex.rugged"
"796","CR02","W","psme","C",6,0,0,0,0,0,0,0,0,0,1,0,43.58,2329.692154,2.872052544,"convex",25.67852835,11.12948486,"high",261.5200827,"W","convex.rugged"
"797","CR02","W","psme","C",7,0,0,0,0,0,0,0,0,0,1,0,43.58,2329.692154,2.872052544,"convex",25.67852835,11.12948486,"high",261.5200827,"W","convex.rugged"
"798","CR02","W","psme","C",8,0,0,0,0,0,0,0,0,0,1,0,43.58,2329.692154,2.872052544,"convex",25.67852835,11.12948486,"high",261.5200827,"W","convex.rugged"
"799","CR02","W","psme","C",9,0,0,0,0,0,0,0,0,0,1,0,43.58,2329.692154,2.872052544,"convex",25.67852835,11.12948486,"high",261.5200827,"W","convex.rugged"
"800","CR02","W","psme","C",10,0,0,0,0,0,0,0,0,0,1,0,43.58,2329.692154,2.872052544,"convex",25.67852835,11.12948486,"high",261.5200827,"W","convex.rugged"
"801","CR02","C","pico","D",1,0,0,0,0,0,0,0,0,0,1,0,43.58,2329.692154,2.872052544,"convex",25.67852835,11.12948486,"high",261.5200827,"W","convex.rugged"
"802","CR02","C","pico","D",2,0,0,0,0,0,0,0,0,0,1,0,43.58,2329.692154,2.872052544,"convex",25.67852835,11.12948486,"high",261.5200827,"W","convex.rugged"
"803","CR02","C","pico","D",3,0,0,0,0,0,0,0,0,0,1,0,43.58,2329.692154,2.872052544,"convex",25.67852835,11.12948486,"high",261.5200827,"W","convex.rugged"
"804","CR02","C","pico","D",4,1,0,1,1,0,0,0,0,0,1,0,43.58,2329.692154,2.872052544,"convex",25.67852835,11.12948486,"high",261.5200827,"W","convex.rugged"
"805","CR02","C","pico","D",5,0,0,0,0,0,0,0,0,0,1,0,43.58,2329.692154,2.872052544,"convex",25.67852835,11.12948486,"high",261.5200827,"W","convex.rugged"
"806","CR02","C","pico","D",6,0,0,0,0,0,0,0,0,0,1,0,43.58,2329.692154,2.872052544,"convex",25.67852835,11.12948486,"high",261.5200827,"W","convex.rugged"
"807","CR02","C","pico","D",7,0,0,0,0,0,0,0,0,0,1,0,43.58,2329.692154,2.872052544,"convex",25.67852835,11.12948486,"high",261.5200827,"W","convex.rugged"
"808","CR02","C","pico","D",8,0,0,0,0,0,0,0,0,0,1,0,43.58,2329.692154,2.872052544,"convex",25.67852835,11.12948486,"high",261.5200827,"W","convex.rugged"
"809","CR02","C","pico","D",9,0,0,0,0,0,0,0,0,0,1,0,43.58,2329.692154,2.872052544,"convex",25.67852835,11.12948486,"high",261.5200827,"W","convex.rugged"
"810","CR02","C","pico","D",10,0,0,0,0,0,0,0,0,0,1,0,43.58,2329.692154,2.872052544,"convex",25.67852835,11.12948486,"high",261.5200827,"W","convex.rugged"
"811","CR02","C","psme","D",1,0,0,0,0,0,0,0,0,0,1,0,43.58,2329.692154,2.872052544,"convex",25.67852835,11.12948486,"high",261.5200827,"W","convex.rugged"
"812","CR02","C","psme","D",2,0,0,0,0,0,0,0,0,0,1,0,43.58,2329.692154,2.872052544,"convex",25.67852835,11.12948486,"high",261.5200827,"W","convex.rugged"
"813","CR02","C","psme","D",3,0,0,0,0,0,0,0,0,0,1,0,43.58,2329.692154,2.872052544,"convex",25.67852835,11.12948486,"high",261.5200827,"W","convex.rugged"
"814","CR02","C","psme","D",4,0,0,0,0,0,0,0,0,0,1,0,43.58,2329.692154,2.872052544,"convex",25.67852835,11.12948486,"high",261.5200827,"W","convex.rugged"
"815","CR02","C","psme","D",5,0,0,0,0,0,0,0,0,0,1,0,43.58,2329.692154,2.872052544,"convex",25.67852835,11.12948486,"high",261.5200827,"W","convex.rugged"
"816","CR02","C","psme","D",6,0,0,0,0,0,0,0,0,0,1,0,43.58,2329.692154,2.872052544,"convex",25.67852835,11.12948486,"high",261.5200827,"W","convex.rugged"
"817","CR02","C","psme","D",7,0,0,0,0,0,0,0,0,0,1,0,43.58,2329.692154,2.872052544,"convex",25.67852835,11.12948486,"high",261.5200827,"W","convex.rugged"
"818","CR02","C","psme","D",8,0,0,0,0,0,0,0,0,0,1,0,43.58,2329.692154,2.872052544,"convex",25.67852835,11.12948486,"high",261.5200827,"W","convex.rugged"
"819","CR02","C","psme","D",9,0,0,0,0,0,0,0,0,0,1,0,43.58,2329.692154,2.872052544,"convex",25.67852835,11.12948486,"high",261.5200827,"W","convex.rugged"
"820","CR02","C","psme","D",10,0,0,0,0,0,0,0,0,0,1,0,43.58,2329.692154,2.872052544,"convex",25.67852835,11.12948486,"high",261.5200827,"W","convex.rugged"
"821","CR02","E","pico","D",1,0,0,0,0,0,0,0,0,0,1,0,43.58,2329.692154,2.872052544,"convex",25.67852835,11.12948486,"high",261.5200827,"W","convex.rugged"
"822","CR02","E","pico","D",2,0,0,0,0,0,0,0,0,0,1,0,43.58,2329.692154,2.872052544,"convex",25.67852835,11.12948486,"high",261.5200827,"W","convex.rugged"
"823","CR02","E","pico","D",3,0,0,0,0,0,0,0,0,0,1,0,43.58,2329.692154,2.872052544,"convex",25.67852835,11.12948486,"high",261.5200827,"W","convex.rugged"
"824","CR02","E","pico","D",4,0,0,0,0,0,0,0,0,0,1,0,43.58,2329.692154,2.872052544,"convex",25.67852835,11.12948486,"high",261.5200827,"W","convex.rugged"
"825","CR02","E","pico","D",5,0,0,0,0,0,0,0,0,0,1,0,43.58,2329.692154,2.872052544,"convex",25.67852835,11.12948486,"high",261.5200827,"W","convex.rugged"
"826","CR02","E","pico","D",6,0,0,0,0,0,0,0,0,0,1,0,43.58,2329.692154,2.872052544,"convex",25.67852835,11.12948486,"high",261.5200827,"W","convex.rugged"
"827","CR02","E","pico","D",7,0,0,0,0,0,0,0,0,0,1,0,43.58,2329.692154,2.872052544,"convex",25.67852835,11.12948486,"high",261.5200827,"W","convex.rugged"
"828","CR02","E","pico","D",8,1,0,1,1,0,0,0,0,0,1,0,43.58,2329.692154,2.872052544,"convex",25.67852835,11.12948486,"high",261.5200827,"W","convex.rugged"
"829","CR02","E","pico","D",9,0,0,0,0,0,0,0,0,0,1,0,43.58,2329.692154,2.872052544,"convex",25.67852835,11.12948486,"high",261.5200827,"W","convex.rugged"
"830","CR02","E","pico","D",10,0,0,0,0,0,0,0,0,0,1,0,43.58,2329.692154,2.872052544,"convex",25.67852835,11.12948486,"high",261.5200827,"W","convex.rugged"
"831","CR02","E","psme","D",1,0,0,0,0,0,0,0,0,0,1,0,43.58,2329.692154,2.872052544,"convex",25.67852835,11.12948486,"high",261.5200827,"W","convex.rugged"
"832","CR02","E","psme","D",2,0,0,0,0,0,0,0,0,0,1,0,43.58,2329.692154,2.872052544,"convex",25.67852835,11.12948486,"high",261.5200827,"W","convex.rugged"
"833","CR02","E","psme","D",3,0,0,0,0,0,0,0,0,0,1,0,43.58,2329.692154,2.872052544,"convex",25.67852835,11.12948486,"high",261.5200827,"W","convex.rugged"
"834","CR02","E","psme","D",4,0,0,0,0,0,0,0,0,0,1,0,43.58,2329.692154,2.872052544,"convex",25.67852835,11.12948486,"high",261.5200827,"W","convex.rugged"
"835","CR02","E","psme","D",5,0,0,0,0,0,0,0,0,0,1,0,43.58,2329.692154,2.872052544,"convex",25.67852835,11.12948486,"high",261.5200827,"W","convex.rugged"
"836","CR02","E","psme","D",6,0,0,0,0,0,0,0,0,0,1,0,43.58,2329.692154,2.872052544,"convex",25.67852835,11.12948486,"high",261.5200827,"W","convex.rugged"
"837","CR02","E","psme","D",7,0,0,0,0,0,0,0,0,0,1,0,43.58,2329.692154,2.872052544,"convex",25.67852835,11.12948486,"high",261.5200827,"W","convex.rugged"
"838","CR02","E","psme","D",8,0,0,0,0,0,0,0,0,0,1,0,43.58,2329.692154,2.872052544,"convex",25.67852835,11.12948486,"high",261.5200827,"W","convex.rugged"
"839","CR02","E","psme","D",9,0,0,0,0,0,0,0,0,0,1,0,43.58,2329.692154,2.872052544,"convex",25.67852835,11.12948486,"high",261.5200827,"W","convex.rugged"
"840","CR02","E","psme","D",10,0,0,0,0,0,0,1,0,1,0,0,43.58,2329.692154,2.872052544,"convex",25.67852835,11.12948486,"high",261.5200827,"W","convex.rugged"
"841","CR02","N","pico","D",1,0,0,0,0,0,0,0,0,0,1,0,43.58,2329.692154,2.872052544,"convex",25.67852835,11.12948486,"high",261.5200827,"W","convex.rugged"
"842","CR02","N","pico","D",2,0,0,0,0,0,0,0,0,0,1,0,43.58,2329.692154,2.872052544,"convex",25.67852835,11.12948486,"high",261.5200827,"W","convex.rugged"
"843","CR02","N","pico","D",3,0,0,0,0,0,0,0,0,0,1,0,43.58,2329.692154,2.872052544,"convex",25.67852835,11.12948486,"high",261.5200827,"W","convex.rugged"
"844","CR02","N","pico","D",4,0,0,0,0,0,0,0,0,0,1,0,43.58,2329.692154,2.872052544,"convex",25.67852835,11.12948486,"high",261.5200827,"W","convex.rugged"
"845","CR02","N","pico","D",5,0,0,0,0,0,0,0,0,0,1,0,43.58,2329.692154,2.872052544,"convex",25.67852835,11.12948486,"high",261.5200827,"W","convex.rugged"
"846","CR02","N","pico","D",6,0,0,0,0,0,0,0,0,0,1,0,43.58,2329.692154,2.872052544,"convex",25.67852835,11.12948486,"high",261.5200827,"W","convex.rugged"
"847","CR02","N","pico","D",7,0,0,0,0,0,0,0,0,0,1,0,43.58,2329.692154,2.872052544,"convex",25.67852835,11.12948486,"high",261.5200827,"W","convex.rugged"
"848","CR02","N","pico","D",8,0,0,0,0,0,0,0,0,0,1,0,43.58,2329.692154,2.872052544,"convex",25.67852835,11.12948486,"high",261.5200827,"W","convex.rugged"
"849","CR02","N","pico","D",9,0,0,0,0,0,0,0,0,0,1,0,43.58,2329.692154,2.872052544,"convex",25.67852835,11.12948486,"high",261.5200827,"W","convex.rugged"
"850","CR02","N","pico","D",10,0,0,0,0,0,0,0,0,0,1,0,43.58,2329.692154,2.872052544,"convex",25.67852835,11.12948486,"high",261.5200827,"W","convex.rugged"
"851","CR02","N","psme","D",1,0,0,0,0,0,0,0,0,0,1,0,43.58,2329.692154,2.872052544,"convex",25.67852835,11.12948486,"high",261.5200827,"W","convex.rugged"
"852","CR02","N","psme","D",2,0,0,0,0,0,0,0,0,0,1,0,43.58,2329.692154,2.872052544,"convex",25.67852835,11.12948486,"high",261.5200827,"W","convex.rugged"
"853","CR02","N","psme","D",3,0,0,0,0,0,0,0,0,0,1,0,43.58,2329.692154,2.872052544,"convex",25.67852835,11.12948486,"high",261.5200827,"W","convex.rugged"
"854","CR02","N","psme","D",4,0,0,0,0,0,0,0,0,0,1,0,43.58,2329.692154,2.872052544,"convex",25.67852835,11.12948486,"high",261.5200827,"W","convex.rugged"
"855","CR02","N","psme","D",5,0,0,0,0,0,0,0,0,0,1,0,43.58,2329.692154,2.872052544,"convex",25.67852835,11.12948486,"high",261.5200827,"W","convex.rugged"
"856","CR02","N","psme","D",6,0,0,0,0,0,0,0,0,0,1,0,43.58,2329.692154,2.872052544,"convex",25.67852835,11.12948486,"high",261.5200827,"W","convex.rugged"
"857","CR02","N","psme","D",7,0,0,0,0,0,0,0,0,0,1,0,43.58,2329.692154,2.872052544,"convex",25.67852835,11.12948486,"high",261.5200827,"W","convex.rugged"
"858","CR02","N","psme","D",8,0,0,0,0,0,0,0,0,0,1,0,43.58,2329.692154,2.872052544,"convex",25.67852835,11.12948486,"high",261.5200827,"W","convex.rugged"
"859","CR02","N","psme","D",9,0,0,0,0,0,0,0,0,0,1,0,43.58,2329.692154,2.872052544,"convex",25.67852835,11.12948486,"high",261.5200827,"W","convex.rugged"
"860","CR02","N","psme","D",10,0,0,0,0,0,0,0,0,0,1,0,43.58,2329.692154,2.872052544,"convex",25.67852835,11.12948486,"high",261.5200827,"W","convex.rugged"
"861","CR02","S","pico","D",1,0,0,0,0,0,0,0,0,0,1,0,43.58,2329.692154,2.872052544,"convex",25.67852835,11.12948486,"high",261.5200827,"W","convex.rugged"
"862","CR02","S","pico","D",2,0,0,0,0,0,0,0,0,0,1,0,43.58,2329.692154,2.872052544,"convex",25.67852835,11.12948486,"high",261.5200827,"W","convex.rugged"
"863","CR02","S","pico","D",3,0,0,0,0,0,0,0,0,0,1,0,43.58,2329.692154,2.872052544,"convex",25.67852835,11.12948486,"high",261.5200827,"W","convex.rugged"
"864","CR02","S","pico","D",4,0,0,0,0,0,0,0,0,0,1,0,43.58,2329.692154,2.872052544,"convex",25.67852835,11.12948486,"high",261.5200827,"W","convex.rugged"
"865","CR02","S","pico","D",5,0,0,0,0,0,0,0,0,0,1,0,43.58,2329.692154,2.872052544,"convex",25.67852835,11.12948486,"high",261.5200827,"W","convex.rugged"
"866","CR02","S","pico","D",6,0,0,0,0,0,0,0,0,0,1,0,43.58,2329.692154,2.872052544,"convex",25.67852835,11.12948486,"high",261.5200827,"W","convex.rugged"
"867","CR02","S","pico","D",7,0,0,0,0,0,0,0,0,0,1,0,43.58,2329.692154,2.872052544,"convex",25.67852835,11.12948486,"high",261.5200827,"W","convex.rugged"
"868","CR02","S","pico","D",8,0,0,0,0,0,0,0,0,0,1,0,43.58,2329.692154,2.872052544,"convex",25.67852835,11.12948486,"high",261.5200827,"W","convex.rugged"
"869","CR02","S","pico","D",9,0,0,0,0,0,0,0,0,0,1,0,43.58,2329.692154,2.872052544,"convex",25.67852835,11.12948486,"high",261.5200827,"W","convex.rugged"
"870","CR02","S","pico","D",10,0,0,0,0,0,0,0,0,0,1,0,43.58,2329.692154,2.872052544,"convex",25.67852835,11.12948486,"high",261.5200827,"W","convex.rugged"
"871","CR02","S","psme","D",1,0,0,0,0,0,0,0,0,0,1,0,43.58,2329.692154,2.872052544,"convex",25.67852835,11.12948486,"high",261.5200827,"W","convex.rugged"
"872","CR02","S","psme","D",2,0,0,0,0,0,0,0,0,0,1,0,43.58,2329.692154,2.872052544,"convex",25.67852835,11.12948486,"high",261.5200827,"W","convex.rugged"
"873","CR02","S","psme","D",3,0,0,0,0,0,0,0,0,0,1,0,43.58,2329.692154,2.872052544,"convex",25.67852835,11.12948486,"high",261.5200827,"W","convex.rugged"
"874","CR02","S","psme","D",4,0,0,0,0,0,0,0,0,0,1,0,43.58,2329.692154,2.872052544,"convex",25.67852835,11.12948486,"high",261.5200827,"W","convex.rugged"
"875","CR02","S","psme","D",5,0,0,0,0,0,0,0,0,0,1,0,43.58,2329.692154,2.872052544,"convex",25.67852835,11.12948486,"high",261.5200827,"W","convex.rugged"
"876","CR02","S","psme","D",6,0,0,0,0,0,0,0,0,0,1,0,43.58,2329.692154,2.872052544,"convex",25.67852835,11.12948486,"high",261.5200827,"W","convex.rugged"
"877","CR02","S","psme","D",7,0,0,0,0,0,0,0,0,0,1,0,43.58,2329.692154,2.872052544,"convex",25.67852835,11.12948486,"high",261.5200827,"W","convex.rugged"
"878","CR02","S","psme","D",8,0,0,0,0,0,0,0,0,0,1,0,43.58,2329.692154,2.872052544,"convex",25.67852835,11.12948486,"high",261.5200827,"W","convex.rugged"
"879","CR02","S","psme","D",9,0,0,0,0,0,0,0,0,0,1,0,43.58,2329.692154,2.872052544,"convex",25.67852835,11.12948486,"high",261.5200827,"W","convex.rugged"
"880","CR02","S","psme","D",10,0,0,0,0,0,0,0,0,0,1,0,43.58,2329.692154,2.872052544,"convex",25.67852835,11.12948486,"high",261.5200827,"W","convex.rugged"
"881","CR02","W","pico","D",1,0,0,0,0,0,0,0,0,0,1,0,43.58,2329.692154,2.872052544,"convex",25.67852835,11.12948486,"high",261.5200827,"W","convex.rugged"
"882","CR02","W","pico","D",2,0,0,0,0,0,0,0,0,0,1,0,43.58,2329.692154,2.872052544,"convex",25.67852835,11.12948486,"high",261.5200827,"W","convex.rugged"
"883","CR02","W","pico","D",3,0,0,0,0,0,0,0,0,0,1,0,43.58,2329.692154,2.872052544,"convex",25.67852835,11.12948486,"high",261.5200827,"W","convex.rugged"
"884","CR02","W","pico","D",4,0,0,0,0,0,0,0,0,0,1,0,43.58,2329.692154,2.872052544,"convex",25.67852835,11.12948486,"high",261.5200827,"W","convex.rugged"
"885","CR02","W","pico","D",5,0,0,0,0,0,0,0,0,0,1,0,43.58,2329.692154,2.872052544,"convex",25.67852835,11.12948486,"high",261.5200827,"W","convex.rugged"
"886","CR02","W","pico","D",6,0,0,0,0,0,0,0,0,0,1,0,43.58,2329.692154,2.872052544,"convex",25.67852835,11.12948486,"high",261.5200827,"W","convex.rugged"
"887","CR02","W","pico","D",7,0,0,0,0,0,0,0,0,0,1,0,43.58,2329.692154,2.872052544,"convex",25.67852835,11.12948486,"high",261.5200827,"W","convex.rugged"
"888","CR02","W","pico","D",8,0,0,0,0,0,0,0,0,0,1,0,43.58,2329.692154,2.872052544,"convex",25.67852835,11.12948486,"high",261.5200827,"W","convex.rugged"
"889","CR02","W","pico","D",9,0,0,0,0,0,0,0,0,0,1,0,43.58,2329.692154,2.872052544,"convex",25.67852835,11.12948486,"high",261.5200827,"W","convex.rugged"
"890","CR02","W","pico","D",10,0,0,0,0,0,0,0,0,0,1,0,43.58,2329.692154,2.872052544,"convex",25.67852835,11.12948486,"high",261.5200827,"W","convex.rugged"
"891","CR02","W","psme","D",1,0,0,0,0,0,0,0,0,0,1,0,43.58,2329.692154,2.872052544,"convex",25.67852835,11.12948486,"high",261.5200827,"W","convex.rugged"
"892","CR02","W","psme","D",2,0,0,0,0,0,0,0,0,0,1,0,43.58,2329.692154,2.872052544,"convex",25.67852835,11.12948486,"high",261.5200827,"W","convex.rugged"
"893","CR02","W","psme","D",3,0,0,0,0,0,0,0,0,0,1,0,43.58,2329.692154,2.872052544,"convex",25.67852835,11.12948486,"high",261.5200827,"W","convex.rugged"
"894","CR02","W","psme","D",4,0,0,0,0,0,0,0,0,0,1,0,43.58,2329.692154,2.872052544,"convex",25.67852835,11.12948486,"high",261.5200827,"W","convex.rugged"
"895","CR02","W","psme","D",5,0,0,0,0,0,0,0,0,0,1,0,43.58,2329.692154,2.872052544,"convex",25.67852835,11.12948486,"high",261.5200827,"W","convex.rugged"
"896","CR02","W","psme","D",6,0,0,0,0,0,0,0,0,0,1,0,43.58,2329.692154,2.872052544,"convex",25.67852835,11.12948486,"high",261.5200827,"W","convex.rugged"
"897","CR02","W","psme","D",7,0,0,0,0,0,0,0,0,0,1,0,43.58,2329.692154,2.872052544,"convex",25.67852835,11.12948486,"high",261.5200827,"W","convex.rugged"
"898","CR02","W","psme","D",8,0,0,0,0,0,0,0,0,0,1,0,43.58,2329.692154,2.872052544,"convex",25.67852835,11.12948486,"high",261.5200827,"W","convex.rugged"
"899","CR02","W","psme","D",9,0,0,0,0,0,0,0,0,0,1,0,43.58,2329.692154,2.872052544,"convex",25.67852835,11.12948486,"high",261.5200827,"W","convex.rugged"
"900","CR02","W","psme","D",10,0,0,0,0,0,0,0,0,0,1,0,43.58,2329.692154,2.872052544,"convex",25.67852835,11.12948486,"high",261.5200827,"W","convex.rugged"
"901","CR02","C","pico","E",1,0,0,0,0,0,0,0,0,0,1,0,43.58,2329.692154,2.872052544,"convex",25.67852835,11.12948486,"high",261.5200827,"W","convex.rugged"
"902","CR02","C","pico","E",2,0,0,0,0,0,0,0,0,0,1,0,43.58,2329.692154,2.872052544,"convex",25.67852835,11.12948486,"high",261.5200827,"W","convex.rugged"
"903","CR02","C","pico","E",3,0,0,0,0,0,0,0,0,0,1,0,43.58,2329.692154,2.872052544,"convex",25.67852835,11.12948486,"high",261.5200827,"W","convex.rugged"
"904","CR02","C","pico","E",4,0,0,0,0,0,0,0,0,0,1,0,43.58,2329.692154,2.872052544,"convex",25.67852835,11.12948486,"high",261.5200827,"W","convex.rugged"
"905","CR02","C","pico","E",5,0,0,0,0,0,0,0,0,0,1,0,43.58,2329.692154,2.872052544,"convex",25.67852835,11.12948486,"high",261.5200827,"W","convex.rugged"
"906","CR02","C","pico","E",6,0,0,0,0,0,0,0,0,0,1,0,43.58,2329.692154,2.872052544,"convex",25.67852835,11.12948486,"high",261.5200827,"W","convex.rugged"
"907","CR02","C","pico","E",7,0,0,0,0,0,0,0,0,0,1,0,43.58,2329.692154,2.872052544,"convex",25.67852835,11.12948486,"high",261.5200827,"W","convex.rugged"
"908","CR02","C","pico","E",8,0,0,0,0,0,0,0,0,0,1,0,43.58,2329.692154,2.872052544,"convex",25.67852835,11.12948486,"high",261.5200827,"W","convex.rugged"
"909","CR02","C","pico","E",9,0,0,0,0,0,0,0,0,0,1,0,43.58,2329.692154,2.872052544,"convex",25.67852835,11.12948486,"high",261.5200827,"W","convex.rugged"
"910","CR02","C","pico","E",10,1,0,1,0,0,0,0,0,0,1,0,43.58,2329.692154,2.872052544,"convex",25.67852835,11.12948486,"high",261.5200827,"W","convex.rugged"
"911","CR02","C","psme","E",1,0,0,0,0,0,0,1,0,1,0,0,43.58,2329.692154,2.872052544,"convex",25.67852835,11.12948486,"high",261.5200827,"W","convex.rugged"
"912","CR02","C","psme","E",2,0,0,0,0,0,0,1,0,1,0,0,43.58,2329.692154,2.872052544,"convex",25.67852835,11.12948486,"high",261.5200827,"W","convex.rugged"
"913","CR02","C","psme","E",3,0,0,0,0,0,0,1,0,1,0,0,43.58,2329.692154,2.872052544,"convex",25.67852835,11.12948486,"high",261.5200827,"W","convex.rugged"
"914","CR02","C","psme","E",4,0,0,0,0,0,0,1,0,1,0,0,43.58,2329.692154,2.872052544,"convex",25.67852835,11.12948486,"high",261.5200827,"W","convex.rugged"
"915","CR02","C","psme","E",5,0,0,0,0,0,0,1,0,1,0,0,43.58,2329.692154,2.872052544,"convex",25.67852835,11.12948486,"high",261.5200827,"W","convex.rugged"
"916","CR02","C","psme","E",6,0,0,0,0,0,0,1,0,1,0,0,43.58,2329.692154,2.872052544,"convex",25.67852835,11.12948486,"high",261.5200827,"W","convex.rugged"
"917","CR02","C","psme","E",7,0,0,0,0,0,0,1,0,1,0,0,43.58,2329.692154,2.872052544,"convex",25.67852835,11.12948486,"high",261.5200827,"W","convex.rugged"
"918","CR02","C","psme","E",8,0,0,0,0,0,0,1,0,1,0,0,43.58,2329.692154,2.872052544,"convex",25.67852835,11.12948486,"high",261.5200827,"W","convex.rugged"
"919","CR02","C","psme","E",9,0,0,0,0,0,0,1,0,1,0,0,43.58,2329.692154,2.872052544,"convex",25.67852835,11.12948486,"high",261.5200827,"W","convex.rugged"
"920","CR02","C","psme","E",10,0,0,0,0,0,0,1,0,1,0,0,43.58,2329.692154,2.872052544,"convex",25.67852835,11.12948486,"high",261.5200827,"W","convex.rugged"
"921","CR02","E","pico","E",1,0,0,0,0,0,0,0,0,0,1,0,43.58,2329.692154,2.872052544,"convex",25.67852835,11.12948486,"high",261.5200827,"W","convex.rugged"
"922","CR02","E","pico","E",2,0,0,0,0,0,0,0,0,0,1,0,43.58,2329.692154,2.872052544,"convex",25.67852835,11.12948486,"high",261.5200827,"W","convex.rugged"
"923","CR02","E","pico","E",3,0,0,0,0,0,0,0,0,0,1,0,43.58,2329.692154,2.872052544,"convex",25.67852835,11.12948486,"high",261.5200827,"W","convex.rugged"
"924","CR02","E","pico","E",4,0,0,0,0,0,0,0,0,0,1,0,43.58,2329.692154,2.872052544,"convex",25.67852835,11.12948486,"high",261.5200827,"W","convex.rugged"
"925","CR02","E","pico","E",5,0,0,0,0,0,0,0,0,0,1,0,43.58,2329.692154,2.872052544,"convex",25.67852835,11.12948486,"high",261.5200827,"W","convex.rugged"
"926","CR02","E","pico","E",6,0,0,0,0,0,0,0,0,0,1,0,43.58,2329.692154,2.872052544,"convex",25.67852835,11.12948486,"high",261.5200827,"W","convex.rugged"
"927","CR02","E","pico","E",7,0,0,0,0,0,0,0,0,0,1,0,43.58,2329.692154,2.872052544,"convex",25.67852835,11.12948486,"high",261.5200827,"W","convex.rugged"
"928","CR02","E","pico","E",8,0,0,0,0,0,0,0,0,0,1,0,43.58,2329.692154,2.872052544,"convex",25.67852835,11.12948486,"high",261.5200827,"W","convex.rugged"
"929","CR02","E","pico","E",9,0,0,0,0,0,0,0,0,0,1,0,43.58,2329.692154,2.872052544,"convex",25.67852835,11.12948486,"high",261.5200827,"W","convex.rugged"
"930","CR02","E","pico","E",10,0,0,0,0,0,0,0,0,0,1,0,43.58,2329.692154,2.872052544,"convex",25.67852835,11.12948486,"high",261.5200827,"W","convex.rugged"
"931","CR02","E","psme","E",1,0,0,0,0,0,0,0,0,0,1,0,43.58,2329.692154,2.872052544,"convex",25.67852835,11.12948486,"high",261.5200827,"W","convex.rugged"
"932","CR02","E","psme","E",2,0,0,0,0,0,0,0,0,0,1,0,43.58,2329.692154,2.872052544,"convex",25.67852835,11.12948486,"high",261.5200827,"W","convex.rugged"
"933","CR02","E","psme","E",3,0,0,0,0,0,0,0,0,0,1,0,43.58,2329.692154,2.872052544,"convex",25.67852835,11.12948486,"high",261.5200827,"W","convex.rugged"
"934","CR02","E","psme","E",4,0,0,0,0,0,0,0,0,0,1,0,43.58,2329.692154,2.872052544,"convex",25.67852835,11.12948486,"high",261.5200827,"W","convex.rugged"
"935","CR02","E","psme","E",5,0,0,0,0,0,0,0,0,0,1,0,43.58,2329.692154,2.872052544,"convex",25.67852835,11.12948486,"high",261.5200827,"W","convex.rugged"
"936","CR02","E","psme","E",6,0,0,0,0,0,0,0,0,0,1,0,43.58,2329.692154,2.872052544,"convex",25.67852835,11.12948486,"high",261.5200827,"W","convex.rugged"
"937","CR02","E","psme","E",7,0,0,0,0,0,0,0,0,0,1,0,43.58,2329.692154,2.872052544,"convex",25.67852835,11.12948486,"high",261.5200827,"W","convex.rugged"
"938","CR02","E","psme","E",8,0,0,0,0,0,0,0,0,0,1,0,43.58,2329.692154,2.872052544,"convex",25.67852835,11.12948486,"high",261.5200827,"W","convex.rugged"
"939","CR02","E","psme","E",9,0,0,0,0,0,0,0,0,0,1,0,43.58,2329.692154,2.872052544,"convex",25.67852835,11.12948486,"high",261.5200827,"W","convex.rugged"
"940","CR02","E","psme","E",10,0,0,0,0,0,0,0,0,0,1,0,43.58,2329.692154,2.872052544,"convex",25.67852835,11.12948486,"high",261.5200827,"W","convex.rugged"
"941","CR02","N","pico","E",1,0,0,0,0,0,0,0,0,0,1,0,43.58,2329.692154,2.872052544,"convex",25.67852835,11.12948486,"high",261.5200827,"W","convex.rugged"
"942","CR02","N","pico","E",2,0,0,0,0,0,0,0,0,0,1,0,43.58,2329.692154,2.872052544,"convex",25.67852835,11.12948486,"high",261.5200827,"W","convex.rugged"
"943","CR02","N","pico","E",3,0,0,0,0,0,0,0,0,0,1,0,43.58,2329.692154,2.872052544,"convex",25.67852835,11.12948486,"high",261.5200827,"W","convex.rugged"
"944","CR02","N","pico","E",4,0,0,0,0,0,0,0,0,0,1,0,43.58,2329.692154,2.872052544,"convex",25.67852835,11.12948486,"high",261.5200827,"W","convex.rugged"
"945","CR02","N","pico","E",5,0,0,0,0,0,0,0,0,0,1,0,43.58,2329.692154,2.872052544,"convex",25.67852835,11.12948486,"high",261.5200827,"W","convex.rugged"
"946","CR02","N","pico","E",6,0,0,0,0,0,0,0,0,0,1,0,43.58,2329.692154,2.872052544,"convex",25.67852835,11.12948486,"high",261.5200827,"W","convex.rugged"
"947","CR02","N","pico","E",7,0,0,0,0,0,0,0,0,0,1,0,43.58,2329.692154,2.872052544,"convex",25.67852835,11.12948486,"high",261.5200827,"W","convex.rugged"
"948","CR02","N","pico","E",8,0,0,0,0,0,0,0,0,0,1,0,43.58,2329.692154,2.872052544,"convex",25.67852835,11.12948486,"high",261.5200827,"W","convex.rugged"
"949","CR02","N","pico","E",9,0,0,0,0,0,0,0,0,0,1,0,43.58,2329.692154,2.872052544,"convex",25.67852835,11.12948486,"high",261.5200827,"W","convex.rugged"
"950","CR02","N","pico","E",10,0,0,0,0,0,0,0,0,0,1,0,43.58,2329.692154,2.872052544,"convex",25.67852835,11.12948486,"high",261.5200827,"W","convex.rugged"
"951","CR02","N","psme","E",1,0,0,0,0,0,0,0,0,0,1,0,43.58,2329.692154,2.872052544,"convex",25.67852835,11.12948486,"high",261.5200827,"W","convex.rugged"
"952","CR02","N","psme","E",2,0,0,0,0,0,0,0,0,0,1,0,43.58,2329.692154,2.872052544,"convex",25.67852835,11.12948486,"high",261.5200827,"W","convex.rugged"
"953","CR02","N","psme","E",3,0,0,0,0,0,0,0,0,0,1,0,43.58,2329.692154,2.872052544,"convex",25.67852835,11.12948486,"high",261.5200827,"W","convex.rugged"
"954","CR02","N","psme","E",4,0,0,0,0,0,0,0,0,0,1,0,43.58,2329.692154,2.872052544,"convex",25.67852835,11.12948486,"high",261.5200827,"W","convex.rugged"
"955","CR02","N","psme","E",5,0,0,0,0,0,0,0,0,0,1,0,43.58,2329.692154,2.872052544,"convex",25.67852835,11.12948486,"high",261.5200827,"W","convex.rugged"
"956","CR02","N","psme","E",6,0,0,0,0,0,0,0,0,0,1,0,43.58,2329.692154,2.872052544,"convex",25.67852835,11.12948486,"high",261.5200827,"W","convex.rugged"
"957","CR02","N","psme","E",7,0,0,0,0,0,0,0,0,0,1,0,43.58,2329.692154,2.872052544,"convex",25.67852835,11.12948486,"high",261.5200827,"W","convex.rugged"
"958","CR02","N","psme","E",8,0,0,0,0,0,0,0,0,0,1,0,43.58,2329.692154,2.872052544,"convex",25.67852835,11.12948486,"high",261.5200827,"W","convex.rugged"
"959","CR02","N","psme","E",9,0,0,0,0,0,0,0,0,0,1,0,43.58,2329.692154,2.872052544,"convex",25.67852835,11.12948486,"high",261.5200827,"W","convex.rugged"
"960","CR02","N","psme","E",10,0,0,0,0,0,0,0,0,0,1,0,43.58,2329.692154,2.872052544,"convex",25.67852835,11.12948486,"high",261.5200827,"W","convex.rugged"
"961","CR02","S","pico","E",1,0,0,0,0,0,0,0,0,0,1,0,43.58,2329.692154,2.872052544,"convex",25.67852835,11.12948486,"high",261.5200827,"W","convex.rugged"
"962","CR02","S","pico","E",2,0,0,0,0,0,0,0,0,0,1,0,43.58,2329.692154,2.872052544,"convex",25.67852835,11.12948486,"high",261.5200827,"W","convex.rugged"
"963","CR02","S","pico","E",3,1,0,1,1,0,0,0,0,0,1,0,43.58,2329.692154,2.872052544,"convex",25.67852835,11.12948486,"high",261.5200827,"W","convex.rugged"
"964","CR02","S","pico","E",4,0,0,0,0,0,0,0,0,0,1,0,43.58,2329.692154,2.872052544,"convex",25.67852835,11.12948486,"high",261.5200827,"W","convex.rugged"
"965","CR02","S","pico","E",5,0,0,0,0,0,0,0,0,0,1,0,43.58,2329.692154,2.872052544,"convex",25.67852835,11.12948486,"high",261.5200827,"W","convex.rugged"
"966","CR02","S","pico","E",6,0,0,0,0,0,0,0,0,0,1,0,43.58,2329.692154,2.872052544,"convex",25.67852835,11.12948486,"high",261.5200827,"W","convex.rugged"
"967","CR02","S","pico","E",7,0,0,0,0,0,0,0,0,0,1,0,43.58,2329.692154,2.872052544,"convex",25.67852835,11.12948486,"high",261.5200827,"W","convex.rugged"
"968","CR02","S","pico","E",8,0,0,0,0,0,0,0,0,0,1,0,43.58,2329.692154,2.872052544,"convex",25.67852835,11.12948486,"high",261.5200827,"W","convex.rugged"
"969","CR02","S","pico","E",9,0,0,0,0,0,0,0,0,0,1,0,43.58,2329.692154,2.872052544,"convex",25.67852835,11.12948486,"high",261.5200827,"W","convex.rugged"
"970","CR02","S","pico","E",10,0,0,0,0,0,0,0,0,0,1,0,43.58,2329.692154,2.872052544,"convex",25.67852835,11.12948486,"high",261.5200827,"W","convex.rugged"
"971","CR02","S","psme","E",1,0,0,0,0,0,0,0,0,0,1,0,43.58,2329.692154,2.872052544,"convex",25.67852835,11.12948486,"high",261.5200827,"W","convex.rugged"
"972","CR02","S","psme","E",2,0,0,0,0,0,0,0,0,0,1,0,43.58,2329.692154,2.872052544,"convex",25.67852835,11.12948486,"high",261.5200827,"W","convex.rugged"
"973","CR02","S","psme","E",3,0,0,0,0,0,0,0,0,0,1,0,43.58,2329.692154,2.872052544,"convex",25.67852835,11.12948486,"high",261.5200827,"W","convex.rugged"
"974","CR02","S","psme","E",4,0,0,0,0,0,0,0,0,0,1,0,43.58,2329.692154,2.872052544,"convex",25.67852835,11.12948486,"high",261.5200827,"W","convex.rugged"
"975","CR02","S","psme","E",5,0,0,0,0,0,0,0,0,0,1,0,43.58,2329.692154,2.872052544,"convex",25.67852835,11.12948486,"high",261.5200827,"W","convex.rugged"
"976","CR02","S","psme","E",6,0,0,0,0,0,0,0,0,0,1,0,43.58,2329.692154,2.872052544,"convex",25.67852835,11.12948486,"high",261.5200827,"W","convex.rugged"
"977","CR02","S","psme","E",7,0,0,0,0,0,0,0,0,0,1,0,43.58,2329.692154,2.872052544,"convex",25.67852835,11.12948486,"high",261.5200827,"W","convex.rugged"
"978","CR02","S","psme","E",8,0,0,0,0,0,0,0,0,0,1,0,43.58,2329.692154,2.872052544,"convex",25.67852835,11.12948486,"high",261.5200827,"W","convex.rugged"
"979","CR02","S","psme","E",9,0,0,0,0,0,0,0,0,0,1,0,43.58,2329.692154,2.872052544,"convex",25.67852835,11.12948486,"high",261.5200827,"W","convex.rugged"
"980","CR02","S","psme","E",10,0,0,0,0,0,0,0,0,0,1,0,43.58,2329.692154,2.872052544,"convex",25.67852835,11.12948486,"high",261.5200827,"W","convex.rugged"
"981","CR02","W","pico","E",1,0,0,0,0,0,0,0,0,0,1,0,43.58,2329.692154,2.872052544,"convex",25.67852835,11.12948486,"high",261.5200827,"W","convex.rugged"
"982","CR02","W","pico","E",2,0,0,0,0,0,0,0,0,0,1,0,43.58,2329.692154,2.872052544,"convex",25.67852835,11.12948486,"high",261.5200827,"W","convex.rugged"
"983","CR02","W","pico","E",3,0,0,0,0,0,0,0,0,0,1,0,43.58,2329.692154,2.872052544,"convex",25.67852835,11.12948486,"high",261.5200827,"W","convex.rugged"
"984","CR02","W","pico","E",4,0,0,0,0,0,0,0,0,0,1,0,43.58,2329.692154,2.872052544,"convex",25.67852835,11.12948486,"high",261.5200827,"W","convex.rugged"
"985","CR02","W","pico","E",5,0,0,0,0,0,0,0,0,0,1,0,43.58,2329.692154,2.872052544,"convex",25.67852835,11.12948486,"high",261.5200827,"W","convex.rugged"
"986","CR02","W","pico","E",6,0,0,0,0,0,0,0,0,0,1,0,43.58,2329.692154,2.872052544,"convex",25.67852835,11.12948486,"high",261.5200827,"W","convex.rugged"
"987","CR02","W","pico","E",7,0,0,0,0,0,0,0,0,0,1,0,43.58,2329.692154,2.872052544,"convex",25.67852835,11.12948486,"high",261.5200827,"W","convex.rugged"
"988","CR02","W","pico","E",8,0,0,0,0,0,0,0,0,0,1,0,43.58,2329.692154,2.872052544,"convex",25.67852835,11.12948486,"high",261.5200827,"W","convex.rugged"
"989","CR02","W","pico","E",9,0,0,0,0,0,0,0,0,0,1,0,43.58,2329.692154,2.872052544,"convex",25.67852835,11.12948486,"high",261.5200827,"W","convex.rugged"
"990","CR02","W","pico","E",10,0,0,0,0,0,0,0,0,0,1,0,43.58,2329.692154,2.872052544,"convex",25.67852835,11.12948486,"high",261.5200827,"W","convex.rugged"
"991","CR02","W","psme","E",1,0,0,0,0,0,0,0,0,0,1,0,43.58,2329.692154,2.872052544,"convex",25.67852835,11.12948486,"high",261.5200827,"W","convex.rugged"
"992","CR02","W","psme","E",2,0,0,0,0,0,0,0,0,0,1,0,43.58,2329.692154,2.872052544,"convex",25.67852835,11.12948486,"high",261.5200827,"W","convex.rugged"
"993","CR02","W","psme","E",3,0,0,0,0,0,0,0,0,0,1,0,43.58,2329.692154,2.872052544,"convex",25.67852835,11.12948486,"high",261.5200827,"W","convex.rugged"
"994","CR02","W","psme","E",4,0,0,0,0,0,0,0,0,0,1,0,43.58,2329.692154,2.872052544,"convex",25.67852835,11.12948486,"high",261.5200827,"W","convex.rugged"
"995","CR02","W","psme","E",5,0,0,0,0,0,0,0,0,0,1,0,43.58,2329.692154,2.872052544,"convex",25.67852835,11.12948486,"high",261.5200827,"W","convex.rugged"
"996","CR02","W","psme","E",6,0,0,0,0,0,0,0,0,0,1,0,43.58,2329.692154,2.872052544,"convex",25.67852835,11.12948486,"high",261.5200827,"W","convex.rugged"
"997","CR02","W","psme","E",7,0,0,0,0,0,0,0,0,0,1,0,43.58,2329.692154,2.872052544,"convex",25.67852835,11.12948486,"high",261.5200827,"W","convex.rugged"
"998","CR02","W","psme","E",8,0,0,0,0,0,0,0,0,0,1,0,43.58,2329.692154,2.872052544,"convex",25.67852835,11.12948486,"high",261.5200827,"W","convex.rugged"
"999","CR02","W","psme","E",9,0,0,0,0,0,0,0,0,0,1,0,43.58,2329.692154,2.872052544,"convex",25.67852835,11.12948486,"high",261.5200827,"W","convex.rugged"
"1000","CR02","W","psme","E",10,0,0,0,0,0,0,0,0,0,1,0,43.58,2329.692154,2.872052544,"convex",25.67852835,11.12948486,"high",261.5200827,"W","convex.rugged"
"1001","CR03","C","pico","A",1,1,0,1,1,0,0,0,0,0,1,0,24.34,2308.659484,3.499287584,"convex",20.12353032,8.587282037,"high",252.7679256,"W","convex.rugged"
"1002","CR03","C","pico","A",2,0,0,0,0,0,0,0,0,0,1,0,24.34,2308.659484,3.499287584,"convex",20.12353032,8.587282037,"high",252.7679256,"W","convex.rugged"
"1003","CR03","C","pico","A",3,0,0,0,0,0,0,0,0,0,1,0,24.34,2308.659484,3.499287584,"convex",20.12353032,8.587282037,"high",252.7679256,"W","convex.rugged"
"1004","CR03","C","pico","A",4,0,0,0,0,0,0,0,0,0,1,0,24.34,2308.659484,3.499287584,"convex",20.12353032,8.587282037,"high",252.7679256,"W","convex.rugged"
"1005","CR03","C","pico","A",5,0,0,0,0,0,0,0,0,0,1,0,24.34,2308.659484,3.499287584,"convex",20.12353032,8.587282037,"high",252.7679256,"W","convex.rugged"
"1006","CR03","C","pico","A",6,0,0,0,0,0,0,0,0,0,1,0,24.34,2308.659484,3.499287584,"convex",20.12353032,8.587282037,"high",252.7679256,"W","convex.rugged"
"1007","CR03","C","pico","A",7,0,0,0,0,0,0,0,0,0,1,0,24.34,2308.659484,3.499287584,"convex",20.12353032,8.587282037,"high",252.7679256,"W","convex.rugged"
"1008","CR03","C","pico","A",8,0,0,0,0,0,0,0,0,0,1,0,24.34,2308.659484,3.499287584,"convex",20.12353032,8.587282037,"high",252.7679256,"W","convex.rugged"
"1009","CR03","C","pico","A",9,0,0,0,0,0,0,0,0,0,1,0,24.34,2308.659484,3.499287584,"convex",20.12353032,8.587282037,"high",252.7679256,"W","convex.rugged"
"1010","CR03","C","pico","A",10,0,0,0,0,0,0,0,0,0,1,0,24.34,2308.659484,3.499287584,"convex",20.12353032,8.587282037,"high",252.7679256,"W","convex.rugged"
"1011","CR03","C","psme","A",1,0,0,0,0,0,0,1,0,1,0,0,24.34,2308.659484,3.499287584,"convex",20.12353032,8.587282037,"high",252.7679256,"W","convex.rugged"
"1012","CR03","C","psme","A",2,0,0,0,0,0,0,1,0,1,0,0,24.34,2308.659484,3.499287584,"convex",20.12353032,8.587282037,"high",252.7679256,"W","convex.rugged"
"1013","CR03","C","psme","A",3,0,0,0,0,0,0,1,0,1,0,0,24.34,2308.659484,3.499287584,"convex",20.12353032,8.587282037,"high",252.7679256,"W","convex.rugged"
"1014","CR03","C","psme","A",4,0,0,0,0,0,0,1,0,1,0,0,24.34,2308.659484,3.499287584,"convex",20.12353032,8.587282037,"high",252.7679256,"W","convex.rugged"
"1015","CR03","C","psme","A",5,0,0,0,0,0,0,1,0,1,0,0,24.34,2308.659484,3.499287584,"convex",20.12353032,8.587282037,"high",252.7679256,"W","convex.rugged"
"1016","CR03","C","psme","A",6,0,0,0,0,0,0,1,0,1,0,0,24.34,2308.659484,3.499287584,"convex",20.12353032,8.587282037,"high",252.7679256,"W","convex.rugged"
"1017","CR03","C","psme","A",7,0,0,0,0,0,0,1,0,1,0,0,24.34,2308.659484,3.499287584,"convex",20.12353032,8.587282037,"high",252.7679256,"W","convex.rugged"
"1018","CR03","C","psme","A",8,0,0,0,0,0,0,1,0,1,0,0,24.34,2308.659484,3.499287584,"convex",20.12353032,8.587282037,"high",252.7679256,"W","convex.rugged"
"1019","CR03","C","psme","A",9,0,0,0,0,0,0,1,0,1,0,0,24.34,2308.659484,3.499287584,"convex",20.12353032,8.587282037,"high",252.7679256,"W","convex.rugged"
"1020","CR03","C","psme","A",10,0,0,0,0,0,0,1,0,1,0,0,24.34,2308.659484,3.499287584,"convex",20.12353032,8.587282037,"high",252.7679256,"W","convex.rugged"
"1021","CR03","E","pico","A",1,0,0,0,0,0,0,0,0,0,1,0,24.34,2308.659484,3.499287584,"convex",20.12353032,8.587282037,"high",252.7679256,"W","convex.rugged"
"1022","CR03","E","pico","A",2,0,0,0,0,0,0,0,0,0,1,0,24.34,2308.659484,3.499287584,"convex",20.12353032,8.587282037,"high",252.7679256,"W","convex.rugged"
"1023","CR03","E","pico","A",3,0,0,0,0,0,0,0,0,0,1,0,24.34,2308.659484,3.499287584,"convex",20.12353032,8.587282037,"high",252.7679256,"W","convex.rugged"
"1024","CR03","E","pico","A",4,0,0,0,0,0,0,0,0,0,1,0,24.34,2308.659484,3.499287584,"convex",20.12353032,8.587282037,"high",252.7679256,"W","convex.rugged"
"1025","CR03","E","pico","A",5,0,0,0,0,0,0,0,0,0,1,0,24.34,2308.659484,3.499287584,"convex",20.12353032,8.587282037,"high",252.7679256,"W","convex.rugged"
"1026","CR03","E","pico","A",6,0,0,0,0,0,0,0,0,0,1,0,24.34,2308.659484,3.499287584,"convex",20.12353032,8.587282037,"high",252.7679256,"W","convex.rugged"
"1027","CR03","E","pico","A",7,0,0,0,0,0,0,0,0,0,1,0,24.34,2308.659484,3.499287584,"convex",20.12353032,8.587282037,"high",252.7679256,"W","convex.rugged"
"1028","CR03","E","pico","A",8,0,1,1,0,0,0,0,0,0,1,1,24.34,2308.659484,3.499287584,"convex",20.12353032,8.587282037,"high",252.7679256,"W","convex.rugged"
"1029","CR03","E","pico","A",9,0,0,0,0,0,0,0,0,0,1,0,24.34,2308.659484,3.499287584,"convex",20.12353032,8.587282037,"high",252.7679256,"W","convex.rugged"
"1030","CR03","E","pico","A",10,0,0,0,0,0,0,0,0,0,1,0,24.34,2308.659484,3.499287584,"convex",20.12353032,8.587282037,"high",252.7679256,"W","convex.rugged"
"1031","CR03","E","psme","A",1,0,0,0,0,0,0,0,0,0,1,0,24.34,2308.659484,3.499287584,"convex",20.12353032,8.587282037,"high",252.7679256,"W","convex.rugged"
"1032","CR03","E","psme","A",2,0,0,0,0,0,0,0,0,0,1,0,24.34,2308.659484,3.499287584,"convex",20.12353032,8.587282037,"high",252.7679256,"W","convex.rugged"
"1033","CR03","E","psme","A",3,0,0,0,0,0,0,0,0,0,1,0,24.34,2308.659484,3.499287584,"convex",20.12353032,8.587282037,"high",252.7679256,"W","convex.rugged"
"1034","CR03","E","psme","A",4,0,0,0,0,0,0,0,0,0,1,0,24.34,2308.659484,3.499287584,"convex",20.12353032,8.587282037,"high",252.7679256,"W","convex.rugged"
"1035","CR03","E","psme","A",5,0,0,0,0,0,0,0,0,0,1,0,24.34,2308.659484,3.499287584,"convex",20.12353032,8.587282037,"high",252.7679256,"W","convex.rugged"
"1036","CR03","E","psme","A",6,0,0,0,0,0,0,0,0,0,1,0,24.34,2308.659484,3.499287584,"convex",20.12353032,8.587282037,"high",252.7679256,"W","convex.rugged"
"1037","CR03","E","psme","A",7,0,0,0,0,0,0,0,0,0,1,0,24.34,2308.659484,3.499287584,"convex",20.12353032,8.587282037,"high",252.7679256,"W","convex.rugged"
"1038","CR03","E","psme","A",8,0,0,0,0,0,0,0,0,0,1,0,24.34,2308.659484,3.499287584,"convex",20.12353032,8.587282037,"high",252.7679256,"W","convex.rugged"
"1039","CR03","E","psme","A",9,0,0,0,0,0,0,1,0,1,0,0,24.34,2308.659484,3.499287584,"convex",20.12353032,8.587282037,"high",252.7679256,"W","convex.rugged"
"1040","CR03","E","psme","A",10,0,0,0,0,0,0,1,0,1,0,0,24.34,2308.659484,3.499287584,"convex",20.12353032,8.587282037,"high",252.7679256,"W","convex.rugged"
"1041","CR03","N","pico","A",1,0,0,0,0,0,0,0,0,0,1,0,24.34,2308.659484,3.499287584,"convex",20.12353032,8.587282037,"high",252.7679256,"W","convex.rugged"
"1042","CR03","N","pico","A",2,0,0,0,0,0,0,0,0,0,1,0,24.34,2308.659484,3.499287584,"convex",20.12353032,8.587282037,"high",252.7679256,"W","convex.rugged"
"1043","CR03","N","pico","A",3,0,0,0,0,0,0,0,0,0,1,0,24.34,2308.659484,3.499287584,"convex",20.12353032,8.587282037,"high",252.7679256,"W","convex.rugged"
"1044","CR03","N","pico","A",4,0,0,0,0,0,0,0,0,0,1,0,24.34,2308.659484,3.499287584,"convex",20.12353032,8.587282037,"high",252.7679256,"W","convex.rugged"
"1045","CR03","N","pico","A",5,0,0,0,0,0,0,0,0,0,1,0,24.34,2308.659484,3.499287584,"convex",20.12353032,8.587282037,"high",252.7679256,"W","convex.rugged"
"1046","CR03","N","pico","A",6,0,0,0,0,0,0,0,0,0,1,0,24.34,2308.659484,3.499287584,"convex",20.12353032,8.587282037,"high",252.7679256,"W","convex.rugged"
"1047","CR03","N","pico","A",7,0,0,0,0,0,0,0,0,0,1,0,24.34,2308.659484,3.499287584,"convex",20.12353032,8.587282037,"high",252.7679256,"W","convex.rugged"
"1048","CR03","N","pico","A",8,0,0,0,0,0,0,0,0,0,1,0,24.34,2308.659484,3.499287584,"convex",20.12353032,8.587282037,"high",252.7679256,"W","convex.rugged"
"1049","CR03","N","pico","A",9,0,0,0,0,0,0,0,0,0,1,0,24.34,2308.659484,3.499287584,"convex",20.12353032,8.587282037,"high",252.7679256,"W","convex.rugged"
"1050","CR03","N","pico","A",10,0,0,0,0,0,0,0,0,0,1,0,24.34,2308.659484,3.499287584,"convex",20.12353032,8.587282037,"high",252.7679256,"W","convex.rugged"
"1051","CR03","N","psme","A",1,0,0,0,0,0,0,0,0,0,1,0,24.34,2308.659484,3.499287584,"convex",20.12353032,8.587282037,"high",252.7679256,"W","convex.rugged"
"1052","CR03","N","psme","A",2,0,0,0,0,0,0,0,0,0,1,0,24.34,2308.659484,3.499287584,"convex",20.12353032,8.587282037,"high",252.7679256,"W","convex.rugged"
"1053","CR03","N","psme","A",3,0,0,0,0,0,0,0,0,0,1,0,24.34,2308.659484,3.499287584,"convex",20.12353032,8.587282037,"high",252.7679256,"W","convex.rugged"
"1054","CR03","N","psme","A",4,0,0,0,0,0,0,0,0,0,1,0,24.34,2308.659484,3.499287584,"convex",20.12353032,8.587282037,"high",252.7679256,"W","convex.rugged"
"1055","CR03","N","psme","A",5,0,0,0,0,0,0,0,0,0,1,0,24.34,2308.659484,3.499287584,"convex",20.12353032,8.587282037,"high",252.7679256,"W","convex.rugged"
"1056","CR03","N","psme","A",6,0,0,0,0,0,0,0,0,0,1,0,24.34,2308.659484,3.499287584,"convex",20.12353032,8.587282037,"high",252.7679256,"W","convex.rugged"
"1057","CR03","N","psme","A",7,0,0,0,0,0,0,0,0,0,1,0,24.34,2308.659484,3.499287584,"convex",20.12353032,8.587282037,"high",252.7679256,"W","convex.rugged"
"1058","CR03","N","psme","A",8,0,0,0,0,0,0,0,0,0,1,0,24.34,2308.659484,3.499287584,"convex",20.12353032,8.587282037,"high",252.7679256,"W","convex.rugged"
"1059","CR03","N","psme","A",9,0,0,0,0,0,0,0,0,0,1,0,24.34,2308.659484,3.499287584,"convex",20.12353032,8.587282037,"high",252.7679256,"W","convex.rugged"
"1060","CR03","N","psme","A",10,0,0,0,0,0,0,0,0,0,1,0,24.34,2308.659484,3.499287584,"convex",20.12353032,8.587282037,"high",252.7679256,"W","convex.rugged"
"1061","CR03","S","pico","A",1,0,0,0,0,0,0,0,0,0,1,0,24.34,2308.659484,3.499287584,"convex",20.12353032,8.587282037,"high",252.7679256,"W","convex.rugged"
"1062","CR03","S","pico","A",2,0,0,0,0,0,0,0,0,0,1,0,24.34,2308.659484,3.499287584,"convex",20.12353032,8.587282037,"high",252.7679256,"W","convex.rugged"
"1063","CR03","S","pico","A",3,0,0,0,0,0,0,0,0,0,1,0,24.34,2308.659484,3.499287584,"convex",20.12353032,8.587282037,"high",252.7679256,"W","convex.rugged"
"1064","CR03","S","pico","A",4,0,0,0,0,0,0,0,0,0,1,0,24.34,2308.659484,3.499287584,"convex",20.12353032,8.587282037,"high",252.7679256,"W","convex.rugged"
"1065","CR03","S","pico","A",5,0,0,0,0,0,0,0,0,0,1,0,24.34,2308.659484,3.499287584,"convex",20.12353032,8.587282037,"high",252.7679256,"W","convex.rugged"
"1066","CR03","S","pico","A",6,0,0,0,0,0,0,0,0,0,1,0,24.34,2308.659484,3.499287584,"convex",20.12353032,8.587282037,"high",252.7679256,"W","convex.rugged"
"1067","CR03","S","pico","A",7,0,0,0,0,0,0,0,0,0,1,0,24.34,2308.659484,3.499287584,"convex",20.12353032,8.587282037,"high",252.7679256,"W","convex.rugged"
"1068","CR03","S","pico","A",8,0,0,0,0,0,0,0,0,0,1,0,24.34,2308.659484,3.499287584,"convex",20.12353032,8.587282037,"high",252.7679256,"W","convex.rugged"
"1069","CR03","S","pico","A",9,0,0,0,0,0,0,0,0,0,1,0,24.34,2308.659484,3.499287584,"convex",20.12353032,8.587282037,"high",252.7679256,"W","convex.rugged"
"1070","CR03","S","pico","A",10,0,0,0,0,0,0,0,0,0,1,0,24.34,2308.659484,3.499287584,"convex",20.12353032,8.587282037,"high",252.7679256,"W","convex.rugged"
"1071","CR03","S","psme","A",1,0,0,0,0,0,0,0,0,0,1,0,24.34,2308.659484,3.499287584,"convex",20.12353032,8.587282037,"high",252.7679256,"W","convex.rugged"
"1072","CR03","S","psme","A",2,0,0,0,0,0,0,0,0,0,1,0,24.34,2308.659484,3.499287584,"convex",20.12353032,8.587282037,"high",252.7679256,"W","convex.rugged"
"1073","CR03","S","psme","A",3,0,0,0,0,0,0,0,0,0,1,0,24.34,2308.659484,3.499287584,"convex",20.12353032,8.587282037,"high",252.7679256,"W","convex.rugged"
"1074","CR03","S","psme","A",4,0,0,0,0,0,0,0,0,0,1,0,24.34,2308.659484,3.499287584,"convex",20.12353032,8.587282037,"high",252.7679256,"W","convex.rugged"
"1075","CR03","S","psme","A",5,0,0,0,0,0,0,0,0,0,1,0,24.34,2308.659484,3.499287584,"convex",20.12353032,8.587282037,"high",252.7679256,"W","convex.rugged"
"1076","CR03","S","psme","A",6,0,0,0,0,0,0,0,0,0,1,0,24.34,2308.659484,3.499287584,"convex",20.12353032,8.587282037,"high",252.7679256,"W","convex.rugged"
"1077","CR03","S","psme","A",7,0,0,0,0,0,0,0,0,0,1,0,24.34,2308.659484,3.499287584,"convex",20.12353032,8.587282037,"high",252.7679256,"W","convex.rugged"
"1078","CR03","S","psme","A",8,0,0,0,0,0,0,0,0,0,1,0,24.34,2308.659484,3.499287584,"convex",20.12353032,8.587282037,"high",252.7679256,"W","convex.rugged"
"1079","CR03","S","psme","A",9,0,0,0,0,0,0,0,0,0,1,0,24.34,2308.659484,3.499287584,"convex",20.12353032,8.587282037,"high",252.7679256,"W","convex.rugged"
"1080","CR03","S","psme","A",10,0,0,0,0,0,0,0,0,0,1,0,24.34,2308.659484,3.499287584,"convex",20.12353032,8.587282037,"high",252.7679256,"W","convex.rugged"
"1081","CR03","W","pico","A",1,0,0,0,0,0,0,0,0,0,1,0,24.34,2308.659484,3.499287584,"convex",20.12353032,8.587282037,"high",252.7679256,"W","convex.rugged"
"1082","CR03","W","pico","A",2,0,0,0,0,0,0,0,0,0,1,0,24.34,2308.659484,3.499287584,"convex",20.12353032,8.587282037,"high",252.7679256,"W","convex.rugged"
"1083","CR03","W","pico","A",3,0,0,0,0,0,0,0,0,0,1,0,24.34,2308.659484,3.499287584,"convex",20.12353032,8.587282037,"high",252.7679256,"W","convex.rugged"
"1084","CR03","W","pico","A",4,0,0,0,0,0,0,0,0,0,1,0,24.34,2308.659484,3.499287584,"convex",20.12353032,8.587282037,"high",252.7679256,"W","convex.rugged"
"1085","CR03","W","pico","A",5,0,0,0,0,0,0,0,0,0,1,0,24.34,2308.659484,3.499287584,"convex",20.12353032,8.587282037,"high",252.7679256,"W","convex.rugged"
"1086","CR03","W","pico","A",6,0,0,0,0,0,0,0,0,0,1,0,24.34,2308.659484,3.499287584,"convex",20.12353032,8.587282037,"high",252.7679256,"W","convex.rugged"
"1087","CR03","W","pico","A",7,0,0,0,0,0,0,0,0,0,1,0,24.34,2308.659484,3.499287584,"convex",20.12353032,8.587282037,"high",252.7679256,"W","convex.rugged"
"1088","CR03","W","pico","A",8,0,0,0,0,0,0,0,0,0,1,0,24.34,2308.659484,3.499287584,"convex",20.12353032,8.587282037,"high",252.7679256,"W","convex.rugged"
"1089","CR03","W","pico","A",9,0,0,0,0,0,0,0,0,0,1,0,24.34,2308.659484,3.499287584,"convex",20.12353032,8.587282037,"high",252.7679256,"W","convex.rugged"
"1090","CR03","W","pico","A",10,0,0,0,0,0,0,0,0,0,1,0,24.34,2308.659484,3.499287584,"convex",20.12353032,8.587282037,"high",252.7679256,"W","convex.rugged"
"1091","CR03","W","psme","A",1,0,0,0,0,0,0,0,0,0,1,0,24.34,2308.659484,3.499287584,"convex",20.12353032,8.587282037,"high",252.7679256,"W","convex.rugged"
"1092","CR03","W","psme","A",2,0,0,0,0,0,0,0,0,0,1,0,24.34,2308.659484,3.499287584,"convex",20.12353032,8.587282037,"high",252.7679256,"W","convex.rugged"
"1093","CR03","W","psme","A",3,0,0,0,0,0,0,0,0,0,1,0,24.34,2308.659484,3.499287584,"convex",20.12353032,8.587282037,"high",252.7679256,"W","convex.rugged"
"1094","CR03","W","psme","A",4,0,0,0,0,0,0,0,0,0,1,0,24.34,2308.659484,3.499287584,"convex",20.12353032,8.587282037,"high",252.7679256,"W","convex.rugged"
"1095","CR03","W","psme","A",5,0,0,0,0,0,0,0,0,0,1,0,24.34,2308.659484,3.499287584,"convex",20.12353032,8.587282037,"high",252.7679256,"W","convex.rugged"
"1096","CR03","W","psme","A",6,0,0,0,0,0,0,0,0,0,1,0,24.34,2308.659484,3.499287584,"convex",20.12353032,8.587282037,"high",252.7679256,"W","convex.rugged"
"1097","CR03","W","psme","A",7,0,0,0,0,0,0,0,0,0,1,0,24.34,2308.659484,3.499287584,"convex",20.12353032,8.587282037,"high",252.7679256,"W","convex.rugged"
"1098","CR03","W","psme","A",8,0,0,0,0,0,0,0,0,0,1,0,24.34,2308.659484,3.499287584,"convex",20.12353032,8.587282037,"high",252.7679256,"W","convex.rugged"
"1099","CR03","W","psme","A",9,0,0,0,0,0,0,0,0,0,1,0,24.34,2308.659484,3.499287584,"convex",20.12353032,8.587282037,"high",252.7679256,"W","convex.rugged"
"1100","CR03","W","psme","A",10,0,0,0,0,0,0,0,0,0,1,0,24.34,2308.659484,3.499287584,"convex",20.12353032,8.587282037,"high",252.7679256,"W","convex.rugged"
"1101","CR03","C","pico","B",1,0,0,0,0,0,0,0,0,0,1,0,24.34,2308.659484,3.499287584,"convex",20.12353032,8.587282037,"high",252.7679256,"W","convex.rugged"
"1102","CR03","C","pico","B",2,0,0,0,0,0,0,0,0,0,1,0,24.34,2308.659484,3.499287584,"convex",20.12353032,8.587282037,"high",252.7679256,"W","convex.rugged"
"1103","CR03","C","pico","B",3,0,0,0,0,0,0,0,0,0,1,0,24.34,2308.659484,3.499287584,"convex",20.12353032,8.587282037,"high",252.7679256,"W","convex.rugged"
"1104","CR03","C","pico","B",4,0,0,0,0,0,0,0,0,0,1,0,24.34,2308.659484,3.499287584,"convex",20.12353032,8.587282037,"high",252.7679256,"W","convex.rugged"
"1105","CR03","C","pico","B",5,0,0,0,0,0,0,0,0,0,1,0,24.34,2308.659484,3.499287584,"convex",20.12353032,8.587282037,"high",252.7679256,"W","convex.rugged"
"1106","CR03","C","pico","B",6,0,0,0,0,0,0,0,0,0,1,0,24.34,2308.659484,3.499287584,"convex",20.12353032,8.587282037,"high",252.7679256,"W","convex.rugged"
"1107","CR03","C","pico","B",7,0,0,0,0,0,0,0,0,0,1,0,24.34,2308.659484,3.499287584,"convex",20.12353032,8.587282037,"high",252.7679256,"W","convex.rugged"
"1108","CR03","C","pico","B",8,0,0,0,0,0,0,0,0,0,1,0,24.34,2308.659484,3.499287584,"convex",20.12353032,8.587282037,"high",252.7679256,"W","convex.rugged"
"1109","CR03","C","pico","B",9,0,0,0,0,0,0,0,0,0,1,0,24.34,2308.659484,3.499287584,"convex",20.12353032,8.587282037,"high",252.7679256,"W","convex.rugged"
"1110","CR03","C","pico","B",10,0,0,0,0,0,0,0,0,0,1,0,24.34,2308.659484,3.499287584,"convex",20.12353032,8.587282037,"high",252.7679256,"W","convex.rugged"
"1111","CR03","C","psme","B",1,0,0,0,0,0,0,1,0,1,0,0,24.34,2308.659484,3.499287584,"convex",20.12353032,8.587282037,"high",252.7679256,"W","convex.rugged"
"1112","CR03","C","psme","B",2,0,0,0,0,0,0,1,0,1,0,0,24.34,2308.659484,3.499287584,"convex",20.12353032,8.587282037,"high",252.7679256,"W","convex.rugged"
"1113","CR03","C","psme","B",3,0,0,0,0,0,0,1,0,1,0,0,24.34,2308.659484,3.499287584,"convex",20.12353032,8.587282037,"high",252.7679256,"W","convex.rugged"
"1114","CR03","C","psme","B",4,0,0,0,0,0,0,1,0,1,0,0,24.34,2308.659484,3.499287584,"convex",20.12353032,8.587282037,"high",252.7679256,"W","convex.rugged"
"1115","CR03","C","psme","B",5,0,0,0,0,0,0,1,0,1,0,0,24.34,2308.659484,3.499287584,"convex",20.12353032,8.587282037,"high",252.7679256,"W","convex.rugged"
"1116","CR03","C","psme","B",6,0,0,0,0,0,0,1,0,1,0,0,24.34,2308.659484,3.499287584,"convex",20.12353032,8.587282037,"high",252.7679256,"W","convex.rugged"
"1117","CR03","C","psme","B",7,0,0,0,0,0,0,1,0,1,0,0,24.34,2308.659484,3.499287584,"convex",20.12353032,8.587282037,"high",252.7679256,"W","convex.rugged"
"1118","CR03","C","psme","B",8,0,0,0,0,0,0,1,0,1,0,0,24.34,2308.659484,3.499287584,"convex",20.12353032,8.587282037,"high",252.7679256,"W","convex.rugged"
"1119","CR03","C","psme","B",9,0,0,0,0,0,0,1,0,1,0,0,24.34,2308.659484,3.499287584,"convex",20.12353032,8.587282037,"high",252.7679256,"W","convex.rugged"
"1120","CR03","C","psme","B",10,0,0,0,0,0,0,1,0,1,0,0,24.34,2308.659484,3.499287584,"convex",20.12353032,8.587282037,"high",252.7679256,"W","convex.rugged"
"1121","CR03","E","pico","B",1,0,0,0,0,0,0,0,0,0,1,0,24.34,2308.659484,3.499287584,"convex",20.12353032,8.587282037,"high",252.7679256,"W","convex.rugged"
"1122","CR03","E","pico","B",2,0,0,0,0,0,0,0,0,0,1,0,24.34,2308.659484,3.499287584,"convex",20.12353032,8.587282037,"high",252.7679256,"W","convex.rugged"
"1123","CR03","E","pico","B",3,0,0,0,0,0,0,0,0,0,1,0,24.34,2308.659484,3.499287584,"convex",20.12353032,8.587282037,"high",252.7679256,"W","convex.rugged"
"1124","CR03","E","pico","B",4,0,0,0,0,0,0,0,0,0,1,0,24.34,2308.659484,3.499287584,"convex",20.12353032,8.587282037,"high",252.7679256,"W","convex.rugged"
"1125","CR03","E","pico","B",5,0,0,0,0,0,0,0,0,0,1,0,24.34,2308.659484,3.499287584,"convex",20.12353032,8.587282037,"high",252.7679256,"W","convex.rugged"
"1126","CR03","E","pico","B",6,0,0,0,0,0,0,0,0,0,1,0,24.34,2308.659484,3.499287584,"convex",20.12353032,8.587282037,"high",252.7679256,"W","convex.rugged"
"1127","CR03","E","pico","B",7,0,0,0,0,0,0,0,0,0,1,0,24.34,2308.659484,3.499287584,"convex",20.12353032,8.587282037,"high",252.7679256,"W","convex.rugged"
"1128","CR03","E","pico","B",8,0,0,0,0,0,0,0,0,0,1,0,24.34,2308.659484,3.499287584,"convex",20.12353032,8.587282037,"high",252.7679256,"W","convex.rugged"
"1129","CR03","E","pico","B",9,0,0,0,0,0,0,0,0,0,1,0,24.34,2308.659484,3.499287584,"convex",20.12353032,8.587282037,"high",252.7679256,"W","convex.rugged"
"1130","CR03","E","pico","B",10,0,0,0,0,0,0,0,0,0,1,0,24.34,2308.659484,3.499287584,"convex",20.12353032,8.587282037,"high",252.7679256,"W","convex.rugged"
"1131","CR03","E","psme","B",1,0,0,0,0,0,0,0,0,0,1,0,24.34,2308.659484,3.499287584,"convex",20.12353032,8.587282037,"high",252.7679256,"W","convex.rugged"
"1132","CR03","E","psme","B",2,0,0,0,0,0,0,0,0,0,1,0,24.34,2308.659484,3.499287584,"convex",20.12353032,8.587282037,"high",252.7679256,"W","convex.rugged"
"1133","CR03","E","psme","B",3,0,0,0,0,0,0,0,0,0,1,0,24.34,2308.659484,3.499287584,"convex",20.12353032,8.587282037,"high",252.7679256,"W","convex.rugged"
"1134","CR03","E","psme","B",4,0,0,0,0,0,0,0,0,0,1,0,24.34,2308.659484,3.499287584,"convex",20.12353032,8.587282037,"high",252.7679256,"W","convex.rugged"
"1135","CR03","E","psme","B",5,0,0,0,0,0,0,0,0,0,1,0,24.34,2308.659484,3.499287584,"convex",20.12353032,8.587282037,"high",252.7679256,"W","convex.rugged"
"1136","CR03","E","psme","B",6,0,0,0,0,0,0,0,0,0,1,0,24.34,2308.659484,3.499287584,"convex",20.12353032,8.587282037,"high",252.7679256,"W","convex.rugged"
"1137","CR03","E","psme","B",7,0,0,0,0,0,0,0,0,0,1,0,24.34,2308.659484,3.499287584,"convex",20.12353032,8.587282037,"high",252.7679256,"W","convex.rugged"
"1138","CR03","E","psme","B",8,0,0,0,0,0,0,0,0,0,1,0,24.34,2308.659484,3.499287584,"convex",20.12353032,8.587282037,"high",252.7679256,"W","convex.rugged"
"1139","CR03","E","psme","B",9,0,0,0,0,0,0,1,0,1,0,0,24.34,2308.659484,3.499287584,"convex",20.12353032,8.587282037,"high",252.7679256,"W","convex.rugged"
"1140","CR03","E","psme","B",10,0,0,0,0,0,0,1,0,1,0,0,24.34,2308.659484,3.499287584,"convex",20.12353032,8.587282037,"high",252.7679256,"W","convex.rugged"
"1141","CR03","N","pico","B",1,0,0,0,0,0,0,0,0,0,1,0,24.34,2308.659484,3.499287584,"convex",20.12353032,8.587282037,"high",252.7679256,"W","convex.rugged"
"1142","CR03","N","pico","B",2,0,0,0,0,0,0,0,0,0,1,0,24.34,2308.659484,3.499287584,"convex",20.12353032,8.587282037,"high",252.7679256,"W","convex.rugged"
"1143","CR03","N","pico","B",3,0,0,0,0,0,0,0,0,0,1,0,24.34,2308.659484,3.499287584,"convex",20.12353032,8.587282037,"high",252.7679256,"W","convex.rugged"
"1144","CR03","N","pico","B",4,0,0,0,0,0,0,0,0,0,1,0,24.34,2308.659484,3.499287584,"convex",20.12353032,8.587282037,"high",252.7679256,"W","convex.rugged"
"1145","CR03","N","pico","B",5,0,0,0,0,0,0,0,0,0,1,0,24.34,2308.659484,3.499287584,"convex",20.12353032,8.587282037,"high",252.7679256,"W","convex.rugged"
"1146","CR03","N","pico","B",6,0,0,0,0,0,0,0,0,0,1,0,24.34,2308.659484,3.499287584,"convex",20.12353032,8.587282037,"high",252.7679256,"W","convex.rugged"
"1147","CR03","N","pico","B",7,0,0,0,0,0,0,0,0,0,1,0,24.34,2308.659484,3.499287584,"convex",20.12353032,8.587282037,"high",252.7679256,"W","convex.rugged"
"1148","CR03","N","pico","B",8,0,0,0,0,0,0,0,0,0,1,0,24.34,2308.659484,3.499287584,"convex",20.12353032,8.587282037,"high",252.7679256,"W","convex.rugged"
"1149","CR03","N","pico","B",9,0,0,0,0,0,0,0,0,0,1,0,24.34,2308.659484,3.499287584,"convex",20.12353032,8.587282037,"high",252.7679256,"W","convex.rugged"
"1150","CR03","N","pico","B",10,0,0,0,0,0,0,0,0,0,1,0,24.34,2308.659484,3.499287584,"convex",20.12353032,8.587282037,"high",252.7679256,"W","convex.rugged"
"1151","CR03","N","psme","B",1,0,0,0,0,0,0,0,0,0,1,0,24.34,2308.659484,3.499287584,"convex",20.12353032,8.587282037,"high",252.7679256,"W","convex.rugged"
"1152","CR03","N","psme","B",2,0,0,0,0,0,0,0,0,0,1,0,24.34,2308.659484,3.499287584,"convex",20.12353032,8.587282037,"high",252.7679256,"W","convex.rugged"
"1153","CR03","N","psme","B",3,0,0,0,0,0,0,0,0,0,1,0,24.34,2308.659484,3.499287584,"convex",20.12353032,8.587282037,"high",252.7679256,"W","convex.rugged"
"1154","CR03","N","psme","B",4,0,0,0,0,0,0,0,0,0,1,0,24.34,2308.659484,3.499287584,"convex",20.12353032,8.587282037,"high",252.7679256,"W","convex.rugged"
"1155","CR03","N","psme","B",5,0,0,0,0,0,0,0,0,0,1,0,24.34,2308.659484,3.499287584,"convex",20.12353032,8.587282037,"high",252.7679256,"W","convex.rugged"
"1156","CR03","N","psme","B",6,0,0,0,0,0,0,0,0,0,1,0,24.34,2308.659484,3.499287584,"convex",20.12353032,8.587282037,"high",252.7679256,"W","convex.rugged"
"1157","CR03","N","psme","B",7,0,0,0,0,0,0,0,0,0,1,0,24.34,2308.659484,3.499287584,"convex",20.12353032,8.587282037,"high",252.7679256,"W","convex.rugged"
"1158","CR03","N","psme","B",8,0,0,0,0,0,0,0,0,0,1,0,24.34,2308.659484,3.499287584,"convex",20.12353032,8.587282037,"high",252.7679256,"W","convex.rugged"
"1159","CR03","N","psme","B",9,0,0,0,0,0,0,0,0,0,1,0,24.34,2308.659484,3.499287584,"convex",20.12353032,8.587282037,"high",252.7679256,"W","convex.rugged"
"1160","CR03","N","psme","B",10,0,0,0,0,0,0,0,0,0,1,0,24.34,2308.659484,3.499287584,"convex",20.12353032,8.587282037,"high",252.7679256,"W","convex.rugged"
"1161","CR03","S","pico","B",1,0,0,0,0,0,0,0,0,0,1,0,24.34,2308.659484,3.499287584,"convex",20.12353032,8.587282037,"high",252.7679256,"W","convex.rugged"
"1162","CR03","S","pico","B",2,0,0,0,0,0,0,0,0,0,1,0,24.34,2308.659484,3.499287584,"convex",20.12353032,8.587282037,"high",252.7679256,"W","convex.rugged"
"1163","CR03","S","pico","B",3,0,0,0,0,0,0,0,0,0,1,0,24.34,2308.659484,3.499287584,"convex",20.12353032,8.587282037,"high",252.7679256,"W","convex.rugged"
"1164","CR03","S","pico","B",4,0,0,0,0,0,0,0,0,0,1,0,24.34,2308.659484,3.499287584,"convex",20.12353032,8.587282037,"high",252.7679256,"W","convex.rugged"
"1165","CR03","S","pico","B",5,0,0,0,0,0,0,0,0,0,1,0,24.34,2308.659484,3.499287584,"convex",20.12353032,8.587282037,"high",252.7679256,"W","convex.rugged"
"1166","CR03","S","pico","B",6,0,0,0,0,0,0,0,0,0,1,0,24.34,2308.659484,3.499287584,"convex",20.12353032,8.587282037,"high",252.7679256,"W","convex.rugged"
"1167","CR03","S","pico","B",7,0,0,0,0,0,0,0,0,0,1,0,24.34,2308.659484,3.499287584,"convex",20.12353032,8.587282037,"high",252.7679256,"W","convex.rugged"
"1168","CR03","S","pico","B",8,0,0,0,0,0,0,0,0,0,1,0,24.34,2308.659484,3.499287584,"convex",20.12353032,8.587282037,"high",252.7679256,"W","convex.rugged"
"1169","CR03","S","pico","B",9,0,0,0,0,0,0,0,0,0,1,0,24.34,2308.659484,3.499287584,"convex",20.12353032,8.587282037,"high",252.7679256,"W","convex.rugged"
"1170","CR03","S","pico","B",10,0,0,0,0,0,0,0,0,0,1,0,24.34,2308.659484,3.499287584,"convex",20.12353032,8.587282037,"high",252.7679256,"W","convex.rugged"
"1171","CR03","S","psme","B",1,0,0,0,0,0,0,0,0,0,1,0,24.34,2308.659484,3.499287584,"convex",20.12353032,8.587282037,"high",252.7679256,"W","convex.rugged"
"1172","CR03","S","psme","B",2,0,0,0,0,0,0,0,0,0,1,0,24.34,2308.659484,3.499287584,"convex",20.12353032,8.587282037,"high",252.7679256,"W","convex.rugged"
"1173","CR03","S","psme","B",3,0,0,0,0,0,0,0,0,0,1,0,24.34,2308.659484,3.499287584,"convex",20.12353032,8.587282037,"high",252.7679256,"W","convex.rugged"
"1174","CR03","S","psme","B",4,0,0,0,0,0,0,0,0,0,1,0,24.34,2308.659484,3.499287584,"convex",20.12353032,8.587282037,"high",252.7679256,"W","convex.rugged"
"1175","CR03","S","psme","B",5,0,0,0,0,0,0,0,0,0,1,0,24.34,2308.659484,3.499287584,"convex",20.12353032,8.587282037,"high",252.7679256,"W","convex.rugged"
"1176","CR03","S","psme","B",6,0,0,0,0,0,0,0,0,0,1,0,24.34,2308.659484,3.499287584,"convex",20.12353032,8.587282037,"high",252.7679256,"W","convex.rugged"
"1177","CR03","S","psme","B",7,0,0,0,0,0,0,0,0,0,1,0,24.34,2308.659484,3.499287584,"convex",20.12353032,8.587282037,"high",252.7679256,"W","convex.rugged"
"1178","CR03","S","psme","B",8,0,0,0,0,0,0,0,0,0,1,0,24.34,2308.659484,3.499287584,"convex",20.12353032,8.587282037,"high",252.7679256,"W","convex.rugged"
"1179","CR03","S","psme","B",9,0,0,0,0,0,0,0,0,0,1,0,24.34,2308.659484,3.499287584,"convex",20.12353032,8.587282037,"high",252.7679256,"W","convex.rugged"
"1180","CR03","S","psme","B",10,0,0,0,0,0,0,0,0,0,1,0,24.34,2308.659484,3.499287584,"convex",20.12353032,8.587282037,"high",252.7679256,"W","convex.rugged"
"1181","CR03","W","pico","B",1,0,0,0,0,0,0,0,0,0,1,0,24.34,2308.659484,3.499287584,"convex",20.12353032,8.587282037,"high",252.7679256,"W","convex.rugged"
"1182","CR03","W","pico","B",2,0,0,0,0,0,0,0,0,0,1,0,24.34,2308.659484,3.499287584,"convex",20.12353032,8.587282037,"high",252.7679256,"W","convex.rugged"
"1183","CR03","W","pico","B",3,0,0,0,0,0,0,0,0,0,1,0,24.34,2308.659484,3.499287584,"convex",20.12353032,8.587282037,"high",252.7679256,"W","convex.rugged"
"1184","CR03","W","pico","B",4,0,0,0,0,0,0,0,0,0,1,0,24.34,2308.659484,3.499287584,"convex",20.12353032,8.587282037,"high",252.7679256,"W","convex.rugged"
"1185","CR03","W","pico","B",5,0,0,0,0,0,0,0,0,0,1,0,24.34,2308.659484,3.499287584,"convex",20.12353032,8.587282037,"high",252.7679256,"W","convex.rugged"
"1186","CR03","W","pico","B",6,0,0,0,0,0,0,0,0,0,1,0,24.34,2308.659484,3.499287584,"convex",20.12353032,8.587282037,"high",252.7679256,"W","convex.rugged"
"1187","CR03","W","pico","B",7,0,0,0,0,0,0,0,0,0,1,0,24.34,2308.659484,3.499287584,"convex",20.12353032,8.587282037,"high",252.7679256,"W","convex.rugged"
"1188","CR03","W","pico","B",8,0,0,0,0,0,0,0,0,0,1,0,24.34,2308.659484,3.499287584,"convex",20.12353032,8.587282037,"high",252.7679256,"W","convex.rugged"
"1189","CR03","W","pico","B",9,0,0,0,0,0,0,0,0,0,1,0,24.34,2308.659484,3.499287584,"convex",20.12353032,8.587282037,"high",252.7679256,"W","convex.rugged"
"1190","CR03","W","pico","B",10,0,0,0,0,0,0,0,0,0,1,0,24.34,2308.659484,3.499287584,"convex",20.12353032,8.587282037,"high",252.7679256,"W","convex.rugged"
"1191","CR03","W","psme","B",1,0,0,0,0,0,0,0,0,0,1,0,24.34,2308.659484,3.499287584,"convex",20.12353032,8.587282037,"high",252.7679256,"W","convex.rugged"
"1192","CR03","W","psme","B",2,0,0,0,0,0,0,0,0,0,1,0,24.34,2308.659484,3.499287584,"convex",20.12353032,8.587282037,"high",252.7679256,"W","convex.rugged"
"1193","CR03","W","psme","B",3,0,0,0,0,0,0,0,0,0,1,0,24.34,2308.659484,3.499287584,"convex",20.12353032,8.587282037,"high",252.7679256,"W","convex.rugged"
"1194","CR03","W","psme","B",4,0,0,0,0,0,0,0,0,0,1,0,24.34,2308.659484,3.499287584,"convex",20.12353032,8.587282037,"high",252.7679256,"W","convex.rugged"
"1195","CR03","W","psme","B",5,0,0,0,0,0,0,0,0,0,1,0,24.34,2308.659484,3.499287584,"convex",20.12353032,8.587282037,"high",252.7679256,"W","convex.rugged"
"1196","CR03","W","psme","B",6,0,0,0,0,0,0,0,0,0,1,0,24.34,2308.659484,3.499287584,"convex",20.12353032,8.587282037,"high",252.7679256,"W","convex.rugged"
"1197","CR03","W","psme","B",7,0,0,0,0,0,0,0,0,0,1,0,24.34,2308.659484,3.499287584,"convex",20.12353032,8.587282037,"high",252.7679256,"W","convex.rugged"
"1198","CR03","W","psme","B",8,0,0,0,0,0,0,0,0,0,1,0,24.34,2308.659484,3.499287584,"convex",20.12353032,8.587282037,"high",252.7679256,"W","convex.rugged"
"1199","CR03","W","psme","B",9,0,0,0,0,0,0,0,0,0,1,0,24.34,2308.659484,3.499287584,"convex",20.12353032,8.587282037,"high",252.7679256,"W","convex.rugged"
"1200","CR03","W","psme","B",10,0,0,0,0,0,0,0,0,0,1,0,24.34,2308.659484,3.499287584,"convex",20.12353032,8.587282037,"high",252.7679256,"W","convex.rugged"
"1201","CR03","C","pico","C",1,0,0,0,0,0,0,0,0,0,1,0,24.34,2308.659484,3.499287584,"convex",20.12353032,8.587282037,"high",252.7679256,"W","convex.rugged"
"1202","CR03","C","pico","C",2,0,0,0,0,0,0,0,0,0,1,0,24.34,2308.659484,3.499287584,"convex",20.12353032,8.587282037,"high",252.7679256,"W","convex.rugged"
"1203","CR03","C","pico","C",3,0,0,0,0,0,0,0,0,0,1,0,24.34,2308.659484,3.499287584,"convex",20.12353032,8.587282037,"high",252.7679256,"W","convex.rugged"
"1204","CR03","C","pico","C",4,0,0,0,0,0,0,0,0,0,1,0,24.34,2308.659484,3.499287584,"convex",20.12353032,8.587282037,"high",252.7679256,"W","convex.rugged"
"1205","CR03","C","pico","C",5,0,0,0,0,0,0,0,0,0,1,0,24.34,2308.659484,3.499287584,"convex",20.12353032,8.587282037,"high",252.7679256,"W","convex.rugged"
"1206","CR03","C","pico","C",6,0,0,0,0,0,0,0,0,0,1,0,24.34,2308.659484,3.499287584,"convex",20.12353032,8.587282037,"high",252.7679256,"W","convex.rugged"
"1207","CR03","C","pico","C",7,0,0,0,0,0,0,0,0,0,1,0,24.34,2308.659484,3.499287584,"convex",20.12353032,8.587282037,"high",252.7679256,"W","convex.rugged"
"1208","CR03","C","pico","C",8,0,0,0,0,0,0,0,0,0,1,0,24.34,2308.659484,3.499287584,"convex",20.12353032,8.587282037,"high",252.7679256,"W","convex.rugged"
"1209","CR03","C","pico","C",9,0,0,0,0,0,0,0,0,0,1,0,24.34,2308.659484,3.499287584,"convex",20.12353032,8.587282037,"high",252.7679256,"W","convex.rugged"
"1210","CR03","C","pico","C",10,0,0,0,0,0,0,0,0,0,1,0,24.34,2308.659484,3.499287584,"convex",20.12353032,8.587282037,"high",252.7679256,"W","convex.rugged"
"1211","CR03","C","psme","C",1,0,0,0,0,0,0,1,0,1,0,0,24.34,2308.659484,3.499287584,"convex",20.12353032,8.587282037,"high",252.7679256,"W","convex.rugged"
"1212","CR03","C","psme","C",2,0,0,0,0,0,0,1,0,1,0,0,24.34,2308.659484,3.499287584,"convex",20.12353032,8.587282037,"high",252.7679256,"W","convex.rugged"
"1213","CR03","C","psme","C",3,0,0,0,0,0,0,1,0,1,0,0,24.34,2308.659484,3.499287584,"convex",20.12353032,8.587282037,"high",252.7679256,"W","convex.rugged"
"1214","CR03","C","psme","C",4,0,0,0,0,0,0,1,0,1,0,0,24.34,2308.659484,3.499287584,"convex",20.12353032,8.587282037,"high",252.7679256,"W","convex.rugged"
"1215","CR03","C","psme","C",5,0,0,0,0,0,0,1,0,1,0,0,24.34,2308.659484,3.499287584,"convex",20.12353032,8.587282037,"high",252.7679256,"W","convex.rugged"
"1216","CR03","C","psme","C",6,0,0,0,0,0,0,1,0,1,0,0,24.34,2308.659484,3.499287584,"convex",20.12353032,8.587282037,"high",252.7679256,"W","convex.rugged"
"1217","CR03","C","psme","C",7,0,0,0,0,0,0,1,0,1,0,0,24.34,2308.659484,3.499287584,"convex",20.12353032,8.587282037,"high",252.7679256,"W","convex.rugged"
"1218","CR03","C","psme","C",8,0,0,0,0,0,0,1,0,1,0,0,24.34,2308.659484,3.499287584,"convex",20.12353032,8.587282037,"high",252.7679256,"W","convex.rugged"
"1219","CR03","C","psme","C",9,0,0,0,0,0,0,1,0,1,0,0,24.34,2308.659484,3.499287584,"convex",20.12353032,8.587282037,"high",252.7679256,"W","convex.rugged"
"1220","CR03","C","psme","C",10,0,0,0,0,0,0,1,0,1,0,0,24.34,2308.659484,3.499287584,"convex",20.12353032,8.587282037,"high",252.7679256,"W","convex.rugged"
"1221","CR03","E","pico","C",1,0,0,0,0,0,0,0,0,0,1,0,24.34,2308.659484,3.499287584,"convex",20.12353032,8.587282037,"high",252.7679256,"W","convex.rugged"
"1222","CR03","E","pico","C",2,0,0,0,0,0,0,0,0,0,1,0,24.34,2308.659484,3.499287584,"convex",20.12353032,8.587282037,"high",252.7679256,"W","convex.rugged"
"1223","CR03","E","pico","C",3,0,0,0,0,0,0,0,0,0,1,0,24.34,2308.659484,3.499287584,"convex",20.12353032,8.587282037,"high",252.7679256,"W","convex.rugged"
"1224","CR03","E","pico","C",4,0,0,0,0,0,0,0,0,0,1,0,24.34,2308.659484,3.499287584,"convex",20.12353032,8.587282037,"high",252.7679256,"W","convex.rugged"
"1225","CR03","E","pico","C",5,0,0,0,0,0,0,0,0,0,1,0,24.34,2308.659484,3.499287584,"convex",20.12353032,8.587282037,"high",252.7679256,"W","convex.rugged"
"1226","CR03","E","pico","C",6,0,0,0,0,0,0,0,0,0,1,0,24.34,2308.659484,3.499287584,"convex",20.12353032,8.587282037,"high",252.7679256,"W","convex.rugged"
"1227","CR03","E","pico","C",7,0,0,0,0,0,0,0,0,0,1,0,24.34,2308.659484,3.499287584,"convex",20.12353032,8.587282037,"high",252.7679256,"W","convex.rugged"
"1228","CR03","E","pico","C",8,0,0,0,0,0,0,0,0,0,1,0,24.34,2308.659484,3.499287584,"convex",20.12353032,8.587282037,"high",252.7679256,"W","convex.rugged"
"1229","CR03","E","pico","C",9,0,0,0,0,0,0,0,0,0,1,0,24.34,2308.659484,3.499287584,"convex",20.12353032,8.587282037,"high",252.7679256,"W","convex.rugged"
"1230","CR03","E","pico","C",10,0,0,0,0,0,0,0,0,0,1,0,24.34,2308.659484,3.499287584,"convex",20.12353032,8.587282037,"high",252.7679256,"W","convex.rugged"
"1231","CR03","E","psme","C",1,0,0,0,0,0,0,0,0,0,1,0,24.34,2308.659484,3.499287584,"convex",20.12353032,8.587282037,"high",252.7679256,"W","convex.rugged"
"1232","CR03","E","psme","C",2,0,0,0,0,0,0,0,0,0,1,0,24.34,2308.659484,3.499287584,"convex",20.12353032,8.587282037,"high",252.7679256,"W","convex.rugged"
"1233","CR03","E","psme","C",3,0,0,0,0,0,0,0,0,0,1,0,24.34,2308.659484,3.499287584,"convex",20.12353032,8.587282037,"high",252.7679256,"W","convex.rugged"
"1234","CR03","E","psme","C",4,0,0,0,0,0,0,0,0,0,1,0,24.34,2308.659484,3.499287584,"convex",20.12353032,8.587282037,"high",252.7679256,"W","convex.rugged"
"1235","CR03","E","psme","C",5,0,0,0,0,0,0,0,0,0,1,0,24.34,2308.659484,3.499287584,"convex",20.12353032,8.587282037,"high",252.7679256,"W","convex.rugged"
"1236","CR03","E","psme","C",6,0,0,0,0,0,0,0,0,0,1,0,24.34,2308.659484,3.499287584,"convex",20.12353032,8.587282037,"high",252.7679256,"W","convex.rugged"
"1237","CR03","E","psme","C",7,0,0,0,0,0,0,0,0,0,1,0,24.34,2308.659484,3.499287584,"convex",20.12353032,8.587282037,"high",252.7679256,"W","convex.rugged"
"1238","CR03","E","psme","C",8,0,0,0,0,0,0,0,0,0,1,0,24.34,2308.659484,3.499287584,"convex",20.12353032,8.587282037,"high",252.7679256,"W","convex.rugged"
"1239","CR03","E","psme","C",9,0,0,0,0,0,0,1,0,1,0,0,24.34,2308.659484,3.499287584,"convex",20.12353032,8.587282037,"high",252.7679256,"W","convex.rugged"
"1240","CR03","E","psme","C",10,0,0,0,0,0,0,1,0,1,0,0,24.34,2308.659484,3.499287584,"convex",20.12353032,8.587282037,"high",252.7679256,"W","convex.rugged"
"1241","CR03","N","pico","C",1,0,0,0,0,0,0,0,0,0,1,0,24.34,2308.659484,3.499287584,"convex",20.12353032,8.587282037,"high",252.7679256,"W","convex.rugged"
"1242","CR03","N","pico","C",2,0,0,0,0,0,0,0,0,0,1,0,24.34,2308.659484,3.499287584,"convex",20.12353032,8.587282037,"high",252.7679256,"W","convex.rugged"
"1243","CR03","N","pico","C",3,0,0,0,0,0,0,0,0,0,1,0,24.34,2308.659484,3.499287584,"convex",20.12353032,8.587282037,"high",252.7679256,"W","convex.rugged"
"1244","CR03","N","pico","C",4,0,0,0,0,0,0,0,0,0,1,0,24.34,2308.659484,3.499287584,"convex",20.12353032,8.587282037,"high",252.7679256,"W","convex.rugged"
"1245","CR03","N","pico","C",5,0,0,0,0,0,0,0,0,0,1,0,24.34,2308.659484,3.499287584,"convex",20.12353032,8.587282037,"high",252.7679256,"W","convex.rugged"
"1246","CR03","N","pico","C",6,0,0,0,0,0,0,0,0,0,1,0,24.34,2308.659484,3.499287584,"convex",20.12353032,8.587282037,"high",252.7679256,"W","convex.rugged"
"1247","CR03","N","pico","C",7,0,0,0,0,0,0,0,0,0,1,0,24.34,2308.659484,3.499287584,"convex",20.12353032,8.587282037,"high",252.7679256,"W","convex.rugged"
"1248","CR03","N","pico","C",8,0,0,0,0,0,0,0,0,0,1,0,24.34,2308.659484,3.499287584,"convex",20.12353032,8.587282037,"high",252.7679256,"W","convex.rugged"
"1249","CR03","N","pico","C",9,0,0,0,0,0,0,0,0,0,1,0,24.34,2308.659484,3.499287584,"convex",20.12353032,8.587282037,"high",252.7679256,"W","convex.rugged"
"1250","CR03","N","pico","C",10,0,0,0,0,0,0,0,0,0,1,0,24.34,2308.659484,3.499287584,"convex",20.12353032,8.587282037,"high",252.7679256,"W","convex.rugged"
"1251","CR03","N","psme","C",1,0,0,0,0,0,0,0,0,0,1,0,24.34,2308.659484,3.499287584,"convex",20.12353032,8.587282037,"high",252.7679256,"W","convex.rugged"
"1252","CR03","N","psme","C",2,0,0,0,0,0,0,0,0,0,1,0,24.34,2308.659484,3.499287584,"convex",20.12353032,8.587282037,"high",252.7679256,"W","convex.rugged"
"1253","CR03","N","psme","C",3,0,0,0,0,0,0,0,0,0,1,0,24.34,2308.659484,3.499287584,"convex",20.12353032,8.587282037,"high",252.7679256,"W","convex.rugged"
"1254","CR03","N","psme","C",4,0,0,0,0,0,0,0,0,0,1,0,24.34,2308.659484,3.499287584,"convex",20.12353032,8.587282037,"high",252.7679256,"W","convex.rugged"
"1255","CR03","N","psme","C",5,0,0,0,0,0,0,0,0,0,1,0,24.34,2308.659484,3.499287584,"convex",20.12353032,8.587282037,"high",252.7679256,"W","convex.rugged"
"1256","CR03","N","psme","C",6,0,0,0,0,0,0,0,0,0,1,0,24.34,2308.659484,3.499287584,"convex",20.12353032,8.587282037,"high",252.7679256,"W","convex.rugged"
"1257","CR03","N","psme","C",7,0,0,0,0,0,0,0,0,0,1,0,24.34,2308.659484,3.499287584,"convex",20.12353032,8.587282037,"high",252.7679256,"W","convex.rugged"
"1258","CR03","N","psme","C",8,0,0,0,0,0,0,0,0,0,1,0,24.34,2308.659484,3.499287584,"convex",20.12353032,8.587282037,"high",252.7679256,"W","convex.rugged"
"1259","CR03","N","psme","C",9,0,0,0,0,0,0,0,0,0,1,0,24.34,2308.659484,3.499287584,"convex",20.12353032,8.587282037,"high",252.7679256,"W","convex.rugged"
"1260","CR03","N","psme","C",10,0,0,0,0,0,0,0,0,0,1,0,24.34,2308.659484,3.499287584,"convex",20.12353032,8.587282037,"high",252.7679256,"W","convex.rugged"
"1261","CR03","S","pico","C",1,0,0,0,0,0,0,0,0,0,1,0,24.34,2308.659484,3.499287584,"convex",20.12353032,8.587282037,"high",252.7679256,"W","convex.rugged"
"1262","CR03","S","pico","C",2,0,0,0,0,0,0,0,0,0,1,0,24.34,2308.659484,3.499287584,"convex",20.12353032,8.587282037,"high",252.7679256,"W","convex.rugged"
"1263","CR03","S","pico","C",3,0,0,0,0,0,0,0,0,0,1,0,24.34,2308.659484,3.499287584,"convex",20.12353032,8.587282037,"high",252.7679256,"W","convex.rugged"
"1264","CR03","S","pico","C",4,0,0,0,0,0,0,0,0,0,1,0,24.34,2308.659484,3.499287584,"convex",20.12353032,8.587282037,"high",252.7679256,"W","convex.rugged"
"1265","CR03","S","pico","C",5,0,0,0,0,0,0,0,0,0,1,0,24.34,2308.659484,3.499287584,"convex",20.12353032,8.587282037,"high",252.7679256,"W","convex.rugged"
"1266","CR03","S","pico","C",6,0,0,0,0,0,0,0,0,0,1,0,24.34,2308.659484,3.499287584,"convex",20.12353032,8.587282037,"high",252.7679256,"W","convex.rugged"
"1267","CR03","S","pico","C",7,0,0,0,0,0,0,0,0,0,1,0,24.34,2308.659484,3.499287584,"convex",20.12353032,8.587282037,"high",252.7679256,"W","convex.rugged"
"1268","CR03","S","pico","C",8,0,0,0,0,0,0,0,0,0,1,0,24.34,2308.659484,3.499287584,"convex",20.12353032,8.587282037,"high",252.7679256,"W","convex.rugged"
"1269","CR03","S","pico","C",9,0,0,0,0,0,0,0,0,0,1,0,24.34,2308.659484,3.499287584,"convex",20.12353032,8.587282037,"high",252.7679256,"W","convex.rugged"
"1270","CR03","S","pico","C",10,0,0,0,0,0,0,0,0,0,1,0,24.34,2308.659484,3.499287584,"convex",20.12353032,8.587282037,"high",252.7679256,"W","convex.rugged"
"1271","CR03","S","psme","C",1,0,0,0,0,0,0,0,0,0,1,0,24.34,2308.659484,3.499287584,"convex",20.12353032,8.587282037,"high",252.7679256,"W","convex.rugged"
"1272","CR03","S","psme","C",2,0,0,0,0,0,0,0,0,0,1,0,24.34,2308.659484,3.499287584,"convex",20.12353032,8.587282037,"high",252.7679256,"W","convex.rugged"
"1273","CR03","S","psme","C",3,0,0,0,0,0,0,0,0,0,1,0,24.34,2308.659484,3.499287584,"convex",20.12353032,8.587282037,"high",252.7679256,"W","convex.rugged"
"1274","CR03","S","psme","C",4,0,0,0,0,0,0,0,0,0,1,0,24.34,2308.659484,3.499287584,"convex",20.12353032,8.587282037,"high",252.7679256,"W","convex.rugged"
"1275","CR03","S","psme","C",5,0,0,0,0,0,0,0,0,0,1,0,24.34,2308.659484,3.499287584,"convex",20.12353032,8.587282037,"high",252.7679256,"W","convex.rugged"
"1276","CR03","S","psme","C",6,0,0,0,0,0,0,0,0,0,1,0,24.34,2308.659484,3.499287584,"convex",20.12353032,8.587282037,"high",252.7679256,"W","convex.rugged"
"1277","CR03","S","psme","C",7,0,0,0,0,0,0,0,0,0,1,0,24.34,2308.659484,3.499287584,"convex",20.12353032,8.587282037,"high",252.7679256,"W","convex.rugged"
"1278","CR03","S","psme","C",8,0,0,0,0,0,0,0,0,0,1,0,24.34,2308.659484,3.499287584,"convex",20.12353032,8.587282037,"high",252.7679256,"W","convex.rugged"
"1279","CR03","S","psme","C",9,0,0,0,0,0,0,0,0,0,1,0,24.34,2308.659484,3.499287584,"convex",20.12353032,8.587282037,"high",252.7679256,"W","convex.rugged"
"1280","CR03","S","psme","C",10,0,0,0,0,0,0,0,0,0,1,0,24.34,2308.659484,3.499287584,"convex",20.12353032,8.587282037,"high",252.7679256,"W","convex.rugged"
"1281","CR03","W","pico","C",1,0,0,0,0,0,0,0,0,0,1,0,24.34,2308.659484,3.499287584,"convex",20.12353032,8.587282037,"high",252.7679256,"W","convex.rugged"
"1282","CR03","W","pico","C",2,0,0,0,0,0,0,0,0,0,1,0,24.34,2308.659484,3.499287584,"convex",20.12353032,8.587282037,"high",252.7679256,"W","convex.rugged"
"1283","CR03","W","pico","C",3,0,0,0,0,0,0,0,0,0,1,0,24.34,2308.659484,3.499287584,"convex",20.12353032,8.587282037,"high",252.7679256,"W","convex.rugged"
"1284","CR03","W","pico","C",4,0,0,0,0,0,0,0,0,0,1,0,24.34,2308.659484,3.499287584,"convex",20.12353032,8.587282037,"high",252.7679256,"W","convex.rugged"
"1285","CR03","W","pico","C",5,0,0,0,0,0,0,0,0,0,1,0,24.34,2308.659484,3.499287584,"convex",20.12353032,8.587282037,"high",252.7679256,"W","convex.rugged"
"1286","CR03","W","pico","C",6,0,0,0,0,0,0,1,0,1,0,0,24.34,2308.659484,3.499287584,"convex",20.12353032,8.587282037,"high",252.7679256,"W","convex.rugged"
"1287","CR03","W","pico","C",7,0,0,0,0,0,0,1,0,1,0,0,24.34,2308.659484,3.499287584,"convex",20.12353032,8.587282037,"high",252.7679256,"W","convex.rugged"
"1288","CR03","W","pico","C",8,0,0,0,0,0,0,0,0,0,1,0,24.34,2308.659484,3.499287584,"convex",20.12353032,8.587282037,"high",252.7679256,"W","convex.rugged"
"1289","CR03","W","pico","C",9,0,0,0,0,0,0,0,0,0,1,0,24.34,2308.659484,3.499287584,"convex",20.12353032,8.587282037,"high",252.7679256,"W","convex.rugged"
"1290","CR03","W","pico","C",10,0,0,0,0,0,0,0,0,0,1,0,24.34,2308.659484,3.499287584,"convex",20.12353032,8.587282037,"high",252.7679256,"W","convex.rugged"
"1291","CR03","W","psme","C",1,0,0,0,0,0,0,0,0,0,1,0,24.34,2308.659484,3.499287584,"convex",20.12353032,8.587282037,"high",252.7679256,"W","convex.rugged"
"1292","CR03","W","psme","C",2,0,0,0,0,0,0,0,0,0,1,0,24.34,2308.659484,3.499287584,"convex",20.12353032,8.587282037,"high",252.7679256,"W","convex.rugged"
"1293","CR03","W","psme","C",3,0,0,0,0,0,0,0,0,0,1,0,24.34,2308.659484,3.499287584,"convex",20.12353032,8.587282037,"high",252.7679256,"W","convex.rugged"
"1294","CR03","W","psme","C",4,0,0,0,0,0,0,0,0,0,1,0,24.34,2308.659484,3.499287584,"convex",20.12353032,8.587282037,"high",252.7679256,"W","convex.rugged"
"1295","CR03","W","psme","C",5,0,0,0,0,0,0,0,0,0,1,0,24.34,2308.659484,3.499287584,"convex",20.12353032,8.587282037,"high",252.7679256,"W","convex.rugged"
"1296","CR03","W","psme","C",6,0,0,0,0,0,0,0,0,0,1,0,24.34,2308.659484,3.499287584,"convex",20.12353032,8.587282037,"high",252.7679256,"W","convex.rugged"
"1297","CR03","W","psme","C",7,0,0,0,0,0,0,0,0,0,1,0,24.34,2308.659484,3.499287584,"convex",20.12353032,8.587282037,"high",252.7679256,"W","convex.rugged"
"1298","CR03","W","psme","C",8,0,0,0,0,0,0,0,0,0,1,0,24.34,2308.659484,3.499287584,"convex",20.12353032,8.587282037,"high",252.7679256,"W","convex.rugged"
"1299","CR03","W","psme","C",9,0,0,0,0,0,0,0,0,0,1,0,24.34,2308.659484,3.499287584,"convex",20.12353032,8.587282037,"high",252.7679256,"W","convex.rugged"
"1300","CR03","W","psme","C",10,0,0,0,0,0,0,0,0,0,1,0,24.34,2308.659484,3.499287584,"convex",20.12353032,8.587282037,"high",252.7679256,"W","convex.rugged"
"1301","CR03","C","pico","D",1,0,0,0,0,0,0,0,0,0,1,0,24.34,2308.659484,3.499287584,"convex",20.12353032,8.587282037,"high",252.7679256,"W","convex.rugged"
"1302","CR03","C","pico","D",2,0,0,0,0,0,0,0,0,0,1,0,24.34,2308.659484,3.499287584,"convex",20.12353032,8.587282037,"high",252.7679256,"W","convex.rugged"
"1303","CR03","C","pico","D",3,0,0,0,0,0,0,0,0,0,1,0,24.34,2308.659484,3.499287584,"convex",20.12353032,8.587282037,"high",252.7679256,"W","convex.rugged"
"1304","CR03","C","pico","D",4,0,0,0,0,0,0,0,0,0,1,0,24.34,2308.659484,3.499287584,"convex",20.12353032,8.587282037,"high",252.7679256,"W","convex.rugged"
"1305","CR03","C","pico","D",5,0,0,0,0,0,0,0,0,0,1,0,24.34,2308.659484,3.499287584,"convex",20.12353032,8.587282037,"high",252.7679256,"W","convex.rugged"
"1306","CR03","C","pico","D",6,0,0,0,0,0,0,0,0,0,1,0,24.34,2308.659484,3.499287584,"convex",20.12353032,8.587282037,"high",252.7679256,"W","convex.rugged"
"1307","CR03","C","pico","D",7,0,0,0,0,0,0,0,0,0,1,0,24.34,2308.659484,3.499287584,"convex",20.12353032,8.587282037,"high",252.7679256,"W","convex.rugged"
"1308","CR03","C","pico","D",8,0,0,0,0,0,0,0,0,0,1,0,24.34,2308.659484,3.499287584,"convex",20.12353032,8.587282037,"high",252.7679256,"W","convex.rugged"
"1309","CR03","C","pico","D",9,0,0,0,0,0,0,0,0,0,1,0,24.34,2308.659484,3.499287584,"convex",20.12353032,8.587282037,"high",252.7679256,"W","convex.rugged"
"1310","CR03","C","pico","D",10,0,0,0,0,0,0,0,0,0,1,0,24.34,2308.659484,3.499287584,"convex",20.12353032,8.587282037,"high",252.7679256,"W","convex.rugged"
"1311","CR03","C","psme","D",1,0,0,0,0,0,0,1,0,1,0,0,24.34,2308.659484,3.499287584,"convex",20.12353032,8.587282037,"high",252.7679256,"W","convex.rugged"
"1312","CR03","C","psme","D",2,0,0,0,0,0,0,1,0,1,0,0,24.34,2308.659484,3.499287584,"convex",20.12353032,8.587282037,"high",252.7679256,"W","convex.rugged"
"1313","CR03","C","psme","D",3,0,0,0,0,0,0,1,0,1,0,0,24.34,2308.659484,3.499287584,"convex",20.12353032,8.587282037,"high",252.7679256,"W","convex.rugged"
"1314","CR03","C","psme","D",4,0,0,0,0,0,0,1,0,1,0,0,24.34,2308.659484,3.499287584,"convex",20.12353032,8.587282037,"high",252.7679256,"W","convex.rugged"
"1315","CR03","C","psme","D",5,0,0,0,0,0,0,1,0,1,0,0,24.34,2308.659484,3.499287584,"convex",20.12353032,8.587282037,"high",252.7679256,"W","convex.rugged"
"1316","CR03","C","psme","D",6,0,0,0,0,0,0,1,0,1,0,0,24.34,2308.659484,3.499287584,"convex",20.12353032,8.587282037,"high",252.7679256,"W","convex.rugged"
"1317","CR03","C","psme","D",7,0,0,0,0,0,0,1,0,1,0,0,24.34,2308.659484,3.499287584,"convex",20.12353032,8.587282037,"high",252.7679256,"W","convex.rugged"
"1318","CR03","C","psme","D",8,0,0,0,0,0,0,1,0,1,0,0,24.34,2308.659484,3.499287584,"convex",20.12353032,8.587282037,"high",252.7679256,"W","convex.rugged"
"1319","CR03","C","psme","D",9,0,0,0,0,0,0,1,0,1,0,0,24.34,2308.659484,3.499287584,"convex",20.12353032,8.587282037,"high",252.7679256,"W","convex.rugged"
"1320","CR03","C","psme","D",10,0,0,0,0,0,0,1,0,1,0,0,24.34,2308.659484,3.499287584,"convex",20.12353032,8.587282037,"high",252.7679256,"W","convex.rugged"
"1321","CR03","E","pico","D",1,0,0,0,0,0,0,0,0,0,1,0,24.34,2308.659484,3.499287584,"convex",20.12353032,8.587282037,"high",252.7679256,"W","convex.rugged"
"1322","CR03","E","pico","D",2,0,0,0,0,0,0,0,0,0,1,0,24.34,2308.659484,3.499287584,"convex",20.12353032,8.587282037,"high",252.7679256,"W","convex.rugged"
"1323","CR03","E","pico","D",3,0,0,0,0,0,0,0,0,0,1,0,24.34,2308.659484,3.499287584,"convex",20.12353032,8.587282037,"high",252.7679256,"W","convex.rugged"
"1324","CR03","E","pico","D",4,0,0,0,0,0,0,0,0,0,1,0,24.34,2308.659484,3.499287584,"convex",20.12353032,8.587282037,"high",252.7679256,"W","convex.rugged"
"1325","CR03","E","pico","D",5,0,0,0,0,0,0,0,0,0,1,0,24.34,2308.659484,3.499287584,"convex",20.12353032,8.587282037,"high",252.7679256,"W","convex.rugged"
"1326","CR03","E","pico","D",6,0,0,0,0,0,0,0,0,0,1,0,24.34,2308.659484,3.499287584,"convex",20.12353032,8.587282037,"high",252.7679256,"W","convex.rugged"
"1327","CR03","E","pico","D",7,0,0,0,0,0,0,0,0,0,1,0,24.34,2308.659484,3.499287584,"convex",20.12353032,8.587282037,"high",252.7679256,"W","convex.rugged"
"1328","CR03","E","pico","D",8,0,0,0,0,0,0,0,0,0,1,0,24.34,2308.659484,3.499287584,"convex",20.12353032,8.587282037,"high",252.7679256,"W","convex.rugged"
"1329","CR03","E","pico","D",9,0,1,1,0,0,0,0,0,0,1,1,24.34,2308.659484,3.499287584,"convex",20.12353032,8.587282037,"high",252.7679256,"W","convex.rugged"
"1330","CR03","E","pico","D",10,0,0,0,0,0,0,0,0,0,1,0,24.34,2308.659484,3.499287584,"convex",20.12353032,8.587282037,"high",252.7679256,"W","convex.rugged"
"1331","CR03","E","psme","D",1,0,0,0,0,0,0,0,0,0,1,0,24.34,2308.659484,3.499287584,"convex",20.12353032,8.587282037,"high",252.7679256,"W","convex.rugged"
"1332","CR03","E","psme","D",2,0,0,0,0,0,0,0,0,0,1,0,24.34,2308.659484,3.499287584,"convex",20.12353032,8.587282037,"high",252.7679256,"W","convex.rugged"
"1333","CR03","E","psme","D",3,0,0,0,0,0,0,0,0,0,1,0,24.34,2308.659484,3.499287584,"convex",20.12353032,8.587282037,"high",252.7679256,"W","convex.rugged"
"1334","CR03","E","psme","D",4,0,0,0,0,0,0,0,0,0,1,0,24.34,2308.659484,3.499287584,"convex",20.12353032,8.587282037,"high",252.7679256,"W","convex.rugged"
"1335","CR03","E","psme","D",5,0,0,0,0,0,0,0,0,0,1,0,24.34,2308.659484,3.499287584,"convex",20.12353032,8.587282037,"high",252.7679256,"W","convex.rugged"
"1336","CR03","E","psme","D",6,0,0,0,0,0,0,0,0,0,1,0,24.34,2308.659484,3.499287584,"convex",20.12353032,8.587282037,"high",252.7679256,"W","convex.rugged"
"1337","CR03","E","psme","D",7,0,0,0,0,0,0,0,0,0,1,0,24.34,2308.659484,3.499287584,"convex",20.12353032,8.587282037,"high",252.7679256,"W","convex.rugged"
"1338","CR03","E","psme","D",8,0,0,0,0,0,0,0,0,0,1,0,24.34,2308.659484,3.499287584,"convex",20.12353032,8.587282037,"high",252.7679256,"W","convex.rugged"
"1339","CR03","E","psme","D",9,0,0,0,0,0,0,1,0,1,0,0,24.34,2308.659484,3.499287584,"convex",20.12353032,8.587282037,"high",252.7679256,"W","convex.rugged"
"1340","CR03","E","psme","D",10,0,0,0,0,0,0,1,0,1,0,0,24.34,2308.659484,3.499287584,"convex",20.12353032,8.587282037,"high",252.7679256,"W","convex.rugged"
"1341","CR03","N","pico","D",1,0,0,0,0,0,0,0,0,0,1,0,24.34,2308.659484,3.499287584,"convex",20.12353032,8.587282037,"high",252.7679256,"W","convex.rugged"
"1342","CR03","N","pico","D",2,0,0,0,0,0,0,0,0,0,1,0,24.34,2308.659484,3.499287584,"convex",20.12353032,8.587282037,"high",252.7679256,"W","convex.rugged"
"1343","CR03","N","pico","D",3,0,0,0,0,0,0,0,0,0,1,0,24.34,2308.659484,3.499287584,"convex",20.12353032,8.587282037,"high",252.7679256,"W","convex.rugged"
"1344","CR03","N","pico","D",4,0,0,0,0,0,0,0,0,0,1,0,24.34,2308.659484,3.499287584,"convex",20.12353032,8.587282037,"high",252.7679256,"W","convex.rugged"
"1345","CR03","N","pico","D",5,0,0,0,0,0,0,0,0,0,1,0,24.34,2308.659484,3.499287584,"convex",20.12353032,8.587282037,"high",252.7679256,"W","convex.rugged"
"1346","CR03","N","pico","D",6,0,0,0,0,0,0,0,0,0,1,0,24.34,2308.659484,3.499287584,"convex",20.12353032,8.587282037,"high",252.7679256,"W","convex.rugged"
"1347","CR03","N","pico","D",7,0,0,0,0,0,0,0,0,0,1,0,24.34,2308.659484,3.499287584,"convex",20.12353032,8.587282037,"high",252.7679256,"W","convex.rugged"
"1348","CR03","N","pico","D",8,0,0,0,0,0,0,0,0,0,1,0,24.34,2308.659484,3.499287584,"convex",20.12353032,8.587282037,"high",252.7679256,"W","convex.rugged"
"1349","CR03","N","pico","D",9,0,0,0,0,0,0,0,0,0,1,0,24.34,2308.659484,3.499287584,"convex",20.12353032,8.587282037,"high",252.7679256,"W","convex.rugged"
"1350","CR03","N","pico","D",10,0,0,0,0,0,0,0,0,0,1,0,24.34,2308.659484,3.499287584,"convex",20.12353032,8.587282037,"high",252.7679256,"W","convex.rugged"
"1351","CR03","N","psme","D",1,0,0,0,0,0,0,0,0,0,1,0,24.34,2308.659484,3.499287584,"convex",20.12353032,8.587282037,"high",252.7679256,"W","convex.rugged"
"1352","CR03","N","psme","D",2,0,0,0,0,0,0,0,0,0,1,0,24.34,2308.659484,3.499287584,"convex",20.12353032,8.587282037,"high",252.7679256,"W","convex.rugged"
"1353","CR03","N","psme","D",3,0,0,0,0,0,0,0,0,0,1,0,24.34,2308.659484,3.499287584,"convex",20.12353032,8.587282037,"high",252.7679256,"W","convex.rugged"
"1354","CR03","N","psme","D",4,0,0,0,0,0,0,0,0,0,1,0,24.34,2308.659484,3.499287584,"convex",20.12353032,8.587282037,"high",252.7679256,"W","convex.rugged"
"1355","CR03","N","psme","D",5,0,0,0,0,0,0,0,0,0,1,0,24.34,2308.659484,3.499287584,"convex",20.12353032,8.587282037,"high",252.7679256,"W","convex.rugged"
"1356","CR03","N","psme","D",6,0,0,0,0,0,0,0,0,0,1,0,24.34,2308.659484,3.499287584,"convex",20.12353032,8.587282037,"high",252.7679256,"W","convex.rugged"
"1357","CR03","N","psme","D",7,0,0,0,0,0,0,0,0,0,1,0,24.34,2308.659484,3.499287584,"convex",20.12353032,8.587282037,"high",252.7679256,"W","convex.rugged"
"1358","CR03","N","psme","D",8,0,0,0,0,0,0,0,0,0,1,0,24.34,2308.659484,3.499287584,"convex",20.12353032,8.587282037,"high",252.7679256,"W","convex.rugged"
"1359","CR03","N","psme","D",9,0,0,0,0,0,0,0,0,0,1,0,24.34,2308.659484,3.499287584,"convex",20.12353032,8.587282037,"high",252.7679256,"W","convex.rugged"
"1360","CR03","N","psme","D",10,0,0,0,0,0,0,0,0,0,1,0,24.34,2308.659484,3.499287584,"convex",20.12353032,8.587282037,"high",252.7679256,"W","convex.rugged"
"1361","CR03","S","pico","D",1,0,0,0,0,0,0,0,0,0,1,0,24.34,2308.659484,3.499287584,"convex",20.12353032,8.587282037,"high",252.7679256,"W","convex.rugged"
"1362","CR03","S","pico","D",2,0,0,0,0,0,0,0,0,0,1,0,24.34,2308.659484,3.499287584,"convex",20.12353032,8.587282037,"high",252.7679256,"W","convex.rugged"
"1363","CR03","S","pico","D",3,0,0,0,0,0,0,0,0,0,1,0,24.34,2308.659484,3.499287584,"convex",20.12353032,8.587282037,"high",252.7679256,"W","convex.rugged"
"1364","CR03","S","pico","D",4,0,0,0,0,0,0,0,0,0,1,0,24.34,2308.659484,3.499287584,"convex",20.12353032,8.587282037,"high",252.7679256,"W","convex.rugged"
"1365","CR03","S","pico","D",5,0,0,0,0,0,0,0,0,0,1,0,24.34,2308.659484,3.499287584,"convex",20.12353032,8.587282037,"high",252.7679256,"W","convex.rugged"
"1366","CR03","S","pico","D",6,0,0,0,0,0,0,0,0,0,1,0,24.34,2308.659484,3.499287584,"convex",20.12353032,8.587282037,"high",252.7679256,"W","convex.rugged"
"1367","CR03","S","pico","D",7,0,0,0,0,0,0,0,0,0,1,0,24.34,2308.659484,3.499287584,"convex",20.12353032,8.587282037,"high",252.7679256,"W","convex.rugged"
"1368","CR03","S","pico","D",8,0,0,0,0,0,0,0,0,0,1,0,24.34,2308.659484,3.499287584,"convex",20.12353032,8.587282037,"high",252.7679256,"W","convex.rugged"
"1369","CR03","S","pico","D",9,0,0,0,0,0,0,0,0,0,1,0,24.34,2308.659484,3.499287584,"convex",20.12353032,8.587282037,"high",252.7679256,"W","convex.rugged"
"1370","CR03","S","pico","D",10,0,0,0,0,0,0,0,0,0,1,0,24.34,2308.659484,3.499287584,"convex",20.12353032,8.587282037,"high",252.7679256,"W","convex.rugged"
"1371","CR03","S","psme","D",1,0,0,0,0,0,0,0,0,0,1,0,24.34,2308.659484,3.499287584,"convex",20.12353032,8.587282037,"high",252.7679256,"W","convex.rugged"
"1372","CR03","S","psme","D",2,0,0,0,0,0,0,0,0,0,1,0,24.34,2308.659484,3.499287584,"convex",20.12353032,8.587282037,"high",252.7679256,"W","convex.rugged"
"1373","CR03","S","psme","D",3,0,0,0,0,0,0,0,0,0,1,0,24.34,2308.659484,3.499287584,"convex",20.12353032,8.587282037,"high",252.7679256,"W","convex.rugged"
"1374","CR03","S","psme","D",4,0,0,0,0,0,0,0,0,0,1,0,24.34,2308.659484,3.499287584,"convex",20.12353032,8.587282037,"high",252.7679256,"W","convex.rugged"
"1375","CR03","S","psme","D",5,0,0,0,0,0,0,0,0,0,1,0,24.34,2308.659484,3.499287584,"convex",20.12353032,8.587282037,"high",252.7679256,"W","convex.rugged"
"1376","CR03","S","psme","D",6,0,0,0,0,0,0,0,0,0,1,0,24.34,2308.659484,3.499287584,"convex",20.12353032,8.587282037,"high",252.7679256,"W","convex.rugged"
"1377","CR03","S","psme","D",7,0,0,0,0,0,0,0,0,0,1,0,24.34,2308.659484,3.499287584,"convex",20.12353032,8.587282037,"high",252.7679256,"W","convex.rugged"
"1378","CR03","S","psme","D",8,0,0,0,0,0,0,0,0,0,1,0,24.34,2308.659484,3.499287584,"convex",20.12353032,8.587282037,"high",252.7679256,"W","convex.rugged"
"1379","CR03","S","psme","D",9,0,0,0,0,0,0,0,0,0,1,0,24.34,2308.659484,3.499287584,"convex",20.12353032,8.587282037,"high",252.7679256,"W","convex.rugged"
"1380","CR03","S","psme","D",10,0,0,0,0,0,0,0,0,0,1,0,24.34,2308.659484,3.499287584,"convex",20.12353032,8.587282037,"high",252.7679256,"W","convex.rugged"
"1381","CR03","W","pico","D",1,0,0,0,0,0,0,0,0,0,1,0,24.34,2308.659484,3.499287584,"convex",20.12353032,8.587282037,"high",252.7679256,"W","convex.rugged"
"1382","CR03","W","pico","D",2,0,0,0,0,0,0,0,0,0,1,0,24.34,2308.659484,3.499287584,"convex",20.12353032,8.587282037,"high",252.7679256,"W","convex.rugged"
"1383","CR03","W","pico","D",3,0,0,0,0,0,0,0,0,0,1,0,24.34,2308.659484,3.499287584,"convex",20.12353032,8.587282037,"high",252.7679256,"W","convex.rugged"
"1384","CR03","W","pico","D",4,0,0,0,0,0,0,0,0,0,1,0,24.34,2308.659484,3.499287584,"convex",20.12353032,8.587282037,"high",252.7679256,"W","convex.rugged"
"1385","CR03","W","pico","D",5,0,0,0,0,0,0,0,0,0,1,0,24.34,2308.659484,3.499287584,"convex",20.12353032,8.587282037,"high",252.7679256,"W","convex.rugged"
"1386","CR03","W","pico","D",6,0,0,0,0,0,0,1,0,1,0,0,24.34,2308.659484,3.499287584,"convex",20.12353032,8.587282037,"high",252.7679256,"W","convex.rugged"
"1387","CR03","W","pico","D",7,0,0,0,0,0,0,1,0,1,0,0,24.34,2308.659484,3.499287584,"convex",20.12353032,8.587282037,"high",252.7679256,"W","convex.rugged"
"1388","CR03","W","pico","D",8,0,0,0,0,0,0,1,0,1,0,0,24.34,2308.659484,3.499287584,"convex",20.12353032,8.587282037,"high",252.7679256,"W","convex.rugged"
"1389","CR03","W","pico","D",9,0,0,0,0,0,0,0,0,0,1,0,24.34,2308.659484,3.499287584,"convex",20.12353032,8.587282037,"high",252.7679256,"W","convex.rugged"
"1390","CR03","W","pico","D",10,0,0,0,0,0,0,0,0,0,1,0,24.34,2308.659484,3.499287584,"convex",20.12353032,8.587282037,"high",252.7679256,"W","convex.rugged"
"1391","CR03","W","psme","D",1,0,0,0,0,0,0,0,0,0,1,0,24.34,2308.659484,3.499287584,"convex",20.12353032,8.587282037,"high",252.7679256,"W","convex.rugged"
"1392","CR03","W","psme","D",2,0,0,0,0,0,0,0,0,0,1,0,24.34,2308.659484,3.499287584,"convex",20.12353032,8.587282037,"high",252.7679256,"W","convex.rugged"
"1393","CR03","W","psme","D",3,0,0,0,0,0,0,0,0,0,1,0,24.34,2308.659484,3.499287584,"convex",20.12353032,8.587282037,"high",252.7679256,"W","convex.rugged"
"1394","CR03","W","psme","D",4,0,0,0,0,0,0,0,0,0,1,0,24.34,2308.659484,3.499287584,"convex",20.12353032,8.587282037,"high",252.7679256,"W","convex.rugged"
"1395","CR03","W","psme","D",5,0,0,0,0,0,0,0,0,0,1,0,24.34,2308.659484,3.499287584,"convex",20.12353032,8.587282037,"high",252.7679256,"W","convex.rugged"
"1396","CR03","W","psme","D",6,0,0,0,0,0,0,0,0,0,1,0,24.34,2308.659484,3.499287584,"convex",20.12353032,8.587282037,"high",252.7679256,"W","convex.rugged"
"1397","CR03","W","psme","D",7,0,0,0,0,0,0,0,0,0,1,0,24.34,2308.659484,3.499287584,"convex",20.12353032,8.587282037,"high",252.7679256,"W","convex.rugged"
"1398","CR03","W","psme","D",8,0,0,0,0,0,0,0,0,0,1,0,24.34,2308.659484,3.499287584,"convex",20.12353032,8.587282037,"high",252.7679256,"W","convex.rugged"
"1399","CR03","W","psme","D",9,0,0,0,0,0,0,0,0,0,1,0,24.34,2308.659484,3.499287584,"convex",20.12353032,8.587282037,"high",252.7679256,"W","convex.rugged"
"1400","CR03","W","psme","D",10,0,0,0,0,0,0,0,0,0,1,0,24.34,2308.659484,3.499287584,"convex",20.12353032,8.587282037,"high",252.7679256,"W","convex.rugged"
"1401","CR03","C","pico","E",1,0,0,0,0,0,0,0,0,0,1,0,24.34,2308.659484,3.499287584,"convex",20.12353032,8.587282037,"high",252.7679256,"W","convex.rugged"
"1402","CR03","C","pico","E",2,0,0,0,0,0,0,0,0,0,1,0,24.34,2308.659484,3.499287584,"convex",20.12353032,8.587282037,"high",252.7679256,"W","convex.rugged"
"1403","CR03","C","pico","E",3,0,0,0,0,0,0,0,0,0,1,0,24.34,2308.659484,3.499287584,"convex",20.12353032,8.587282037,"high",252.7679256,"W","convex.rugged"
"1404","CR03","C","pico","E",4,0,0,0,0,0,0,0,0,0,1,0,24.34,2308.659484,3.499287584,"convex",20.12353032,8.587282037,"high",252.7679256,"W","convex.rugged"
"1405","CR03","C","pico","E",5,0,0,0,0,0,0,0,0,0,1,0,24.34,2308.659484,3.499287584,"convex",20.12353032,8.587282037,"high",252.7679256,"W","convex.rugged"
"1406","CR03","C","pico","E",6,0,0,0,0,0,0,0,0,0,1,0,24.34,2308.659484,3.499287584,"convex",20.12353032,8.587282037,"high",252.7679256,"W","convex.rugged"
"1407","CR03","C","pico","E",7,0,0,0,0,0,0,0,0,0,1,0,24.34,2308.659484,3.499287584,"convex",20.12353032,8.587282037,"high",252.7679256,"W","convex.rugged"
"1408","CR03","C","pico","E",8,0,0,0,0,0,0,0,0,0,1,0,24.34,2308.659484,3.499287584,"convex",20.12353032,8.587282037,"high",252.7679256,"W","convex.rugged"
"1409","CR03","C","pico","E",9,0,0,0,0,0,0,0,0,0,1,0,24.34,2308.659484,3.499287584,"convex",20.12353032,8.587282037,"high",252.7679256,"W","convex.rugged"
"1410","CR03","C","pico","E",10,0,0,0,0,0,0,0,0,0,1,0,24.34,2308.659484,3.499287584,"convex",20.12353032,8.587282037,"high",252.7679256,"W","convex.rugged"
"1411","CR03","C","psme","E",1,0,0,0,0,0,0,1,0,1,0,0,24.34,2308.659484,3.499287584,"convex",20.12353032,8.587282037,"high",252.7679256,"W","convex.rugged"
"1412","CR03","C","psme","E",2,0,0,0,0,0,0,1,0,1,0,0,24.34,2308.659484,3.499287584,"convex",20.12353032,8.587282037,"high",252.7679256,"W","convex.rugged"
"1413","CR03","C","psme","E",3,0,0,0,0,0,0,1,0,1,0,0,24.34,2308.659484,3.499287584,"convex",20.12353032,8.587282037,"high",252.7679256,"W","convex.rugged"
"1414","CR03","C","psme","E",4,0,0,0,0,0,0,1,0,1,0,0,24.34,2308.659484,3.499287584,"convex",20.12353032,8.587282037,"high",252.7679256,"W","convex.rugged"
"1415","CR03","C","psme","E",5,0,0,0,0,0,0,1,0,1,0,0,24.34,2308.659484,3.499287584,"convex",20.12353032,8.587282037,"high",252.7679256,"W","convex.rugged"
"1416","CR03","C","psme","E",6,0,0,0,0,0,0,1,0,1,0,0,24.34,2308.659484,3.499287584,"convex",20.12353032,8.587282037,"high",252.7679256,"W","convex.rugged"
"1417","CR03","C","psme","E",7,0,0,0,0,0,0,1,0,1,0,0,24.34,2308.659484,3.499287584,"convex",20.12353032,8.587282037,"high",252.7679256,"W","convex.rugged"
"1418","CR03","C","psme","E",8,0,0,0,0,0,0,1,0,1,0,0,24.34,2308.659484,3.499287584,"convex",20.12353032,8.587282037,"high",252.7679256,"W","convex.rugged"
"1419","CR03","C","psme","E",9,0,0,0,0,0,0,1,0,1,0,0,24.34,2308.659484,3.499287584,"convex",20.12353032,8.587282037,"high",252.7679256,"W","convex.rugged"
"1420","CR03","C","psme","E",10,0,0,0,0,0,0,1,0,1,0,0,24.34,2308.659484,3.499287584,"convex",20.12353032,8.587282037,"high",252.7679256,"W","convex.rugged"
"1421","CR03","E","pico","E",1,0,0,0,0,0,0,0,0,0,1,0,24.34,2308.659484,3.499287584,"convex",20.12353032,8.587282037,"high",252.7679256,"W","convex.rugged"
"1422","CR03","E","pico","E",2,0,0,0,0,0,0,0,0,0,1,0,24.34,2308.659484,3.499287584,"convex",20.12353032,8.587282037,"high",252.7679256,"W","convex.rugged"
"1423","CR03","E","pico","E",3,0,0,0,0,0,0,0,0,0,1,0,24.34,2308.659484,3.499287584,"convex",20.12353032,8.587282037,"high",252.7679256,"W","convex.rugged"
"1424","CR03","E","pico","E",4,0,0,0,0,0,0,0,0,0,1,0,24.34,2308.659484,3.499287584,"convex",20.12353032,8.587282037,"high",252.7679256,"W","convex.rugged"
"1425","CR03","E","pico","E",5,0,0,0,0,0,0,0,0,0,1,0,24.34,2308.659484,3.499287584,"convex",20.12353032,8.587282037,"high",252.7679256,"W","convex.rugged"
"1426","CR03","E","pico","E",6,0,0,0,0,0,0,0,0,0,1,0,24.34,2308.659484,3.499287584,"convex",20.12353032,8.587282037,"high",252.7679256,"W","convex.rugged"
"1427","CR03","E","pico","E",7,0,0,0,0,0,0,0,0,0,1,0,24.34,2308.659484,3.499287584,"convex",20.12353032,8.587282037,"high",252.7679256,"W","convex.rugged"
"1428","CR03","E","pico","E",8,0,0,0,0,0,0,0,0,0,1,0,24.34,2308.659484,3.499287584,"convex",20.12353032,8.587282037,"high",252.7679256,"W","convex.rugged"
"1429","CR03","E","pico","E",9,0,0,0,0,0,0,0,0,0,1,0,24.34,2308.659484,3.499287584,"convex",20.12353032,8.587282037,"high",252.7679256,"W","convex.rugged"
"1430","CR03","E","pico","E",10,0,0,0,0,0,0,0,0,0,1,0,24.34,2308.659484,3.499287584,"convex",20.12353032,8.587282037,"high",252.7679256,"W","convex.rugged"
"1431","CR03","E","psme","E",1,0,0,0,0,0,0,0,0,0,1,0,24.34,2308.659484,3.499287584,"convex",20.12353032,8.587282037,"high",252.7679256,"W","convex.rugged"
"1432","CR03","E","psme","E",2,0,0,0,0,0,0,0,0,0,1,0,24.34,2308.659484,3.499287584,"convex",20.12353032,8.587282037,"high",252.7679256,"W","convex.rugged"
"1433","CR03","E","psme","E",3,0,0,0,0,0,0,0,0,0,1,0,24.34,2308.659484,3.499287584,"convex",20.12353032,8.587282037,"high",252.7679256,"W","convex.rugged"
"1434","CR03","E","psme","E",4,0,0,0,0,0,0,0,0,0,1,0,24.34,2308.659484,3.499287584,"convex",20.12353032,8.587282037,"high",252.7679256,"W","convex.rugged"
"1435","CR03","E","psme","E",5,0,0,0,0,0,0,0,0,0,1,0,24.34,2308.659484,3.499287584,"convex",20.12353032,8.587282037,"high",252.7679256,"W","convex.rugged"
"1436","CR03","E","psme","E",6,0,0,0,0,0,0,0,0,0,1,0,24.34,2308.659484,3.499287584,"convex",20.12353032,8.587282037,"high",252.7679256,"W","convex.rugged"
"1437","CR03","E","psme","E",7,0,0,0,0,0,0,0,0,0,1,0,24.34,2308.659484,3.499287584,"convex",20.12353032,8.587282037,"high",252.7679256,"W","convex.rugged"
"1438","CR03","E","psme","E",8,0,0,0,0,0,0,0,0,0,1,0,24.34,2308.659484,3.499287584,"convex",20.12353032,8.587282037,"high",252.7679256,"W","convex.rugged"
"1439","CR03","E","psme","E",9,0,0,0,0,0,0,1,0,1,0,0,24.34,2308.659484,3.499287584,"convex",20.12353032,8.587282037,"high",252.7679256,"W","convex.rugged"
"1440","CR03","E","psme","E",10,0,0,0,0,0,0,1,0,1,0,0,24.34,2308.659484,3.499287584,"convex",20.12353032,8.587282037,"high",252.7679256,"W","convex.rugged"
"1441","CR03","N","pico","E",1,0,0,0,0,0,0,0,0,0,1,0,24.34,2308.659484,3.499287584,"convex",20.12353032,8.587282037,"high",252.7679256,"W","convex.rugged"
"1442","CR03","N","pico","E",2,0,0,0,0,0,0,0,0,0,1,0,24.34,2308.659484,3.499287584,"convex",20.12353032,8.587282037,"high",252.7679256,"W","convex.rugged"
"1443","CR03","N","pico","E",3,0,0,0,0,0,0,0,0,0,1,0,24.34,2308.659484,3.499287584,"convex",20.12353032,8.587282037,"high",252.7679256,"W","convex.rugged"
"1444","CR03","N","pico","E",4,0,0,0,0,0,0,0,0,0,1,0,24.34,2308.659484,3.499287584,"convex",20.12353032,8.587282037,"high",252.7679256,"W","convex.rugged"
"1445","CR03","N","pico","E",5,0,0,0,0,0,0,0,0,0,1,0,24.34,2308.659484,3.499287584,"convex",20.12353032,8.587282037,"high",252.7679256,"W","convex.rugged"
"1446","CR03","N","pico","E",6,0,0,0,0,0,0,0,0,0,1,0,24.34,2308.659484,3.499287584,"convex",20.12353032,8.587282037,"high",252.7679256,"W","convex.rugged"
"1447","CR03","N","pico","E",7,0,0,0,0,0,0,0,0,0,1,0,24.34,2308.659484,3.499287584,"convex",20.12353032,8.587282037,"high",252.7679256,"W","convex.rugged"
"1448","CR03","N","pico","E",8,0,0,0,0,0,0,0,0,0,1,0,24.34,2308.659484,3.499287584,"convex",20.12353032,8.587282037,"high",252.7679256,"W","convex.rugged"
"1449","CR03","N","pico","E",9,0,0,0,0,0,0,0,0,0,1,0,24.34,2308.659484,3.499287584,"convex",20.12353032,8.587282037,"high",252.7679256,"W","convex.rugged"
"1450","CR03","N","pico","E",10,0,0,0,0,0,0,0,0,0,1,0,24.34,2308.659484,3.499287584,"convex",20.12353032,8.587282037,"high",252.7679256,"W","convex.rugged"
"1451","CR03","N","psme","E",1,0,0,0,0,0,0,0,0,0,1,0,24.34,2308.659484,3.499287584,"convex",20.12353032,8.587282037,"high",252.7679256,"W","convex.rugged"
"1452","CR03","N","psme","E",2,0,0,0,0,0,0,0,0,0,1,0,24.34,2308.659484,3.499287584,"convex",20.12353032,8.587282037,"high",252.7679256,"W","convex.rugged"
"1453","CR03","N","psme","E",3,0,0,0,0,0,0,0,0,0,1,0,24.34,2308.659484,3.499287584,"convex",20.12353032,8.587282037,"high",252.7679256,"W","convex.rugged"
"1454","CR03","N","psme","E",4,0,0,0,0,0,0,0,0,0,1,0,24.34,2308.659484,3.499287584,"convex",20.12353032,8.587282037,"high",252.7679256,"W","convex.rugged"
"1455","CR03","N","psme","E",5,0,0,0,0,0,0,0,0,0,1,0,24.34,2308.659484,3.499287584,"convex",20.12353032,8.587282037,"high",252.7679256,"W","convex.rugged"
"1456","CR03","N","psme","E",6,0,0,0,0,0,0,0,0,0,1,0,24.34,2308.659484,3.499287584,"convex",20.12353032,8.587282037,"high",252.7679256,"W","convex.rugged"
"1457","CR03","N","psme","E",7,0,0,0,0,0,0,0,0,0,1,0,24.34,2308.659484,3.499287584,"convex",20.12353032,8.587282037,"high",252.7679256,"W","convex.rugged"
"1458","CR03","N","psme","E",8,0,0,0,0,0,0,0,0,0,1,0,24.34,2308.659484,3.499287584,"convex",20.12353032,8.587282037,"high",252.7679256,"W","convex.rugged"
"1459","CR03","N","psme","E",9,0,0,0,0,0,0,0,0,0,1,0,24.34,2308.659484,3.499287584,"convex",20.12353032,8.587282037,"high",252.7679256,"W","convex.rugged"
"1460","CR03","N","psme","E",10,0,0,0,0,0,0,0,0,0,1,0,24.34,2308.659484,3.499287584,"convex",20.12353032,8.587282037,"high",252.7679256,"W","convex.rugged"
"1461","CR03","S","pico","E",1,0,0,0,0,0,0,0,0,0,1,0,24.34,2308.659484,3.499287584,"convex",20.12353032,8.587282037,"high",252.7679256,"W","convex.rugged"
"1462","CR03","S","pico","E",2,0,0,0,0,0,0,0,0,0,1,0,24.34,2308.659484,3.499287584,"convex",20.12353032,8.587282037,"high",252.7679256,"W","convex.rugged"
"1463","CR03","S","pico","E",3,0,0,0,0,0,0,0,0,0,1,0,24.34,2308.659484,3.499287584,"convex",20.12353032,8.587282037,"high",252.7679256,"W","convex.rugged"
"1464","CR03","S","pico","E",4,0,0,0,0,0,0,0,0,0,1,0,24.34,2308.659484,3.499287584,"convex",20.12353032,8.587282037,"high",252.7679256,"W","convex.rugged"
"1465","CR03","S","pico","E",5,0,0,0,0,0,0,0,0,0,1,0,24.34,2308.659484,3.499287584,"convex",20.12353032,8.587282037,"high",252.7679256,"W","convex.rugged"
"1466","CR03","S","pico","E",6,0,0,0,0,0,0,0,0,0,1,0,24.34,2308.659484,3.499287584,"convex",20.12353032,8.587282037,"high",252.7679256,"W","convex.rugged"
"1467","CR03","S","pico","E",7,0,0,0,0,0,0,0,0,0,1,0,24.34,2308.659484,3.499287584,"convex",20.12353032,8.587282037,"high",252.7679256,"W","convex.rugged"
"1468","CR03","S","pico","E",8,0,0,0,0,0,0,0,0,0,1,0,24.34,2308.659484,3.499287584,"convex",20.12353032,8.587282037,"high",252.7679256,"W","convex.rugged"
"1469","CR03","S","pico","E",9,0,0,0,0,0,0,0,0,0,1,0,24.34,2308.659484,3.499287584,"convex",20.12353032,8.587282037,"high",252.7679256,"W","convex.rugged"
"1470","CR03","S","pico","E",10,0,0,0,0,0,0,0,0,0,1,0,24.34,2308.659484,3.499287584,"convex",20.12353032,8.587282037,"high",252.7679256,"W","convex.rugged"
"1471","CR03","S","psme","E",1,0,0,0,0,0,0,0,0,0,1,0,24.34,2308.659484,3.499287584,"convex",20.12353032,8.587282037,"high",252.7679256,"W","convex.rugged"
"1472","CR03","S","psme","E",2,0,0,0,0,0,0,0,0,0,1,0,24.34,2308.659484,3.499287584,"convex",20.12353032,8.587282037,"high",252.7679256,"W","convex.rugged"
"1473","CR03","S","psme","E",3,0,0,0,0,0,0,0,0,0,1,0,24.34,2308.659484,3.499287584,"convex",20.12353032,8.587282037,"high",252.7679256,"W","convex.rugged"
"1474","CR03","S","psme","E",4,0,0,0,0,0,0,0,0,0,1,0,24.34,2308.659484,3.499287584,"convex",20.12353032,8.587282037,"high",252.7679256,"W","convex.rugged"
"1475","CR03","S","psme","E",5,0,0,0,0,0,0,0,0,0,1,0,24.34,2308.659484,3.499287584,"convex",20.12353032,8.587282037,"high",252.7679256,"W","convex.rugged"
"1476","CR03","S","psme","E",6,0,0,0,0,0,0,0,0,0,1,0,24.34,2308.659484,3.499287584,"convex",20.12353032,8.587282037,"high",252.7679256,"W","convex.rugged"
"1477","CR03","S","psme","E",7,0,0,0,0,0,0,0,0,0,1,0,24.34,2308.659484,3.499287584,"convex",20.12353032,8.587282037,"high",252.7679256,"W","convex.rugged"
"1478","CR03","S","psme","E",8,0,0,0,0,0,0,0,0,0,1,0,24.34,2308.659484,3.499287584,"convex",20.12353032,8.587282037,"high",252.7679256,"W","convex.rugged"
"1479","CR03","S","psme","E",9,0,0,0,0,0,0,0,0,0,1,0,24.34,2308.659484,3.499287584,"convex",20.12353032,8.587282037,"high",252.7679256,"W","convex.rugged"
"1480","CR03","S","psme","E",10,0,0,0,0,0,0,0,0,0,1,0,24.34,2308.659484,3.499287584,"convex",20.12353032,8.587282037,"high",252.7679256,"W","convex.rugged"
"1481","CR03","W","pico","E",1,0,0,0,0,0,0,0,0,0,1,0,24.34,2308.659484,3.499287584,"convex",20.12353032,8.587282037,"high",252.7679256,"W","convex.rugged"
"1482","CR03","W","pico","E",2,0,0,0,0,0,0,0,0,0,1,0,24.34,2308.659484,3.499287584,"convex",20.12353032,8.587282037,"high",252.7679256,"W","convex.rugged"
"1483","CR03","W","pico","E",3,0,0,0,0,0,0,0,0,0,1,0,24.34,2308.659484,3.499287584,"convex",20.12353032,8.587282037,"high",252.7679256,"W","convex.rugged"
"1484","CR03","W","pico","E",4,0,0,0,0,0,0,0,0,0,1,0,24.34,2308.659484,3.499287584,"convex",20.12353032,8.587282037,"high",252.7679256,"W","convex.rugged"
"1485","CR03","W","pico","E",5,0,0,0,0,0,0,0,0,0,1,0,24.34,2308.659484,3.499287584,"convex",20.12353032,8.587282037,"high",252.7679256,"W","convex.rugged"
"1486","CR03","W","pico","E",6,0,0,0,0,0,0,0,0,0,1,0,24.34,2308.659484,3.499287584,"convex",20.12353032,8.587282037,"high",252.7679256,"W","convex.rugged"
"1487","CR03","W","pico","E",7,0,0,0,0,0,0,0,0,0,1,0,24.34,2308.659484,3.499287584,"convex",20.12353032,8.587282037,"high",252.7679256,"W","convex.rugged"
"1488","CR03","W","pico","E",8,0,0,0,0,0,0,0,0,0,1,0,24.34,2308.659484,3.499287584,"convex",20.12353032,8.587282037,"high",252.7679256,"W","convex.rugged"
"1489","CR03","W","pico","E",9,0,0,0,0,0,0,0,0,0,1,0,24.34,2308.659484,3.499287584,"convex",20.12353032,8.587282037,"high",252.7679256,"W","convex.rugged"
"1490","CR03","W","pico","E",10,0,0,0,0,0,0,0,0,0,1,0,24.34,2308.659484,3.499287584,"convex",20.12353032,8.587282037,"high",252.7679256,"W","convex.rugged"
"1491","CR03","W","psme","E",1,0,0,0,0,0,0,0,0,0,1,0,24.34,2308.659484,3.499287584,"convex",20.12353032,8.587282037,"high",252.7679256,"W","convex.rugged"
"1492","CR03","W","psme","E",2,0,0,0,0,0,0,0,0,0,1,0,24.34,2308.659484,3.499287584,"convex",20.12353032,8.587282037,"high",252.7679256,"W","convex.rugged"
"1493","CR03","W","psme","E",3,0,0,0,0,0,0,0,0,0,1,0,24.34,2308.659484,3.499287584,"convex",20.12353032,8.587282037,"high",252.7679256,"W","convex.rugged"
"1494","CR03","W","psme","E",4,0,0,0,0,0,0,0,0,0,1,0,24.34,2308.659484,3.499287584,"convex",20.12353032,8.587282037,"high",252.7679256,"W","convex.rugged"
"1495","CR03","W","psme","E",5,0,0,0,0,0,0,0,0,0,1,0,24.34,2308.659484,3.499287584,"convex",20.12353032,8.587282037,"high",252.7679256,"W","convex.rugged"
"1496","CR03","W","psme","E",6,0,0,0,0,0,0,0,0,0,1,0,24.34,2308.659484,3.499287584,"convex",20.12353032,8.587282037,"high",252.7679256,"W","convex.rugged"
"1497","CR03","W","psme","E",7,0,0,0,0,0,0,0,0,0,1,0,24.34,2308.659484,3.499287584,"convex",20.12353032,8.587282037,"high",252.7679256,"W","convex.rugged"
"1498","CR03","W","psme","E",8,0,0,0,0,0,0,0,0,0,1,0,24.34,2308.659484,3.499287584,"convex",20.12353032,8.587282037,"high",252.7679256,"W","convex.rugged"
"1499","CR03","W","psme","E",9,0,0,0,0,0,0,0,0,0,1,0,24.34,2308.659484,3.499287584,"convex",20.12353032,8.587282037,"high",252.7679256,"W","convex.rugged"
"1500","CR03","W","psme","E",10,0,0,0,0,0,0,0,0,0,1,0,24.34,2308.659484,3.499287584,"convex",20.12353032,8.587282037,"high",252.7679256,"W","convex.rugged"
"1501","CR04","C","pico","A",1,0,0,0,0,0,0,0,0,0,1,0,26.42,2381.601058,1.855689697,"convex",14.57385738,6.145331217,"low",295.7296987,"NW","convex.gentle"
"1502","CR04","C","pico","A",2,0,0,0,0,0,0,0,0,0,1,0,26.42,2381.601058,1.855689697,"convex",14.57385738,6.145331217,"low",295.7296987,"NW","convex.gentle"
"1503","CR04","C","pico","A",3,0,0,0,0,0,0,0,0,0,1,0,26.42,2381.601058,1.855689697,"convex",14.57385738,6.145331217,"low",295.7296987,"NW","convex.gentle"
"1504","CR04","C","pico","A",4,0,0,0,0,0,0,0,0,0,1,0,26.42,2381.601058,1.855689697,"convex",14.57385738,6.145331217,"low",295.7296987,"NW","convex.gentle"
"1505","CR04","C","pico","A",5,0,0,0,0,0,0,0,0,0,1,0,26.42,2381.601058,1.855689697,"convex",14.57385738,6.145331217,"low",295.7296987,"NW","convex.gentle"
"1506","CR04","C","pico","A",6,0,0,0,0,0,0,0,0,0,1,0,26.42,2381.601058,1.855689697,"convex",14.57385738,6.145331217,"low",295.7296987,"NW","convex.gentle"
"1507","CR04","C","pico","A",7,0,0,0,0,0,0,0,0,0,1,0,26.42,2381.601058,1.855689697,"convex",14.57385738,6.145331217,"low",295.7296987,"NW","convex.gentle"
"1508","CR04","C","pico","A",8,0,0,0,0,0,0,0,0,0,1,0,26.42,2381.601058,1.855689697,"convex",14.57385738,6.145331217,"low",295.7296987,"NW","convex.gentle"
"1509","CR04","C","pico","A",9,0,0,0,0,0,0,0,0,0,1,0,26.42,2381.601058,1.855689697,"convex",14.57385738,6.145331217,"low",295.7296987,"NW","convex.gentle"
"1510","CR04","C","pico","A",10,0,0,0,0,0,0,0,0,0,1,0,26.42,2381.601058,1.855689697,"convex",14.57385738,6.145331217,"low",295.7296987,"NW","convex.gentle"
"1511","CR04","C","psme","A",1,0,0,0,0,0,0,0,0,0,1,0,26.42,2381.601058,1.855689697,"convex",14.57385738,6.145331217,"low",295.7296987,"NW","convex.gentle"
"1512","CR04","C","psme","A",2,0,0,0,0,0,0,0,0,0,1,0,26.42,2381.601058,1.855689697,"convex",14.57385738,6.145331217,"low",295.7296987,"NW","convex.gentle"
"1513","CR04","C","psme","A",3,0,0,0,0,0,0,0,0,0,1,0,26.42,2381.601058,1.855689697,"convex",14.57385738,6.145331217,"low",295.7296987,"NW","convex.gentle"
"1514","CR04","C","psme","A",4,0,0,0,0,0,0,0,0,0,1,0,26.42,2381.601058,1.855689697,"convex",14.57385738,6.145331217,"low",295.7296987,"NW","convex.gentle"
"1515","CR04","C","psme","A",5,0,0,0,0,0,0,0,0,0,1,0,26.42,2381.601058,1.855689697,"convex",14.57385738,6.145331217,"low",295.7296987,"NW","convex.gentle"
"1516","CR04","C","psme","A",6,0,0,0,0,0,0,0,0,0,1,0,26.42,2381.601058,1.855689697,"convex",14.57385738,6.145331217,"low",295.7296987,"NW","convex.gentle"
"1517","CR04","C","psme","A",7,0,0,0,0,0,0,0,0,0,1,0,26.42,2381.601058,1.855689697,"convex",14.57385738,6.145331217,"low",295.7296987,"NW","convex.gentle"
"1518","CR04","C","psme","A",8,0,0,0,0,0,0,0,0,0,1,0,26.42,2381.601058,1.855689697,"convex",14.57385738,6.145331217,"low",295.7296987,"NW","convex.gentle"
"1519","CR04","C","psme","A",9,0,0,0,0,0,0,0,0,0,1,0,26.42,2381.601058,1.855689697,"convex",14.57385738,6.145331217,"low",295.7296987,"NW","convex.gentle"
"1520","CR04","C","psme","A",10,0,0,0,0,0,0,0,0,0,1,0,26.42,2381.601058,1.855689697,"convex",14.57385738,6.145331217,"low",295.7296987,"NW","convex.gentle"
"1521","CR04","E","pico","A",1,0,0,0,0,0,0,0,0,0,1,0,26.42,2381.601058,1.855689697,"convex",14.57385738,6.145331217,"low",295.7296987,"NW","convex.gentle"
"1522","CR04","E","pico","A",2,0,0,0,0,0,0,0,0,0,1,0,26.42,2381.601058,1.855689697,"convex",14.57385738,6.145331217,"low",295.7296987,"NW","convex.gentle"
"1523","CR04","E","pico","A",3,0,0,0,0,0,0,0,0,0,1,0,26.42,2381.601058,1.855689697,"convex",14.57385738,6.145331217,"low",295.7296987,"NW","convex.gentle"
"1524","CR04","E","pico","A",4,0,0,0,0,0,0,0,0,0,1,0,26.42,2381.601058,1.855689697,"convex",14.57385738,6.145331217,"low",295.7296987,"NW","convex.gentle"
"1525","CR04","E","pico","A",5,0,0,0,0,0,0,0,0,0,1,0,26.42,2381.601058,1.855689697,"convex",14.57385738,6.145331217,"low",295.7296987,"NW","convex.gentle"
"1526","CR04","E","pico","A",6,0,0,0,0,0,0,0,0,0,1,0,26.42,2381.601058,1.855689697,"convex",14.57385738,6.145331217,"low",295.7296987,"NW","convex.gentle"
"1527","CR04","E","pico","A",7,0,0,0,0,0,0,0,0,0,1,0,26.42,2381.601058,1.855689697,"convex",14.57385738,6.145331217,"low",295.7296987,"NW","convex.gentle"
"1528","CR04","E","pico","A",8,0,0,0,0,0,0,0,0,0,1,0,26.42,2381.601058,1.855689697,"convex",14.57385738,6.145331217,"low",295.7296987,"NW","convex.gentle"
"1529","CR04","E","pico","A",9,0,0,0,0,0,0,0,0,0,1,0,26.42,2381.601058,1.855689697,"convex",14.57385738,6.145331217,"low",295.7296987,"NW","convex.gentle"
"1530","CR04","E","pico","A",10,0,0,0,0,0,0,0,0,0,1,0,26.42,2381.601058,1.855689697,"convex",14.57385738,6.145331217,"low",295.7296987,"NW","convex.gentle"
"1531","CR04","E","psme","A",1,0,0,0,0,0,0,0,0,0,1,0,26.42,2381.601058,1.855689697,"convex",14.57385738,6.145331217,"low",295.7296987,"NW","convex.gentle"
"1532","CR04","E","psme","A",2,0,0,0,0,0,0,0,0,0,1,0,26.42,2381.601058,1.855689697,"convex",14.57385738,6.145331217,"low",295.7296987,"NW","convex.gentle"
"1533","CR04","E","psme","A",3,0,0,0,0,0,0,0,0,0,1,0,26.42,2381.601058,1.855689697,"convex",14.57385738,6.145331217,"low",295.7296987,"NW","convex.gentle"
"1534","CR04","E","psme","A",4,0,0,0,0,0,0,0,0,0,1,0,26.42,2381.601058,1.855689697,"convex",14.57385738,6.145331217,"low",295.7296987,"NW","convex.gentle"
"1535","CR04","E","psme","A",5,0,0,0,0,0,0,0,0,0,1,0,26.42,2381.601058,1.855689697,"convex",14.57385738,6.145331217,"low",295.7296987,"NW","convex.gentle"
"1536","CR04","E","psme","A",6,0,0,0,0,0,0,0,0,0,1,0,26.42,2381.601058,1.855689697,"convex",14.57385738,6.145331217,"low",295.7296987,"NW","convex.gentle"
"1537","CR04","E","psme","A",7,0,0,0,0,0,0,0,0,0,1,0,26.42,2381.601058,1.855689697,"convex",14.57385738,6.145331217,"low",295.7296987,"NW","convex.gentle"
"1538","CR04","E","psme","A",8,0,0,0,0,0,0,0,0,0,1,0,26.42,2381.601058,1.855689697,"convex",14.57385738,6.145331217,"low",295.7296987,"NW","convex.gentle"
"1539","CR04","E","psme","A",9,0,0,0,0,0,0,0,0,0,1,0,26.42,2381.601058,1.855689697,"convex",14.57385738,6.145331217,"low",295.7296987,"NW","convex.gentle"
"1540","CR04","E","psme","A",10,0,0,0,0,0,0,0,0,0,1,0,26.42,2381.601058,1.855689697,"convex",14.57385738,6.145331217,"low",295.7296987,"NW","convex.gentle"
"1541","CR04","N","pico","A",1,1,0,1,1,0,0,0,0,0,1,0,26.42,2381.601058,1.855689697,"convex",14.57385738,6.145331217,"low",295.7296987,"NW","convex.gentle"
"1542","CR04","N","pico","A",2,0,0,0,0,0,0,0,0,0,1,0,26.42,2381.601058,1.855689697,"convex",14.57385738,6.145331217,"low",295.7296987,"NW","convex.gentle"
"1543","CR04","N","pico","A",3,0,0,0,0,0,0,0,0,0,1,0,26.42,2381.601058,1.855689697,"convex",14.57385738,6.145331217,"low",295.7296987,"NW","convex.gentle"
"1544","CR04","N","pico","A",4,0,0,0,0,0,0,0,0,0,1,0,26.42,2381.601058,1.855689697,"convex",14.57385738,6.145331217,"low",295.7296987,"NW","convex.gentle"
"1545","CR04","N","pico","A",5,0,0,0,0,0,0,0,0,0,1,0,26.42,2381.601058,1.855689697,"convex",14.57385738,6.145331217,"low",295.7296987,"NW","convex.gentle"
"1546","CR04","N","pico","A",6,0,0,0,0,0,0,0,0,0,1,0,26.42,2381.601058,1.855689697,"convex",14.57385738,6.145331217,"low",295.7296987,"NW","convex.gentle"
"1547","CR04","N","pico","A",7,0,0,0,0,0,0,0,0,0,1,0,26.42,2381.601058,1.855689697,"convex",14.57385738,6.145331217,"low",295.7296987,"NW","convex.gentle"
"1548","CR04","N","pico","A",8,0,0,0,0,0,0,0,0,0,1,0,26.42,2381.601058,1.855689697,"convex",14.57385738,6.145331217,"low",295.7296987,"NW","convex.gentle"
"1549","CR04","N","pico","A",9,0,0,0,0,0,0,0,0,0,1,0,26.42,2381.601058,1.855689697,"convex",14.57385738,6.145331217,"low",295.7296987,"NW","convex.gentle"
"1550","CR04","N","pico","A",10,0,0,0,0,0,0,0,0,0,1,0,26.42,2381.601058,1.855689697,"convex",14.57385738,6.145331217,"low",295.7296987,"NW","convex.gentle"
"1551","CR04","N","psme","A",1,0,0,0,0,0,0,0,0,0,1,0,26.42,2381.601058,1.855689697,"convex",14.57385738,6.145331217,"low",295.7296987,"NW","convex.gentle"
"1552","CR04","N","psme","A",2,0,0,0,0,0,0,0,0,0,1,0,26.42,2381.601058,1.855689697,"convex",14.57385738,6.145331217,"low",295.7296987,"NW","convex.gentle"
"1553","CR04","N","psme","A",3,0,0,0,0,0,0,0,0,0,1,0,26.42,2381.601058,1.855689697,"convex",14.57385738,6.145331217,"low",295.7296987,"NW","convex.gentle"
"1554","CR04","N","psme","A",4,0,0,0,0,0,0,0,0,0,1,0,26.42,2381.601058,1.855689697,"convex",14.57385738,6.145331217,"low",295.7296987,"NW","convex.gentle"
"1555","CR04","N","psme","A",5,0,0,0,0,0,0,0,0,0,1,0,26.42,2381.601058,1.855689697,"convex",14.57385738,6.145331217,"low",295.7296987,"NW","convex.gentle"
"1556","CR04","N","psme","A",6,0,0,0,0,0,0,0,0,0,1,0,26.42,2381.601058,1.855689697,"convex",14.57385738,6.145331217,"low",295.7296987,"NW","convex.gentle"
"1557","CR04","N","psme","A",7,0,0,0,0,0,0,0,0,0,1,0,26.42,2381.601058,1.855689697,"convex",14.57385738,6.145331217,"low",295.7296987,"NW","convex.gentle"
"1558","CR04","N","psme","A",8,0,0,0,0,0,0,0,0,0,1,0,26.42,2381.601058,1.855689697,"convex",14.57385738,6.145331217,"low",295.7296987,"NW","convex.gentle"
"1559","CR04","N","psme","A",9,0,0,0,0,0,0,0,0,0,1,0,26.42,2381.601058,1.855689697,"convex",14.57385738,6.145331217,"low",295.7296987,"NW","convex.gentle"
"1560","CR04","N","psme","A",10,0,0,0,0,0,0,0,0,0,1,0,26.42,2381.601058,1.855689697,"convex",14.57385738,6.145331217,"low",295.7296987,"NW","convex.gentle"
"1561","CR04","S","pico","A",1,0,0,0,0,0,0,0,0,0,1,0,26.42,2381.601058,1.855689697,"convex",14.57385738,6.145331217,"low",295.7296987,"NW","convex.gentle"
"1562","CR04","S","pico","A",2,0,0,0,0,0,0,0,0,0,1,0,26.42,2381.601058,1.855689697,"convex",14.57385738,6.145331217,"low",295.7296987,"NW","convex.gentle"
"1563","CR04","S","pico","A",3,0,0,0,0,0,0,0,0,0,1,0,26.42,2381.601058,1.855689697,"convex",14.57385738,6.145331217,"low",295.7296987,"NW","convex.gentle"
"1564","CR04","S","pico","A",4,0,0,0,0,0,0,0,0,0,1,0,26.42,2381.601058,1.855689697,"convex",14.57385738,6.145331217,"low",295.7296987,"NW","convex.gentle"
"1565","CR04","S","pico","A",5,0,0,0,0,0,0,0,0,0,1,0,26.42,2381.601058,1.855689697,"convex",14.57385738,6.145331217,"low",295.7296987,"NW","convex.gentle"
"1566","CR04","S","pico","A",6,0,0,0,0,0,0,0,0,0,1,0,26.42,2381.601058,1.855689697,"convex",14.57385738,6.145331217,"low",295.7296987,"NW","convex.gentle"
"1567","CR04","S","pico","A",7,0,0,0,0,0,0,0,0,0,1,0,26.42,2381.601058,1.855689697,"convex",14.57385738,6.145331217,"low",295.7296987,"NW","convex.gentle"
"1568","CR04","S","pico","A",8,0,0,0,0,0,0,0,0,0,1,0,26.42,2381.601058,1.855689697,"convex",14.57385738,6.145331217,"low",295.7296987,"NW","convex.gentle"
"1569","CR04","S","pico","A",9,0,0,0,0,0,0,0,0,0,1,0,26.42,2381.601058,1.855689697,"convex",14.57385738,6.145331217,"low",295.7296987,"NW","convex.gentle"
"1570","CR04","S","pico","A",10,0,0,0,0,0,0,0,0,0,1,0,26.42,2381.601058,1.855689697,"convex",14.57385738,6.145331217,"low",295.7296987,"NW","convex.gentle"
"1571","CR04","S","psme","A",1,0,0,0,0,0,0,0,0,0,1,0,26.42,2381.601058,1.855689697,"convex",14.57385738,6.145331217,"low",295.7296987,"NW","convex.gentle"
"1572","CR04","S","psme","A",2,0,0,0,0,0,0,0,0,0,1,0,26.42,2381.601058,1.855689697,"convex",14.57385738,6.145331217,"low",295.7296987,"NW","convex.gentle"
"1573","CR04","S","psme","A",3,0,0,0,0,0,0,0,0,0,1,0,26.42,2381.601058,1.855689697,"convex",14.57385738,6.145331217,"low",295.7296987,"NW","convex.gentle"
"1574","CR04","S","psme","A",4,0,0,0,0,0,0,0,0,0,1,0,26.42,2381.601058,1.855689697,"convex",14.57385738,6.145331217,"low",295.7296987,"NW","convex.gentle"
"1575","CR04","S","psme","A",5,0,0,0,0,0,0,0,0,0,1,0,26.42,2381.601058,1.855689697,"convex",14.57385738,6.145331217,"low",295.7296987,"NW","convex.gentle"
"1576","CR04","S","psme","A",6,0,0,0,0,0,0,0,0,0,1,0,26.42,2381.601058,1.855689697,"convex",14.57385738,6.145331217,"low",295.7296987,"NW","convex.gentle"
"1577","CR04","S","psme","A",7,0,0,0,0,0,0,0,0,0,1,0,26.42,2381.601058,1.855689697,"convex",14.57385738,6.145331217,"low",295.7296987,"NW","convex.gentle"
"1578","CR04","S","psme","A",8,0,0,0,0,0,0,0,0,0,1,0,26.42,2381.601058,1.855689697,"convex",14.57385738,6.145331217,"low",295.7296987,"NW","convex.gentle"
"1579","CR04","S","psme","A",9,0,0,0,0,0,0,0,0,0,1,0,26.42,2381.601058,1.855689697,"convex",14.57385738,6.145331217,"low",295.7296987,"NW","convex.gentle"
"1580","CR04","S","psme","A",10,0,0,0,0,0,0,0,0,0,1,0,26.42,2381.601058,1.855689697,"convex",14.57385738,6.145331217,"low",295.7296987,"NW","convex.gentle"
"1581","CR04","W","pico","A",1,0,0,0,0,0,0,0,0,0,1,0,26.42,2381.601058,1.855689697,"convex",14.57385738,6.145331217,"low",295.7296987,"NW","convex.gentle"
"1582","CR04","W","pico","A",2,0,0,0,0,0,0,0,0,0,1,0,26.42,2381.601058,1.855689697,"convex",14.57385738,6.145331217,"low",295.7296987,"NW","convex.gentle"
"1583","CR04","W","pico","A",3,0,0,0,0,0,0,0,0,0,1,0,26.42,2381.601058,1.855689697,"convex",14.57385738,6.145331217,"low",295.7296987,"NW","convex.gentle"
"1584","CR04","W","pico","A",4,0,0,0,0,0,0,0,0,0,1,0,26.42,2381.601058,1.855689697,"convex",14.57385738,6.145331217,"low",295.7296987,"NW","convex.gentle"
"1585","CR04","W","pico","A",5,0,0,0,0,0,0,0,0,0,1,0,26.42,2381.601058,1.855689697,"convex",14.57385738,6.145331217,"low",295.7296987,"NW","convex.gentle"
"1586","CR04","W","pico","A",6,0,0,0,0,0,0,0,0,0,1,0,26.42,2381.601058,1.855689697,"convex",14.57385738,6.145331217,"low",295.7296987,"NW","convex.gentle"
"1587","CR04","W","pico","A",7,0,0,0,0,0,0,0,0,0,1,0,26.42,2381.601058,1.855689697,"convex",14.57385738,6.145331217,"low",295.7296987,"NW","convex.gentle"
"1588","CR04","W","pico","A",8,0,0,0,0,0,0,0,0,0,1,0,26.42,2381.601058,1.855689697,"convex",14.57385738,6.145331217,"low",295.7296987,"NW","convex.gentle"
"1589","CR04","W","pico","A",9,0,0,0,0,0,0,0,0,0,1,0,26.42,2381.601058,1.855689697,"convex",14.57385738,6.145331217,"low",295.7296987,"NW","convex.gentle"
"1590","CR04","W","pico","A",10,0,0,0,0,0,0,0,0,0,1,0,26.42,2381.601058,1.855689697,"convex",14.57385738,6.145331217,"low",295.7296987,"NW","convex.gentle"
"1591","CR04","W","psme","A",1,0,0,0,0,0,0,0,0,0,1,0,26.42,2381.601058,1.855689697,"convex",14.57385738,6.145331217,"low",295.7296987,"NW","convex.gentle"
"1592","CR04","W","psme","A",2,0,0,0,0,0,0,0,0,0,1,0,26.42,2381.601058,1.855689697,"convex",14.57385738,6.145331217,"low",295.7296987,"NW","convex.gentle"
"1593","CR04","W","psme","A",3,0,0,0,0,0,0,0,0,0,1,0,26.42,2381.601058,1.855689697,"convex",14.57385738,6.145331217,"low",295.7296987,"NW","convex.gentle"
"1594","CR04","W","psme","A",4,0,0,0,0,0,0,0,0,0,1,0,26.42,2381.601058,1.855689697,"convex",14.57385738,6.145331217,"low",295.7296987,"NW","convex.gentle"
"1595","CR04","W","psme","A",5,0,0,0,0,0,0,0,0,0,1,0,26.42,2381.601058,1.855689697,"convex",14.57385738,6.145331217,"low",295.7296987,"NW","convex.gentle"
"1596","CR04","W","psme","A",6,0,0,0,0,0,0,0,0,0,1,0,26.42,2381.601058,1.855689697,"convex",14.57385738,6.145331217,"low",295.7296987,"NW","convex.gentle"
"1597","CR04","W","psme","A",7,0,0,0,0,0,0,0,0,0,1,0,26.42,2381.601058,1.855689697,"convex",14.57385738,6.145331217,"low",295.7296987,"NW","convex.gentle"
"1598","CR04","W","psme","A",8,0,0,0,0,0,0,0,0,0,1,0,26.42,2381.601058,1.855689697,"convex",14.57385738,6.145331217,"low",295.7296987,"NW","convex.gentle"
"1599","CR04","W","psme","A",9,0,0,0,0,0,0,0,0,0,1,0,26.42,2381.601058,1.855689697,"convex",14.57385738,6.145331217,"low",295.7296987,"NW","convex.gentle"
"1600","CR04","W","psme","A",10,0,0,0,0,0,0,0,0,0,1,0,26.42,2381.601058,1.855689697,"convex",14.57385738,6.145331217,"low",295.7296987,"NW","convex.gentle"
"1601","CR04","C","pico","B",1,0,0,0,0,0,0,0,0,0,1,0,26.42,2381.601058,1.855689697,"convex",14.57385738,6.145331217,"low",295.7296987,"NW","convex.gentle"
"1602","CR04","C","pico","B",2,0,0,0,0,0,0,0,0,0,1,0,26.42,2381.601058,1.855689697,"convex",14.57385738,6.145331217,"low",295.7296987,"NW","convex.gentle"
"1603","CR04","C","pico","B",3,0,0,0,0,0,0,0,0,0,1,0,26.42,2381.601058,1.855689697,"convex",14.57385738,6.145331217,"low",295.7296987,"NW","convex.gentle"
"1604","CR04","C","pico","B",4,0,0,0,0,0,0,0,0,0,1,0,26.42,2381.601058,1.855689697,"convex",14.57385738,6.145331217,"low",295.7296987,"NW","convex.gentle"
"1605","CR04","C","pico","B",5,0,0,0,0,0,0,0,0,0,1,0,26.42,2381.601058,1.855689697,"convex",14.57385738,6.145331217,"low",295.7296987,"NW","convex.gentle"
"1606","CR04","C","pico","B",6,0,0,0,0,0,0,0,0,0,1,0,26.42,2381.601058,1.855689697,"convex",14.57385738,6.145331217,"low",295.7296987,"NW","convex.gentle"
"1607","CR04","C","pico","B",7,0,0,0,0,0,0,0,0,0,1,0,26.42,2381.601058,1.855689697,"convex",14.57385738,6.145331217,"low",295.7296987,"NW","convex.gentle"
"1608","CR04","C","pico","B",8,0,0,0,0,0,0,0,0,0,1,0,26.42,2381.601058,1.855689697,"convex",14.57385738,6.145331217,"low",295.7296987,"NW","convex.gentle"
"1609","CR04","C","pico","B",9,0,0,0,0,0,0,0,0,0,1,0,26.42,2381.601058,1.855689697,"convex",14.57385738,6.145331217,"low",295.7296987,"NW","convex.gentle"
"1610","CR04","C","pico","B",10,0,0,0,0,0,0,0,0,0,1,0,26.42,2381.601058,1.855689697,"convex",14.57385738,6.145331217,"low",295.7296987,"NW","convex.gentle"
"1611","CR04","C","psme","B",1,0,0,0,0,0,0,0,0,0,1,0,26.42,2381.601058,1.855689697,"convex",14.57385738,6.145331217,"low",295.7296987,"NW","convex.gentle"
"1612","CR04","C","psme","B",2,0,0,0,0,0,0,0,0,0,1,0,26.42,2381.601058,1.855689697,"convex",14.57385738,6.145331217,"low",295.7296987,"NW","convex.gentle"
"1613","CR04","C","psme","B",3,0,0,0,0,0,0,0,0,0,1,0,26.42,2381.601058,1.855689697,"convex",14.57385738,6.145331217,"low",295.7296987,"NW","convex.gentle"
"1614","CR04","C","psme","B",4,0,0,0,0,0,0,0,0,0,1,0,26.42,2381.601058,1.855689697,"convex",14.57385738,6.145331217,"low",295.7296987,"NW","convex.gentle"
"1615","CR04","C","psme","B",5,0,0,0,0,0,0,0,0,0,1,0,26.42,2381.601058,1.855689697,"convex",14.57385738,6.145331217,"low",295.7296987,"NW","convex.gentle"
"1616","CR04","C","psme","B",6,0,0,0,0,0,0,0,0,0,1,0,26.42,2381.601058,1.855689697,"convex",14.57385738,6.145331217,"low",295.7296987,"NW","convex.gentle"
"1617","CR04","C","psme","B",7,0,0,0,0,0,0,0,0,0,1,0,26.42,2381.601058,1.855689697,"convex",14.57385738,6.145331217,"low",295.7296987,"NW","convex.gentle"
"1618","CR04","C","psme","B",8,0,0,0,0,0,0,0,0,0,1,0,26.42,2381.601058,1.855689697,"convex",14.57385738,6.145331217,"low",295.7296987,"NW","convex.gentle"
"1619","CR04","C","psme","B",9,0,0,0,0,0,0,0,0,0,1,0,26.42,2381.601058,1.855689697,"convex",14.57385738,6.145331217,"low",295.7296987,"NW","convex.gentle"
"1620","CR04","C","psme","B",10,1,0,1,1,0,0,0,0,0,1,0,26.42,2381.601058,1.855689697,"convex",14.57385738,6.145331217,"low",295.7296987,"NW","convex.gentle"
"1621","CR04","E","pico","B",1,0,0,0,0,0,0,0,0,0,1,0,26.42,2381.601058,1.855689697,"convex",14.57385738,6.145331217,"low",295.7296987,"NW","convex.gentle"
"1622","CR04","E","pico","B",2,1,0,1,1,0,0,0,0,0,1,0,26.42,2381.601058,1.855689697,"convex",14.57385738,6.145331217,"low",295.7296987,"NW","convex.gentle"
"1623","CR04","E","pico","B",3,0,0,0,0,0,0,0,0,0,1,0,26.42,2381.601058,1.855689697,"convex",14.57385738,6.145331217,"low",295.7296987,"NW","convex.gentle"
"1624","CR04","E","pico","B",4,0,0,0,0,0,0,0,0,0,1,0,26.42,2381.601058,1.855689697,"convex",14.57385738,6.145331217,"low",295.7296987,"NW","convex.gentle"
"1625","CR04","E","pico","B",5,0,0,0,0,0,0,0,0,0,1,0,26.42,2381.601058,1.855689697,"convex",14.57385738,6.145331217,"low",295.7296987,"NW","convex.gentle"
"1626","CR04","E","pico","B",6,0,0,0,0,0,0,0,0,0,1,0,26.42,2381.601058,1.855689697,"convex",14.57385738,6.145331217,"low",295.7296987,"NW","convex.gentle"
"1627","CR04","E","pico","B",7,0,0,0,0,0,0,0,0,0,1,0,26.42,2381.601058,1.855689697,"convex",14.57385738,6.145331217,"low",295.7296987,"NW","convex.gentle"
"1628","CR04","E","pico","B",8,0,0,0,0,0,0,0,0,0,1,0,26.42,2381.601058,1.855689697,"convex",14.57385738,6.145331217,"low",295.7296987,"NW","convex.gentle"
"1629","CR04","E","pico","B",9,0,0,0,0,0,0,0,0,0,1,0,26.42,2381.601058,1.855689697,"convex",14.57385738,6.145331217,"low",295.7296987,"NW","convex.gentle"
"1630","CR04","E","pico","B",10,0,0,0,0,0,0,0,0,0,1,0,26.42,2381.601058,1.855689697,"convex",14.57385738,6.145331217,"low",295.7296987,"NW","convex.gentle"
"1631","CR04","E","psme","B",1,0,0,0,0,0,0,0,0,0,1,0,26.42,2381.601058,1.855689697,"convex",14.57385738,6.145331217,"low",295.7296987,"NW","convex.gentle"
"1632","CR04","E","psme","B",2,0,0,0,0,0,0,0,0,0,1,0,26.42,2381.601058,1.855689697,"convex",14.57385738,6.145331217,"low",295.7296987,"NW","convex.gentle"
"1633","CR04","E","psme","B",3,0,0,0,0,0,0,0,0,0,1,0,26.42,2381.601058,1.855689697,"convex",14.57385738,6.145331217,"low",295.7296987,"NW","convex.gentle"
"1634","CR04","E","psme","B",4,0,0,0,0,0,0,0,0,0,1,0,26.42,2381.601058,1.855689697,"convex",14.57385738,6.145331217,"low",295.7296987,"NW","convex.gentle"
"1635","CR04","E","psme","B",5,0,0,0,0,0,0,0,0,0,1,0,26.42,2381.601058,1.855689697,"convex",14.57385738,6.145331217,"low",295.7296987,"NW","convex.gentle"
"1636","CR04","E","psme","B",6,0,0,0,0,0,0,0,0,0,1,0,26.42,2381.601058,1.855689697,"convex",14.57385738,6.145331217,"low",295.7296987,"NW","convex.gentle"
"1637","CR04","E","psme","B",7,0,0,0,0,0,0,0,0,0,1,0,26.42,2381.601058,1.855689697,"convex",14.57385738,6.145331217,"low",295.7296987,"NW","convex.gentle"
"1638","CR04","E","psme","B",8,0,0,0,0,0,0,0,0,0,1,0,26.42,2381.601058,1.855689697,"convex",14.57385738,6.145331217,"low",295.7296987,"NW","convex.gentle"
"1639","CR04","E","psme","B",9,0,0,0,0,0,0,0,0,0,1,0,26.42,2381.601058,1.855689697,"convex",14.57385738,6.145331217,"low",295.7296987,"NW","convex.gentle"
"1640","CR04","E","psme","B",10,0,0,0,0,0,0,0,0,0,1,0,26.42,2381.601058,1.855689697,"convex",14.57385738,6.145331217,"low",295.7296987,"NW","convex.gentle"
"1641","CR04","N","pico","B",1,0,0,0,0,0,0,0,0,0,1,0,26.42,2381.601058,1.855689697,"convex",14.57385738,6.145331217,"low",295.7296987,"NW","convex.gentle"
"1642","CR04","N","pico","B",2,0,0,0,0,0,0,0,0,0,1,0,26.42,2381.601058,1.855689697,"convex",14.57385738,6.145331217,"low",295.7296987,"NW","convex.gentle"
"1643","CR04","N","pico","B",3,0,0,0,0,0,0,0,0,0,1,0,26.42,2381.601058,1.855689697,"convex",14.57385738,6.145331217,"low",295.7296987,"NW","convex.gentle"
"1644","CR04","N","pico","B",4,0,0,0,0,0,0,0,0,0,1,0,26.42,2381.601058,1.855689697,"convex",14.57385738,6.145331217,"low",295.7296987,"NW","convex.gentle"
"1645","CR04","N","pico","B",5,0,0,0,0,0,0,0,0,0,1,0,26.42,2381.601058,1.855689697,"convex",14.57385738,6.145331217,"low",295.7296987,"NW","convex.gentle"
"1646","CR04","N","pico","B",6,0,0,0,0,0,0,0,0,0,1,0,26.42,2381.601058,1.855689697,"convex",14.57385738,6.145331217,"low",295.7296987,"NW","convex.gentle"
"1647","CR04","N","pico","B",7,0,0,0,0,0,0,0,0,0,1,0,26.42,2381.601058,1.855689697,"convex",14.57385738,6.145331217,"low",295.7296987,"NW","convex.gentle"
"1648","CR04","N","pico","B",8,0,0,0,0,0,0,0,0,0,1,0,26.42,2381.601058,1.855689697,"convex",14.57385738,6.145331217,"low",295.7296987,"NW","convex.gentle"
"1649","CR04","N","pico","B",9,0,0,0,0,0,0,0,0,0,1,0,26.42,2381.601058,1.855689697,"convex",14.57385738,6.145331217,"low",295.7296987,"NW","convex.gentle"
"1650","CR04","N","pico","B",10,0,0,0,0,0,0,0,0,0,1,0,26.42,2381.601058,1.855689697,"convex",14.57385738,6.145331217,"low",295.7296987,"NW","convex.gentle"
"1651","CR04","N","psme","B",1,0,0,0,0,0,0,0,0,0,1,0,26.42,2381.601058,1.855689697,"convex",14.57385738,6.145331217,"low",295.7296987,"NW","convex.gentle"
"1652","CR04","N","psme","B",2,0,0,0,0,0,0,0,0,0,1,0,26.42,2381.601058,1.855689697,"convex",14.57385738,6.145331217,"low",295.7296987,"NW","convex.gentle"
"1653","CR04","N","psme","B",3,0,0,0,0,0,0,0,0,0,1,0,26.42,2381.601058,1.855689697,"convex",14.57385738,6.145331217,"low",295.7296987,"NW","convex.gentle"
"1654","CR04","N","psme","B",4,0,0,0,0,0,0,0,0,0,1,0,26.42,2381.601058,1.855689697,"convex",14.57385738,6.145331217,"low",295.7296987,"NW","convex.gentle"
"1655","CR04","N","psme","B",5,0,0,0,0,0,0,0,0,0,1,0,26.42,2381.601058,1.855689697,"convex",14.57385738,6.145331217,"low",295.7296987,"NW","convex.gentle"
"1656","CR04","N","psme","B",6,0,0,0,0,0,0,0,0,0,1,0,26.42,2381.601058,1.855689697,"convex",14.57385738,6.145331217,"low",295.7296987,"NW","convex.gentle"
"1657","CR04","N","psme","B",7,0,0,0,0,0,0,0,0,0,1,0,26.42,2381.601058,1.855689697,"convex",14.57385738,6.145331217,"low",295.7296987,"NW","convex.gentle"
"1658","CR04","N","psme","B",8,0,0,0,0,0,0,0,0,0,1,0,26.42,2381.601058,1.855689697,"convex",14.57385738,6.145331217,"low",295.7296987,"NW","convex.gentle"
"1659","CR04","N","psme","B",9,0,0,0,0,0,0,0,0,0,1,0,26.42,2381.601058,1.855689697,"convex",14.57385738,6.145331217,"low",295.7296987,"NW","convex.gentle"
"1660","CR04","N","psme","B",10,0,0,0,0,0,0,0,0,0,1,0,26.42,2381.601058,1.855689697,"convex",14.57385738,6.145331217,"low",295.7296987,"NW","convex.gentle"
"1661","CR04","S","pico","B",1,0,0,0,0,0,0,0,0,0,1,0,26.42,2381.601058,1.855689697,"convex",14.57385738,6.145331217,"low",295.7296987,"NW","convex.gentle"
"1662","CR04","S","pico","B",2,0,0,0,0,0,0,0,0,0,1,0,26.42,2381.601058,1.855689697,"convex",14.57385738,6.145331217,"low",295.7296987,"NW","convex.gentle"
"1663","CR04","S","pico","B",3,0,0,0,0,0,0,0,0,0,1,0,26.42,2381.601058,1.855689697,"convex",14.57385738,6.145331217,"low",295.7296987,"NW","convex.gentle"
"1664","CR04","S","pico","B",4,1,0,1,1,0,0,0,0,0,1,0,26.42,2381.601058,1.855689697,"convex",14.57385738,6.145331217,"low",295.7296987,"NW","convex.gentle"
"1665","CR04","S","pico","B",5,0,0,0,0,0,0,0,0,0,1,0,26.42,2381.601058,1.855689697,"convex",14.57385738,6.145331217,"low",295.7296987,"NW","convex.gentle"
"1666","CR04","S","pico","B",6,0,0,0,0,0,0,0,0,0,1,0,26.42,2381.601058,1.855689697,"convex",14.57385738,6.145331217,"low",295.7296987,"NW","convex.gentle"
"1667","CR04","S","pico","B",7,0,0,0,0,0,0,0,0,0,1,0,26.42,2381.601058,1.855689697,"convex",14.57385738,6.145331217,"low",295.7296987,"NW","convex.gentle"
"1668","CR04","S","pico","B",8,0,0,0,0,0,0,0,0,0,1,0,26.42,2381.601058,1.855689697,"convex",14.57385738,6.145331217,"low",295.7296987,"NW","convex.gentle"
"1669","CR04","S","pico","B",9,0,0,0,0,0,0,0,0,0,1,0,26.42,2381.601058,1.855689697,"convex",14.57385738,6.145331217,"low",295.7296987,"NW","convex.gentle"
"1670","CR04","S","pico","B",10,0,0,0,0,0,0,0,0,0,1,0,26.42,2381.601058,1.855689697,"convex",14.57385738,6.145331217,"low",295.7296987,"NW","convex.gentle"
"1671","CR04","S","psme","B",1,0,0,0,0,0,0,0,0,0,1,0,26.42,2381.601058,1.855689697,"convex",14.57385738,6.145331217,"low",295.7296987,"NW","convex.gentle"
"1672","CR04","S","psme","B",2,0,0,0,0,0,0,0,0,0,1,0,26.42,2381.601058,1.855689697,"convex",14.57385738,6.145331217,"low",295.7296987,"NW","convex.gentle"
"1673","CR04","S","psme","B",3,0,0,0,0,0,0,0,0,0,1,0,26.42,2381.601058,1.855689697,"convex",14.57385738,6.145331217,"low",295.7296987,"NW","convex.gentle"
"1674","CR04","S","psme","B",4,0,0,0,0,0,0,0,0,0,1,0,26.42,2381.601058,1.855689697,"convex",14.57385738,6.145331217,"low",295.7296987,"NW","convex.gentle"
"1675","CR04","S","psme","B",5,0,0,0,0,0,0,0,0,0,1,0,26.42,2381.601058,1.855689697,"convex",14.57385738,6.145331217,"low",295.7296987,"NW","convex.gentle"
"1676","CR04","S","psme","B",6,0,0,0,0,0,0,0,0,0,1,0,26.42,2381.601058,1.855689697,"convex",14.57385738,6.145331217,"low",295.7296987,"NW","convex.gentle"
"1677","CR04","S","psme","B",7,0,0,0,0,0,0,0,0,0,1,0,26.42,2381.601058,1.855689697,"convex",14.57385738,6.145331217,"low",295.7296987,"NW","convex.gentle"
"1678","CR04","S","psme","B",8,0,0,0,0,0,0,0,0,0,1,0,26.42,2381.601058,1.855689697,"convex",14.57385738,6.145331217,"low",295.7296987,"NW","convex.gentle"
"1679","CR04","S","psme","B",9,0,0,0,0,0,0,0,0,0,1,0,26.42,2381.601058,1.855689697,"convex",14.57385738,6.145331217,"low",295.7296987,"NW","convex.gentle"
"1680","CR04","S","psme","B",10,0,0,0,0,0,0,0,0,0,1,0,26.42,2381.601058,1.855689697,"convex",14.57385738,6.145331217,"low",295.7296987,"NW","convex.gentle"
"1681","CR04","W","pico","B",1,0,0,0,0,0,0,0,0,0,1,0,26.42,2381.601058,1.855689697,"convex",14.57385738,6.145331217,"low",295.7296987,"NW","convex.gentle"
"1682","CR04","W","pico","B",2,0,0,0,0,0,0,0,0,0,1,0,26.42,2381.601058,1.855689697,"convex",14.57385738,6.145331217,"low",295.7296987,"NW","convex.gentle"
"1683","CR04","W","pico","B",3,0,0,0,0,0,0,0,0,0,1,0,26.42,2381.601058,1.855689697,"convex",14.57385738,6.145331217,"low",295.7296987,"NW","convex.gentle"
"1684","CR04","W","pico","B",4,0,0,0,0,0,0,0,0,0,1,0,26.42,2381.601058,1.855689697,"convex",14.57385738,6.145331217,"low",295.7296987,"NW","convex.gentle"
"1685","CR04","W","pico","B",5,0,0,0,0,0,0,0,0,0,1,0,26.42,2381.601058,1.855689697,"convex",14.57385738,6.145331217,"low",295.7296987,"NW","convex.gentle"
"1686","CR04","W","pico","B",6,0,0,0,0,0,0,0,0,0,1,0,26.42,2381.601058,1.855689697,"convex",14.57385738,6.145331217,"low",295.7296987,"NW","convex.gentle"
"1687","CR04","W","pico","B",7,0,0,0,0,0,0,0,0,0,1,0,26.42,2381.601058,1.855689697,"convex",14.57385738,6.145331217,"low",295.7296987,"NW","convex.gentle"
"1688","CR04","W","pico","B",8,0,0,0,0,0,0,0,0,0,1,0,26.42,2381.601058,1.855689697,"convex",14.57385738,6.145331217,"low",295.7296987,"NW","convex.gentle"
"1689","CR04","W","pico","B",9,0,0,0,0,0,0,0,0,0,1,0,26.42,2381.601058,1.855689697,"convex",14.57385738,6.145331217,"low",295.7296987,"NW","convex.gentle"
"1690","CR04","W","pico","B",10,0,0,0,0,0,0,0,0,0,1,0,26.42,2381.601058,1.855689697,"convex",14.57385738,6.145331217,"low",295.7296987,"NW","convex.gentle"
"1691","CR04","W","psme","B",1,0,0,0,0,0,0,0,0,0,1,0,26.42,2381.601058,1.855689697,"convex",14.57385738,6.145331217,"low",295.7296987,"NW","convex.gentle"
"1692","CR04","W","psme","B",2,0,0,0,0,0,0,0,0,0,1,0,26.42,2381.601058,1.855689697,"convex",14.57385738,6.145331217,"low",295.7296987,"NW","convex.gentle"
"1693","CR04","W","psme","B",3,0,0,0,0,0,0,0,0,0,1,0,26.42,2381.601058,1.855689697,"convex",14.57385738,6.145331217,"low",295.7296987,"NW","convex.gentle"
"1694","CR04","W","psme","B",4,0,0,0,0,0,0,0,0,0,1,0,26.42,2381.601058,1.855689697,"convex",14.57385738,6.145331217,"low",295.7296987,"NW","convex.gentle"
"1695","CR04","W","psme","B",5,0,0,0,0,0,0,0,0,0,1,0,26.42,2381.601058,1.855689697,"convex",14.57385738,6.145331217,"low",295.7296987,"NW","convex.gentle"
"1696","CR04","W","psme","B",6,0,0,0,0,0,0,0,0,0,1,0,26.42,2381.601058,1.855689697,"convex",14.57385738,6.145331217,"low",295.7296987,"NW","convex.gentle"
"1697","CR04","W","psme","B",7,0,0,0,0,0,0,0,0,0,1,0,26.42,2381.601058,1.855689697,"convex",14.57385738,6.145331217,"low",295.7296987,"NW","convex.gentle"
"1698","CR04","W","psme","B",8,0,0,0,0,0,0,0,0,0,1,0,26.42,2381.601058,1.855689697,"convex",14.57385738,6.145331217,"low",295.7296987,"NW","convex.gentle"
"1699","CR04","W","psme","B",9,0,0,0,0,0,0,0,0,0,1,0,26.42,2381.601058,1.855689697,"convex",14.57385738,6.145331217,"low",295.7296987,"NW","convex.gentle"
"1700","CR04","W","psme","B",10,0,0,0,0,0,0,0,0,0,1,0,26.42,2381.601058,1.855689697,"convex",14.57385738,6.145331217,"low",295.7296987,"NW","convex.gentle"
"1701","CR04","C","pico","C",1,0,0,0,0,0,0,0,0,0,1,0,26.42,2381.601058,1.855689697,"convex",14.57385738,6.145331217,"low",295.7296987,"NW","convex.gentle"
"1702","CR04","C","pico","C",2,0,0,0,0,0,0,0,0,0,1,0,26.42,2381.601058,1.855689697,"convex",14.57385738,6.145331217,"low",295.7296987,"NW","convex.gentle"
"1703","CR04","C","pico","C",3,0,0,0,0,0,0,0,0,0,1,0,26.42,2381.601058,1.855689697,"convex",14.57385738,6.145331217,"low",295.7296987,"NW","convex.gentle"
"1704","CR04","C","pico","C",4,0,0,0,0,0,0,0,0,0,1,0,26.42,2381.601058,1.855689697,"convex",14.57385738,6.145331217,"low",295.7296987,"NW","convex.gentle"
"1705","CR04","C","pico","C",5,0,0,0,0,0,0,0,0,0,1,0,26.42,2381.601058,1.855689697,"convex",14.57385738,6.145331217,"low",295.7296987,"NW","convex.gentle"
"1706","CR04","C","pico","C",6,0,0,0,0,0,0,0,0,0,1,0,26.42,2381.601058,1.855689697,"convex",14.57385738,6.145331217,"low",295.7296987,"NW","convex.gentle"
"1707","CR04","C","pico","C",7,0,0,0,0,0,0,0,0,0,1,0,26.42,2381.601058,1.855689697,"convex",14.57385738,6.145331217,"low",295.7296987,"NW","convex.gentle"
"1708","CR04","C","pico","C",8,0,0,0,0,0,0,0,0,0,1,0,26.42,2381.601058,1.855689697,"convex",14.57385738,6.145331217,"low",295.7296987,"NW","convex.gentle"
"1709","CR04","C","pico","C",9,0,0,0,0,0,0,0,0,0,1,0,26.42,2381.601058,1.855689697,"convex",14.57385738,6.145331217,"low",295.7296987,"NW","convex.gentle"
"1710","CR04","C","pico","C",10,0,0,0,0,0,0,0,0,0,1,0,26.42,2381.601058,1.855689697,"convex",14.57385738,6.145331217,"low",295.7296987,"NW","convex.gentle"
"1711","CR04","C","psme","C",1,0,0,0,0,0,0,0,0,0,1,0,26.42,2381.601058,1.855689697,"convex",14.57385738,6.145331217,"low",295.7296987,"NW","convex.gentle"
"1712","CR04","C","psme","C",2,0,0,0,0,0,0,0,0,0,1,0,26.42,2381.601058,1.855689697,"convex",14.57385738,6.145331217,"low",295.7296987,"NW","convex.gentle"
"1713","CR04","C","psme","C",3,0,0,0,0,0,0,0,0,0,1,0,26.42,2381.601058,1.855689697,"convex",14.57385738,6.145331217,"low",295.7296987,"NW","convex.gentle"
"1714","CR04","C","psme","C",4,0,0,0,0,0,0,0,0,0,1,0,26.42,2381.601058,1.855689697,"convex",14.57385738,6.145331217,"low",295.7296987,"NW","convex.gentle"
"1715","CR04","C","psme","C",5,0,0,0,0,0,0,0,0,0,1,0,26.42,2381.601058,1.855689697,"convex",14.57385738,6.145331217,"low",295.7296987,"NW","convex.gentle"
"1716","CR04","C","psme","C",6,0,0,0,0,0,0,0,0,0,1,0,26.42,2381.601058,1.855689697,"convex",14.57385738,6.145331217,"low",295.7296987,"NW","convex.gentle"
"1717","CR04","C","psme","C",7,0,0,0,0,0,0,0,0,0,1,0,26.42,2381.601058,1.855689697,"convex",14.57385738,6.145331217,"low",295.7296987,"NW","convex.gentle"
"1718","CR04","C","psme","C",8,0,0,0,0,0,0,0,0,0,1,0,26.42,2381.601058,1.855689697,"convex",14.57385738,6.145331217,"low",295.7296987,"NW","convex.gentle"
"1719","CR04","C","psme","C",9,0,0,0,0,0,0,0,0,0,1,0,26.42,2381.601058,1.855689697,"convex",14.57385738,6.145331217,"low",295.7296987,"NW","convex.gentle"
"1720","CR04","C","psme","C",10,0,0,0,0,0,0,0,0,0,1,0,26.42,2381.601058,1.855689697,"convex",14.57385738,6.145331217,"low",295.7296987,"NW","convex.gentle"
"1721","CR04","E","pico","C",1,0,0,0,0,0,0,0,0,0,1,0,26.42,2381.601058,1.855689697,"convex",14.57385738,6.145331217,"low",295.7296987,"NW","convex.gentle"
"1722","CR04","E","pico","C",2,0,0,0,0,0,0,0,0,0,1,0,26.42,2381.601058,1.855689697,"convex",14.57385738,6.145331217,"low",295.7296987,"NW","convex.gentle"
"1723","CR04","E","pico","C",3,0,0,0,0,0,0,0,0,0,1,0,26.42,2381.601058,1.855689697,"convex",14.57385738,6.145331217,"low",295.7296987,"NW","convex.gentle"
"1724","CR04","E","pico","C",4,0,0,0,0,0,0,0,0,0,1,0,26.42,2381.601058,1.855689697,"convex",14.57385738,6.145331217,"low",295.7296987,"NW","convex.gentle"
"1725","CR04","E","pico","C",5,0,0,0,0,0,0,0,0,0,1,1,26.42,2381.601058,1.855689697,"convex",14.57385738,6.145331217,"low",295.7296987,"NW","convex.gentle"
"1726","CR04","E","pico","C",6,0,0,0,0,0,0,0,0,0,1,0,26.42,2381.601058,1.855689697,"convex",14.57385738,6.145331217,"low",295.7296987,"NW","convex.gentle"
"1727","CR04","E","pico","C",7,0,0,0,0,0,0,0,0,0,1,0,26.42,2381.601058,1.855689697,"convex",14.57385738,6.145331217,"low",295.7296987,"NW","convex.gentle"
"1728","CR04","E","pico","C",8,0,0,0,0,0,0,0,0,0,1,0,26.42,2381.601058,1.855689697,"convex",14.57385738,6.145331217,"low",295.7296987,"NW","convex.gentle"
"1729","CR04","E","pico","C",9,0,0,0,0,0,0,0,0,0,1,0,26.42,2381.601058,1.855689697,"convex",14.57385738,6.145331217,"low",295.7296987,"NW","convex.gentle"
"1730","CR04","E","pico","C",10,0,0,0,0,0,0,0,0,0,1,0,26.42,2381.601058,1.855689697,"convex",14.57385738,6.145331217,"low",295.7296987,"NW","convex.gentle"
"1731","CR04","E","psme","C",1,0,0,0,0,0,0,0,0,0,1,0,26.42,2381.601058,1.855689697,"convex",14.57385738,6.145331217,"low",295.7296987,"NW","convex.gentle"
"1732","CR04","E","psme","C",2,0,0,0,0,0,0,0,0,0,1,0,26.42,2381.601058,1.855689697,"convex",14.57385738,6.145331217,"low",295.7296987,"NW","convex.gentle"
"1733","CR04","E","psme","C",3,0,0,0,0,0,0,0,0,0,1,0,26.42,2381.601058,1.855689697,"convex",14.57385738,6.145331217,"low",295.7296987,"NW","convex.gentle"
"1734","CR04","E","psme","C",4,0,0,0,0,0,0,0,0,0,1,0,26.42,2381.601058,1.855689697,"convex",14.57385738,6.145331217,"low",295.7296987,"NW","convex.gentle"
"1735","CR04","E","psme","C",5,0,0,0,0,0,0,0,0,0,1,0,26.42,2381.601058,1.855689697,"convex",14.57385738,6.145331217,"low",295.7296987,"NW","convex.gentle"
"1736","CR04","E","psme","C",6,0,0,0,0,0,0,0,0,0,1,0,26.42,2381.601058,1.855689697,"convex",14.57385738,6.145331217,"low",295.7296987,"NW","convex.gentle"
"1737","CR04","E","psme","C",7,0,0,0,0,0,0,0,0,0,1,0,26.42,2381.601058,1.855689697,"convex",14.57385738,6.145331217,"low",295.7296987,"NW","convex.gentle"
"1738","CR04","E","psme","C",8,0,0,0,0,0,0,0,0,0,1,0,26.42,2381.601058,1.855689697,"convex",14.57385738,6.145331217,"low",295.7296987,"NW","convex.gentle"
"1739","CR04","E","psme","C",9,0,0,0,0,0,0,0,0,0,1,0,26.42,2381.601058,1.855689697,"convex",14.57385738,6.145331217,"low",295.7296987,"NW","convex.gentle"
"1740","CR04","E","psme","C",10,0,0,0,0,0,0,0,0,0,1,0,26.42,2381.601058,1.855689697,"convex",14.57385738,6.145331217,"low",295.7296987,"NW","convex.gentle"
"1741","CR04","N","pico","C",1,0,0,0,0,0,0,0,0,0,1,0,26.42,2381.601058,1.855689697,"convex",14.57385738,6.145331217,"low",295.7296987,"NW","convex.gentle"
"1742","CR04","N","pico","C",2,0,0,0,0,0,0,0,0,0,1,0,26.42,2381.601058,1.855689697,"convex",14.57385738,6.145331217,"low",295.7296987,"NW","convex.gentle"
"1743","CR04","N","pico","C",3,0,0,0,0,0,0,0,0,0,1,0,26.42,2381.601058,1.855689697,"convex",14.57385738,6.145331217,"low",295.7296987,"NW","convex.gentle"
"1744","CR04","N","pico","C",4,0,0,0,0,0,0,0,0,0,1,0,26.42,2381.601058,1.855689697,"convex",14.57385738,6.145331217,"low",295.7296987,"NW","convex.gentle"
"1745","CR04","N","pico","C",5,0,0,0,0,0,0,0,0,0,1,0,26.42,2381.601058,1.855689697,"convex",14.57385738,6.145331217,"low",295.7296987,"NW","convex.gentle"
"1746","CR04","N","pico","C",6,0,0,0,0,0,0,0,0,0,1,0,26.42,2381.601058,1.855689697,"convex",14.57385738,6.145331217,"low",295.7296987,"NW","convex.gentle"
"1747","CR04","N","pico","C",7,0,0,0,0,0,0,0,0,0,1,0,26.42,2381.601058,1.855689697,"convex",14.57385738,6.145331217,"low",295.7296987,"NW","convex.gentle"
"1748","CR04","N","pico","C",8,0,0,0,0,0,0,0,0,0,1,0,26.42,2381.601058,1.855689697,"convex",14.57385738,6.145331217,"low",295.7296987,"NW","convex.gentle"
"1749","CR04","N","pico","C",9,0,0,0,0,0,0,0,0,0,1,0,26.42,2381.601058,1.855689697,"convex",14.57385738,6.145331217,"low",295.7296987,"NW","convex.gentle"
"1750","CR04","N","pico","C",10,0,0,0,0,0,0,0,0,0,1,0,26.42,2381.601058,1.855689697,"convex",14.57385738,6.145331217,"low",295.7296987,"NW","convex.gentle"
"1751","CR04","N","psme","C",1,0,0,0,0,0,0,0,0,0,1,0,26.42,2381.601058,1.855689697,"convex",14.57385738,6.145331217,"low",295.7296987,"NW","convex.gentle"
"1752","CR04","N","psme","C",2,0,0,0,0,0,0,0,0,0,1,0,26.42,2381.601058,1.855689697,"convex",14.57385738,6.145331217,"low",295.7296987,"NW","convex.gentle"
"1753","CR04","N","psme","C",3,0,0,0,0,0,0,0,0,0,1,0,26.42,2381.601058,1.855689697,"convex",14.57385738,6.145331217,"low",295.7296987,"NW","convex.gentle"
"1754","CR04","N","psme","C",4,0,0,0,0,0,0,0,0,0,1,0,26.42,2381.601058,1.855689697,"convex",14.57385738,6.145331217,"low",295.7296987,"NW","convex.gentle"
"1755","CR04","N","psme","C",5,0,0,0,0,0,0,0,0,0,1,0,26.42,2381.601058,1.855689697,"convex",14.57385738,6.145331217,"low",295.7296987,"NW","convex.gentle"
"1756","CR04","N","psme","C",6,0,0,0,0,0,0,0,0,0,1,0,26.42,2381.601058,1.855689697,"convex",14.57385738,6.145331217,"low",295.7296987,"NW","convex.gentle"
"1757","CR04","N","psme","C",7,0,0,0,0,0,0,0,0,0,1,0,26.42,2381.601058,1.855689697,"convex",14.57385738,6.145331217,"low",295.7296987,"NW","convex.gentle"
"1758","CR04","N","psme","C",8,0,0,0,0,0,0,0,0,0,1,0,26.42,2381.601058,1.855689697,"convex",14.57385738,6.145331217,"low",295.7296987,"NW","convex.gentle"
"1759","CR04","N","psme","C",9,0,0,0,0,0,0,0,0,0,1,0,26.42,2381.601058,1.855689697,"convex",14.57385738,6.145331217,"low",295.7296987,"NW","convex.gentle"
"1760","CR04","N","psme","C",10,0,0,0,0,0,0,0,0,0,1,0,26.42,2381.601058,1.855689697,"convex",14.57385738,6.145331217,"low",295.7296987,"NW","convex.gentle"
"1761","CR04","S","pico","C",1,0,0,0,0,0,0,0,0,0,1,0,26.42,2381.601058,1.855689697,"convex",14.57385738,6.145331217,"low",295.7296987,"NW","convex.gentle"
"1762","CR04","S","pico","C",2,0,0,0,0,0,0,0,0,0,1,0,26.42,2381.601058,1.855689697,"convex",14.57385738,6.145331217,"low",295.7296987,"NW","convex.gentle"
"1763","CR04","S","pico","C",3,0,0,0,0,0,0,0,0,0,1,0,26.42,2381.601058,1.855689697,"convex",14.57385738,6.145331217,"low",295.7296987,"NW","convex.gentle"
"1764","CR04","S","pico","C",4,0,0,0,0,0,0,0,0,0,1,0,26.42,2381.601058,1.855689697,"convex",14.57385738,6.145331217,"low",295.7296987,"NW","convex.gentle"
"1765","CR04","S","pico","C",5,0,0,0,0,0,0,0,0,0,1,0,26.42,2381.601058,1.855689697,"convex",14.57385738,6.145331217,"low",295.7296987,"NW","convex.gentle"
"1766","CR04","S","pico","C",6,0,0,0,0,0,0,0,0,0,1,0,26.42,2381.601058,1.855689697,"convex",14.57385738,6.145331217,"low",295.7296987,"NW","convex.gentle"
"1767","CR04","S","pico","C",7,0,0,0,0,0,0,0,0,0,1,0,26.42,2381.601058,1.855689697,"convex",14.57385738,6.145331217,"low",295.7296987,"NW","convex.gentle"
"1768","CR04","S","pico","C",8,0,0,0,0,0,0,0,0,0,1,0,26.42,2381.601058,1.855689697,"convex",14.57385738,6.145331217,"low",295.7296987,"NW","convex.gentle"
"1769","CR04","S","pico","C",9,0,0,0,0,0,0,0,0,0,1,0,26.42,2381.601058,1.855689697,"convex",14.57385738,6.145331217,"low",295.7296987,"NW","convex.gentle"
"1770","CR04","S","pico","C",10,0,0,0,0,0,0,0,0,0,1,0,26.42,2381.601058,1.855689697,"convex",14.57385738,6.145331217,"low",295.7296987,"NW","convex.gentle"
"1771","CR04","S","psme","C",1,0,0,0,0,0,0,0,0,0,1,0,26.42,2381.601058,1.855689697,"convex",14.57385738,6.145331217,"low",295.7296987,"NW","convex.gentle"
"1772","CR04","S","psme","C",2,0,0,0,0,0,0,0,0,0,1,0,26.42,2381.601058,1.855689697,"convex",14.57385738,6.145331217,"low",295.7296987,"NW","convex.gentle"
"1773","CR04","S","psme","C",3,0,0,0,0,0,0,0,0,0,1,0,26.42,2381.601058,1.855689697,"convex",14.57385738,6.145331217,"low",295.7296987,"NW","convex.gentle"
"1774","CR04","S","psme","C",4,0,0,0,0,0,0,0,0,0,1,0,26.42,2381.601058,1.855689697,"convex",14.57385738,6.145331217,"low",295.7296987,"NW","convex.gentle"
"1775","CR04","S","psme","C",5,0,0,0,0,0,0,0,0,0,1,0,26.42,2381.601058,1.855689697,"convex",14.57385738,6.145331217,"low",295.7296987,"NW","convex.gentle"
"1776","CR04","S","psme","C",6,0,0,0,0,0,0,0,0,0,1,0,26.42,2381.601058,1.855689697,"convex",14.57385738,6.145331217,"low",295.7296987,"NW","convex.gentle"
"1777","CR04","S","psme","C",7,0,0,0,0,0,0,0,0,0,1,0,26.42,2381.601058,1.855689697,"convex",14.57385738,6.145331217,"low",295.7296987,"NW","convex.gentle"
"1778","CR04","S","psme","C",8,0,0,0,0,0,0,0,0,0,1,0,26.42,2381.601058,1.855689697,"convex",14.57385738,6.145331217,"low",295.7296987,"NW","convex.gentle"
"1779","CR04","S","psme","C",9,0,0,0,0,0,0,0,0,0,1,0,26.42,2381.601058,1.855689697,"convex",14.57385738,6.145331217,"low",295.7296987,"NW","convex.gentle"
"1780","CR04","S","psme","C",10,0,0,0,0,0,0,0,0,0,1,0,26.42,2381.601058,1.855689697,"convex",14.57385738,6.145331217,"low",295.7296987,"NW","convex.gentle"
"1781","CR04","W","pico","C",1,0,0,0,0,0,0,0,0,0,1,0,26.42,2381.601058,1.855689697,"convex",14.57385738,6.145331217,"low",295.7296987,"NW","convex.gentle"
"1782","CR04","W","pico","C",2,0,0,0,0,0,0,0,0,0,1,0,26.42,2381.601058,1.855689697,"convex",14.57385738,6.145331217,"low",295.7296987,"NW","convex.gentle"
"1783","CR04","W","pico","C",3,1,0,1,1,0,0,0,0,0,1,0,26.42,2381.601058,1.855689697,"convex",14.57385738,6.145331217,"low",295.7296987,"NW","convex.gentle"
"1784","CR04","W","pico","C",4,0,0,0,0,0,0,0,0,0,1,0,26.42,2381.601058,1.855689697,"convex",14.57385738,6.145331217,"low",295.7296987,"NW","convex.gentle"
"1785","CR04","W","pico","C",5,0,0,0,0,0,0,0,0,0,1,0,26.42,2381.601058,1.855689697,"convex",14.57385738,6.145331217,"low",295.7296987,"NW","convex.gentle"
"1786","CR04","W","pico","C",6,0,0,0,0,0,0,0,0,0,1,0,26.42,2381.601058,1.855689697,"convex",14.57385738,6.145331217,"low",295.7296987,"NW","convex.gentle"
"1787","CR04","W","pico","C",7,0,0,0,0,0,0,0,0,0,1,0,26.42,2381.601058,1.855689697,"convex",14.57385738,6.145331217,"low",295.7296987,"NW","convex.gentle"
"1788","CR04","W","pico","C",8,0,0,0,0,0,0,0,0,0,1,0,26.42,2381.601058,1.855689697,"convex",14.57385738,6.145331217,"low",295.7296987,"NW","convex.gentle"
"1789","CR04","W","pico","C",9,0,0,0,0,0,0,0,0,0,1,0,26.42,2381.601058,1.855689697,"convex",14.57385738,6.145331217,"low",295.7296987,"NW","convex.gentle"
"1790","CR04","W","pico","C",10,0,0,0,0,0,0,0,0,0,1,0,26.42,2381.601058,1.855689697,"convex",14.57385738,6.145331217,"low",295.7296987,"NW","convex.gentle"
"1791","CR04","W","psme","C",1,0,0,0,0,0,0,0,0,0,1,0,26.42,2381.601058,1.855689697,"convex",14.57385738,6.145331217,"low",295.7296987,"NW","convex.gentle"
"1792","CR04","W","psme","C",2,0,0,0,0,0,0,0,0,0,1,0,26.42,2381.601058,1.855689697,"convex",14.57385738,6.145331217,"low",295.7296987,"NW","convex.gentle"
"1793","CR04","W","psme","C",3,0,0,0,0,0,0,0,0,0,1,0,26.42,2381.601058,1.855689697,"convex",14.57385738,6.145331217,"low",295.7296987,"NW","convex.gentle"
"1794","CR04","W","psme","C",4,0,0,0,0,0,0,0,0,0,1,0,26.42,2381.601058,1.855689697,"convex",14.57385738,6.145331217,"low",295.7296987,"NW","convex.gentle"
"1795","CR04","W","psme","C",5,0,0,0,0,0,0,0,0,0,1,0,26.42,2381.601058,1.855689697,"convex",14.57385738,6.145331217,"low",295.7296987,"NW","convex.gentle"
"1796","CR04","W","psme","C",6,0,0,0,0,0,0,0,0,0,1,0,26.42,2381.601058,1.855689697,"convex",14.57385738,6.145331217,"low",295.7296987,"NW","convex.gentle"
"1797","CR04","W","psme","C",7,0,0,0,0,0,0,0,0,0,1,0,26.42,2381.601058,1.855689697,"convex",14.57385738,6.145331217,"low",295.7296987,"NW","convex.gentle"
"1798","CR04","W","psme","C",8,0,0,0,0,0,0,0,0,0,1,0,26.42,2381.601058,1.855689697,"convex",14.57385738,6.145331217,"low",295.7296987,"NW","convex.gentle"
"1799","CR04","W","psme","C",9,0,0,0,0,0,0,0,0,0,1,0,26.42,2381.601058,1.855689697,"convex",14.57385738,6.145331217,"low",295.7296987,"NW","convex.gentle"
"1800","CR04","W","psme","C",10,0,0,0,0,0,0,0,0,0,1,0,26.42,2381.601058,1.855689697,"convex",14.57385738,6.145331217,"low",295.7296987,"NW","convex.gentle"
"1801","CR04","C","pico","D",1,0,0,0,0,0,0,0,0,0,1,0,26.42,2381.601058,1.855689697,"convex",14.57385738,6.145331217,"low",295.7296987,"NW","convex.gentle"
"1802","CR04","C","pico","D",2,0,0,0,0,0,0,0,0,0,1,0,26.42,2381.601058,1.855689697,"convex",14.57385738,6.145331217,"low",295.7296987,"NW","convex.gentle"
"1803","CR04","C","pico","D",3,0,0,0,0,0,0,0,0,0,1,0,26.42,2381.601058,1.855689697,"convex",14.57385738,6.145331217,"low",295.7296987,"NW","convex.gentle"
"1804","CR04","C","pico","D",4,0,0,0,0,0,0,0,0,0,1,0,26.42,2381.601058,1.855689697,"convex",14.57385738,6.145331217,"low",295.7296987,"NW","convex.gentle"
"1805","CR04","C","pico","D",5,0,0,0,0,0,0,0,0,0,1,0,26.42,2381.601058,1.855689697,"convex",14.57385738,6.145331217,"low",295.7296987,"NW","convex.gentle"
"1806","CR04","C","pico","D",6,0,0,0,0,0,0,0,0,0,1,0,26.42,2381.601058,1.855689697,"convex",14.57385738,6.145331217,"low",295.7296987,"NW","convex.gentle"
"1807","CR04","C","pico","D",7,0,0,0,0,0,0,0,0,0,1,0,26.42,2381.601058,1.855689697,"convex",14.57385738,6.145331217,"low",295.7296987,"NW","convex.gentle"
"1808","CR04","C","pico","D",8,0,0,0,0,0,0,0,0,0,1,0,26.42,2381.601058,1.855689697,"convex",14.57385738,6.145331217,"low",295.7296987,"NW","convex.gentle"
"1809","CR04","C","pico","D",9,0,0,0,0,0,0,0,0,0,1,0,26.42,2381.601058,1.855689697,"convex",14.57385738,6.145331217,"low",295.7296987,"NW","convex.gentle"
"1810","CR04","C","pico","D",10,0,0,0,0,0,0,0,0,0,1,0,26.42,2381.601058,1.855689697,"convex",14.57385738,6.145331217,"low",295.7296987,"NW","convex.gentle"
"1811","CR04","C","psme","D",1,0,0,0,0,0,0,0,0,0,1,0,26.42,2381.601058,1.855689697,"convex",14.57385738,6.145331217,"low",295.7296987,"NW","convex.gentle"
"1812","CR04","C","psme","D",2,0,0,0,0,0,0,0,0,0,1,0,26.42,2381.601058,1.855689697,"convex",14.57385738,6.145331217,"low",295.7296987,"NW","convex.gentle"
"1813","CR04","C","psme","D",3,0,0,0,0,0,0,0,0,0,1,0,26.42,2381.601058,1.855689697,"convex",14.57385738,6.145331217,"low",295.7296987,"NW","convex.gentle"
"1814","CR04","C","psme","D",4,0,0,0,0,0,0,0,0,0,1,0,26.42,2381.601058,1.855689697,"convex",14.57385738,6.145331217,"low",295.7296987,"NW","convex.gentle"
"1815","CR04","C","psme","D",5,0,0,0,0,0,0,0,0,0,1,0,26.42,2381.601058,1.855689697,"convex",14.57385738,6.145331217,"low",295.7296987,"NW","convex.gentle"
"1816","CR04","C","psme","D",6,0,0,0,0,0,0,0,0,0,1,0,26.42,2381.601058,1.855689697,"convex",14.57385738,6.145331217,"low",295.7296987,"NW","convex.gentle"
"1817","CR04","C","psme","D",7,0,0,0,0,0,0,0,0,0,1,0,26.42,2381.601058,1.855689697,"convex",14.57385738,6.145331217,"low",295.7296987,"NW","convex.gentle"
"1818","CR04","C","psme","D",8,0,0,0,0,0,0,0,0,0,1,0,26.42,2381.601058,1.855689697,"convex",14.57385738,6.145331217,"low",295.7296987,"NW","convex.gentle"
"1819","CR04","C","psme","D",9,0,0,0,0,0,0,0,0,0,1,0,26.42,2381.601058,1.855689697,"convex",14.57385738,6.145331217,"low",295.7296987,"NW","convex.gentle"
"1820","CR04","C","psme","D",10,0,0,0,0,0,0,0,0,0,1,0,26.42,2381.601058,1.855689697,"convex",14.57385738,6.145331217,"low",295.7296987,"NW","convex.gentle"
"1821","CR04","E","pico","D",1,0,0,0,0,0,0,0,0,0,1,0,26.42,2381.601058,1.855689697,"convex",14.57385738,6.145331217,"low",295.7296987,"NW","convex.gentle"
"1822","CR04","E","pico","D",2,0,0,0,0,0,0,0,0,0,1,0,26.42,2381.601058,1.855689697,"convex",14.57385738,6.145331217,"low",295.7296987,"NW","convex.gentle"
"1823","CR04","E","pico","D",3,0,0,0,0,0,0,0,0,0,1,0,26.42,2381.601058,1.855689697,"convex",14.57385738,6.145331217,"low",295.7296987,"NW","convex.gentle"
"1824","CR04","E","pico","D",4,0,0,0,0,0,0,0,0,0,1,0,26.42,2381.601058,1.855689697,"convex",14.57385738,6.145331217,"low",295.7296987,"NW","convex.gentle"
"1825","CR04","E","pico","D",5,1,0,1,1,0,0,0,0,0,1,1,26.42,2381.601058,1.855689697,"convex",14.57385738,6.145331217,"low",295.7296987,"NW","convex.gentle"
"1826","CR04","E","pico","D",6,0,0,0,0,0,0,0,0,0,1,0,26.42,2381.601058,1.855689697,"convex",14.57385738,6.145331217,"low",295.7296987,"NW","convex.gentle"
"1827","CR04","E","pico","D",7,0,0,0,0,0,0,0,0,0,1,0,26.42,2381.601058,1.855689697,"convex",14.57385738,6.145331217,"low",295.7296987,"NW","convex.gentle"
"1828","CR04","E","pico","D",8,0,0,0,0,0,0,0,0,0,1,0,26.42,2381.601058,1.855689697,"convex",14.57385738,6.145331217,"low",295.7296987,"NW","convex.gentle"
"1829","CR04","E","pico","D",9,0,0,0,0,0,0,0,0,0,1,0,26.42,2381.601058,1.855689697,"convex",14.57385738,6.145331217,"low",295.7296987,"NW","convex.gentle"
"1830","CR04","E","pico","D",10,0,0,0,0,0,0,0,0,0,1,0,26.42,2381.601058,1.855689697,"convex",14.57385738,6.145331217,"low",295.7296987,"NW","convex.gentle"
"1831","CR04","E","psme","D",1,0,0,0,0,0,0,0,0,0,1,0,26.42,2381.601058,1.855689697,"convex",14.57385738,6.145331217,"low",295.7296987,"NW","convex.gentle"
"1832","CR04","E","psme","D",2,0,0,0,0,0,0,0,0,0,1,0,26.42,2381.601058,1.855689697,"convex",14.57385738,6.145331217,"low",295.7296987,"NW","convex.gentle"
"1833","CR04","E","psme","D",3,0,0,0,0,0,0,0,0,0,1,0,26.42,2381.601058,1.855689697,"convex",14.57385738,6.145331217,"low",295.7296987,"NW","convex.gentle"
"1834","CR04","E","psme","D",4,0,0,0,0,0,0,0,0,0,1,0,26.42,2381.601058,1.855689697,"convex",14.57385738,6.145331217,"low",295.7296987,"NW","convex.gentle"
"1835","CR04","E","psme","D",5,0,0,0,0,0,0,0,0,0,1,0,26.42,2381.601058,1.855689697,"convex",14.57385738,6.145331217,"low",295.7296987,"NW","convex.gentle"
"1836","CR04","E","psme","D",6,0,0,0,0,0,0,0,0,0,1,0,26.42,2381.601058,1.855689697,"convex",14.57385738,6.145331217,"low",295.7296987,"NW","convex.gentle"
"1837","CR04","E","psme","D",7,0,0,0,0,0,0,0,0,0,1,0,26.42,2381.601058,1.855689697,"convex",14.57385738,6.145331217,"low",295.7296987,"NW","convex.gentle"
"1838","CR04","E","psme","D",8,0,0,0,0,0,0,0,0,0,1,0,26.42,2381.601058,1.855689697,"convex",14.57385738,6.145331217,"low",295.7296987,"NW","convex.gentle"
"1839","CR04","E","psme","D",9,1,0,1,1,0,0,0,0,0,1,0,26.42,2381.601058,1.855689697,"convex",14.57385738,6.145331217,"low",295.7296987,"NW","convex.gentle"
"1840","CR04","E","psme","D",10,0,0,0,0,0,0,0,0,0,1,0,26.42,2381.601058,1.855689697,"convex",14.57385738,6.145331217,"low",295.7296987,"NW","convex.gentle"
"1841","CR04","N","pico","D",1,0,0,0,0,0,0,0,0,0,1,0,26.42,2381.601058,1.855689697,"convex",14.57385738,6.145331217,"low",295.7296987,"NW","convex.gentle"
"1842","CR04","N","pico","D",2,0,0,0,0,0,0,0,0,0,1,0,26.42,2381.601058,1.855689697,"convex",14.57385738,6.145331217,"low",295.7296987,"NW","convex.gentle"
"1843","CR04","N","pico","D",3,0,0,0,0,0,0,0,0,0,1,0,26.42,2381.601058,1.855689697,"convex",14.57385738,6.145331217,"low",295.7296987,"NW","convex.gentle"
"1844","CR04","N","pico","D",4,0,0,0,0,0,0,0,0,0,1,0,26.42,2381.601058,1.855689697,"convex",14.57385738,6.145331217,"low",295.7296987,"NW","convex.gentle"
"1845","CR04","N","pico","D",5,0,0,0,0,0,0,0,0,0,1,0,26.42,2381.601058,1.855689697,"convex",14.57385738,6.145331217,"low",295.7296987,"NW","convex.gentle"
"1846","CR04","N","pico","D",6,0,0,0,0,0,0,0,0,0,1,0,26.42,2381.601058,1.855689697,"convex",14.57385738,6.145331217,"low",295.7296987,"NW","convex.gentle"
"1847","CR04","N","pico","D",7,0,0,0,0,0,0,0,0,0,1,0,26.42,2381.601058,1.855689697,"convex",14.57385738,6.145331217,"low",295.7296987,"NW","convex.gentle"
"1848","CR04","N","pico","D",8,0,0,0,0,0,0,0,0,0,1,0,26.42,2381.601058,1.855689697,"convex",14.57385738,6.145331217,"low",295.7296987,"NW","convex.gentle"
"1849","CR04","N","pico","D",9,0,0,0,0,0,0,0,0,0,1,0,26.42,2381.601058,1.855689697,"convex",14.57385738,6.145331217,"low",295.7296987,"NW","convex.gentle"
"1850","CR04","N","pico","D",10,0,0,0,0,0,0,0,0,0,1,0,26.42,2381.601058,1.855689697,"convex",14.57385738,6.145331217,"low",295.7296987,"NW","convex.gentle"
"1851","CR04","N","psme","D",1,0,0,0,0,0,0,0,0,0,1,0,26.42,2381.601058,1.855689697,"convex",14.57385738,6.145331217,"low",295.7296987,"NW","convex.gentle"
"1852","CR04","N","psme","D",2,0,0,0,0,0,0,0,0,0,1,0,26.42,2381.601058,1.855689697,"convex",14.57385738,6.145331217,"low",295.7296987,"NW","convex.gentle"
"1853","CR04","N","psme","D",3,0,0,0,0,0,0,0,0,0,1,0,26.42,2381.601058,1.855689697,"convex",14.57385738,6.145331217,"low",295.7296987,"NW","convex.gentle"
"1854","CR04","N","psme","D",4,0,0,0,0,0,0,0,0,0,1,0,26.42,2381.601058,1.855689697,"convex",14.57385738,6.145331217,"low",295.7296987,"NW","convex.gentle"
"1855","CR04","N","psme","D",5,0,0,0,0,0,0,0,0,0,1,0,26.42,2381.601058,1.855689697,"convex",14.57385738,6.145331217,"low",295.7296987,"NW","convex.gentle"
"1856","CR04","N","psme","D",6,0,0,0,0,0,0,0,0,0,1,0,26.42,2381.601058,1.855689697,"convex",14.57385738,6.145331217,"low",295.7296987,"NW","convex.gentle"
"1857","CR04","N","psme","D",7,0,0,0,0,0,0,0,0,0,1,0,26.42,2381.601058,1.855689697,"convex",14.57385738,6.145331217,"low",295.7296987,"NW","convex.gentle"
"1858","CR04","N","psme","D",8,0,0,0,0,0,0,0,0,0,1,0,26.42,2381.601058,1.855689697,"convex",14.57385738,6.145331217,"low",295.7296987,"NW","convex.gentle"
"1859","CR04","N","psme","D",9,0,0,0,0,0,0,0,0,0,1,0,26.42,2381.601058,1.855689697,"convex",14.57385738,6.145331217,"low",295.7296987,"NW","convex.gentle"
"1860","CR04","N","psme","D",10,0,0,0,0,0,0,0,0,0,1,0,26.42,2381.601058,1.855689697,"convex",14.57385738,6.145331217,"low",295.7296987,"NW","convex.gentle"
"1861","CR04","S","pico","D",1,0,0,0,0,0,0,0,0,0,1,0,26.42,2381.601058,1.855689697,"convex",14.57385738,6.145331217,"low",295.7296987,"NW","convex.gentle"
"1862","CR04","S","pico","D",2,0,0,0,0,0,0,0,0,0,1,0,26.42,2381.601058,1.855689697,"convex",14.57385738,6.145331217,"low",295.7296987,"NW","convex.gentle"
"1863","CR04","S","pico","D",3,0,0,0,0,0,0,0,0,0,1,0,26.42,2381.601058,1.855689697,"convex",14.57385738,6.145331217,"low",295.7296987,"NW","convex.gentle"
"1864","CR04","S","pico","D",4,0,0,0,0,0,0,0,0,0,1,0,26.42,2381.601058,1.855689697,"convex",14.57385738,6.145331217,"low",295.7296987,"NW","convex.gentle"
"1865","CR04","S","pico","D",5,0,0,0,0,0,0,0,0,0,1,0,26.42,2381.601058,1.855689697,"convex",14.57385738,6.145331217,"low",295.7296987,"NW","convex.gentle"
"1866","CR04","S","pico","D",6,0,0,0,0,0,0,0,0,0,1,0,26.42,2381.601058,1.855689697,"convex",14.57385738,6.145331217,"low",295.7296987,"NW","convex.gentle"
"1867","CR04","S","pico","D",7,0,0,0,0,0,0,0,0,0,1,0,26.42,2381.601058,1.855689697,"convex",14.57385738,6.145331217,"low",295.7296987,"NW","convex.gentle"
"1868","CR04","S","pico","D",8,0,0,0,0,0,0,0,0,0,1,0,26.42,2381.601058,1.855689697,"convex",14.57385738,6.145331217,"low",295.7296987,"NW","convex.gentle"
"1869","CR04","S","pico","D",9,0,0,0,0,0,0,0,0,0,1,0,26.42,2381.601058,1.855689697,"convex",14.57385738,6.145331217,"low",295.7296987,"NW","convex.gentle"
"1870","CR04","S","pico","D",10,0,0,0,0,0,0,0,0,0,1,0,26.42,2381.601058,1.855689697,"convex",14.57385738,6.145331217,"low",295.7296987,"NW","convex.gentle"
"1871","CR04","S","psme","D",1,0,0,0,0,0,0,0,0,0,1,0,26.42,2381.601058,1.855689697,"convex",14.57385738,6.145331217,"low",295.7296987,"NW","convex.gentle"
"1872","CR04","S","psme","D",2,0,0,0,0,0,0,0,0,0,1,0,26.42,2381.601058,1.855689697,"convex",14.57385738,6.145331217,"low",295.7296987,"NW","convex.gentle"
"1873","CR04","S","psme","D",3,0,0,0,0,0,0,0,0,0,1,0,26.42,2381.601058,1.855689697,"convex",14.57385738,6.145331217,"low",295.7296987,"NW","convex.gentle"
"1874","CR04","S","psme","D",4,0,0,0,0,0,0,0,0,0,1,0,26.42,2381.601058,1.855689697,"convex",14.57385738,6.145331217,"low",295.7296987,"NW","convex.gentle"
"1875","CR04","S","psme","D",5,0,0,0,0,0,0,0,0,0,1,0,26.42,2381.601058,1.855689697,"convex",14.57385738,6.145331217,"low",295.7296987,"NW","convex.gentle"
"1876","CR04","S","psme","D",6,0,0,0,0,0,0,0,0,0,1,0,26.42,2381.601058,1.855689697,"convex",14.57385738,6.145331217,"low",295.7296987,"NW","convex.gentle"
"1877","CR04","S","psme","D",7,0,0,0,0,0,0,0,0,0,1,0,26.42,2381.601058,1.855689697,"convex",14.57385738,6.145331217,"low",295.7296987,"NW","convex.gentle"
"1878","CR04","S","psme","D",8,0,0,0,0,0,0,0,0,0,1,0,26.42,2381.601058,1.855689697,"convex",14.57385738,6.145331217,"low",295.7296987,"NW","convex.gentle"
"1879","CR04","S","psme","D",9,0,0,0,0,0,0,0,0,0,1,0,26.42,2381.601058,1.855689697,"convex",14.57385738,6.145331217,"low",295.7296987,"NW","convex.gentle"
"1880","CR04","S","psme","D",10,0,0,0,0,0,0,0,0,0,1,0,26.42,2381.601058,1.855689697,"convex",14.57385738,6.145331217,"low",295.7296987,"NW","convex.gentle"
"1881","CR04","W","pico","D",1,0,0,0,0,0,0,0,0,0,1,0,26.42,2381.601058,1.855689697,"convex",14.57385738,6.145331217,"low",295.7296987,"NW","convex.gentle"
"1882","CR04","W","pico","D",2,1,0,1,1,0,0,0,0,0,1,1,26.42,2381.601058,1.855689697,"convex",14.57385738,6.145331217,"low",295.7296987,"NW","convex.gentle"
"1883","CR04","W","pico","D",3,0,0,0,0,0,0,0,0,0,1,0,26.42,2381.601058,1.855689697,"convex",14.57385738,6.145331217,"low",295.7296987,"NW","convex.gentle"
"1884","CR04","W","pico","D",4,0,0,0,0,0,0,0,0,0,1,0,26.42,2381.601058,1.855689697,"convex",14.57385738,6.145331217,"low",295.7296987,"NW","convex.gentle"
"1885","CR04","W","pico","D",5,0,0,0,0,0,0,0,0,0,1,0,26.42,2381.601058,1.855689697,"convex",14.57385738,6.145331217,"low",295.7296987,"NW","convex.gentle"
"1886","CR04","W","pico","D",6,0,0,0,0,0,0,0,0,0,1,0,26.42,2381.601058,1.855689697,"convex",14.57385738,6.145331217,"low",295.7296987,"NW","convex.gentle"
"1887","CR04","W","pico","D",7,0,0,0,0,0,0,0,0,0,1,0,26.42,2381.601058,1.855689697,"convex",14.57385738,6.145331217,"low",295.7296987,"NW","convex.gentle"
"1888","CR04","W","pico","D",8,0,0,0,0,0,0,0,0,0,1,0,26.42,2381.601058,1.855689697,"convex",14.57385738,6.145331217,"low",295.7296987,"NW","convex.gentle"
"1889","CR04","W","pico","D",9,0,0,0,0,0,0,0,0,0,1,0,26.42,2381.601058,1.855689697,"convex",14.57385738,6.145331217,"low",295.7296987,"NW","convex.gentle"
"1890","CR04","W","pico","D",10,0,0,0,0,0,0,0,0,0,1,0,26.42,2381.601058,1.855689697,"convex",14.57385738,6.145331217,"low",295.7296987,"NW","convex.gentle"
"1891","CR04","W","psme","D",1,0,0,0,0,0,0,0,0,0,1,0,26.42,2381.601058,1.855689697,"convex",14.57385738,6.145331217,"low",295.7296987,"NW","convex.gentle"
"1892","CR04","W","psme","D",2,0,0,0,0,0,0,0,0,0,1,0,26.42,2381.601058,1.855689697,"convex",14.57385738,6.145331217,"low",295.7296987,"NW","convex.gentle"
"1893","CR04","W","psme","D",3,0,0,0,0,0,0,0,0,0,1,0,26.42,2381.601058,1.855689697,"convex",14.57385738,6.145331217,"low",295.7296987,"NW","convex.gentle"
"1894","CR04","W","psme","D",4,0,0,0,0,0,0,0,0,0,1,0,26.42,2381.601058,1.855689697,"convex",14.57385738,6.145331217,"low",295.7296987,"NW","convex.gentle"
"1895","CR04","W","psme","D",5,0,0,0,0,0,0,0,0,0,1,0,26.42,2381.601058,1.855689697,"convex",14.57385738,6.145331217,"low",295.7296987,"NW","convex.gentle"
"1896","CR04","W","psme","D",6,0,0,0,0,0,0,0,0,0,1,0,26.42,2381.601058,1.855689697,"convex",14.57385738,6.145331217,"low",295.7296987,"NW","convex.gentle"
"1897","CR04","W","psme","D",7,0,0,0,0,0,0,0,0,0,1,0,26.42,2381.601058,1.855689697,"convex",14.57385738,6.145331217,"low",295.7296987,"NW","convex.gentle"
"1898","CR04","W","psme","D",8,0,0,0,0,0,0,0,0,0,1,0,26.42,2381.601058,1.855689697,"convex",14.57385738,6.145331217,"low",295.7296987,"NW","convex.gentle"
"1899","CR04","W","psme","D",9,0,0,0,0,0,0,0,0,0,1,0,26.42,2381.601058,1.855689697,"convex",14.57385738,6.145331217,"low",295.7296987,"NW","convex.gentle"
"1900","CR04","W","psme","D",10,0,0,0,0,0,0,0,0,0,1,0,26.42,2381.601058,1.855689697,"convex",14.57385738,6.145331217,"low",295.7296987,"NW","convex.gentle"
"1901","CR04","C","pico","E",1,0,0,0,0,0,0,0,0,0,1,0,26.42,2381.601058,1.855689697,"convex",14.57385738,6.145331217,"low",295.7296987,"NW","convex.gentle"
"1902","CR04","C","pico","E",2,0,0,0,0,0,0,0,0,0,1,0,26.42,2381.601058,1.855689697,"convex",14.57385738,6.145331217,"low",295.7296987,"NW","convex.gentle"
"1903","CR04","C","pico","E",3,0,0,0,0,0,0,0,0,0,1,0,26.42,2381.601058,1.855689697,"convex",14.57385738,6.145331217,"low",295.7296987,"NW","convex.gentle"
"1904","CR04","C","pico","E",4,0,0,0,0,0,0,0,0,0,1,0,26.42,2381.601058,1.855689697,"convex",14.57385738,6.145331217,"low",295.7296987,"NW","convex.gentle"
"1905","CR04","C","pico","E",5,0,0,0,0,0,0,0,0,0,1,0,26.42,2381.601058,1.855689697,"convex",14.57385738,6.145331217,"low",295.7296987,"NW","convex.gentle"
"1906","CR04","C","pico","E",6,0,0,0,0,0,0,0,0,0,1,0,26.42,2381.601058,1.855689697,"convex",14.57385738,6.145331217,"low",295.7296987,"NW","convex.gentle"
"1907","CR04","C","pico","E",7,0,0,0,0,0,0,0,0,0,1,0,26.42,2381.601058,1.855689697,"convex",14.57385738,6.145331217,"low",295.7296987,"NW","convex.gentle"
"1908","CR04","C","pico","E",8,0,0,0,0,0,0,0,0,0,1,0,26.42,2381.601058,1.855689697,"convex",14.57385738,6.145331217,"low",295.7296987,"NW","convex.gentle"
"1909","CR04","C","pico","E",9,0,0,0,0,0,0,0,0,0,1,0,26.42,2381.601058,1.855689697,"convex",14.57385738,6.145331217,"low",295.7296987,"NW","convex.gentle"
"1910","CR04","C","pico","E",10,0,0,0,0,0,0,0,0,0,1,0,26.42,2381.601058,1.855689697,"convex",14.57385738,6.145331217,"low",295.7296987,"NW","convex.gentle"
"1911","CR04","C","psme","E",1,0,0,0,0,0,0,0,0,0,1,0,26.42,2381.601058,1.855689697,"convex",14.57385738,6.145331217,"low",295.7296987,"NW","convex.gentle"
"1912","CR04","C","psme","E",2,0,0,0,0,0,0,0,0,0,1,0,26.42,2381.601058,1.855689697,"convex",14.57385738,6.145331217,"low",295.7296987,"NW","convex.gentle"
"1913","CR04","C","psme","E",3,0,0,0,0,0,0,0,0,0,1,0,26.42,2381.601058,1.855689697,"convex",14.57385738,6.145331217,"low",295.7296987,"NW","convex.gentle"
"1914","CR04","C","psme","E",4,0,0,0,0,0,0,0,0,0,1,0,26.42,2381.601058,1.855689697,"convex",14.57385738,6.145331217,"low",295.7296987,"NW","convex.gentle"
"1915","CR04","C","psme","E",5,0,0,0,0,0,0,0,0,0,1,0,26.42,2381.601058,1.855689697,"convex",14.57385738,6.145331217,"low",295.7296987,"NW","convex.gentle"
"1916","CR04","C","psme","E",6,0,0,0,0,0,0,0,0,0,1,0,26.42,2381.601058,1.855689697,"convex",14.57385738,6.145331217,"low",295.7296987,"NW","convex.gentle"
"1917","CR04","C","psme","E",7,0,0,0,0,0,0,0,0,0,1,0,26.42,2381.601058,1.855689697,"convex",14.57385738,6.145331217,"low",295.7296987,"NW","convex.gentle"
"1918","CR04","C","psme","E",8,0,0,0,0,0,0,0,0,0,1,0,26.42,2381.601058,1.855689697,"convex",14.57385738,6.145331217,"low",295.7296987,"NW","convex.gentle"
"1919","CR04","C","psme","E",9,0,0,0,0,0,0,0,0,0,1,0,26.42,2381.601058,1.855689697,"convex",14.57385738,6.145331217,"low",295.7296987,"NW","convex.gentle"
"1920","CR04","C","psme","E",10,0,0,0,0,0,0,0,0,0,1,0,26.42,2381.601058,1.855689697,"convex",14.57385738,6.145331217,"low",295.7296987,"NW","convex.gentle"
"1921","CR04","E","pico","E",1,0,0,0,0,0,0,0,0,0,1,0,26.42,2381.601058,1.855689697,"convex",14.57385738,6.145331217,"low",295.7296987,"NW","convex.gentle"
"1922","CR04","E","pico","E",2,0,0,0,0,0,0,0,0,0,1,0,26.42,2381.601058,1.855689697,"convex",14.57385738,6.145331217,"low",295.7296987,"NW","convex.gentle"
"1923","CR04","E","pico","E",3,0,0,0,0,0,0,0,0,0,1,0,26.42,2381.601058,1.855689697,"convex",14.57385738,6.145331217,"low",295.7296987,"NW","convex.gentle"
"1924","CR04","E","pico","E",4,0,0,0,0,0,0,0,0,0,1,0,26.42,2381.601058,1.855689697,"convex",14.57385738,6.145331217,"low",295.7296987,"NW","convex.gentle"
"1925","CR04","E","pico","E",5,0,0,0,0,0,0,0,0,0,1,0,26.42,2381.601058,1.855689697,"convex",14.57385738,6.145331217,"low",295.7296987,"NW","convex.gentle"
"1926","CR04","E","pico","E",6,0,0,0,0,0,0,0,0,0,1,0,26.42,2381.601058,1.855689697,"convex",14.57385738,6.145331217,"low",295.7296987,"NW","convex.gentle"
"1927","CR04","E","pico","E",7,0,0,0,0,0,0,0,0,0,1,0,26.42,2381.601058,1.855689697,"convex",14.57385738,6.145331217,"low",295.7296987,"NW","convex.gentle"
"1928","CR04","E","pico","E",8,0,0,0,0,0,0,0,0,0,1,0,26.42,2381.601058,1.855689697,"convex",14.57385738,6.145331217,"low",295.7296987,"NW","convex.gentle"
"1929","CR04","E","pico","E",9,0,0,0,0,0,0,0,0,0,1,0,26.42,2381.601058,1.855689697,"convex",14.57385738,6.145331217,"low",295.7296987,"NW","convex.gentle"
"1930","CR04","E","pico","E",10,0,0,0,0,0,0,0,0,0,1,0,26.42,2381.601058,1.855689697,"convex",14.57385738,6.145331217,"low",295.7296987,"NW","convex.gentle"
"1931","CR04","E","psme","E",1,0,0,0,0,0,0,0,0,0,1,0,26.42,2381.601058,1.855689697,"convex",14.57385738,6.145331217,"low",295.7296987,"NW","convex.gentle"
"1932","CR04","E","psme","E",2,0,0,0,0,0,0,0,0,0,1,0,26.42,2381.601058,1.855689697,"convex",14.57385738,6.145331217,"low",295.7296987,"NW","convex.gentle"
"1933","CR04","E","psme","E",3,0,0,0,0,0,0,0,0,0,1,0,26.42,2381.601058,1.855689697,"convex",14.57385738,6.145331217,"low",295.7296987,"NW","convex.gentle"
"1934","CR04","E","psme","E",4,0,0,0,0,0,0,0,0,0,1,0,26.42,2381.601058,1.855689697,"convex",14.57385738,6.145331217,"low",295.7296987,"NW","convex.gentle"
"1935","CR04","E","psme","E",5,0,0,0,0,0,0,0,0,0,1,0,26.42,2381.601058,1.855689697,"convex",14.57385738,6.145331217,"low",295.7296987,"NW","convex.gentle"
"1936","CR04","E","psme","E",6,0,0,0,0,0,0,0,0,0,1,0,26.42,2381.601058,1.855689697,"convex",14.57385738,6.145331217,"low",295.7296987,"NW","convex.gentle"
"1937","CR04","E","psme","E",7,0,0,0,0,0,0,0,0,0,1,0,26.42,2381.601058,1.855689697,"convex",14.57385738,6.145331217,"low",295.7296987,"NW","convex.gentle"
"1938","CR04","E","psme","E",8,0,0,0,0,0,0,0,0,0,1,0,26.42,2381.601058,1.855689697,"convex",14.57385738,6.145331217,"low",295.7296987,"NW","convex.gentle"
"1939","CR04","E","psme","E",9,0,0,0,0,0,0,0,0,0,1,0,26.42,2381.601058,1.855689697,"convex",14.57385738,6.145331217,"low",295.7296987,"NW","convex.gentle"
"1940","CR04","E","psme","E",10,0,0,0,0,0,0,0,0,0,1,0,26.42,2381.601058,1.855689697,"convex",14.57385738,6.145331217,"low",295.7296987,"NW","convex.gentle"
"1941","CR04","N","pico","E",1,0,0,0,0,0,0,0,0,0,1,0,26.42,2381.601058,1.855689697,"convex",14.57385738,6.145331217,"low",295.7296987,"NW","convex.gentle"
"1942","CR04","N","pico","E",2,0,0,0,0,0,0,0,0,0,1,0,26.42,2381.601058,1.855689697,"convex",14.57385738,6.145331217,"low",295.7296987,"NW","convex.gentle"
"1943","CR04","N","pico","E",3,0,0,0,0,0,0,0,0,0,1,0,26.42,2381.601058,1.855689697,"convex",14.57385738,6.145331217,"low",295.7296987,"NW","convex.gentle"
"1944","CR04","N","pico","E",4,0,0,0,0,0,0,0,0,0,1,0,26.42,2381.601058,1.855689697,"convex",14.57385738,6.145331217,"low",295.7296987,"NW","convex.gentle"
"1945","CR04","N","pico","E",5,0,0,0,0,0,0,0,0,0,1,0,26.42,2381.601058,1.855689697,"convex",14.57385738,6.145331217,"low",295.7296987,"NW","convex.gentle"
"1946","CR04","N","pico","E",6,0,0,0,0,0,0,0,0,0,1,0,26.42,2381.601058,1.855689697,"convex",14.57385738,6.145331217,"low",295.7296987,"NW","convex.gentle"
"1947","CR04","N","pico","E",7,0,0,0,0,0,0,0,0,0,1,0,26.42,2381.601058,1.855689697,"convex",14.57385738,6.145331217,"low",295.7296987,"NW","convex.gentle"
"1948","CR04","N","pico","E",8,0,0,0,0,0,0,0,0,0,1,0,26.42,2381.601058,1.855689697,"convex",14.57385738,6.145331217,"low",295.7296987,"NW","convex.gentle"
"1949","CR04","N","pico","E",9,0,0,0,0,0,0,0,0,0,1,0,26.42,2381.601058,1.855689697,"convex",14.57385738,6.145331217,"low",295.7296987,"NW","convex.gentle"
"1950","CR04","N","pico","E",10,0,0,0,0,0,0,0,0,0,1,0,26.42,2381.601058,1.855689697,"convex",14.57385738,6.145331217,"low",295.7296987,"NW","convex.gentle"
"1951","CR04","N","psme","E",1,0,0,0,0,0,0,0,0,0,1,0,26.42,2381.601058,1.855689697,"convex",14.57385738,6.145331217,"low",295.7296987,"NW","convex.gentle"
"1952","CR04","N","psme","E",2,0,0,0,0,0,0,0,0,0,1,0,26.42,2381.601058,1.855689697,"convex",14.57385738,6.145331217,"low",295.7296987,"NW","convex.gentle"
"1953","CR04","N","psme","E",3,0,0,0,0,0,0,0,0,0,1,0,26.42,2381.601058,1.855689697,"convex",14.57385738,6.145331217,"low",295.7296987,"NW","convex.gentle"
"1954","CR04","N","psme","E",4,0,0,0,0,0,0,0,0,0,1,0,26.42,2381.601058,1.855689697,"convex",14.57385738,6.145331217,"low",295.7296987,"NW","convex.gentle"
"1955","CR04","N","psme","E",5,0,0,0,0,0,0,0,0,0,1,0,26.42,2381.601058,1.855689697,"convex",14.57385738,6.145331217,"low",295.7296987,"NW","convex.gentle"
"1956","CR04","N","psme","E",6,0,0,0,0,0,0,0,0,0,1,0,26.42,2381.601058,1.855689697,"convex",14.57385738,6.145331217,"low",295.7296987,"NW","convex.gentle"
"1957","CR04","N","psme","E",7,0,0,0,0,0,0,0,0,0,1,0,26.42,2381.601058,1.855689697,"convex",14.57385738,6.145331217,"low",295.7296987,"NW","convex.gentle"
"1958","CR04","N","psme","E",8,0,0,0,0,0,0,0,0,0,1,0,26.42,2381.601058,1.855689697,"convex",14.57385738,6.145331217,"low",295.7296987,"NW","convex.gentle"
"1959","CR04","N","psme","E",9,0,0,0,0,0,0,0,0,0,1,0,26.42,2381.601058,1.855689697,"convex",14.57385738,6.145331217,"low",295.7296987,"NW","convex.gentle"
"1960","CR04","N","psme","E",10,0,0,0,0,0,0,0,0,0,1,0,26.42,2381.601058,1.855689697,"convex",14.57385738,6.145331217,"low",295.7296987,"NW","convex.gentle"
"1961","CR04","S","pico","E",1,0,0,0,0,0,0,0,0,0,1,0,26.42,2381.601058,1.855689697,"convex",14.57385738,6.145331217,"low",295.7296987,"NW","convex.gentle"
"1962","CR04","S","pico","E",2,0,0,0,0,0,0,0,0,0,1,0,26.42,2381.601058,1.855689697,"convex",14.57385738,6.145331217,"low",295.7296987,"NW","convex.gentle"
"1963","CR04","S","pico","E",3,0,0,0,0,0,0,0,0,0,1,0,26.42,2381.601058,1.855689697,"convex",14.57385738,6.145331217,"low",295.7296987,"NW","convex.gentle"
"1964","CR04","S","pico","E",4,0,0,0,0,0,0,0,0,0,1,0,26.42,2381.601058,1.855689697,"convex",14.57385738,6.145331217,"low",295.7296987,"NW","convex.gentle"
"1965","CR04","S","pico","E",5,0,0,0,0,0,0,0,0,0,1,0,26.42,2381.601058,1.855689697,"convex",14.57385738,6.145331217,"low",295.7296987,"NW","convex.gentle"
"1966","CR04","S","pico","E",6,0,0,0,0,0,0,0,0,0,1,0,26.42,2381.601058,1.855689697,"convex",14.57385738,6.145331217,"low",295.7296987,"NW","convex.gentle"
"1967","CR04","S","pico","E",7,0,0,0,0,0,0,0,0,0,1,0,26.42,2381.601058,1.855689697,"convex",14.57385738,6.145331217,"low",295.7296987,"NW","convex.gentle"
"1968","CR04","S","pico","E",8,0,0,0,0,0,0,0,0,0,1,0,26.42,2381.601058,1.855689697,"convex",14.57385738,6.145331217,"low",295.7296987,"NW","convex.gentle"
"1969","CR04","S","pico","E",9,0,0,0,0,0,0,0,0,0,1,0,26.42,2381.601058,1.855689697,"convex",14.57385738,6.145331217,"low",295.7296987,"NW","convex.gentle"
"1970","CR04","S","pico","E",10,0,0,0,0,0,0,0,0,0,1,0,26.42,2381.601058,1.855689697,"convex",14.57385738,6.145331217,"low",295.7296987,"NW","convex.gentle"
"1971","CR04","S","psme","E",1,0,0,0,0,0,0,0,0,0,1,0,26.42,2381.601058,1.855689697,"convex",14.57385738,6.145331217,"low",295.7296987,"NW","convex.gentle"
"1972","CR04","S","psme","E",2,0,0,0,0,0,0,0,0,0,1,0,26.42,2381.601058,1.855689697,"convex",14.57385738,6.145331217,"low",295.7296987,"NW","convex.gentle"
"1973","CR04","S","psme","E",3,0,0,0,0,0,0,0,0,0,1,0,26.42,2381.601058,1.855689697,"convex",14.57385738,6.145331217,"low",295.7296987,"NW","convex.gentle"
"1974","CR04","S","psme","E",4,0,0,0,0,0,0,0,0,0,1,0,26.42,2381.601058,1.855689697,"convex",14.57385738,6.145331217,"low",295.7296987,"NW","convex.gentle"
"1975","CR04","S","psme","E",5,0,0,0,0,0,0,0,0,0,1,0,26.42,2381.601058,1.855689697,"convex",14.57385738,6.145331217,"low",295.7296987,"NW","convex.gentle"
"1976","CR04","S","psme","E",6,0,0,0,0,0,0,0,0,0,1,0,26.42,2381.601058,1.855689697,"convex",14.57385738,6.145331217,"low",295.7296987,"NW","convex.gentle"
"1977","CR04","S","psme","E",7,0,0,0,0,0,0,0,0,0,1,0,26.42,2381.601058,1.855689697,"convex",14.57385738,6.145331217,"low",295.7296987,"NW","convex.gentle"
"1978","CR04","S","psme","E",8,0,0,0,0,0,0,0,0,0,1,0,26.42,2381.601058,1.855689697,"convex",14.57385738,6.145331217,"low",295.7296987,"NW","convex.gentle"
"1979","CR04","S","psme","E",9,0,0,0,0,0,0,0,0,0,1,0,26.42,2381.601058,1.855689697,"convex",14.57385738,6.145331217,"low",295.7296987,"NW","convex.gentle"
"1980","CR04","S","psme","E",10,0,0,0,0,0,0,0,0,0,1,0,26.42,2381.601058,1.855689697,"convex",14.57385738,6.145331217,"low",295.7296987,"NW","convex.gentle"
"1981","CR04","W","pico","E",1,0,0,0,0,0,0,0,0,0,1,0,26.42,2381.601058,1.855689697,"convex",14.57385738,6.145331217,"low",295.7296987,"NW","convex.gentle"
"1982","CR04","W","pico","E",2,0,0,0,0,0,0,0,0,0,1,0,26.42,2381.601058,1.855689697,"convex",14.57385738,6.145331217,"low",295.7296987,"NW","convex.gentle"
"1983","CR04","W","pico","E",3,0,0,0,0,0,0,0,0,0,1,0,26.42,2381.601058,1.855689697,"convex",14.57385738,6.145331217,"low",295.7296987,"NW","convex.gentle"
"1984","CR04","W","pico","E",4,0,0,0,0,0,0,0,0,0,1,0,26.42,2381.601058,1.855689697,"convex",14.57385738,6.145331217,"low",295.7296987,"NW","convex.gentle"
"1985","CR04","W","pico","E",5,0,0,0,0,0,0,0,0,0,1,0,26.42,2381.601058,1.855689697,"convex",14.57385738,6.145331217,"low",295.7296987,"NW","convex.gentle"
"1986","CR04","W","pico","E",6,0,0,0,0,0,0,0,0,0,1,0,26.42,2381.601058,1.855689697,"convex",14.57385738,6.145331217,"low",295.7296987,"NW","convex.gentle"
"1987","CR04","W","pico","E",7,0,0,0,0,0,0,0,0,0,1,0,26.42,2381.601058,1.855689697,"convex",14.57385738,6.145331217,"low",295.7296987,"NW","convex.gentle"
"1988","CR04","W","pico","E",8,0,0,0,0,0,0,0,0,0,1,0,26.42,2381.601058,1.855689697,"convex",14.57385738,6.145331217,"low",295.7296987,"NW","convex.gentle"
"1989","CR04","W","pico","E",9,0,0,0,0,0,0,0,0,0,1,0,26.42,2381.601058,1.855689697,"convex",14.57385738,6.145331217,"low",295.7296987,"NW","convex.gentle"
"1990","CR04","W","pico","E",10,0,0,0,0,0,0,0,0,0,1,0,26.42,2381.601058,1.855689697,"convex",14.57385738,6.145331217,"low",295.7296987,"NW","convex.gentle"
"1991","CR04","W","psme","E",1,0,0,0,0,0,0,0,0,0,1,0,26.42,2381.601058,1.855689697,"convex",14.57385738,6.145331217,"low",295.7296987,"NW","convex.gentle"
"1992","CR04","W","psme","E",2,0,0,0,0,0,0,0,0,0,1,0,26.42,2381.601058,1.855689697,"convex",14.57385738,6.145331217,"low",295.7296987,"NW","convex.gentle"
"1993","CR04","W","psme","E",3,0,0,0,0,0,0,0,0,0,1,0,26.42,2381.601058,1.855689697,"convex",14.57385738,6.145331217,"low",295.7296987,"NW","convex.gentle"
"1994","CR04","W","psme","E",4,0,0,0,0,0,0,0,0,0,1,0,26.42,2381.601058,1.855689697,"convex",14.57385738,6.145331217,"low",295.7296987,"NW","convex.gentle"
"1995","CR04","W","psme","E",5,0,0,0,0,0,0,0,0,0,1,0,26.42,2381.601058,1.855689697,"convex",14.57385738,6.145331217,"low",295.7296987,"NW","convex.gentle"
"1996","CR04","W","psme","E",6,0,0,0,0,0,0,0,0,0,1,0,26.42,2381.601058,1.855689697,"convex",14.57385738,6.145331217,"low",295.7296987,"NW","convex.gentle"
"1997","CR04","W","psme","E",7,0,0,0,0,0,0,0,0,0,1,0,26.42,2381.601058,1.855689697,"convex",14.57385738,6.145331217,"low",295.7296987,"NW","convex.gentle"
"1998","CR04","W","psme","E",8,0,0,0,0,0,0,0,0,0,1,0,26.42,2381.601058,1.855689697,"convex",14.57385738,6.145331217,"low",295.7296987,"NW","convex.gentle"
"1999","CR04","W","psme","E",9,0,0,0,0,0,0,0,0,0,1,0,26.42,2381.601058,1.855689697,"convex",14.57385738,6.145331217,"low",295.7296987,"NW","convex.gentle"
"2000","CR04","W","psme","E",10,0,0,0,0,0,0,0,0,0,1,0,26.42,2381.601058,1.855689697,"convex",14.57385738,6.145331217,"low",295.7296987,"NW","convex.gentle"
"2001","CR05","C","pico","A",1,0,0,0,0,0,0,0,0,0,1,0,62.3,2300.160556,3.053227132,"convex",11.42007617,5.675108303,"low",318.6631805,"NW","convex.gentle"
"2002","CR05","C","pico","A",2,0,0,0,0,0,0,0,0,0,1,0,62.3,2300.160556,3.053227132,"convex",11.42007617,5.675108303,"low",318.6631805,"NW","convex.gentle"
"2003","CR05","C","pico","A",3,0,0,0,0,0,0,0,0,0,1,0,62.3,2300.160556,3.053227132,"convex",11.42007617,5.675108303,"low",318.6631805,"NW","convex.gentle"
"2004","CR05","C","pico","A",4,0,0,0,0,0,0,0,0,0,1,0,62.3,2300.160556,3.053227132,"convex",11.42007617,5.675108303,"low",318.6631805,"NW","convex.gentle"
"2005","CR05","C","pico","A",5,0,0,0,0,0,0,0,1,1,0,0,62.3,2300.160556,3.053227132,"convex",11.42007617,5.675108303,"low",318.6631805,"NW","convex.gentle"
"2006","CR05","C","pico","A",6,0,0,0,0,0,0,1,1,1,0,0,62.3,2300.160556,3.053227132,"convex",11.42007617,5.675108303,"low",318.6631805,"NW","convex.gentle"
"2007","CR05","C","pico","A",7,0,0,0,0,0,0,0,0,0,1,0,62.3,2300.160556,3.053227132,"convex",11.42007617,5.675108303,"low",318.6631805,"NW","convex.gentle"
"2008","CR05","C","pico","A",8,0,0,0,0,0,0,0,0,0,1,0,62.3,2300.160556,3.053227132,"convex",11.42007617,5.675108303,"low",318.6631805,"NW","convex.gentle"
"2009","CR05","C","pico","A",9,0,0,0,0,0,0,0,0,0,1,0,62.3,2300.160556,3.053227132,"convex",11.42007617,5.675108303,"low",318.6631805,"NW","convex.gentle"
"2010","CR05","C","pico","A",10,0,0,0,0,0,0,0,0,0,1,0,62.3,2300.160556,3.053227132,"convex",11.42007617,5.675108303,"low",318.6631805,"NW","convex.gentle"
"2011","CR05","C","psme","A",1,0,0,0,0,0,0,0,0,0,1,0,62.3,2300.160556,3.053227132,"convex",11.42007617,5.675108303,"low",318.6631805,"NW","convex.gentle"
"2012","CR05","C","psme","A",2,0,0,0,0,0,0,0,0,0,1,0,62.3,2300.160556,3.053227132,"convex",11.42007617,5.675108303,"low",318.6631805,"NW","convex.gentle"
"2013","CR05","C","psme","A",3,0,0,0,0,0,0,0,0,0,1,0,62.3,2300.160556,3.053227132,"convex",11.42007617,5.675108303,"low",318.6631805,"NW","convex.gentle"
"2014","CR05","C","psme","A",4,0,0,0,0,0,0,0,0,0,1,0,62.3,2300.160556,3.053227132,"convex",11.42007617,5.675108303,"low",318.6631805,"NW","convex.gentle"
"2015","CR05","C","psme","A",5,0,0,0,0,0,0,0,0,0,1,0,62.3,2300.160556,3.053227132,"convex",11.42007617,5.675108303,"low",318.6631805,"NW","convex.gentle"
"2016","CR05","C","psme","A",6,0,0,0,0,0,0,0,0,0,1,0,62.3,2300.160556,3.053227132,"convex",11.42007617,5.675108303,"low",318.6631805,"NW","convex.gentle"
"2017","CR05","C","psme","A",7,0,0,0,0,0,0,0,0,0,1,0,62.3,2300.160556,3.053227132,"convex",11.42007617,5.675108303,"low",318.6631805,"NW","convex.gentle"
"2018","CR05","C","psme","A",8,0,0,0,0,0,0,0,0,0,1,0,62.3,2300.160556,3.053227132,"convex",11.42007617,5.675108303,"low",318.6631805,"NW","convex.gentle"
"2019","CR05","C","psme","A",9,0,0,0,0,0,0,0,0,0,1,0,62.3,2300.160556,3.053227132,"convex",11.42007617,5.675108303,"low",318.6631805,"NW","convex.gentle"
"2020","CR05","C","psme","A",10,0,0,0,0,0,0,0,0,0,1,0,62.3,2300.160556,3.053227132,"convex",11.42007617,5.675108303,"low",318.6631805,"NW","convex.gentle"
"2021","CR05","E","pico","A",1,0,0,0,0,0,0,0,0,0,1,0,62.3,2300.160556,3.053227132,"convex",11.42007617,5.675108303,"low",318.6631805,"NW","convex.gentle"
"2022","CR05","E","pico","A",2,0,0,0,0,0,0,0,0,0,1,0,62.3,2300.160556,3.053227132,"convex",11.42007617,5.675108303,"low",318.6631805,"NW","convex.gentle"
"2023","CR05","E","pico","A",3,0,0,0,0,0,0,0,0,0,1,0,62.3,2300.160556,3.053227132,"convex",11.42007617,5.675108303,"low",318.6631805,"NW","convex.gentle"
"2024","CR05","E","pico","A",4,0,0,0,0,0,0,0,0,0,1,0,62.3,2300.160556,3.053227132,"convex",11.42007617,5.675108303,"low",318.6631805,"NW","convex.gentle"
"2025","CR05","E","pico","A",5,0,0,0,0,0,0,0,0,0,1,0,62.3,2300.160556,3.053227132,"convex",11.42007617,5.675108303,"low",318.6631805,"NW","convex.gentle"
"2026","CR05","E","pico","A",6,0,0,0,0,0,0,0,0,0,1,0,62.3,2300.160556,3.053227132,"convex",11.42007617,5.675108303,"low",318.6631805,"NW","convex.gentle"
"2027","CR05","E","pico","A",7,0,0,0,0,0,0,0,0,0,1,0,62.3,2300.160556,3.053227132,"convex",11.42007617,5.675108303,"low",318.6631805,"NW","convex.gentle"
"2028","CR05","E","pico","A",8,0,0,0,0,0,0,0,0,0,1,0,62.3,2300.160556,3.053227132,"convex",11.42007617,5.675108303,"low",318.6631805,"NW","convex.gentle"
"2029","CR05","E","pico","A",9,0,0,0,0,0,0,0,0,0,1,0,62.3,2300.160556,3.053227132,"convex",11.42007617,5.675108303,"low",318.6631805,"NW","convex.gentle"
"2030","CR05","E","pico","A",10,0,0,0,0,0,0,0,0,0,1,0,62.3,2300.160556,3.053227132,"convex",11.42007617,5.675108303,"low",318.6631805,"NW","convex.gentle"
"2031","CR05","E","psme","A",1,0,0,0,0,0,0,0,0,0,1,0,62.3,2300.160556,3.053227132,"convex",11.42007617,5.675108303,"low",318.6631805,"NW","convex.gentle"
"2032","CR05","E","psme","A",2,0,0,0,0,0,0,0,0,0,1,0,62.3,2300.160556,3.053227132,"convex",11.42007617,5.675108303,"low",318.6631805,"NW","convex.gentle"
"2033","CR05","E","psme","A",3,0,0,0,0,0,0,0,0,0,1,0,62.3,2300.160556,3.053227132,"convex",11.42007617,5.675108303,"low",318.6631805,"NW","convex.gentle"
"2034","CR05","E","psme","A",4,0,0,0,0,0,0,0,0,0,1,0,62.3,2300.160556,3.053227132,"convex",11.42007617,5.675108303,"low",318.6631805,"NW","convex.gentle"
"2035","CR05","E","psme","A",5,0,0,0,0,0,0,0,0,0,1,0,62.3,2300.160556,3.053227132,"convex",11.42007617,5.675108303,"low",318.6631805,"NW","convex.gentle"
"2036","CR05","E","psme","A",6,0,0,0,0,0,0,0,0,0,1,0,62.3,2300.160556,3.053227132,"convex",11.42007617,5.675108303,"low",318.6631805,"NW","convex.gentle"
"2037","CR05","E","psme","A",7,0,0,0,0,0,0,0,0,0,1,0,62.3,2300.160556,3.053227132,"convex",11.42007617,5.675108303,"low",318.6631805,"NW","convex.gentle"
"2038","CR05","E","psme","A",8,0,0,0,0,0,0,0,0,0,1,0,62.3,2300.160556,3.053227132,"convex",11.42007617,5.675108303,"low",318.6631805,"NW","convex.gentle"
"2039","CR05","E","psme","A",9,0,0,0,0,0,0,0,0,0,1,0,62.3,2300.160556,3.053227132,"convex",11.42007617,5.675108303,"low",318.6631805,"NW","convex.gentle"
"2040","CR05","E","psme","A",10,0,0,0,0,0,0,0,0,0,1,0,62.3,2300.160556,3.053227132,"convex",11.42007617,5.675108303,"low",318.6631805,"NW","convex.gentle"
"2041","CR05","N","pico","A",1,0,0,0,0,0,0,0,0,0,1,0,62.3,2300.160556,3.053227132,"convex",11.42007617,5.675108303,"low",318.6631805,"NW","convex.gentle"
"2042","CR05","N","pico","A",2,0,0,0,0,0,0,0,0,0,1,0,62.3,2300.160556,3.053227132,"convex",11.42007617,5.675108303,"low",318.6631805,"NW","convex.gentle"
"2043","CR05","N","pico","A",3,0,0,0,0,0,0,0,0,0,1,0,62.3,2300.160556,3.053227132,"convex",11.42007617,5.675108303,"low",318.6631805,"NW","convex.gentle"
"2044","CR05","N","pico","A",4,0,0,0,0,0,0,0,0,0,1,0,62.3,2300.160556,3.053227132,"convex",11.42007617,5.675108303,"low",318.6631805,"NW","convex.gentle"
"2045","CR05","N","pico","A",5,0,0,0,0,0,0,0,0,0,1,0,62.3,2300.160556,3.053227132,"convex",11.42007617,5.675108303,"low",318.6631805,"NW","convex.gentle"
"2046","CR05","N","pico","A",6,0,0,0,0,0,0,0,0,0,1,0,62.3,2300.160556,3.053227132,"convex",11.42007617,5.675108303,"low",318.6631805,"NW","convex.gentle"
"2047","CR05","N","pico","A",7,0,0,0,0,0,0,0,0,0,1,0,62.3,2300.160556,3.053227132,"convex",11.42007617,5.675108303,"low",318.6631805,"NW","convex.gentle"
"2048","CR05","N","pico","A",8,0,0,0,0,0,0,0,0,0,1,0,62.3,2300.160556,3.053227132,"convex",11.42007617,5.675108303,"low",318.6631805,"NW","convex.gentle"
"2049","CR05","N","pico","A",9,0,0,0,0,0,0,0,0,0,1,0,62.3,2300.160556,3.053227132,"convex",11.42007617,5.675108303,"low",318.6631805,"NW","convex.gentle"
"2050","CR05","N","pico","A",10,0,0,0,0,0,0,0,0,0,1,0,62.3,2300.160556,3.053227132,"convex",11.42007617,5.675108303,"low",318.6631805,"NW","convex.gentle"
"2051","CR05","N","psme","A",1,0,0,0,0,0,0,0,0,0,1,0,62.3,2300.160556,3.053227132,"convex",11.42007617,5.675108303,"low",318.6631805,"NW","convex.gentle"
"2052","CR05","N","psme","A",2,0,0,0,0,0,0,0,0,0,1,0,62.3,2300.160556,3.053227132,"convex",11.42007617,5.675108303,"low",318.6631805,"NW","convex.gentle"
"2053","CR05","N","psme","A",3,0,0,0,0,0,0,0,0,0,1,0,62.3,2300.160556,3.053227132,"convex",11.42007617,5.675108303,"low",318.6631805,"NW","convex.gentle"
"2054","CR05","N","psme","A",4,0,0,0,0,0,0,0,0,0,1,0,62.3,2300.160556,3.053227132,"convex",11.42007617,5.675108303,"low",318.6631805,"NW","convex.gentle"
"2055","CR05","N","psme","A",5,0,0,0,0,0,0,0,0,0,1,0,62.3,2300.160556,3.053227132,"convex",11.42007617,5.675108303,"low",318.6631805,"NW","convex.gentle"
"2056","CR05","N","psme","A",6,0,0,0,0,0,0,0,0,0,1,0,62.3,2300.160556,3.053227132,"convex",11.42007617,5.675108303,"low",318.6631805,"NW","convex.gentle"
"2057","CR05","N","psme","A",7,0,0,0,0,0,0,0,0,0,1,0,62.3,2300.160556,3.053227132,"convex",11.42007617,5.675108303,"low",318.6631805,"NW","convex.gentle"
"2058","CR05","N","psme","A",8,0,0,0,0,0,0,0,0,0,1,0,62.3,2300.160556,3.053227132,"convex",11.42007617,5.675108303,"low",318.6631805,"NW","convex.gentle"
"2059","CR05","N","psme","A",9,0,0,0,0,0,0,0,0,0,1,0,62.3,2300.160556,3.053227132,"convex",11.42007617,5.675108303,"low",318.6631805,"NW","convex.gentle"
"2060","CR05","N","psme","A",10,0,0,0,0,0,0,0,0,0,1,0,62.3,2300.160556,3.053227132,"convex",11.42007617,5.675108303,"low",318.6631805,"NW","convex.gentle"
"2061","CR05","S","pico","A",1,0,0,0,0,0,0,0,0,0,1,0,62.3,2300.160556,3.053227132,"convex",11.42007617,5.675108303,"low",318.6631805,"NW","convex.gentle"
"2062","CR05","S","pico","A",2,0,0,0,0,0,0,0,0,0,1,0,62.3,2300.160556,3.053227132,"convex",11.42007617,5.675108303,"low",318.6631805,"NW","convex.gentle"
"2063","CR05","S","pico","A",3,0,0,0,0,0,0,0,0,0,1,0,62.3,2300.160556,3.053227132,"convex",11.42007617,5.675108303,"low",318.6631805,"NW","convex.gentle"
"2064","CR05","S","pico","A",4,1,0,1,1,0,0,0,0,0,1,1,62.3,2300.160556,3.053227132,"convex",11.42007617,5.675108303,"low",318.6631805,"NW","convex.gentle"
"2065","CR05","S","pico","A",5,0,0,0,0,0,0,0,0,0,1,0,62.3,2300.160556,3.053227132,"convex",11.42007617,5.675108303,"low",318.6631805,"NW","convex.gentle"
"2066","CR05","S","pico","A",6,0,0,0,0,0,0,0,0,0,1,0,62.3,2300.160556,3.053227132,"convex",11.42007617,5.675108303,"low",318.6631805,"NW","convex.gentle"
"2067","CR05","S","pico","A",7,1,0,1,1,0,0,0,0,0,1,1,62.3,2300.160556,3.053227132,"convex",11.42007617,5.675108303,"low",318.6631805,"NW","convex.gentle"
"2068","CR05","S","pico","A",8,0,0,0,0,0,0,0,0,0,1,0,62.3,2300.160556,3.053227132,"convex",11.42007617,5.675108303,"low",318.6631805,"NW","convex.gentle"
"2069","CR05","S","pico","A",9,0,0,0,0,0,0,0,0,0,1,0,62.3,2300.160556,3.053227132,"convex",11.42007617,5.675108303,"low",318.6631805,"NW","convex.gentle"
"2070","CR05","S","pico","A",10,0,0,0,0,0,0,0,0,0,1,0,62.3,2300.160556,3.053227132,"convex",11.42007617,5.675108303,"low",318.6631805,"NW","convex.gentle"
"2071","CR05","S","psme","A",1,0,0,0,0,0,0,0,0,0,1,0,62.3,2300.160556,3.053227132,"convex",11.42007617,5.675108303,"low",318.6631805,"NW","convex.gentle"
"2072","CR05","S","psme","A",2,0,0,0,0,0,0,0,0,0,1,0,62.3,2300.160556,3.053227132,"convex",11.42007617,5.675108303,"low",318.6631805,"NW","convex.gentle"
"2073","CR05","S","psme","A",3,0,0,0,0,0,0,0,0,0,1,0,62.3,2300.160556,3.053227132,"convex",11.42007617,5.675108303,"low",318.6631805,"NW","convex.gentle"
"2074","CR05","S","psme","A",4,0,0,0,0,0,0,0,0,0,1,0,62.3,2300.160556,3.053227132,"convex",11.42007617,5.675108303,"low",318.6631805,"NW","convex.gentle"
"2075","CR05","S","psme","A",5,0,0,0,0,0,0,0,0,0,1,0,62.3,2300.160556,3.053227132,"convex",11.42007617,5.675108303,"low",318.6631805,"NW","convex.gentle"
"2076","CR05","S","psme","A",6,0,0,0,0,0,0,0,0,0,1,0,62.3,2300.160556,3.053227132,"convex",11.42007617,5.675108303,"low",318.6631805,"NW","convex.gentle"
"2077","CR05","S","psme","A",7,0,0,0,0,0,0,0,0,0,1,0,62.3,2300.160556,3.053227132,"convex",11.42007617,5.675108303,"low",318.6631805,"NW","convex.gentle"
"2078","CR05","S","psme","A",8,1,0,1,1,0,0,0,0,0,1,1,62.3,2300.160556,3.053227132,"convex",11.42007617,5.675108303,"low",318.6631805,"NW","convex.gentle"
"2079","CR05","S","psme","A",9,0,0,0,0,0,0,0,0,0,1,0,62.3,2300.160556,3.053227132,"convex",11.42007617,5.675108303,"low",318.6631805,"NW","convex.gentle"
"2080","CR05","S","psme","A",10,0,0,0,0,0,0,0,0,0,1,0,62.3,2300.160556,3.053227132,"convex",11.42007617,5.675108303,"low",318.6631805,"NW","convex.gentle"
"2081","CR05","W","pico","A",1,0,0,0,0,0,0,0,0,0,1,0,62.3,2300.160556,3.053227132,"convex",11.42007617,5.675108303,"low",318.6631805,"NW","convex.gentle"
"2082","CR05","W","pico","A",2,0,0,0,0,0,0,0,0,0,1,0,62.3,2300.160556,3.053227132,"convex",11.42007617,5.675108303,"low",318.6631805,"NW","convex.gentle"
"2083","CR05","W","pico","A",3,0,0,0,0,0,0,0,0,0,1,0,62.3,2300.160556,3.053227132,"convex",11.42007617,5.675108303,"low",318.6631805,"NW","convex.gentle"
"2084","CR05","W","pico","A",4,0,0,0,0,0,0,0,0,0,1,0,62.3,2300.160556,3.053227132,"convex",11.42007617,5.675108303,"low",318.6631805,"NW","convex.gentle"
"2085","CR05","W","pico","A",5,0,0,0,0,0,0,0,0,0,1,0,62.3,2300.160556,3.053227132,"convex",11.42007617,5.675108303,"low",318.6631805,"NW","convex.gentle"
"2086","CR05","W","pico","A",6,0,0,0,0,0,0,0,0,0,1,0,62.3,2300.160556,3.053227132,"convex",11.42007617,5.675108303,"low",318.6631805,"NW","convex.gentle"
"2087","CR05","W","pico","A",7,0,0,0,0,0,0,0,0,0,1,0,62.3,2300.160556,3.053227132,"convex",11.42007617,5.675108303,"low",318.6631805,"NW","convex.gentle"
"2088","CR05","W","pico","A",8,0,0,0,0,0,0,0,0,0,1,0,62.3,2300.160556,3.053227132,"convex",11.42007617,5.675108303,"low",318.6631805,"NW","convex.gentle"
"2089","CR05","W","pico","A",9,0,0,0,0,0,0,0,0,0,1,0,62.3,2300.160556,3.053227132,"convex",11.42007617,5.675108303,"low",318.6631805,"NW","convex.gentle"
"2090","CR05","W","pico","A",10,0,0,0,0,0,0,0,0,0,1,0,62.3,2300.160556,3.053227132,"convex",11.42007617,5.675108303,"low",318.6631805,"NW","convex.gentle"
"2091","CR05","W","psme","A",1,0,0,0,0,0,0,0,0,0,1,0,62.3,2300.160556,3.053227132,"convex",11.42007617,5.675108303,"low",318.6631805,"NW","convex.gentle"
"2092","CR05","W","psme","A",2,0,0,0,0,0,0,0,0,0,1,0,62.3,2300.160556,3.053227132,"convex",11.42007617,5.675108303,"low",318.6631805,"NW","convex.gentle"
"2093","CR05","W","psme","A",3,0,0,0,0,0,0,0,0,0,1,0,62.3,2300.160556,3.053227132,"convex",11.42007617,5.675108303,"low",318.6631805,"NW","convex.gentle"
"2094","CR05","W","psme","A",4,0,0,0,0,0,0,0,0,0,1,0,62.3,2300.160556,3.053227132,"convex",11.42007617,5.675108303,"low",318.6631805,"NW","convex.gentle"
"2095","CR05","W","psme","A",5,0,0,0,0,0,0,0,0,0,1,0,62.3,2300.160556,3.053227132,"convex",11.42007617,5.675108303,"low",318.6631805,"NW","convex.gentle"
"2096","CR05","W","psme","A",6,0,0,0,0,0,0,0,0,0,1,0,62.3,2300.160556,3.053227132,"convex",11.42007617,5.675108303,"low",318.6631805,"NW","convex.gentle"
"2097","CR05","W","psme","A",7,0,0,0,0,0,0,0,0,0,1,0,62.3,2300.160556,3.053227132,"convex",11.42007617,5.675108303,"low",318.6631805,"NW","convex.gentle"
"2098","CR05","W","psme","A",8,0,0,0,0,0,0,0,0,0,1,0,62.3,2300.160556,3.053227132,"convex",11.42007617,5.675108303,"low",318.6631805,"NW","convex.gentle"
"2099","CR05","W","psme","A",9,0,0,0,0,0,0,0,0,0,1,0,62.3,2300.160556,3.053227132,"convex",11.42007617,5.675108303,"low",318.6631805,"NW","convex.gentle"
"2100","CR05","W","psme","A",10,0,0,0,0,0,0,0,0,0,1,0,62.3,2300.160556,3.053227132,"convex",11.42007617,5.675108303,"low",318.6631805,"NW","convex.gentle"
"2101","CR05","C","pico","B",1,0,0,0,0,0,0,0,0,0,1,0,62.3,2300.160556,3.053227132,"convex",11.42007617,5.675108303,"low",318.6631805,"NW","convex.gentle"
"2102","CR05","C","pico","B",2,1,0,1,1,1,0,0,0,0,1,0,62.3,2300.160556,3.053227132,"convex",11.42007617,5.675108303,"low",318.6631805,"NW","convex.gentle"
"2103","CR05","C","pico","B",3,0,0,0,0,0,0,0,0,0,1,0,62.3,2300.160556,3.053227132,"convex",11.42007617,5.675108303,"low",318.6631805,"NW","convex.gentle"
"2104","CR05","C","pico","B",4,0,0,0,0,0,0,0,0,0,1,0,62.3,2300.160556,3.053227132,"convex",11.42007617,5.675108303,"low",318.6631805,"NW","convex.gentle"
"2105","CR05","C","pico","B",5,0,0,0,0,0,0,1,1,1,0,0,62.3,2300.160556,3.053227132,"convex",11.42007617,5.675108303,"low",318.6631805,"NW","convex.gentle"
"2106","CR05","C","pico","B",6,0,0,0,0,0,0,1,1,1,0,0,62.3,2300.160556,3.053227132,"convex",11.42007617,5.675108303,"low",318.6631805,"NW","convex.gentle"
"2107","CR05","C","pico","B",7,0,0,0,0,0,0,0,0,0,1,0,62.3,2300.160556,3.053227132,"convex",11.42007617,5.675108303,"low",318.6631805,"NW","convex.gentle"
"2108","CR05","C","pico","B",8,0,0,0,0,0,0,0,0,0,1,0,62.3,2300.160556,3.053227132,"convex",11.42007617,5.675108303,"low",318.6631805,"NW","convex.gentle"
"2109","CR05","C","pico","B",9,0,0,0,0,0,0,0,0,0,1,0,62.3,2300.160556,3.053227132,"convex",11.42007617,5.675108303,"low",318.6631805,"NW","convex.gentle"
"2110","CR05","C","pico","B",10,0,0,0,0,0,0,0,0,0,1,0,62.3,2300.160556,3.053227132,"convex",11.42007617,5.675108303,"low",318.6631805,"NW","convex.gentle"
"2111","CR05","C","psme","B",1,0,0,0,0,0,0,0,0,0,1,0,62.3,2300.160556,3.053227132,"convex",11.42007617,5.675108303,"low",318.6631805,"NW","convex.gentle"
"2112","CR05","C","psme","B",2,0,0,0,0,0,0,0,0,0,1,0,62.3,2300.160556,3.053227132,"convex",11.42007617,5.675108303,"low",318.6631805,"NW","convex.gentle"
"2113","CR05","C","psme","B",3,0,0,0,0,0,0,0,0,0,1,0,62.3,2300.160556,3.053227132,"convex",11.42007617,5.675108303,"low",318.6631805,"NW","convex.gentle"
"2114","CR05","C","psme","B",4,0,0,0,0,0,0,0,0,0,1,0,62.3,2300.160556,3.053227132,"convex",11.42007617,5.675108303,"low",318.6631805,"NW","convex.gentle"
"2115","CR05","C","psme","B",5,0,0,0,0,0,0,0,0,0,1,0,62.3,2300.160556,3.053227132,"convex",11.42007617,5.675108303,"low",318.6631805,"NW","convex.gentle"
"2116","CR05","C","psme","B",6,0,0,0,0,0,0,0,0,0,1,0,62.3,2300.160556,3.053227132,"convex",11.42007617,5.675108303,"low",318.6631805,"NW","convex.gentle"
"2117","CR05","C","psme","B",7,0,0,0,0,0,0,0,0,0,1,0,62.3,2300.160556,3.053227132,"convex",11.42007617,5.675108303,"low",318.6631805,"NW","convex.gentle"
"2118","CR05","C","psme","B",8,0,0,0,0,0,0,0,0,0,1,0,62.3,2300.160556,3.053227132,"convex",11.42007617,5.675108303,"low",318.6631805,"NW","convex.gentle"
"2119","CR05","C","psme","B",9,0,0,0,0,0,0,0,0,0,1,0,62.3,2300.160556,3.053227132,"convex",11.42007617,5.675108303,"low",318.6631805,"NW","convex.gentle"
"2120","CR05","C","psme","B",10,0,0,0,0,0,0,0,0,0,1,0,62.3,2300.160556,3.053227132,"convex",11.42007617,5.675108303,"low",318.6631805,"NW","convex.gentle"
"2121","CR05","E","pico","B",1,0,0,0,0,0,0,0,0,0,1,0,62.3,2300.160556,3.053227132,"convex",11.42007617,5.675108303,"low",318.6631805,"NW","convex.gentle"
"2122","CR05","E","pico","B",2,1,0,1,1,0,0,0,0,0,1,1,62.3,2300.160556,3.053227132,"convex",11.42007617,5.675108303,"low",318.6631805,"NW","convex.gentle"
"2123","CR05","E","pico","B",3,0,0,0,0,0,0,0,0,0,1,0,62.3,2300.160556,3.053227132,"convex",11.42007617,5.675108303,"low",318.6631805,"NW","convex.gentle"
"2124","CR05","E","pico","B",4,1,0,1,1,0,0,0,0,0,1,1,62.3,2300.160556,3.053227132,"convex",11.42007617,5.675108303,"low",318.6631805,"NW","convex.gentle"
"2125","CR05","E","pico","B",5,0,0,0,0,0,0,0,0,0,1,0,62.3,2300.160556,3.053227132,"convex",11.42007617,5.675108303,"low",318.6631805,"NW","convex.gentle"
"2126","CR05","E","pico","B",6,0,0,0,0,0,0,0,0,0,1,0,62.3,2300.160556,3.053227132,"convex",11.42007617,5.675108303,"low",318.6631805,"NW","convex.gentle"
"2127","CR05","E","pico","B",7,0,0,0,0,0,0,0,0,0,1,0,62.3,2300.160556,3.053227132,"convex",11.42007617,5.675108303,"low",318.6631805,"NW","convex.gentle"
"2128","CR05","E","pico","B",8,0,0,0,0,0,0,0,0,0,1,0,62.3,2300.160556,3.053227132,"convex",11.42007617,5.675108303,"low",318.6631805,"NW","convex.gentle"
"2129","CR05","E","pico","B",9,0,0,0,0,0,0,0,0,0,1,0,62.3,2300.160556,3.053227132,"convex",11.42007617,5.675108303,"low",318.6631805,"NW","convex.gentle"
"2130","CR05","E","pico","B",10,0,0,0,0,0,0,0,0,0,1,0,62.3,2300.160556,3.053227132,"convex",11.42007617,5.675108303,"low",318.6631805,"NW","convex.gentle"
"2131","CR05","E","psme","B",1,0,0,0,0,0,0,0,0,0,1,0,62.3,2300.160556,3.053227132,"convex",11.42007617,5.675108303,"low",318.6631805,"NW","convex.gentle"
"2132","CR05","E","psme","B",2,0,0,0,0,0,0,0,0,0,1,0,62.3,2300.160556,3.053227132,"convex",11.42007617,5.675108303,"low",318.6631805,"NW","convex.gentle"
"2133","CR05","E","psme","B",3,0,0,0,0,0,0,0,0,0,1,0,62.3,2300.160556,3.053227132,"convex",11.42007617,5.675108303,"low",318.6631805,"NW","convex.gentle"
"2134","CR05","E","psme","B",4,0,0,0,0,0,0,0,0,0,1,0,62.3,2300.160556,3.053227132,"convex",11.42007617,5.675108303,"low",318.6631805,"NW","convex.gentle"
"2135","CR05","E","psme","B",5,0,0,0,0,0,0,0,0,0,1,0,62.3,2300.160556,3.053227132,"convex",11.42007617,5.675108303,"low",318.6631805,"NW","convex.gentle"
"2136","CR05","E","psme","B",6,0,0,0,0,0,0,0,0,0,1,0,62.3,2300.160556,3.053227132,"convex",11.42007617,5.675108303,"low",318.6631805,"NW","convex.gentle"
"2137","CR05","E","psme","B",7,0,0,0,0,0,0,0,0,0,1,0,62.3,2300.160556,3.053227132,"convex",11.42007617,5.675108303,"low",318.6631805,"NW","convex.gentle"
"2138","CR05","E","psme","B",8,0,0,0,0,0,0,0,0,0,1,0,62.3,2300.160556,3.053227132,"convex",11.42007617,5.675108303,"low",318.6631805,"NW","convex.gentle"
"2139","CR05","E","psme","B",9,0,0,0,0,0,0,0,0,0,1,0,62.3,2300.160556,3.053227132,"convex",11.42007617,5.675108303,"low",318.6631805,"NW","convex.gentle"
"2140","CR05","E","psme","B",10,0,0,0,0,0,0,0,0,0,1,0,62.3,2300.160556,3.053227132,"convex",11.42007617,5.675108303,"low",318.6631805,"NW","convex.gentle"
"2141","CR05","N","pico","B",1,0,0,0,0,0,0,0,0,0,1,0,62.3,2300.160556,3.053227132,"convex",11.42007617,5.675108303,"low",318.6631805,"NW","convex.gentle"
"2142","CR05","N","pico","B",2,0,0,0,0,0,0,0,0,0,1,0,62.3,2300.160556,3.053227132,"convex",11.42007617,5.675108303,"low",318.6631805,"NW","convex.gentle"
"2143","CR05","N","pico","B",3,0,0,0,0,0,0,0,0,0,1,0,62.3,2300.160556,3.053227132,"convex",11.42007617,5.675108303,"low",318.6631805,"NW","convex.gentle"
"2144","CR05","N","pico","B",4,0,0,0,0,0,0,0,0,0,1,0,62.3,2300.160556,3.053227132,"convex",11.42007617,5.675108303,"low",318.6631805,"NW","convex.gentle"
"2145","CR05","N","pico","B",5,0,0,0,0,0,0,0,0,0,1,0,62.3,2300.160556,3.053227132,"convex",11.42007617,5.675108303,"low",318.6631805,"NW","convex.gentle"
"2146","CR05","N","pico","B",6,0,0,0,0,0,0,0,0,0,1,0,62.3,2300.160556,3.053227132,"convex",11.42007617,5.675108303,"low",318.6631805,"NW","convex.gentle"
"2147","CR05","N","pico","B",7,1,0,1,1,0,0,0,0,0,1,0,62.3,2300.160556,3.053227132,"convex",11.42007617,5.675108303,"low",318.6631805,"NW","convex.gentle"
"2148","CR05","N","pico","B",8,0,0,0,0,0,0,0,0,0,1,0,62.3,2300.160556,3.053227132,"convex",11.42007617,5.675108303,"low",318.6631805,"NW","convex.gentle"
"2149","CR05","N","pico","B",9,0,0,0,0,0,0,0,0,0,1,0,62.3,2300.160556,3.053227132,"convex",11.42007617,5.675108303,"low",318.6631805,"NW","convex.gentle"
"2150","CR05","N","pico","B",10,0,0,0,0,0,0,0,0,0,1,0,62.3,2300.160556,3.053227132,"convex",11.42007617,5.675108303,"low",318.6631805,"NW","convex.gentle"
"2151","CR05","N","psme","B",1,0,0,0,0,0,0,0,0,0,1,0,62.3,2300.160556,3.053227132,"convex",11.42007617,5.675108303,"low",318.6631805,"NW","convex.gentle"
"2152","CR05","N","psme","B",2,0,0,0,0,0,0,0,0,0,1,0,62.3,2300.160556,3.053227132,"convex",11.42007617,5.675108303,"low",318.6631805,"NW","convex.gentle"
"2153","CR05","N","psme","B",3,0,0,0,0,0,0,0,0,0,1,0,62.3,2300.160556,3.053227132,"convex",11.42007617,5.675108303,"low",318.6631805,"NW","convex.gentle"
"2154","CR05","N","psme","B",4,1,0,1,1,0,0,0,0,0,1,1,62.3,2300.160556,3.053227132,"convex",11.42007617,5.675108303,"low",318.6631805,"NW","convex.gentle"
"2155","CR05","N","psme","B",5,0,0,0,0,0,0,0,0,0,1,0,62.3,2300.160556,3.053227132,"convex",11.42007617,5.675108303,"low",318.6631805,"NW","convex.gentle"
"2156","CR05","N","psme","B",6,0,0,0,0,0,0,0,0,0,1,0,62.3,2300.160556,3.053227132,"convex",11.42007617,5.675108303,"low",318.6631805,"NW","convex.gentle"
"2157","CR05","N","psme","B",7,0,0,0,0,0,0,0,0,0,1,0,62.3,2300.160556,3.053227132,"convex",11.42007617,5.675108303,"low",318.6631805,"NW","convex.gentle"
"2158","CR05","N","psme","B",8,0,0,0,0,0,0,0,0,0,1,0,62.3,2300.160556,3.053227132,"convex",11.42007617,5.675108303,"low",318.6631805,"NW","convex.gentle"
"2159","CR05","N","psme","B",9,0,0,0,0,0,0,0,0,0,1,0,62.3,2300.160556,3.053227132,"convex",11.42007617,5.675108303,"low",318.6631805,"NW","convex.gentle"
"2160","CR05","N","psme","B",10,0,0,0,0,0,0,0,0,0,1,0,62.3,2300.160556,3.053227132,"convex",11.42007617,5.675108303,"low",318.6631805,"NW","convex.gentle"
"2161","CR05","S","pico","B",1,0,0,0,0,0,0,0,0,0,1,0,62.3,2300.160556,3.053227132,"convex",11.42007617,5.675108303,"low",318.6631805,"NW","convex.gentle"
"2162","CR05","S","pico","B",2,0,0,0,0,0,0,0,0,0,1,0,62.3,2300.160556,3.053227132,"convex",11.42007617,5.675108303,"low",318.6631805,"NW","convex.gentle"
"2163","CR05","S","pico","B",3,0,0,0,0,0,0,0,0,0,1,0,62.3,2300.160556,3.053227132,"convex",11.42007617,5.675108303,"low",318.6631805,"NW","convex.gentle"
"2164","CR05","S","pico","B",4,0,0,0,0,0,0,0,0,0,1,0,62.3,2300.160556,3.053227132,"convex",11.42007617,5.675108303,"low",318.6631805,"NW","convex.gentle"
"2165","CR05","S","pico","B",5,0,0,0,0,0,0,0,0,0,1,0,62.3,2300.160556,3.053227132,"convex",11.42007617,5.675108303,"low",318.6631805,"NW","convex.gentle"
"2166","CR05","S","pico","B",6,0,0,0,0,0,0,0,0,0,1,0,62.3,2300.160556,3.053227132,"convex",11.42007617,5.675108303,"low",318.6631805,"NW","convex.gentle"
"2167","CR05","S","pico","B",7,0,0,0,0,0,0,0,0,0,1,0,62.3,2300.160556,3.053227132,"convex",11.42007617,5.675108303,"low",318.6631805,"NW","convex.gentle"
"2168","CR05","S","pico","B",8,0,0,0,0,0,0,0,0,0,1,0,62.3,2300.160556,3.053227132,"convex",11.42007617,5.675108303,"low",318.6631805,"NW","convex.gentle"
"2169","CR05","S","pico","B",9,0,0,0,0,0,0,0,0,0,1,0,62.3,2300.160556,3.053227132,"convex",11.42007617,5.675108303,"low",318.6631805,"NW","convex.gentle"
"2170","CR05","S","pico","B",10,0,0,0,0,0,0,0,0,0,1,0,62.3,2300.160556,3.053227132,"convex",11.42007617,5.675108303,"low",318.6631805,"NW","convex.gentle"
"2171","CR05","S","psme","B",1,0,0,0,0,0,0,0,0,0,1,0,62.3,2300.160556,3.053227132,"convex",11.42007617,5.675108303,"low",318.6631805,"NW","convex.gentle"
"2172","CR05","S","psme","B",2,0,0,0,0,0,0,0,0,0,1,0,62.3,2300.160556,3.053227132,"convex",11.42007617,5.675108303,"low",318.6631805,"NW","convex.gentle"
"2173","CR05","S","psme","B",3,0,0,0,0,0,0,0,0,0,1,0,62.3,2300.160556,3.053227132,"convex",11.42007617,5.675108303,"low",318.6631805,"NW","convex.gentle"
"2174","CR05","S","psme","B",4,0,0,0,0,0,0,0,0,0,1,0,62.3,2300.160556,3.053227132,"convex",11.42007617,5.675108303,"low",318.6631805,"NW","convex.gentle"
"2175","CR05","S","psme","B",5,0,0,0,0,0,0,0,0,0,1,0,62.3,2300.160556,3.053227132,"convex",11.42007617,5.675108303,"low",318.6631805,"NW","convex.gentle"
"2176","CR05","S","psme","B",6,0,0,0,0,0,0,0,0,0,1,0,62.3,2300.160556,3.053227132,"convex",11.42007617,5.675108303,"low",318.6631805,"NW","convex.gentle"
"2177","CR05","S","psme","B",7,0,0,0,0,0,0,0,0,0,1,0,62.3,2300.160556,3.053227132,"convex",11.42007617,5.675108303,"low",318.6631805,"NW","convex.gentle"
"2178","CR05","S","psme","B",8,0,0,0,0,0,0,0,0,0,1,0,62.3,2300.160556,3.053227132,"convex",11.42007617,5.675108303,"low",318.6631805,"NW","convex.gentle"
"2179","CR05","S","psme","B",9,0,0,0,0,0,0,0,0,0,1,0,62.3,2300.160556,3.053227132,"convex",11.42007617,5.675108303,"low",318.6631805,"NW","convex.gentle"
"2180","CR05","S","psme","B",10,0,0,0,0,0,0,0,0,0,1,0,62.3,2300.160556,3.053227132,"convex",11.42007617,5.675108303,"low",318.6631805,"NW","convex.gentle"
"2181","CR05","W","pico","B",1,0,0,0,0,0,0,0,0,0,1,0,62.3,2300.160556,3.053227132,"convex",11.42007617,5.675108303,"low",318.6631805,"NW","convex.gentle"
"2182","CR05","W","pico","B",2,0,0,0,0,0,0,0,0,0,1,0,62.3,2300.160556,3.053227132,"convex",11.42007617,5.675108303,"low",318.6631805,"NW","convex.gentle"
"2183","CR05","W","pico","B",3,0,0,0,0,0,0,0,0,0,1,0,62.3,2300.160556,3.053227132,"convex",11.42007617,5.675108303,"low",318.6631805,"NW","convex.gentle"
"2184","CR05","W","pico","B",4,0,0,0,0,0,0,0,0,0,1,0,62.3,2300.160556,3.053227132,"convex",11.42007617,5.675108303,"low",318.6631805,"NW","convex.gentle"
"2185","CR05","W","pico","B",5,0,0,0,0,0,0,0,0,0,1,0,62.3,2300.160556,3.053227132,"convex",11.42007617,5.675108303,"low",318.6631805,"NW","convex.gentle"
"2186","CR05","W","pico","B",6,0,0,0,0,0,0,0,0,0,1,0,62.3,2300.160556,3.053227132,"convex",11.42007617,5.675108303,"low",318.6631805,"NW","convex.gentle"
"2187","CR05","W","pico","B",7,1,0,1,1,1,0,0,0,0,1,0,62.3,2300.160556,3.053227132,"convex",11.42007617,5.675108303,"low",318.6631805,"NW","convex.gentle"
"2188","CR05","W","pico","B",8,0,0,0,0,0,0,0,0,0,1,0,62.3,2300.160556,3.053227132,"convex",11.42007617,5.675108303,"low",318.6631805,"NW","convex.gentle"
"2189","CR05","W","pico","B",9,0,0,0,0,0,0,0,0,0,1,0,62.3,2300.160556,3.053227132,"convex",11.42007617,5.675108303,"low",318.6631805,"NW","convex.gentle"
"2190","CR05","W","pico","B",10,0,0,0,0,0,0,0,0,0,1,0,62.3,2300.160556,3.053227132,"convex",11.42007617,5.675108303,"low",318.6631805,"NW","convex.gentle"
"2191","CR05","W","psme","B",1,0,0,0,0,0,0,0,0,0,1,0,62.3,2300.160556,3.053227132,"convex",11.42007617,5.675108303,"low",318.6631805,"NW","convex.gentle"
"2192","CR05","W","psme","B",2,0,0,0,0,0,0,0,0,0,1,0,62.3,2300.160556,3.053227132,"convex",11.42007617,5.675108303,"low",318.6631805,"NW","convex.gentle"
"2193","CR05","W","psme","B",3,0,0,0,0,0,0,0,0,0,1,0,62.3,2300.160556,3.053227132,"convex",11.42007617,5.675108303,"low",318.6631805,"NW","convex.gentle"
"2194","CR05","W","psme","B",4,0,0,0,0,0,0,0,0,0,1,0,62.3,2300.160556,3.053227132,"convex",11.42007617,5.675108303,"low",318.6631805,"NW","convex.gentle"
"2195","CR05","W","psme","B",5,0,0,0,0,0,0,0,0,0,1,0,62.3,2300.160556,3.053227132,"convex",11.42007617,5.675108303,"low",318.6631805,"NW","convex.gentle"
"2196","CR05","W","psme","B",6,0,0,0,0,0,0,0,0,0,1,0,62.3,2300.160556,3.053227132,"convex",11.42007617,5.675108303,"low",318.6631805,"NW","convex.gentle"
"2197","CR05","W","psme","B",7,0,0,0,0,0,0,0,0,0,1,0,62.3,2300.160556,3.053227132,"convex",11.42007617,5.675108303,"low",318.6631805,"NW","convex.gentle"
"2198","CR05","W","psme","B",8,0,0,0,0,0,0,0,0,0,1,0,62.3,2300.160556,3.053227132,"convex",11.42007617,5.675108303,"low",318.6631805,"NW","convex.gentle"
"2199","CR05","W","psme","B",9,0,0,0,0,0,0,0,0,0,1,0,62.3,2300.160556,3.053227132,"convex",11.42007617,5.675108303,"low",318.6631805,"NW","convex.gentle"
"2200","CR05","W","psme","B",10,1,0,1,1,0,0,0,0,0,1,0,62.3,2300.160556,3.053227132,"convex",11.42007617,5.675108303,"low",318.6631805,"NW","convex.gentle"
"2201","CR05","C","pico","C",1,0,0,0,0,0,0,0,0,0,1,0,62.3,2300.160556,3.053227132,"convex",11.42007617,5.675108303,"low",318.6631805,"NW","convex.gentle"
"2202","CR05","C","pico","C",2,0,0,0,0,0,0,0,0,0,1,0,62.3,2300.160556,3.053227132,"convex",11.42007617,5.675108303,"low",318.6631805,"NW","convex.gentle"
"2203","CR05","C","pico","C",3,0,0,0,0,0,0,0,0,0,1,0,62.3,2300.160556,3.053227132,"convex",11.42007617,5.675108303,"low",318.6631805,"NW","convex.gentle"
"2204","CR05","C","pico","C",4,0,0,0,0,0,0,0,0,0,1,0,62.3,2300.160556,3.053227132,"convex",11.42007617,5.675108303,"low",318.6631805,"NW","convex.gentle"
"2205","CR05","C","pico","C",5,0,0,0,0,0,0,1,0,1,0,0,62.3,2300.160556,3.053227132,"convex",11.42007617,5.675108303,"low",318.6631805,"NW","convex.gentle"
"2206","CR05","C","pico","C",6,0,0,0,0,0,0,1,0,1,0,0,62.3,2300.160556,3.053227132,"convex",11.42007617,5.675108303,"low",318.6631805,"NW","convex.gentle"
"2207","CR05","C","pico","C",7,0,0,0,0,0,0,0,0,0,1,0,62.3,2300.160556,3.053227132,"convex",11.42007617,5.675108303,"low",318.6631805,"NW","convex.gentle"
"2208","CR05","C","pico","C",8,0,0,0,0,0,0,0,0,0,1,0,62.3,2300.160556,3.053227132,"convex",11.42007617,5.675108303,"low",318.6631805,"NW","convex.gentle"
"2209","CR05","C","pico","C",9,0,0,0,0,0,0,0,0,0,1,0,62.3,2300.160556,3.053227132,"convex",11.42007617,5.675108303,"low",318.6631805,"NW","convex.gentle"
"2210","CR05","C","pico","C",10,0,0,0,0,0,0,0,0,0,1,0,62.3,2300.160556,3.053227132,"convex",11.42007617,5.675108303,"low",318.6631805,"NW","convex.gentle"
"2211","CR05","C","psme","C",1,0,0,0,0,0,0,0,0,0,1,0,62.3,2300.160556,3.053227132,"convex",11.42007617,5.675108303,"low",318.6631805,"NW","convex.gentle"
"2212","CR05","C","psme","C",2,0,0,0,0,0,0,0,0,0,1,0,62.3,2300.160556,3.053227132,"convex",11.42007617,5.675108303,"low",318.6631805,"NW","convex.gentle"
"2213","CR05","C","psme","C",3,0,0,0,0,0,0,0,0,0,1,0,62.3,2300.160556,3.053227132,"convex",11.42007617,5.675108303,"low",318.6631805,"NW","convex.gentle"
"2214","CR05","C","psme","C",4,0,0,0,0,0,0,0,0,0,1,0,62.3,2300.160556,3.053227132,"convex",11.42007617,5.675108303,"low",318.6631805,"NW","convex.gentle"
"2215","CR05","C","psme","C",5,0,0,0,0,0,0,0,0,0,1,0,62.3,2300.160556,3.053227132,"convex",11.42007617,5.675108303,"low",318.6631805,"NW","convex.gentle"
"2216","CR05","C","psme","C",6,0,0,0,0,0,0,0,0,0,1,0,62.3,2300.160556,3.053227132,"convex",11.42007617,5.675108303,"low",318.6631805,"NW","convex.gentle"
"2217","CR05","C","psme","C",7,0,0,0,0,0,0,0,0,0,1,0,62.3,2300.160556,3.053227132,"convex",11.42007617,5.675108303,"low",318.6631805,"NW","convex.gentle"
"2218","CR05","C","psme","C",8,0,0,0,0,0,0,0,0,0,1,0,62.3,2300.160556,3.053227132,"convex",11.42007617,5.675108303,"low",318.6631805,"NW","convex.gentle"
"2219","CR05","C","psme","C",9,0,0,0,0,0,0,0,0,0,1,0,62.3,2300.160556,3.053227132,"convex",11.42007617,5.675108303,"low",318.6631805,"NW","convex.gentle"
"2220","CR05","C","psme","C",10,0,0,0,0,0,0,0,0,0,1,0,62.3,2300.160556,3.053227132,"convex",11.42007617,5.675108303,"low",318.6631805,"NW","convex.gentle"
"2221","CR05","E","pico","C",1,0,0,0,0,0,0,0,0,0,1,0,62.3,2300.160556,3.053227132,"convex",11.42007617,5.675108303,"low",318.6631805,"NW","convex.gentle"
"2222","CR05","E","pico","C",2,1,0,1,1,0,0,0,0,0,1,1,62.3,2300.160556,3.053227132,"convex",11.42007617,5.675108303,"low",318.6631805,"NW","convex.gentle"
"2223","CR05","E","pico","C",3,0,0,0,0,0,0,0,0,0,1,0,62.3,2300.160556,3.053227132,"convex",11.42007617,5.675108303,"low",318.6631805,"NW","convex.gentle"
"2224","CR05","E","pico","C",4,0,0,0,0,0,0,0,0,0,1,0,62.3,2300.160556,3.053227132,"convex",11.42007617,5.675108303,"low",318.6631805,"NW","convex.gentle"
"2225","CR05","E","pico","C",5,0,0,0,0,0,0,0,0,0,1,0,62.3,2300.160556,3.053227132,"convex",11.42007617,5.675108303,"low",318.6631805,"NW","convex.gentle"
"2226","CR05","E","pico","C",6,0,0,0,0,0,0,0,0,0,1,0,62.3,2300.160556,3.053227132,"convex",11.42007617,5.675108303,"low",318.6631805,"NW","convex.gentle"
"2227","CR05","E","pico","C",7,0,0,0,0,0,0,0,0,0,1,0,62.3,2300.160556,3.053227132,"convex",11.42007617,5.675108303,"low",318.6631805,"NW","convex.gentle"
"2228","CR05","E","pico","C",8,0,0,0,0,0,0,0,0,0,1,0,62.3,2300.160556,3.053227132,"convex",11.42007617,5.675108303,"low",318.6631805,"NW","convex.gentle"
"2229","CR05","E","pico","C",9,0,0,0,0,0,0,0,0,0,1,0,62.3,2300.160556,3.053227132,"convex",11.42007617,5.675108303,"low",318.6631805,"NW","convex.gentle"
"2230","CR05","E","pico","C",10,0,0,0,0,0,0,0,0,0,1,0,62.3,2300.160556,3.053227132,"convex",11.42007617,5.675108303,"low",318.6631805,"NW","convex.gentle"
"2231","CR05","E","psme","C",1,0,0,0,0,0,0,0,0,0,1,0,62.3,2300.160556,3.053227132,"convex",11.42007617,5.675108303,"low",318.6631805,"NW","convex.gentle"
"2232","CR05","E","psme","C",2,0,0,0,0,0,0,0,0,0,1,0,62.3,2300.160556,3.053227132,"convex",11.42007617,5.675108303,"low",318.6631805,"NW","convex.gentle"
"2233","CR05","E","psme","C",3,0,0,0,0,0,0,0,0,0,1,0,62.3,2300.160556,3.053227132,"convex",11.42007617,5.675108303,"low",318.6631805,"NW","convex.gentle"
"2234","CR05","E","psme","C",4,0,0,0,0,0,0,0,0,0,1,0,62.3,2300.160556,3.053227132,"convex",11.42007617,5.675108303,"low",318.6631805,"NW","convex.gentle"
"2235","CR05","E","psme","C",5,0,0,0,0,0,0,0,0,0,1,0,62.3,2300.160556,3.053227132,"convex",11.42007617,5.675108303,"low",318.6631805,"NW","convex.gentle"
"2236","CR05","E","psme","C",6,0,0,0,0,0,0,0,0,0,1,0,62.3,2300.160556,3.053227132,"convex",11.42007617,5.675108303,"low",318.6631805,"NW","convex.gentle"
"2237","CR05","E","psme","C",7,0,0,0,0,0,0,0,0,0,1,0,62.3,2300.160556,3.053227132,"convex",11.42007617,5.675108303,"low",318.6631805,"NW","convex.gentle"
"2238","CR05","E","psme","C",8,0,0,0,0,0,0,0,0,0,1,0,62.3,2300.160556,3.053227132,"convex",11.42007617,5.675108303,"low",318.6631805,"NW","convex.gentle"
"2239","CR05","E","psme","C",9,0,0,0,0,0,0,0,0,0,1,0,62.3,2300.160556,3.053227132,"convex",11.42007617,5.675108303,"low",318.6631805,"NW","convex.gentle"
"2240","CR05","E","psme","C",10,0,0,0,0,0,0,0,0,0,1,0,62.3,2300.160556,3.053227132,"convex",11.42007617,5.675108303,"low",318.6631805,"NW","convex.gentle"
"2241","CR05","N","pico","C",1,0,0,0,0,0,0,0,0,0,1,0,62.3,2300.160556,3.053227132,"convex",11.42007617,5.675108303,"low",318.6631805,"NW","convex.gentle"
"2242","CR05","N","pico","C",2,0,0,0,0,0,0,0,0,0,1,0,62.3,2300.160556,3.053227132,"convex",11.42007617,5.675108303,"low",318.6631805,"NW","convex.gentle"
"2243","CR05","N","pico","C",3,0,0,0,0,0,0,0,0,0,1,0,62.3,2300.160556,3.053227132,"convex",11.42007617,5.675108303,"low",318.6631805,"NW","convex.gentle"
"2244","CR05","N","pico","C",4,0,0,0,0,0,0,0,0,0,1,0,62.3,2300.160556,3.053227132,"convex",11.42007617,5.675108303,"low",318.6631805,"NW","convex.gentle"
"2245","CR05","N","pico","C",5,0,0,0,0,0,0,0,0,0,1,0,62.3,2300.160556,3.053227132,"convex",11.42007617,5.675108303,"low",318.6631805,"NW","convex.gentle"
"2246","CR05","N","pico","C",6,0,0,0,0,0,0,0,0,0,1,0,62.3,2300.160556,3.053227132,"convex",11.42007617,5.675108303,"low",318.6631805,"NW","convex.gentle"
"2247","CR05","N","pico","C",7,0,0,0,0,0,0,0,0,0,1,0,62.3,2300.160556,3.053227132,"convex",11.42007617,5.675108303,"low",318.6631805,"NW","convex.gentle"
"2248","CR05","N","pico","C",8,1,0,1,1,0,0,0,0,0,1,1,62.3,2300.160556,3.053227132,"convex",11.42007617,5.675108303,"low",318.6631805,"NW","convex.gentle"
"2249","CR05","N","pico","C",9,0,0,0,0,0,0,0,0,0,1,0,62.3,2300.160556,3.053227132,"convex",11.42007617,5.675108303,"low",318.6631805,"NW","convex.gentle"
"2250","CR05","N","pico","C",10,0,0,0,0,0,0,0,0,0,1,0,62.3,2300.160556,3.053227132,"convex",11.42007617,5.675108303,"low",318.6631805,"NW","convex.gentle"
"2251","CR05","N","psme","C",1,0,0,0,0,0,0,0,0,0,1,0,62.3,2300.160556,3.053227132,"convex",11.42007617,5.675108303,"low",318.6631805,"NW","convex.gentle"
"2252","CR05","N","psme","C",2,0,0,0,0,0,0,0,0,0,1,0,62.3,2300.160556,3.053227132,"convex",11.42007617,5.675108303,"low",318.6631805,"NW","convex.gentle"
"2253","CR05","N","psme","C",3,1,0,1,1,0,0,0,0,0,1,0,62.3,2300.160556,3.053227132,"convex",11.42007617,5.675108303,"low",318.6631805,"NW","convex.gentle"
"2254","CR05","N","psme","C",4,0,0,0,0,0,0,0,0,0,1,0,62.3,2300.160556,3.053227132,"convex",11.42007617,5.675108303,"low",318.6631805,"NW","convex.gentle"
"2255","CR05","N","psme","C",5,0,0,0,0,0,0,0,0,0,1,0,62.3,2300.160556,3.053227132,"convex",11.42007617,5.675108303,"low",318.6631805,"NW","convex.gentle"
"2256","CR05","N","psme","C",6,0,0,0,0,0,0,0,0,0,1,0,62.3,2300.160556,3.053227132,"convex",11.42007617,5.675108303,"low",318.6631805,"NW","convex.gentle"
"2257","CR05","N","psme","C",7,0,0,0,0,0,0,0,0,0,1,0,62.3,2300.160556,3.053227132,"convex",11.42007617,5.675108303,"low",318.6631805,"NW","convex.gentle"
"2258","CR05","N","psme","C",8,0,0,0,0,0,0,0,0,0,1,0,62.3,2300.160556,3.053227132,"convex",11.42007617,5.675108303,"low",318.6631805,"NW","convex.gentle"
"2259","CR05","N","psme","C",9,0,0,0,0,0,0,0,0,0,1,0,62.3,2300.160556,3.053227132,"convex",11.42007617,5.675108303,"low",318.6631805,"NW","convex.gentle"
"2260","CR05","N","psme","C",10,0,0,0,0,0,0,0,0,0,1,0,62.3,2300.160556,3.053227132,"convex",11.42007617,5.675108303,"low",318.6631805,"NW","convex.gentle"
"2261","CR05","S","pico","C",1,0,0,0,0,0,0,0,0,0,1,0,62.3,2300.160556,3.053227132,"convex",11.42007617,5.675108303,"low",318.6631805,"NW","convex.gentle"
"2262","CR05","S","pico","C",2,0,0,0,0,0,0,0,0,0,1,0,62.3,2300.160556,3.053227132,"convex",11.42007617,5.675108303,"low",318.6631805,"NW","convex.gentle"
"2263","CR05","S","pico","C",3,1,0,1,1,1,0,0,0,0,1,0,62.3,2300.160556,3.053227132,"convex",11.42007617,5.675108303,"low",318.6631805,"NW","convex.gentle"
"2264","CR05","S","pico","C",4,1,0,1,1,0,0,0,0,0,1,1,62.3,2300.160556,3.053227132,"convex",11.42007617,5.675108303,"low",318.6631805,"NW","convex.gentle"
"2265","CR05","S","pico","C",5,1,0,1,1,0,0,0,0,0,1,1,62.3,2300.160556,3.053227132,"convex",11.42007617,5.675108303,"low",318.6631805,"NW","convex.gentle"
"2266","CR05","S","pico","C",6,0,0,0,0,0,0,0,0,0,1,0,62.3,2300.160556,3.053227132,"convex",11.42007617,5.675108303,"low",318.6631805,"NW","convex.gentle"
"2267","CR05","S","pico","C",7,1,0,1,1,1,0,0,0,0,1,0,62.3,2300.160556,3.053227132,"convex",11.42007617,5.675108303,"low",318.6631805,"NW","convex.gentle"
"2268","CR05","S","pico","C",8,0,0,0,0,0,0,0,0,0,1,0,62.3,2300.160556,3.053227132,"convex",11.42007617,5.675108303,"low",318.6631805,"NW","convex.gentle"
"2269","CR05","S","pico","C",9,0,0,0,0,0,0,0,0,0,1,0,62.3,2300.160556,3.053227132,"convex",11.42007617,5.675108303,"low",318.6631805,"NW","convex.gentle"
"2270","CR05","S","pico","C",10,0,0,0,0,0,0,0,0,0,1,0,62.3,2300.160556,3.053227132,"convex",11.42007617,5.675108303,"low",318.6631805,"NW","convex.gentle"
"2271","CR05","S","psme","C",1,0,0,0,0,0,0,0,0,0,1,0,62.3,2300.160556,3.053227132,"convex",11.42007617,5.675108303,"low",318.6631805,"NW","convex.gentle"
"2272","CR05","S","psme","C",2,0,0,0,0,0,0,0,0,0,1,0,62.3,2300.160556,3.053227132,"convex",11.42007617,5.675108303,"low",318.6631805,"NW","convex.gentle"
"2273","CR05","S","psme","C",3,0,0,0,0,0,0,0,0,0,1,0,62.3,2300.160556,3.053227132,"convex",11.42007617,5.675108303,"low",318.6631805,"NW","convex.gentle"
"2274","CR05","S","psme","C",4,0,0,0,0,0,0,0,0,0,1,0,62.3,2300.160556,3.053227132,"convex",11.42007617,5.675108303,"low",318.6631805,"NW","convex.gentle"
"2275","CR05","S","psme","C",5,0,0,0,0,0,0,0,0,0,1,0,62.3,2300.160556,3.053227132,"convex",11.42007617,5.675108303,"low",318.6631805,"NW","convex.gentle"
"2276","CR05","S","psme","C",6,0,0,0,0,0,0,0,0,0,1,0,62.3,2300.160556,3.053227132,"convex",11.42007617,5.675108303,"low",318.6631805,"NW","convex.gentle"
"2277","CR05","S","psme","C",7,0,0,0,0,0,0,0,0,0,1,0,62.3,2300.160556,3.053227132,"convex",11.42007617,5.675108303,"low",318.6631805,"NW","convex.gentle"
"2278","CR05","S","psme","C",8,0,0,0,0,0,0,0,0,0,1,0,62.3,2300.160556,3.053227132,"convex",11.42007617,5.675108303,"low",318.6631805,"NW","convex.gentle"
"2279","CR05","S","psme","C",9,0,0,0,0,0,0,0,0,0,1,0,62.3,2300.160556,3.053227132,"convex",11.42007617,5.675108303,"low",318.6631805,"NW","convex.gentle"
"2280","CR05","S","psme","C",10,0,0,0,0,0,0,0,0,0,1,0,62.3,2300.160556,3.053227132,"convex",11.42007617,5.675108303,"low",318.6631805,"NW","convex.gentle"
"2281","CR05","W","pico","C",1,0,0,0,0,0,0,0,0,0,1,0,62.3,2300.160556,3.053227132,"convex",11.42007617,5.675108303,"low",318.6631805,"NW","convex.gentle"
"2282","CR05","W","pico","C",2,0,0,0,0,0,0,0,0,0,1,0,62.3,2300.160556,3.053227132,"convex",11.42007617,5.675108303,"low",318.6631805,"NW","convex.gentle"
"2283","CR05","W","pico","C",3,0,0,0,0,0,0,0,0,0,1,0,62.3,2300.160556,3.053227132,"convex",11.42007617,5.675108303,"low",318.6631805,"NW","convex.gentle"
"2284","CR05","W","pico","C",4,0,0,0,0,0,0,0,0,0,1,0,62.3,2300.160556,3.053227132,"convex",11.42007617,5.675108303,"low",318.6631805,"NW","convex.gentle"
"2285","CR05","W","pico","C",5,1,0,1,1,0,0,0,0,0,1,1,62.3,2300.160556,3.053227132,"convex",11.42007617,5.675108303,"low",318.6631805,"NW","convex.gentle"
"2286","CR05","W","pico","C",6,0,0,0,0,0,0,0,0,0,1,0,62.3,2300.160556,3.053227132,"convex",11.42007617,5.675108303,"low",318.6631805,"NW","convex.gentle"
"2287","CR05","W","pico","C",7,0,0,0,0,0,0,0,0,0,1,0,62.3,2300.160556,3.053227132,"convex",11.42007617,5.675108303,"low",318.6631805,"NW","convex.gentle"
"2288","CR05","W","pico","C",8,0,0,0,0,0,0,0,0,0,1,0,62.3,2300.160556,3.053227132,"convex",11.42007617,5.675108303,"low",318.6631805,"NW","convex.gentle"
"2289","CR05","W","pico","C",9,0,0,0,0,0,0,0,0,0,1,0,62.3,2300.160556,3.053227132,"convex",11.42007617,5.675108303,"low",318.6631805,"NW","convex.gentle"
"2290","CR05","W","pico","C",10,0,0,0,0,0,0,0,0,0,1,0,62.3,2300.160556,3.053227132,"convex",11.42007617,5.675108303,"low",318.6631805,"NW","convex.gentle"
"2291","CR05","W","psme","C",1,0,0,0,0,0,0,0,0,0,1,0,62.3,2300.160556,3.053227132,"convex",11.42007617,5.675108303,"low",318.6631805,"NW","convex.gentle"
"2292","CR05","W","psme","C",2,0,0,0,0,0,0,0,0,0,1,0,62.3,2300.160556,3.053227132,"convex",11.42007617,5.675108303,"low",318.6631805,"NW","convex.gentle"
"2293","CR05","W","psme","C",3,0,0,0,0,0,0,0,0,0,1,0,62.3,2300.160556,3.053227132,"convex",11.42007617,5.675108303,"low",318.6631805,"NW","convex.gentle"
"2294","CR05","W","psme","C",4,0,0,0,0,0,0,0,0,0,1,0,62.3,2300.160556,3.053227132,"convex",11.42007617,5.675108303,"low",318.6631805,"NW","convex.gentle"
"2295","CR05","W","psme","C",5,0,0,0,0,0,0,0,0,0,1,0,62.3,2300.160556,3.053227132,"convex",11.42007617,5.675108303,"low",318.6631805,"NW","convex.gentle"
"2296","CR05","W","psme","C",6,0,0,0,0,0,0,0,0,0,1,0,62.3,2300.160556,3.053227132,"convex",11.42007617,5.675108303,"low",318.6631805,"NW","convex.gentle"
"2297","CR05","W","psme","C",7,0,0,0,0,0,0,0,0,0,1,0,62.3,2300.160556,3.053227132,"convex",11.42007617,5.675108303,"low",318.6631805,"NW","convex.gentle"
"2298","CR05","W","psme","C",8,0,0,0,0,0,0,0,0,0,1,0,62.3,2300.160556,3.053227132,"convex",11.42007617,5.675108303,"low",318.6631805,"NW","convex.gentle"
"2299","CR05","W","psme","C",9,0,0,0,0,0,0,0,0,0,1,0,62.3,2300.160556,3.053227132,"convex",11.42007617,5.675108303,"low",318.6631805,"NW","convex.gentle"
"2300","CR05","W","psme","C",10,0,0,0,0,0,0,0,0,0,1,0,62.3,2300.160556,3.053227132,"convex",11.42007617,5.675108303,"low",318.6631805,"NW","convex.gentle"
"2301","CR05","C","pico","D",1,0,0,0,0,0,0,0,0,0,1,0,62.3,2300.160556,3.053227132,"convex",11.42007617,5.675108303,"low",318.6631805,"NW","convex.gentle"
"2302","CR05","C","pico","D",2,0,0,0,0,0,0,0,0,0,1,0,62.3,2300.160556,3.053227132,"convex",11.42007617,5.675108303,"low",318.6631805,"NW","convex.gentle"
"2303","CR05","C","pico","D",3,0,0,0,0,0,0,0,0,0,1,0,62.3,2300.160556,3.053227132,"convex",11.42007617,5.675108303,"low",318.6631805,"NW","convex.gentle"
"2304","CR05","C","pico","D",4,0,0,0,0,0,0,0,0,0,1,0,62.3,2300.160556,3.053227132,"convex",11.42007617,5.675108303,"low",318.6631805,"NW","convex.gentle"
"2305","CR05","C","pico","D",5,0,0,0,0,0,0,0,0,0,1,0,62.3,2300.160556,3.053227132,"convex",11.42007617,5.675108303,"low",318.6631805,"NW","convex.gentle"
"2306","CR05","C","pico","D",6,0,0,0,0,0,0,0,0,0,1,0,62.3,2300.160556,3.053227132,"convex",11.42007617,5.675108303,"low",318.6631805,"NW","convex.gentle"
"2307","CR05","C","pico","D",7,0,0,0,0,0,0,0,0,0,1,0,62.3,2300.160556,3.053227132,"convex",11.42007617,5.675108303,"low",318.6631805,"NW","convex.gentle"
"2308","CR05","C","pico","D",8,0,0,0,0,0,0,0,0,0,1,0,62.3,2300.160556,3.053227132,"convex",11.42007617,5.675108303,"low",318.6631805,"NW","convex.gentle"
"2309","CR05","C","pico","D",9,0,0,0,0,0,0,0,0,0,1,0,62.3,2300.160556,3.053227132,"convex",11.42007617,5.675108303,"low",318.6631805,"NW","convex.gentle"
"2310","CR05","C","pico","D",10,0,0,0,0,0,0,0,0,0,1,0,62.3,2300.160556,3.053227132,"convex",11.42007617,5.675108303,"low",318.6631805,"NW","convex.gentle"
"2311","CR05","C","psme","D",1,0,0,0,0,0,0,0,0,0,1,0,62.3,2300.160556,3.053227132,"convex",11.42007617,5.675108303,"low",318.6631805,"NW","convex.gentle"
"2312","CR05","C","psme","D",2,0,0,0,0,0,0,0,0,0,1,0,62.3,2300.160556,3.053227132,"convex",11.42007617,5.675108303,"low",318.6631805,"NW","convex.gentle"
"2313","CR05","C","psme","D",3,0,0,0,0,0,0,0,0,0,1,0,62.3,2300.160556,3.053227132,"convex",11.42007617,5.675108303,"low",318.6631805,"NW","convex.gentle"
"2314","CR05","C","psme","D",4,0,0,0,0,0,0,0,0,0,1,0,62.3,2300.160556,3.053227132,"convex",11.42007617,5.675108303,"low",318.6631805,"NW","convex.gentle"
"2315","CR05","C","psme","D",5,0,0,0,0,0,0,0,0,0,1,0,62.3,2300.160556,3.053227132,"convex",11.42007617,5.675108303,"low",318.6631805,"NW","convex.gentle"
"2316","CR05","C","psme","D",6,0,0,0,0,0,0,0,0,0,1,0,62.3,2300.160556,3.053227132,"convex",11.42007617,5.675108303,"low",318.6631805,"NW","convex.gentle"
"2317","CR05","C","psme","D",7,0,0,0,0,0,0,0,0,0,1,0,62.3,2300.160556,3.053227132,"convex",11.42007617,5.675108303,"low",318.6631805,"NW","convex.gentle"
"2318","CR05","C","psme","D",8,0,0,0,0,0,0,0,0,0,1,0,62.3,2300.160556,3.053227132,"convex",11.42007617,5.675108303,"low",318.6631805,"NW","convex.gentle"
"2319","CR05","C","psme","D",9,0,0,0,0,0,0,0,0,0,1,0,62.3,2300.160556,3.053227132,"convex",11.42007617,5.675108303,"low",318.6631805,"NW","convex.gentle"
"2320","CR05","C","psme","D",10,0,0,0,0,0,0,0,0,0,1,0,62.3,2300.160556,3.053227132,"convex",11.42007617,5.675108303,"low",318.6631805,"NW","convex.gentle"
"2321","CR05","E","pico","D",1,0,0,0,0,0,0,0,0,0,1,0,62.3,2300.160556,3.053227132,"convex",11.42007617,5.675108303,"low",318.6631805,"NW","convex.gentle"
"2322","CR05","E","pico","D",2,0,0,0,0,0,0,0,0,0,1,0,62.3,2300.160556,3.053227132,"convex",11.42007617,5.675108303,"low",318.6631805,"NW","convex.gentle"
"2323","CR05","E","pico","D",3,0,0,0,0,0,0,0,0,0,1,0,62.3,2300.160556,3.053227132,"convex",11.42007617,5.675108303,"low",318.6631805,"NW","convex.gentle"
"2324","CR05","E","pico","D",4,0,0,0,0,0,0,0,0,0,1,0,62.3,2300.160556,3.053227132,"convex",11.42007617,5.675108303,"low",318.6631805,"NW","convex.gentle"
"2325","CR05","E","pico","D",5,0,0,0,0,0,0,0,0,0,1,0,62.3,2300.160556,3.053227132,"convex",11.42007617,5.675108303,"low",318.6631805,"NW","convex.gentle"
"2326","CR05","E","pico","D",6,0,0,0,0,0,0,0,0,0,1,0,62.3,2300.160556,3.053227132,"convex",11.42007617,5.675108303,"low",318.6631805,"NW","convex.gentle"
"2327","CR05","E","pico","D",7,0,0,0,0,0,0,0,0,0,1,0,62.3,2300.160556,3.053227132,"convex",11.42007617,5.675108303,"low",318.6631805,"NW","convex.gentle"
"2328","CR05","E","pico","D",8,0,0,0,0,0,0,0,0,0,1,0,62.3,2300.160556,3.053227132,"convex",11.42007617,5.675108303,"low",318.6631805,"NW","convex.gentle"
"2329","CR05","E","pico","D",9,0,0,0,0,0,0,0,0,0,1,0,62.3,2300.160556,3.053227132,"convex",11.42007617,5.675108303,"low",318.6631805,"NW","convex.gentle"
"2330","CR05","E","pico","D",10,0,0,0,0,0,0,0,0,0,1,0,62.3,2300.160556,3.053227132,"convex",11.42007617,5.675108303,"low",318.6631805,"NW","convex.gentle"
"2331","CR05","E","psme","D",1,0,0,0,0,0,0,0,0,0,1,0,62.3,2300.160556,3.053227132,"convex",11.42007617,5.675108303,"low",318.6631805,"NW","convex.gentle"
"2332","CR05","E","psme","D",2,0,0,0,0,0,0,0,0,0,1,0,62.3,2300.160556,3.053227132,"convex",11.42007617,5.675108303,"low",318.6631805,"NW","convex.gentle"
"2333","CR05","E","psme","D",3,0,0,0,0,0,0,0,0,0,1,0,62.3,2300.160556,3.053227132,"convex",11.42007617,5.675108303,"low",318.6631805,"NW","convex.gentle"
"2334","CR05","E","psme","D",4,0,0,0,0,0,0,0,0,0,1,0,62.3,2300.160556,3.053227132,"convex",11.42007617,5.675108303,"low",318.6631805,"NW","convex.gentle"
"2335","CR05","E","psme","D",5,0,0,0,0,0,0,0,0,0,1,0,62.3,2300.160556,3.053227132,"convex",11.42007617,5.675108303,"low",318.6631805,"NW","convex.gentle"
"2336","CR05","E","psme","D",6,0,0,0,0,0,0,0,0,0,1,0,62.3,2300.160556,3.053227132,"convex",11.42007617,5.675108303,"low",318.6631805,"NW","convex.gentle"
"2337","CR05","E","psme","D",7,0,0,0,0,0,0,0,0,0,1,0,62.3,2300.160556,3.053227132,"convex",11.42007617,5.675108303,"low",318.6631805,"NW","convex.gentle"
"2338","CR05","E","psme","D",8,0,0,0,0,0,0,0,0,0,1,0,62.3,2300.160556,3.053227132,"convex",11.42007617,5.675108303,"low",318.6631805,"NW","convex.gentle"
"2339","CR05","E","psme","D",9,0,0,0,0,0,0,0,0,0,1,0,62.3,2300.160556,3.053227132,"convex",11.42007617,5.675108303,"low",318.6631805,"NW","convex.gentle"
"2340","CR05","E","psme","D",10,0,0,0,0,0,0,0,0,0,1,0,62.3,2300.160556,3.053227132,"convex",11.42007617,5.675108303,"low",318.6631805,"NW","convex.gentle"
"2341","CR05","N","pico","D",1,0,0,0,0,0,0,0,0,0,1,0,62.3,2300.160556,3.053227132,"convex",11.42007617,5.675108303,"low",318.6631805,"NW","convex.gentle"
"2342","CR05","N","pico","D",2,0,0,0,0,0,0,0,0,0,1,0,62.3,2300.160556,3.053227132,"convex",11.42007617,5.675108303,"low",318.6631805,"NW","convex.gentle"
"2343","CR05","N","pico","D",3,0,0,0,0,0,0,0,0,0,1,0,62.3,2300.160556,3.053227132,"convex",11.42007617,5.675108303,"low",318.6631805,"NW","convex.gentle"
"2344","CR05","N","pico","D",4,0,0,0,0,0,0,0,0,0,1,0,62.3,2300.160556,3.053227132,"convex",11.42007617,5.675108303,"low",318.6631805,"NW","convex.gentle"
"2345","CR05","N","pico","D",5,0,0,0,0,0,0,0,0,0,1,0,62.3,2300.160556,3.053227132,"convex",11.42007617,5.675108303,"low",318.6631805,"NW","convex.gentle"
"2346","CR05","N","pico","D",6,0,0,0,0,0,0,0,0,0,1,0,62.3,2300.160556,3.053227132,"convex",11.42007617,5.675108303,"low",318.6631805,"NW","convex.gentle"
"2347","CR05","N","pico","D",7,0,0,0,0,0,0,0,0,0,1,0,62.3,2300.160556,3.053227132,"convex",11.42007617,5.675108303,"low",318.6631805,"NW","convex.gentle"
"2348","CR05","N","pico","D",8,0,0,0,0,0,0,0,0,0,1,0,62.3,2300.160556,3.053227132,"convex",11.42007617,5.675108303,"low",318.6631805,"NW","convex.gentle"
"2349","CR05","N","pico","D",9,0,0,0,0,0,0,0,0,0,1,0,62.3,2300.160556,3.053227132,"convex",11.42007617,5.675108303,"low",318.6631805,"NW","convex.gentle"
"2350","CR05","N","pico","D",10,0,0,0,0,0,0,0,0,0,1,0,62.3,2300.160556,3.053227132,"convex",11.42007617,5.675108303,"low",318.6631805,"NW","convex.gentle"
"2351","CR05","N","psme","D",1,0,0,0,0,0,0,0,0,0,1,0,62.3,2300.160556,3.053227132,"convex",11.42007617,5.675108303,"low",318.6631805,"NW","convex.gentle"
"2352","CR05","N","psme","D",2,0,0,0,0,0,0,0,0,0,1,0,62.3,2300.160556,3.053227132,"convex",11.42007617,5.675108303,"low",318.6631805,"NW","convex.gentle"
"2353","CR05","N","psme","D",3,0,0,0,0,0,0,0,0,0,1,0,62.3,2300.160556,3.053227132,"convex",11.42007617,5.675108303,"low",318.6631805,"NW","convex.gentle"
"2354","CR05","N","psme","D",4,0,0,0,0,0,0,0,0,0,1,0,62.3,2300.160556,3.053227132,"convex",11.42007617,5.675108303,"low",318.6631805,"NW","convex.gentle"
"2355","CR05","N","psme","D",5,0,0,0,0,0,0,0,0,0,1,0,62.3,2300.160556,3.053227132,"convex",11.42007617,5.675108303,"low",318.6631805,"NW","convex.gentle"
"2356","CR05","N","psme","D",6,0,0,0,0,0,0,0,0,0,1,0,62.3,2300.160556,3.053227132,"convex",11.42007617,5.675108303,"low",318.6631805,"NW","convex.gentle"
"2357","CR05","N","psme","D",7,0,0,0,0,0,0,0,0,0,1,0,62.3,2300.160556,3.053227132,"convex",11.42007617,5.675108303,"low",318.6631805,"NW","convex.gentle"
"2358","CR05","N","psme","D",8,0,0,0,0,0,0,0,0,0,1,0,62.3,2300.160556,3.053227132,"convex",11.42007617,5.675108303,"low",318.6631805,"NW","convex.gentle"
"2359","CR05","N","psme","D",9,0,0,0,0,0,0,0,0,0,1,0,62.3,2300.160556,3.053227132,"convex",11.42007617,5.675108303,"low",318.6631805,"NW","convex.gentle"
"2360","CR05","N","psme","D",10,0,0,0,0,0,0,0,0,0,1,0,62.3,2300.160556,3.053227132,"convex",11.42007617,5.675108303,"low",318.6631805,"NW","convex.gentle"
"2361","CR05","S","pico","D",1,0,0,0,0,0,0,0,0,0,1,0,62.3,2300.160556,3.053227132,"convex",11.42007617,5.675108303,"low",318.6631805,"NW","convex.gentle"
"2362","CR05","S","pico","D",2,0,0,0,0,0,0,0,0,0,1,0,62.3,2300.160556,3.053227132,"convex",11.42007617,5.675108303,"low",318.6631805,"NW","convex.gentle"
"2363","CR05","S","pico","D",3,0,0,0,0,0,0,0,0,0,1,0,62.3,2300.160556,3.053227132,"convex",11.42007617,5.675108303,"low",318.6631805,"NW","convex.gentle"
"2364","CR05","S","pico","D",4,0,0,0,0,0,0,0,0,0,1,0,62.3,2300.160556,3.053227132,"convex",11.42007617,5.675108303,"low",318.6631805,"NW","convex.gentle"
"2365","CR05","S","pico","D",5,0,0,0,0,0,0,0,0,0,1,0,62.3,2300.160556,3.053227132,"convex",11.42007617,5.675108303,"low",318.6631805,"NW","convex.gentle"
"2366","CR05","S","pico","D",6,0,0,0,0,0,0,0,0,0,1,0,62.3,2300.160556,3.053227132,"convex",11.42007617,5.675108303,"low",318.6631805,"NW","convex.gentle"
"2367","CR05","S","pico","D",7,0,0,0,0,0,0,0,0,0,1,0,62.3,2300.160556,3.053227132,"convex",11.42007617,5.675108303,"low",318.6631805,"NW","convex.gentle"
"2368","CR05","S","pico","D",8,0,0,0,0,0,0,0,0,0,1,0,62.3,2300.160556,3.053227132,"convex",11.42007617,5.675108303,"low",318.6631805,"NW","convex.gentle"
"2369","CR05","S","pico","D",9,1,0,1,1,0,0,0,0,0,1,1,62.3,2300.160556,3.053227132,"convex",11.42007617,5.675108303,"low",318.6631805,"NW","convex.gentle"
"2370","CR05","S","pico","D",10,0,0,0,0,0,0,0,0,0,1,0,62.3,2300.160556,3.053227132,"convex",11.42007617,5.675108303,"low",318.6631805,"NW","convex.gentle"
"2371","CR05","S","psme","D",1,0,0,0,0,0,0,0,0,0,1,0,62.3,2300.160556,3.053227132,"convex",11.42007617,5.675108303,"low",318.6631805,"NW","convex.gentle"
"2372","CR05","S","psme","D",2,0,0,0,0,0,0,0,0,0,1,0,62.3,2300.160556,3.053227132,"convex",11.42007617,5.675108303,"low",318.6631805,"NW","convex.gentle"
"2373","CR05","S","psme","D",3,0,0,0,0,0,0,0,0,0,1,0,62.3,2300.160556,3.053227132,"convex",11.42007617,5.675108303,"low",318.6631805,"NW","convex.gentle"
"2374","CR05","S","psme","D",4,0,0,0,0,0,0,0,0,0,1,0,62.3,2300.160556,3.053227132,"convex",11.42007617,5.675108303,"low",318.6631805,"NW","convex.gentle"
"2375","CR05","S","psme","D",5,0,0,0,0,0,0,0,0,0,1,0,62.3,2300.160556,3.053227132,"convex",11.42007617,5.675108303,"low",318.6631805,"NW","convex.gentle"
"2376","CR05","S","psme","D",6,0,0,0,0,0,0,0,0,0,1,0,62.3,2300.160556,3.053227132,"convex",11.42007617,5.675108303,"low",318.6631805,"NW","convex.gentle"
"2377","CR05","S","psme","D",7,0,0,0,0,0,0,0,0,0,1,0,62.3,2300.160556,3.053227132,"convex",11.42007617,5.675108303,"low",318.6631805,"NW","convex.gentle"
"2378","CR05","S","psme","D",8,0,0,0,0,0,0,0,0,0,1,0,62.3,2300.160556,3.053227132,"convex",11.42007617,5.675108303,"low",318.6631805,"NW","convex.gentle"
"2379","CR05","S","psme","D",9,0,0,0,0,0,0,0,0,0,1,0,62.3,2300.160556,3.053227132,"convex",11.42007617,5.675108303,"low",318.6631805,"NW","convex.gentle"
"2380","CR05","S","psme","D",10,0,0,0,0,0,0,0,0,0,1,0,62.3,2300.160556,3.053227132,"convex",11.42007617,5.675108303,"low",318.6631805,"NW","convex.gentle"
"2381","CR05","W","pico","D",1,0,0,0,0,0,0,0,0,0,1,0,62.3,2300.160556,3.053227132,"convex",11.42007617,5.675108303,"low",318.6631805,"NW","convex.gentle"
"2382","CR05","W","pico","D",2,0,0,0,0,0,0,0,0,0,1,0,62.3,2300.160556,3.053227132,"convex",11.42007617,5.675108303,"low",318.6631805,"NW","convex.gentle"
"2383","CR05","W","pico","D",3,0,0,0,0,0,0,0,0,0,1,0,62.3,2300.160556,3.053227132,"convex",11.42007617,5.675108303,"low",318.6631805,"NW","convex.gentle"
"2384","CR05","W","pico","D",4,0,0,0,0,0,0,0,0,0,1,0,62.3,2300.160556,3.053227132,"convex",11.42007617,5.675108303,"low",318.6631805,"NW","convex.gentle"
"2385","CR05","W","pico","D",5,0,0,0,0,0,0,0,0,0,1,0,62.3,2300.160556,3.053227132,"convex",11.42007617,5.675108303,"low",318.6631805,"NW","convex.gentle"
"2386","CR05","W","pico","D",6,0,0,0,0,0,0,0,0,0,1,0,62.3,2300.160556,3.053227132,"convex",11.42007617,5.675108303,"low",318.6631805,"NW","convex.gentle"
"2387","CR05","W","pico","D",7,1,0,1,1,0,0,0,0,0,1,0,62.3,2300.160556,3.053227132,"convex",11.42007617,5.675108303,"low",318.6631805,"NW","convex.gentle"
"2388","CR05","W","pico","D",8,0,0,0,0,0,0,0,0,0,1,0,62.3,2300.160556,3.053227132,"convex",11.42007617,5.675108303,"low",318.6631805,"NW","convex.gentle"
"2389","CR05","W","pico","D",9,0,0,0,0,0,0,0,0,0,1,0,62.3,2300.160556,3.053227132,"convex",11.42007617,5.675108303,"low",318.6631805,"NW","convex.gentle"
"2390","CR05","W","pico","D",10,0,0,0,0,0,0,0,0,0,1,0,62.3,2300.160556,3.053227132,"convex",11.42007617,5.675108303,"low",318.6631805,"NW","convex.gentle"
"2391","CR05","W","psme","D",1,0,0,0,0,0,0,0,0,0,1,0,62.3,2300.160556,3.053227132,"convex",11.42007617,5.675108303,"low",318.6631805,"NW","convex.gentle"
"2392","CR05","W","psme","D",2,0,0,0,0,0,0,0,0,0,1,0,62.3,2300.160556,3.053227132,"convex",11.42007617,5.675108303,"low",318.6631805,"NW","convex.gentle"
"2393","CR05","W","psme","D",3,0,0,0,0,0,0,0,0,0,1,0,62.3,2300.160556,3.053227132,"convex",11.42007617,5.675108303,"low",318.6631805,"NW","convex.gentle"
"2394","CR05","W","psme","D",4,0,0,0,0,0,0,0,0,0,1,0,62.3,2300.160556,3.053227132,"convex",11.42007617,5.675108303,"low",318.6631805,"NW","convex.gentle"
"2395","CR05","W","psme","D",5,0,0,0,0,0,0,0,0,0,1,0,62.3,2300.160556,3.053227132,"convex",11.42007617,5.675108303,"low",318.6631805,"NW","convex.gentle"
"2396","CR05","W","psme","D",6,0,0,0,0,0,0,0,0,0,1,0,62.3,2300.160556,3.053227132,"convex",11.42007617,5.675108303,"low",318.6631805,"NW","convex.gentle"
"2397","CR05","W","psme","D",7,0,0,0,0,0,0,0,0,0,1,0,62.3,2300.160556,3.053227132,"convex",11.42007617,5.675108303,"low",318.6631805,"NW","convex.gentle"
"2398","CR05","W","psme","D",8,0,0,0,0,0,0,0,0,0,1,0,62.3,2300.160556,3.053227132,"convex",11.42007617,5.675108303,"low",318.6631805,"NW","convex.gentle"
"2399","CR05","W","psme","D",9,0,0,0,0,0,0,0,0,0,1,0,62.3,2300.160556,3.053227132,"convex",11.42007617,5.675108303,"low",318.6631805,"NW","convex.gentle"
"2400","CR05","W","psme","D",10,0,0,0,0,0,0,0,0,0,1,0,62.3,2300.160556,3.053227132,"convex",11.42007617,5.675108303,"low",318.6631805,"NW","convex.gentle"
"2401","CR05","C","pico","E",1,0,0,0,0,0,0,0,0,0,1,0,62.3,2300.160556,3.053227132,"convex",11.42007617,5.675108303,"low",318.6631805,"NW","convex.gentle"
"2402","CR05","C","pico","E",2,0,0,0,0,0,0,0,0,0,1,0,62.3,2300.160556,3.053227132,"convex",11.42007617,5.675108303,"low",318.6631805,"NW","convex.gentle"
"2403","CR05","C","pico","E",3,0,0,0,0,0,0,0,0,0,1,0,62.3,2300.160556,3.053227132,"convex",11.42007617,5.675108303,"low",318.6631805,"NW","convex.gentle"
"2404","CR05","C","pico","E",4,0,0,0,0,0,0,0,0,0,1,0,62.3,2300.160556,3.053227132,"convex",11.42007617,5.675108303,"low",318.6631805,"NW","convex.gentle"
"2405","CR05","C","pico","E",5,0,0,0,0,0,0,0,0,0,1,0,62.3,2300.160556,3.053227132,"convex",11.42007617,5.675108303,"low",318.6631805,"NW","convex.gentle"
"2406","CR05","C","pico","E",6,0,0,0,0,0,0,0,0,0,1,0,62.3,2300.160556,3.053227132,"convex",11.42007617,5.675108303,"low",318.6631805,"NW","convex.gentle"
"2407","CR05","C","pico","E",7,0,0,0,0,0,0,0,0,0,1,0,62.3,2300.160556,3.053227132,"convex",11.42007617,5.675108303,"low",318.6631805,"NW","convex.gentle"
"2408","CR05","C","pico","E",8,0,0,0,0,0,0,0,0,0,1,0,62.3,2300.160556,3.053227132,"convex",11.42007617,5.675108303,"low",318.6631805,"NW","convex.gentle"
"2409","CR05","C","pico","E",9,0,0,0,0,0,0,0,0,0,1,0,62.3,2300.160556,3.053227132,"convex",11.42007617,5.675108303,"low",318.6631805,"NW","convex.gentle"
"2410","CR05","C","pico","E",10,0,0,0,0,0,0,0,0,0,1,0,62.3,2300.160556,3.053227132,"convex",11.42007617,5.675108303,"low",318.6631805,"NW","convex.gentle"
"2411","CR05","C","psme","E",1,0,0,0,0,0,0,0,0,0,1,0,62.3,2300.160556,3.053227132,"convex",11.42007617,5.675108303,"low",318.6631805,"NW","convex.gentle"
"2412","CR05","C","psme","E",2,0,0,0,0,0,0,0,0,0,1,0,62.3,2300.160556,3.053227132,"convex",11.42007617,5.675108303,"low",318.6631805,"NW","convex.gentle"
"2413","CR05","C","psme","E",3,0,0,0,0,0,0,0,0,0,1,0,62.3,2300.160556,3.053227132,"convex",11.42007617,5.675108303,"low",318.6631805,"NW","convex.gentle"
"2414","CR05","C","psme","E",4,0,0,0,0,0,0,0,0,0,1,0,62.3,2300.160556,3.053227132,"convex",11.42007617,5.675108303,"low",318.6631805,"NW","convex.gentle"
"2415","CR05","C","psme","E",5,0,0,0,0,0,0,0,0,0,1,0,62.3,2300.160556,3.053227132,"convex",11.42007617,5.675108303,"low",318.6631805,"NW","convex.gentle"
"2416","CR05","C","psme","E",6,0,0,0,0,0,0,0,0,0,1,0,62.3,2300.160556,3.053227132,"convex",11.42007617,5.675108303,"low",318.6631805,"NW","convex.gentle"
"2417","CR05","C","psme","E",7,0,0,0,0,0,0,0,0,0,1,0,62.3,2300.160556,3.053227132,"convex",11.42007617,5.675108303,"low",318.6631805,"NW","convex.gentle"
"2418","CR05","C","psme","E",8,0,0,0,0,0,0,0,0,0,1,0,62.3,2300.160556,3.053227132,"convex",11.42007617,5.675108303,"low",318.6631805,"NW","convex.gentle"
"2419","CR05","C","psme","E",9,0,0,0,0,0,0,0,0,0,1,0,62.3,2300.160556,3.053227132,"convex",11.42007617,5.675108303,"low",318.6631805,"NW","convex.gentle"
"2420","CR05","C","psme","E",10,0,0,0,0,0,0,0,0,0,1,0,62.3,2300.160556,3.053227132,"convex",11.42007617,5.675108303,"low",318.6631805,"NW","convex.gentle"
"2421","CR05","E","pico","E",1,0,0,0,0,0,0,0,0,0,1,0,62.3,2300.160556,3.053227132,"convex",11.42007617,5.675108303,"low",318.6631805,"NW","convex.gentle"
"2422","CR05","E","pico","E",2,0,0,0,0,0,0,0,0,0,1,0,62.3,2300.160556,3.053227132,"convex",11.42007617,5.675108303,"low",318.6631805,"NW","convex.gentle"
"2423","CR05","E","pico","E",3,0,0,0,0,0,0,0,0,0,1,0,62.3,2300.160556,3.053227132,"convex",11.42007617,5.675108303,"low",318.6631805,"NW","convex.gentle"
"2424","CR05","E","pico","E",4,0,0,0,0,0,0,0,0,0,1,0,62.3,2300.160556,3.053227132,"convex",11.42007617,5.675108303,"low",318.6631805,"NW","convex.gentle"
"2425","CR05","E","pico","E",5,1,0,1,0,0,0,0,0,0,1,0,62.3,2300.160556,3.053227132,"convex",11.42007617,5.675108303,"low",318.6631805,"NW","convex.gentle"
"2426","CR05","E","pico","E",6,0,0,0,0,0,0,0,0,0,1,0,62.3,2300.160556,3.053227132,"convex",11.42007617,5.675108303,"low",318.6631805,"NW","convex.gentle"
"2427","CR05","E","pico","E",7,0,0,0,0,0,0,0,0,0,1,0,62.3,2300.160556,3.053227132,"convex",11.42007617,5.675108303,"low",318.6631805,"NW","convex.gentle"
"2428","CR05","E","pico","E",8,0,0,0,0,0,0,0,0,0,1,0,62.3,2300.160556,3.053227132,"convex",11.42007617,5.675108303,"low",318.6631805,"NW","convex.gentle"
"2429","CR05","E","pico","E",9,0,0,0,0,0,0,0,0,0,1,0,62.3,2300.160556,3.053227132,"convex",11.42007617,5.675108303,"low",318.6631805,"NW","convex.gentle"
"2430","CR05","E","pico","E",10,0,0,0,0,0,0,0,0,0,1,0,62.3,2300.160556,3.053227132,"convex",11.42007617,5.675108303,"low",318.6631805,"NW","convex.gentle"
"2431","CR05","E","psme","E",1,0,0,0,0,0,0,0,0,0,1,0,62.3,2300.160556,3.053227132,"convex",11.42007617,5.675108303,"low",318.6631805,"NW","convex.gentle"
"2432","CR05","E","psme","E",2,0,0,0,0,0,0,0,0,0,1,0,62.3,2300.160556,3.053227132,"convex",11.42007617,5.675108303,"low",318.6631805,"NW","convex.gentle"
"2433","CR05","E","psme","E",3,0,0,0,0,0,0,0,0,0,1,0,62.3,2300.160556,3.053227132,"convex",11.42007617,5.675108303,"low",318.6631805,"NW","convex.gentle"
"2434","CR05","E","psme","E",4,0,0,0,0,0,0,0,0,0,1,0,62.3,2300.160556,3.053227132,"convex",11.42007617,5.675108303,"low",318.6631805,"NW","convex.gentle"
"2435","CR05","E","psme","E",5,0,0,0,0,0,0,0,0,0,1,0,62.3,2300.160556,3.053227132,"convex",11.42007617,5.675108303,"low",318.6631805,"NW","convex.gentle"
"2436","CR05","E","psme","E",6,0,0,0,0,0,0,0,0,0,1,0,62.3,2300.160556,3.053227132,"convex",11.42007617,5.675108303,"low",318.6631805,"NW","convex.gentle"
"2437","CR05","E","psme","E",7,0,0,0,0,0,0,0,0,0,1,0,62.3,2300.160556,3.053227132,"convex",11.42007617,5.675108303,"low",318.6631805,"NW","convex.gentle"
"2438","CR05","E","psme","E",8,0,0,0,0,0,0,0,0,0,1,0,62.3,2300.160556,3.053227132,"convex",11.42007617,5.675108303,"low",318.6631805,"NW","convex.gentle"
"2439","CR05","E","psme","E",9,0,0,0,0,0,0,0,0,0,1,0,62.3,2300.160556,3.053227132,"convex",11.42007617,5.675108303,"low",318.6631805,"NW","convex.gentle"
"2440","CR05","E","psme","E",10,0,0,0,0,0,0,0,0,0,1,0,62.3,2300.160556,3.053227132,"convex",11.42007617,5.675108303,"low",318.6631805,"NW","convex.gentle"
"2441","CR05","N","pico","E",1,0,0,0,0,0,0,0,0,0,1,0,62.3,2300.160556,3.053227132,"convex",11.42007617,5.675108303,"low",318.6631805,"NW","convex.gentle"
"2442","CR05","N","pico","E",2,0,0,0,0,0,0,0,0,0,1,0,62.3,2300.160556,3.053227132,"convex",11.42007617,5.675108303,"low",318.6631805,"NW","convex.gentle"
"2443","CR05","N","pico","E",3,0,0,0,0,0,0,0,0,0,1,0,62.3,2300.160556,3.053227132,"convex",11.42007617,5.675108303,"low",318.6631805,"NW","convex.gentle"
"2444","CR05","N","pico","E",4,0,0,0,0,0,0,0,0,0,1,0,62.3,2300.160556,3.053227132,"convex",11.42007617,5.675108303,"low",318.6631805,"NW","convex.gentle"
"2445","CR05","N","pico","E",5,0,0,0,0,0,0,0,0,0,1,0,62.3,2300.160556,3.053227132,"convex",11.42007617,5.675108303,"low",318.6631805,"NW","convex.gentle"
"2446","CR05","N","pico","E",6,0,0,0,0,0,0,0,0,0,1,0,62.3,2300.160556,3.053227132,"convex",11.42007617,5.675108303,"low",318.6631805,"NW","convex.gentle"
"2447","CR05","N","pico","E",7,1,0,1,1,0,0,0,0,0,1,0,62.3,2300.160556,3.053227132,"convex",11.42007617,5.675108303,"low",318.6631805,"NW","convex.gentle"
"2448","CR05","N","pico","E",8,0,0,0,0,0,0,0,0,0,1,0,62.3,2300.160556,3.053227132,"convex",11.42007617,5.675108303,"low",318.6631805,"NW","convex.gentle"
"2449","CR05","N","pico","E",9,0,0,0,0,0,0,0,0,0,1,0,62.3,2300.160556,3.053227132,"convex",11.42007617,5.675108303,"low",318.6631805,"NW","convex.gentle"
"2450","CR05","N","pico","E",10,1,0,1,1,0,0,0,0,0,1,0,62.3,2300.160556,3.053227132,"convex",11.42007617,5.675108303,"low",318.6631805,"NW","convex.gentle"
"2451","CR05","N","psme","E",1,0,0,0,0,0,0,0,0,0,1,0,62.3,2300.160556,3.053227132,"convex",11.42007617,5.675108303,"low",318.6631805,"NW","convex.gentle"
"2452","CR05","N","psme","E",2,0,0,0,0,0,0,0,0,0,1,0,62.3,2300.160556,3.053227132,"convex",11.42007617,5.675108303,"low",318.6631805,"NW","convex.gentle"
"2453","CR05","N","psme","E",3,0,0,0,0,0,0,0,0,0,1,0,62.3,2300.160556,3.053227132,"convex",11.42007617,5.675108303,"low",318.6631805,"NW","convex.gentle"
"2454","CR05","N","psme","E",4,0,0,0,0,0,0,0,0,0,1,0,62.3,2300.160556,3.053227132,"convex",11.42007617,5.675108303,"low",318.6631805,"NW","convex.gentle"
"2455","CR05","N","psme","E",5,0,0,0,0,0,0,0,0,0,1,0,62.3,2300.160556,3.053227132,"convex",11.42007617,5.675108303,"low",318.6631805,"NW","convex.gentle"
"2456","CR05","N","psme","E",6,0,0,0,0,0,0,0,0,0,1,0,62.3,2300.160556,3.053227132,"convex",11.42007617,5.675108303,"low",318.6631805,"NW","convex.gentle"
"2457","CR05","N","psme","E",7,0,0,0,0,0,0,0,0,0,1,0,62.3,2300.160556,3.053227132,"convex",11.42007617,5.675108303,"low",318.6631805,"NW","convex.gentle"
"2458","CR05","N","psme","E",8,0,0,0,0,0,0,0,0,0,1,0,62.3,2300.160556,3.053227132,"convex",11.42007617,5.675108303,"low",318.6631805,"NW","convex.gentle"
"2459","CR05","N","psme","E",9,0,0,0,0,0,0,0,0,0,1,0,62.3,2300.160556,3.053227132,"convex",11.42007617,5.675108303,"low",318.6631805,"NW","convex.gentle"
"2460","CR05","N","psme","E",10,0,0,0,0,0,0,0,0,0,1,0,62.3,2300.160556,3.053227132,"convex",11.42007617,5.675108303,"low",318.6631805,"NW","convex.gentle"
"2461","CR05","S","pico","E",1,0,0,0,0,0,0,0,0,0,1,0,62.3,2300.160556,3.053227132,"convex",11.42007617,5.675108303,"low",318.6631805,"NW","convex.gentle"
"2462","CR05","S","pico","E",2,0,0,0,0,0,0,0,0,0,1,0,62.3,2300.160556,3.053227132,"convex",11.42007617,5.675108303,"low",318.6631805,"NW","convex.gentle"
"2463","CR05","S","pico","E",3,0,0,0,0,0,0,0,0,0,1,0,62.3,2300.160556,3.053227132,"convex",11.42007617,5.675108303,"low",318.6631805,"NW","convex.gentle"
"2464","CR05","S","pico","E",4,0,0,0,0,0,0,0,0,0,1,0,62.3,2300.160556,3.053227132,"convex",11.42007617,5.675108303,"low",318.6631805,"NW","convex.gentle"
"2465","CR05","S","pico","E",5,0,0,0,0,0,0,0,0,0,1,0,62.3,2300.160556,3.053227132,"convex",11.42007617,5.675108303,"low",318.6631805,"NW","convex.gentle"
"2466","CR05","S","pico","E",6,0,0,0,0,0,0,0,0,0,1,0,62.3,2300.160556,3.053227132,"convex",11.42007617,5.675108303,"low",318.6631805,"NW","convex.gentle"
"2467","CR05","S","pico","E",7,0,0,0,0,0,0,0,0,0,1,0,62.3,2300.160556,3.053227132,"convex",11.42007617,5.675108303,"low",318.6631805,"NW","convex.gentle"
"2468","CR05","S","pico","E",8,0,0,0,0,0,0,0,0,0,1,0,62.3,2300.160556,3.053227132,"convex",11.42007617,5.675108303,"low",318.6631805,"NW","convex.gentle"
"2469","CR05","S","pico","E",9,0,0,0,0,0,0,0,0,0,1,0,62.3,2300.160556,3.053227132,"convex",11.42007617,5.675108303,"low",318.6631805,"NW","convex.gentle"
"2470","CR05","S","pico","E",10,0,0,0,0,0,0,0,0,0,1,0,62.3,2300.160556,3.053227132,"convex",11.42007617,5.675108303,"low",318.6631805,"NW","convex.gentle"
"2471","CR05","S","psme","E",1,0,0,0,0,0,0,0,0,0,1,0,62.3,2300.160556,3.053227132,"convex",11.42007617,5.675108303,"low",318.6631805,"NW","convex.gentle"
"2472","CR05","S","psme","E",2,0,0,0,0,0,0,0,0,0,1,0,62.3,2300.160556,3.053227132,"convex",11.42007617,5.675108303,"low",318.6631805,"NW","convex.gentle"
"2473","CR05","S","psme","E",3,0,0,0,0,0,0,0,0,0,1,0,62.3,2300.160556,3.053227132,"convex",11.42007617,5.675108303,"low",318.6631805,"NW","convex.gentle"
"2474","CR05","S","psme","E",4,0,0,0,0,0,0,0,0,0,1,0,62.3,2300.160556,3.053227132,"convex",11.42007617,5.675108303,"low",318.6631805,"NW","convex.gentle"
"2475","CR05","S","psme","E",5,0,0,0,0,0,0,0,0,0,1,0,62.3,2300.160556,3.053227132,"convex",11.42007617,5.675108303,"low",318.6631805,"NW","convex.gentle"
"2476","CR05","S","psme","E",6,0,0,0,0,0,0,0,0,0,1,0,62.3,2300.160556,3.053227132,"convex",11.42007617,5.675108303,"low",318.6631805,"NW","convex.gentle"
"2477","CR05","S","psme","E",7,0,0,0,0,0,0,0,0,0,1,0,62.3,2300.160556,3.053227132,"convex",11.42007617,5.675108303,"low",318.6631805,"NW","convex.gentle"
"2478","CR05","S","psme","E",8,0,0,0,0,0,0,0,0,0,1,0,62.3,2300.160556,3.053227132,"convex",11.42007617,5.675108303,"low",318.6631805,"NW","convex.gentle"
"2479","CR05","S","psme","E",9,0,0,0,0,0,0,0,0,0,1,0,62.3,2300.160556,3.053227132,"convex",11.42007617,5.675108303,"low",318.6631805,"NW","convex.gentle"
"2480","CR05","S","psme","E",10,0,0,0,0,0,0,0,0,0,1,0,62.3,2300.160556,3.053227132,"convex",11.42007617,5.675108303,"low",318.6631805,"NW","convex.gentle"
"2481","CR05","W","pico","E",1,0,0,0,0,0,0,0,0,0,1,0,62.3,2300.160556,3.053227132,"convex",11.42007617,5.675108303,"low",318.6631805,"NW","convex.gentle"
"2482","CR05","W","pico","E",2,0,0,0,0,0,0,0,0,0,1,0,62.3,2300.160556,3.053227132,"convex",11.42007617,5.675108303,"low",318.6631805,"NW","convex.gentle"
"2483","CR05","W","pico","E",3,0,0,0,0,0,0,0,0,0,1,0,62.3,2300.160556,3.053227132,"convex",11.42007617,5.675108303,"low",318.6631805,"NW","convex.gentle"
"2484","CR05","W","pico","E",4,0,0,0,0,0,0,0,0,0,1,0,62.3,2300.160556,3.053227132,"convex",11.42007617,5.675108303,"low",318.6631805,"NW","convex.gentle"
"2485","CR05","W","pico","E",5,0,0,0,0,0,0,0,0,0,1,0,62.3,2300.160556,3.053227132,"convex",11.42007617,5.675108303,"low",318.6631805,"NW","convex.gentle"
"2486","CR05","W","pico","E",6,0,0,0,0,0,0,0,0,0,1,0,62.3,2300.160556,3.053227132,"convex",11.42007617,5.675108303,"low",318.6631805,"NW","convex.gentle"
"2487","CR05","W","pico","E",7,0,0,0,0,0,0,0,0,0,1,0,62.3,2300.160556,3.053227132,"convex",11.42007617,5.675108303,"low",318.6631805,"NW","convex.gentle"
"2488","CR05","W","pico","E",8,0,0,0,0,0,0,0,0,0,1,0,62.3,2300.160556,3.053227132,"convex",11.42007617,5.675108303,"low",318.6631805,"NW","convex.gentle"
"2489","CR05","W","pico","E",9,0,0,0,0,0,0,0,0,0,1,0,62.3,2300.160556,3.053227132,"convex",11.42007617,5.675108303,"low",318.6631805,"NW","convex.gentle"
"2490","CR05","W","pico","E",10,0,0,0,0,0,0,0,0,0,1,0,62.3,2300.160556,3.053227132,"convex",11.42007617,5.675108303,"low",318.6631805,"NW","convex.gentle"
"2491","CR05","W","psme","E",1,0,0,0,0,0,0,0,0,0,1,0,62.3,2300.160556,3.053227132,"convex",11.42007617,5.675108303,"low",318.6631805,"NW","convex.gentle"
"2492","CR05","W","psme","E",2,0,0,0,0,0,0,0,0,0,1,0,62.3,2300.160556,3.053227132,"convex",11.42007617,5.675108303,"low",318.6631805,"NW","convex.gentle"
"2493","CR05","W","psme","E",3,0,0,0,0,0,0,0,0,0,1,0,62.3,2300.160556,3.053227132,"convex",11.42007617,5.675108303,"low",318.6631805,"NW","convex.gentle"
"2494","CR05","W","psme","E",4,0,0,0,0,0,0,0,0,0,1,0,62.3,2300.160556,3.053227132,"convex",11.42007617,5.675108303,"low",318.6631805,"NW","convex.gentle"
"2495","CR05","W","psme","E",5,0,0,0,0,0,0,0,0,0,1,0,62.3,2300.160556,3.053227132,"convex",11.42007617,5.675108303,"low",318.6631805,"NW","convex.gentle"
"2496","CR05","W","psme","E",6,0,0,0,0,0,0,0,0,0,1,0,62.3,2300.160556,3.053227132,"convex",11.42007617,5.675108303,"low",318.6631805,"NW","convex.gentle"
"2497","CR05","W","psme","E",7,0,0,0,0,0,0,0,0,0,1,0,62.3,2300.160556,3.053227132,"convex",11.42007617,5.675108303,"low",318.6631805,"NW","convex.gentle"
"2498","CR05","W","psme","E",8,0,0,0,0,0,0,0,0,0,1,0,62.3,2300.160556,3.053227132,"convex",11.42007617,5.675108303,"low",318.6631805,"NW","convex.gentle"
"2499","CR05","W","psme","E",9,0,0,0,0,0,0,0,0,0,1,0,62.3,2300.160556,3.053227132,"convex",11.42007617,5.675108303,"low",318.6631805,"NW","convex.gentle"
"2500","CR05","W","psme","E",10,0,0,0,0,0,0,0,0,0,1,0,62.3,2300.160556,3.053227132,"convex",11.42007617,5.675108303,"low",318.6631805,"NW","convex.gentle"
"2501","CR06","C","pico","A",1,0,0,0,0,0,0,0,0,0,1,0,20.96,2267.46088,2.023981425,"convex",9.553917117,4.345108609,"low",218.1173309,"SW","convex.gentle"
"2502","CR06","C","pico","A",2,0,0,0,0,0,0,0,0,0,1,0,20.96,2267.46088,2.023981425,"convex",9.553917117,4.345108609,"low",218.1173309,"SW","convex.gentle"
"2503","CR06","C","pico","A",3,1,0,1,1,0,0,0,0,0,1,1,20.96,2267.46088,2.023981425,"convex",9.553917117,4.345108609,"low",218.1173309,"SW","convex.gentle"
"2504","CR06","C","pico","A",4,1,0,1,1,0,0,0,0,0,1,1,20.96,2267.46088,2.023981425,"convex",9.553917117,4.345108609,"low",218.1173309,"SW","convex.gentle"
"2505","CR06","C","pico","A",5,0,0,0,0,0,0,0,0,0,1,0,20.96,2267.46088,2.023981425,"convex",9.553917117,4.345108609,"low",218.1173309,"SW","convex.gentle"
"2506","CR06","C","pico","A",6,0,0,0,0,0,0,0,0,0,1,0,20.96,2267.46088,2.023981425,"convex",9.553917117,4.345108609,"low",218.1173309,"SW","convex.gentle"
"2507","CR06","C","pico","A",7,0,0,0,0,0,0,0,0,0,1,0,20.96,2267.46088,2.023981425,"convex",9.553917117,4.345108609,"low",218.1173309,"SW","convex.gentle"
"2508","CR06","C","pico","A",8,1,0,1,1,0,0,0,0,0,1,1,20.96,2267.46088,2.023981425,"convex",9.553917117,4.345108609,"low",218.1173309,"SW","convex.gentle"
"2509","CR06","C","pico","A",9,0,1,1,0,0,0,0,0,0,1,1,20.96,2267.46088,2.023981425,"convex",9.553917117,4.345108609,"low",218.1173309,"SW","convex.gentle"
"2510","CR06","C","pico","A",10,0,0,0,0,0,0,0,0,0,1,0,20.96,2267.46088,2.023981425,"convex",9.553917117,4.345108609,"low",218.1173309,"SW","convex.gentle"
"2511","CR06","C","psme","A",1,0,0,0,0,0,0,0,0,0,1,0,20.96,2267.46088,2.023981425,"convex",9.553917117,4.345108609,"low",218.1173309,"SW","convex.gentle"
"2512","CR06","C","psme","A",2,0,0,0,0,0,0,0,0,0,1,0,20.96,2267.46088,2.023981425,"convex",9.553917117,4.345108609,"low",218.1173309,"SW","convex.gentle"
"2513","CR06","C","psme","A",3,0,0,0,0,0,0,0,0,0,1,0,20.96,2267.46088,2.023981425,"convex",9.553917117,4.345108609,"low",218.1173309,"SW","convex.gentle"
"2514","CR06","C","psme","A",4,0,0,0,0,0,0,0,0,0,1,0,20.96,2267.46088,2.023981425,"convex",9.553917117,4.345108609,"low",218.1173309,"SW","convex.gentle"
"2515","CR06","C","psme","A",5,0,0,0,0,0,0,0,0,0,1,0,20.96,2267.46088,2.023981425,"convex",9.553917117,4.345108609,"low",218.1173309,"SW","convex.gentle"
"2516","CR06","C","psme","A",6,0,0,0,0,0,0,0,0,0,1,0,20.96,2267.46088,2.023981425,"convex",9.553917117,4.345108609,"low",218.1173309,"SW","convex.gentle"
"2517","CR06","C","psme","A",7,1,0,1,1,0,0,0,0,0,1,1,20.96,2267.46088,2.023981425,"convex",9.553917117,4.345108609,"low",218.1173309,"SW","convex.gentle"
"2518","CR06","C","psme","A",8,0,0,0,0,0,0,0,0,0,1,0,20.96,2267.46088,2.023981425,"convex",9.553917117,4.345108609,"low",218.1173309,"SW","convex.gentle"
"2519","CR06","C","psme","A",9,0,0,0,0,0,0,0,0,0,1,0,20.96,2267.46088,2.023981425,"convex",9.553917117,4.345108609,"low",218.1173309,"SW","convex.gentle"
"2520","CR06","C","psme","A",10,0,0,0,0,0,0,0,0,0,1,0,20.96,2267.46088,2.023981425,"convex",9.553917117,4.345108609,"low",218.1173309,"SW","convex.gentle"
"2521","CR06","E","pico","A",1,0,0,0,0,0,0,0,0,0,1,0,20.96,2267.46088,2.023981425,"convex",9.553917117,4.345108609,"low",218.1173309,"SW","convex.gentle"
"2522","CR06","E","pico","A",2,0,0,0,0,0,0,0,0,0,1,0,20.96,2267.46088,2.023981425,"convex",9.553917117,4.345108609,"low",218.1173309,"SW","convex.gentle"
"2523","CR06","E","pico","A",3,0,0,0,0,0,0,0,0,0,1,0,20.96,2267.46088,2.023981425,"convex",9.553917117,4.345108609,"low",218.1173309,"SW","convex.gentle"
"2524","CR06","E","pico","A",4,0,0,0,0,0,0,0,0,0,1,0,20.96,2267.46088,2.023981425,"convex",9.553917117,4.345108609,"low",218.1173309,"SW","convex.gentle"
"2525","CR06","E","pico","A",5,0,0,0,0,0,0,0,0,0,1,0,20.96,2267.46088,2.023981425,"convex",9.553917117,4.345108609,"low",218.1173309,"SW","convex.gentle"
"2526","CR06","E","pico","A",6,0,0,0,0,0,0,0,0,0,1,0,20.96,2267.46088,2.023981425,"convex",9.553917117,4.345108609,"low",218.1173309,"SW","convex.gentle"
"2527","CR06","E","pico","A",7,0,0,0,0,0,0,0,0,0,1,0,20.96,2267.46088,2.023981425,"convex",9.553917117,4.345108609,"low",218.1173309,"SW","convex.gentle"
"2528","CR06","E","pico","A",8,0,0,0,0,0,0,0,0,0,1,0,20.96,2267.46088,2.023981425,"convex",9.553917117,4.345108609,"low",218.1173309,"SW","convex.gentle"
"2529","CR06","E","pico","A",9,0,0,0,0,0,0,0,0,0,1,0,20.96,2267.46088,2.023981425,"convex",9.553917117,4.345108609,"low",218.1173309,"SW","convex.gentle"
"2530","CR06","E","pico","A",10,0,0,0,0,0,0,0,0,0,1,0,20.96,2267.46088,2.023981425,"convex",9.553917117,4.345108609,"low",218.1173309,"SW","convex.gentle"
"2531","CR06","E","psme","A",1,1,0,1,1,1,0,0,0,0,1,0,20.96,2267.46088,2.023981425,"convex",9.553917117,4.345108609,"low",218.1173309,"SW","convex.gentle"
"2532","CR06","E","psme","A",2,0,0,0,0,0,0,0,0,0,1,0,20.96,2267.46088,2.023981425,"convex",9.553917117,4.345108609,"low",218.1173309,"SW","convex.gentle"
"2533","CR06","E","psme","A",3,1,0,1,1,1,0,0,0,0,1,0,20.96,2267.46088,2.023981425,"convex",9.553917117,4.345108609,"low",218.1173309,"SW","convex.gentle"
"2534","CR06","E","psme","A",4,0,0,0,0,0,0,0,0,0,1,0,20.96,2267.46088,2.023981425,"convex",9.553917117,4.345108609,"low",218.1173309,"SW","convex.gentle"
"2535","CR06","E","psme","A",5,1,0,1,1,1,0,0,0,0,1,0,20.96,2267.46088,2.023981425,"convex",9.553917117,4.345108609,"low",218.1173309,"SW","convex.gentle"
"2536","CR06","E","psme","A",6,0,0,0,0,0,0,0,0,0,1,0,20.96,2267.46088,2.023981425,"convex",9.553917117,4.345108609,"low",218.1173309,"SW","convex.gentle"
"2537","CR06","E","psme","A",7,1,0,1,1,1,0,0,0,0,1,0,20.96,2267.46088,2.023981425,"convex",9.553917117,4.345108609,"low",218.1173309,"SW","convex.gentle"
"2538","CR06","E","psme","A",8,1,0,1,1,0,0,0,0,0,1,0,20.96,2267.46088,2.023981425,"convex",9.553917117,4.345108609,"low",218.1173309,"SW","convex.gentle"
"2539","CR06","E","psme","A",9,0,0,0,0,0,0,0,0,0,1,0,20.96,2267.46088,2.023981425,"convex",9.553917117,4.345108609,"low",218.1173309,"SW","convex.gentle"
"2540","CR06","E","psme","A",10,1,0,1,1,1,0,0,0,0,1,0,20.96,2267.46088,2.023981425,"convex",9.553917117,4.345108609,"low",218.1173309,"SW","convex.gentle"
"2541","CR06","N","pico","A",1,0,0,0,0,0,0,0,0,0,1,0,20.96,2267.46088,2.023981425,"convex",9.553917117,4.345108609,"low",218.1173309,"SW","convex.gentle"
"2542","CR06","N","pico","A",2,0,0,0,0,0,0,0,0,0,1,0,20.96,2267.46088,2.023981425,"convex",9.553917117,4.345108609,"low",218.1173309,"SW","convex.gentle"
"2543","CR06","N","pico","A",3,0,0,0,0,0,0,0,0,0,1,0,20.96,2267.46088,2.023981425,"convex",9.553917117,4.345108609,"low",218.1173309,"SW","convex.gentle"
"2544","CR06","N","pico","A",4,0,0,0,0,0,0,0,0,0,1,0,20.96,2267.46088,2.023981425,"convex",9.553917117,4.345108609,"low",218.1173309,"SW","convex.gentle"
"2545","CR06","N","pico","A",5,1,0,1,1,1,0,0,0,0,1,0,20.96,2267.46088,2.023981425,"convex",9.553917117,4.345108609,"low",218.1173309,"SW","convex.gentle"
"2546","CR06","N","pico","A",6,0,0,0,0,0,0,0,0,0,1,0,20.96,2267.46088,2.023981425,"convex",9.553917117,4.345108609,"low",218.1173309,"SW","convex.gentle"
"2547","CR06","N","pico","A",7,1,0,1,1,1,0,0,0,0,1,0,20.96,2267.46088,2.023981425,"convex",9.553917117,4.345108609,"low",218.1173309,"SW","convex.gentle"
"2548","CR06","N","pico","A",8,0,0,0,0,0,0,0,0,0,1,0,20.96,2267.46088,2.023981425,"convex",9.553917117,4.345108609,"low",218.1173309,"SW","convex.gentle"
"2549","CR06","N","pico","A",9,0,0,0,0,0,0,0,0,0,1,0,20.96,2267.46088,2.023981425,"convex",9.553917117,4.345108609,"low",218.1173309,"SW","convex.gentle"
"2550","CR06","N","pico","A",10,1,0,1,0,0,0,0,0,0,1,0,20.96,2267.46088,2.023981425,"convex",9.553917117,4.345108609,"low",218.1173309,"SW","convex.gentle"
"2551","CR06","N","psme","A",1,1,0,1,1,0,0,0,0,0,1,1,20.96,2267.46088,2.023981425,"convex",9.553917117,4.345108609,"low",218.1173309,"SW","convex.gentle"
"2552","CR06","N","psme","A",2,0,0,0,0,0,0,0,0,0,1,0,20.96,2267.46088,2.023981425,"convex",9.553917117,4.345108609,"low",218.1173309,"SW","convex.gentle"
"2553","CR06","N","psme","A",3,1,0,1,1,0,0,0,0,0,1,1,20.96,2267.46088,2.023981425,"convex",9.553917117,4.345108609,"low",218.1173309,"SW","convex.gentle"
"2554","CR06","N","psme","A",4,0,0,0,0,0,0,0,0,0,1,0,20.96,2267.46088,2.023981425,"convex",9.553917117,4.345108609,"low",218.1173309,"SW","convex.gentle"
"2555","CR06","N","psme","A",5,0,0,0,0,0,0,0,0,0,1,0,20.96,2267.46088,2.023981425,"convex",9.553917117,4.345108609,"low",218.1173309,"SW","convex.gentle"
"2556","CR06","N","psme","A",6,0,0,0,0,0,0,0,0,0,1,0,20.96,2267.46088,2.023981425,"convex",9.553917117,4.345108609,"low",218.1173309,"SW","convex.gentle"
"2557","CR06","N","psme","A",7,0,0,0,0,0,0,0,0,0,1,0,20.96,2267.46088,2.023981425,"convex",9.553917117,4.345108609,"low",218.1173309,"SW","convex.gentle"
"2558","CR06","N","psme","A",8,1,0,1,1,0,0,0,0,0,1,1,20.96,2267.46088,2.023981425,"convex",9.553917117,4.345108609,"low",218.1173309,"SW","convex.gentle"
"2559","CR06","N","psme","A",9,1,0,1,1,0,0,0,0,0,1,0,20.96,2267.46088,2.023981425,"convex",9.553917117,4.345108609,"low",218.1173309,"SW","convex.gentle"
"2560","CR06","N","psme","A",10,1,0,1,1,0,0,0,0,0,1,1,20.96,2267.46088,2.023981425,"convex",9.553917117,4.345108609,"low",218.1173309,"SW","convex.gentle"
"2561","CR06","S","pico","A",1,0,0,0,0,0,0,0,0,0,1,0,20.96,2267.46088,2.023981425,"convex",9.553917117,4.345108609,"low",218.1173309,"SW","convex.gentle"
"2562","CR06","S","pico","A",2,0,0,0,0,0,0,0,0,0,1,0,20.96,2267.46088,2.023981425,"convex",9.553917117,4.345108609,"low",218.1173309,"SW","convex.gentle"
"2563","CR06","S","pico","A",3,0,0,0,0,0,0,0,0,0,1,0,20.96,2267.46088,2.023981425,"convex",9.553917117,4.345108609,"low",218.1173309,"SW","convex.gentle"
"2564","CR06","S","pico","A",4,1,0,1,1,0,0,0,0,0,1,0,20.96,2267.46088,2.023981425,"convex",9.553917117,4.345108609,"low",218.1173309,"SW","convex.gentle"
"2565","CR06","S","pico","A",5,1,0,1,1,1,0,0,0,0,1,0,20.96,2267.46088,2.023981425,"convex",9.553917117,4.345108609,"low",218.1173309,"SW","convex.gentle"
"2566","CR06","S","pico","A",6,0,0,0,0,0,0,0,0,0,1,0,20.96,2267.46088,2.023981425,"convex",9.553917117,4.345108609,"low",218.1173309,"SW","convex.gentle"
"2567","CR06","S","pico","A",7,0,0,0,0,0,0,0,0,0,1,0,20.96,2267.46088,2.023981425,"convex",9.553917117,4.345108609,"low",218.1173309,"SW","convex.gentle"
"2568","CR06","S","pico","A",8,0,0,0,0,0,0,0,0,0,1,0,20.96,2267.46088,2.023981425,"convex",9.553917117,4.345108609,"low",218.1173309,"SW","convex.gentle"
"2569","CR06","S","pico","A",9,0,0,0,0,0,0,0,0,0,1,0,20.96,2267.46088,2.023981425,"convex",9.553917117,4.345108609,"low",218.1173309,"SW","convex.gentle"
"2570","CR06","S","pico","A",10,0,0,0,0,0,0,0,0,0,1,0,20.96,2267.46088,2.023981425,"convex",9.553917117,4.345108609,"low",218.1173309,"SW","convex.gentle"
"2571","CR06","S","psme","A",1,0,0,0,0,0,0,0,0,0,1,0,20.96,2267.46088,2.023981425,"convex",9.553917117,4.345108609,"low",218.1173309,"SW","convex.gentle"
"2572","CR06","S","psme","A",2,0,0,0,0,0,0,0,0,0,1,0,20.96,2267.46088,2.023981425,"convex",9.553917117,4.345108609,"low",218.1173309,"SW","convex.gentle"
"2573","CR06","S","psme","A",3,0,0,0,0,0,0,0,0,0,1,0,20.96,2267.46088,2.023981425,"convex",9.553917117,4.345108609,"low",218.1173309,"SW","convex.gentle"
"2574","CR06","S","psme","A",4,0,0,0,0,0,0,0,0,0,1,0,20.96,2267.46088,2.023981425,"convex",9.553917117,4.345108609,"low",218.1173309,"SW","convex.gentle"
"2575","CR06","S","psme","A",5,0,0,0,0,0,0,0,0,0,1,0,20.96,2267.46088,2.023981425,"convex",9.553917117,4.345108609,"low",218.1173309,"SW","convex.gentle"
"2576","CR06","S","psme","A",6,0,0,0,0,0,0,0,0,0,1,0,20.96,2267.46088,2.023981425,"convex",9.553917117,4.345108609,"low",218.1173309,"SW","convex.gentle"
"2577","CR06","S","psme","A",7,0,0,0,0,0,0,0,0,0,1,0,20.96,2267.46088,2.023981425,"convex",9.553917117,4.345108609,"low",218.1173309,"SW","convex.gentle"
"2578","CR06","S","psme","A",8,0,0,0,0,0,0,0,0,0,1,0,20.96,2267.46088,2.023981425,"convex",9.553917117,4.345108609,"low",218.1173309,"SW","convex.gentle"
"2579","CR06","S","psme","A",9,1,0,1,1,0,0,0,0,0,1,1,20.96,2267.46088,2.023981425,"convex",9.553917117,4.345108609,"low",218.1173309,"SW","convex.gentle"
"2580","CR06","S","psme","A",10,0,0,0,0,0,0,0,0,0,1,0,20.96,2267.46088,2.023981425,"convex",9.553917117,4.345108609,"low",218.1173309,"SW","convex.gentle"
"2581","CR06","W","pico","A",1,0,0,0,0,0,0,0,0,0,1,0,20.96,2267.46088,2.023981425,"convex",9.553917117,4.345108609,"low",218.1173309,"SW","convex.gentle"
"2582","CR06","W","pico","A",2,0,0,0,0,0,0,0,0,0,1,0,20.96,2267.46088,2.023981425,"convex",9.553917117,4.345108609,"low",218.1173309,"SW","convex.gentle"
"2583","CR06","W","pico","A",3,0,0,0,0,0,0,0,0,0,1,0,20.96,2267.46088,2.023981425,"convex",9.553917117,4.345108609,"low",218.1173309,"SW","convex.gentle"
"2584","CR06","W","pico","A",4,0,0,0,0,0,0,0,0,0,1,0,20.96,2267.46088,2.023981425,"convex",9.553917117,4.345108609,"low",218.1173309,"SW","convex.gentle"
"2585","CR06","W","pico","A",5,1,0,1,1,0,0,0,0,0,1,1,20.96,2267.46088,2.023981425,"convex",9.553917117,4.345108609,"low",218.1173309,"SW","convex.gentle"
"2586","CR06","W","pico","A",6,1,0,1,0,0,0,0,0,0,1,0,20.96,2267.46088,2.023981425,"convex",9.553917117,4.345108609,"low",218.1173309,"SW","convex.gentle"
"2587","CR06","W","pico","A",7,0,0,0,0,0,0,0,0,0,1,0,20.96,2267.46088,2.023981425,"convex",9.553917117,4.345108609,"low",218.1173309,"SW","convex.gentle"
"2588","CR06","W","pico","A",8,0,0,0,0,0,0,0,0,0,1,0,20.96,2267.46088,2.023981425,"convex",9.553917117,4.345108609,"low",218.1173309,"SW","convex.gentle"
"2589","CR06","W","pico","A",9,1,0,1,1,1,0,0,0,0,1,0,20.96,2267.46088,2.023981425,"convex",9.553917117,4.345108609,"low",218.1173309,"SW","convex.gentle"
"2590","CR06","W","pico","A",10,1,0,1,0,0,0,0,0,0,1,1,20.96,2267.46088,2.023981425,"convex",9.553917117,4.345108609,"low",218.1173309,"SW","convex.gentle"
"2591","CR06","W","psme","A",1,1,0,1,1,0,0,0,0,0,1,0,20.96,2267.46088,2.023981425,"convex",9.553917117,4.345108609,"low",218.1173309,"SW","convex.gentle"
"2592","CR06","W","psme","A",2,1,0,1,1,0,0,0,0,0,1,1,20.96,2267.46088,2.023981425,"convex",9.553917117,4.345108609,"low",218.1173309,"SW","convex.gentle"
"2593","CR06","W","psme","A",3,0,0,0,0,0,0,0,0,0,1,0,20.96,2267.46088,2.023981425,"convex",9.553917117,4.345108609,"low",218.1173309,"SW","convex.gentle"
"2594","CR06","W","psme","A",4,0,0,0,0,0,0,0,0,0,1,0,20.96,2267.46088,2.023981425,"convex",9.553917117,4.345108609,"low",218.1173309,"SW","convex.gentle"
"2595","CR06","W","psme","A",5,0,0,0,0,0,0,0,0,0,1,0,20.96,2267.46088,2.023981425,"convex",9.553917117,4.345108609,"low",218.1173309,"SW","convex.gentle"
"2596","CR06","W","psme","A",6,0,0,0,0,0,0,0,0,0,1,0,20.96,2267.46088,2.023981425,"convex",9.553917117,4.345108609,"low",218.1173309,"SW","convex.gentle"
"2597","CR06","W","psme","A",7,0,0,0,0,0,0,0,0,0,1,0,20.96,2267.46088,2.023981425,"convex",9.553917117,4.345108609,"low",218.1173309,"SW","convex.gentle"
"2598","CR06","W","psme","A",8,1,0,1,1,0,0,0,0,0,1,0,20.96,2267.46088,2.023981425,"convex",9.553917117,4.345108609,"low",218.1173309,"SW","convex.gentle"
"2599","CR06","W","psme","A",9,0,0,0,0,0,0,0,0,0,1,0,20.96,2267.46088,2.023981425,"convex",9.553917117,4.345108609,"low",218.1173309,"SW","convex.gentle"
"2600","CR06","W","psme","A",10,1,0,1,1,1,0,0,0,0,1,0,20.96,2267.46088,2.023981425,"convex",9.553917117,4.345108609,"low",218.1173309,"SW","convex.gentle"
"2601","CR06","C","pico","B",1,1,0,1,1,0,0,0,0,0,1,1,20.96,2267.46088,2.023981425,"convex",9.553917117,4.345108609,"low",218.1173309,"SW","convex.gentle"
"2602","CR06","C","pico","B",2,0,0,0,0,0,0,0,0,0,1,0,20.96,2267.46088,2.023981425,"convex",9.553917117,4.345108609,"low",218.1173309,"SW","convex.gentle"
"2603","CR06","C","pico","B",3,0,0,0,0,0,0,0,0,0,1,0,20.96,2267.46088,2.023981425,"convex",9.553917117,4.345108609,"low",218.1173309,"SW","convex.gentle"
"2604","CR06","C","pico","B",4,0,0,0,0,0,0,0,0,0,1,0,20.96,2267.46088,2.023981425,"convex",9.553917117,4.345108609,"low",218.1173309,"SW","convex.gentle"
"2605","CR06","C","pico","B",5,0,0,0,0,0,0,0,0,0,1,0,20.96,2267.46088,2.023981425,"convex",9.553917117,4.345108609,"low",218.1173309,"SW","convex.gentle"
"2606","CR06","C","pico","B",6,0,0,0,0,0,0,0,0,0,1,0,20.96,2267.46088,2.023981425,"convex",9.553917117,4.345108609,"low",218.1173309,"SW","convex.gentle"
"2607","CR06","C","pico","B",7,0,0,0,0,0,0,0,0,0,1,0,20.96,2267.46088,2.023981425,"convex",9.553917117,4.345108609,"low",218.1173309,"SW","convex.gentle"
"2608","CR06","C","pico","B",8,0,0,0,0,0,0,0,0,0,1,0,20.96,2267.46088,2.023981425,"convex",9.553917117,4.345108609,"low",218.1173309,"SW","convex.gentle"
"2609","CR06","C","pico","B",9,1,0,1,1,0,0,0,0,0,1,1,20.96,2267.46088,2.023981425,"convex",9.553917117,4.345108609,"low",218.1173309,"SW","convex.gentle"
"2610","CR06","C","pico","B",10,0,0,0,0,0,0,0,0,0,1,0,20.96,2267.46088,2.023981425,"convex",9.553917117,4.345108609,"low",218.1173309,"SW","convex.gentle"
"2611","CR06","C","psme","B",1,0,0,0,0,0,0,0,0,0,1,0,20.96,2267.46088,2.023981425,"convex",9.553917117,4.345108609,"low",218.1173309,"SW","convex.gentle"
"2612","CR06","C","psme","B",2,0,0,0,0,0,0,0,0,0,1,0,20.96,2267.46088,2.023981425,"convex",9.553917117,4.345108609,"low",218.1173309,"SW","convex.gentle"
"2613","CR06","C","psme","B",3,0,0,0,0,0,0,0,0,0,1,0,20.96,2267.46088,2.023981425,"convex",9.553917117,4.345108609,"low",218.1173309,"SW","convex.gentle"
"2614","CR06","C","psme","B",4,0,0,0,0,0,0,0,0,0,1,0,20.96,2267.46088,2.023981425,"convex",9.553917117,4.345108609,"low",218.1173309,"SW","convex.gentle"
"2615","CR06","C","psme","B",5,0,0,0,0,0,0,0,0,0,1,0,20.96,2267.46088,2.023981425,"convex",9.553917117,4.345108609,"low",218.1173309,"SW","convex.gentle"
"2616","CR06","C","psme","B",6,0,0,0,0,0,0,0,0,0,1,0,20.96,2267.46088,2.023981425,"convex",9.553917117,4.345108609,"low",218.1173309,"SW","convex.gentle"
"2617","CR06","C","psme","B",7,0,0,0,0,0,0,0,0,0,1,0,20.96,2267.46088,2.023981425,"convex",9.553917117,4.345108609,"low",218.1173309,"SW","convex.gentle"
"2618","CR06","C","psme","B",8,0,0,0,0,0,0,0,0,0,1,0,20.96,2267.46088,2.023981425,"convex",9.553917117,4.345108609,"low",218.1173309,"SW","convex.gentle"
"2619","CR06","C","psme","B",9,0,0,0,0,0,0,0,0,0,1,0,20.96,2267.46088,2.023981425,"convex",9.553917117,4.345108609,"low",218.1173309,"SW","convex.gentle"
"2620","CR06","C","psme","B",10,1,0,1,1,0,0,0,0,0,1,0,20.96,2267.46088,2.023981425,"convex",9.553917117,4.345108609,"low",218.1173309,"SW","convex.gentle"
"2621","CR06","E","pico","B",1,0,0,0,0,0,0,0,0,0,1,0,20.96,2267.46088,2.023981425,"convex",9.553917117,4.345108609,"low",218.1173309,"SW","convex.gentle"
"2622","CR06","E","pico","B",2,0,0,0,0,0,0,0,0,0,1,0,20.96,2267.46088,2.023981425,"convex",9.553917117,4.345108609,"low",218.1173309,"SW","convex.gentle"
"2623","CR06","E","pico","B",3,0,0,0,0,0,0,0,0,0,1,0,20.96,2267.46088,2.023981425,"convex",9.553917117,4.345108609,"low",218.1173309,"SW","convex.gentle"
"2624","CR06","E","pico","B",4,0,0,0,0,0,0,0,0,0,1,0,20.96,2267.46088,2.023981425,"convex",9.553917117,4.345108609,"low",218.1173309,"SW","convex.gentle"
"2625","CR06","E","pico","B",5,0,1,1,0,0,0,0,0,0,1,1,20.96,2267.46088,2.023981425,"convex",9.553917117,4.345108609,"low",218.1173309,"SW","convex.gentle"
"2626","CR06","E","pico","B",6,1,0,1,1,0,0,0,0,0,1,1,20.96,2267.46088,2.023981425,"convex",9.553917117,4.345108609,"low",218.1173309,"SW","convex.gentle"
"2627","CR06","E","pico","B",7,0,0,0,0,0,0,0,0,0,1,0,20.96,2267.46088,2.023981425,"convex",9.553917117,4.345108609,"low",218.1173309,"SW","convex.gentle"
"2628","CR06","E","pico","B",8,1,0,1,1,0,0,0,0,0,1,0,20.96,2267.46088,2.023981425,"convex",9.553917117,4.345108609,"low",218.1173309,"SW","convex.gentle"
"2629","CR06","E","pico","B",9,0,0,0,0,0,0,0,0,0,1,0,20.96,2267.46088,2.023981425,"convex",9.553917117,4.345108609,"low",218.1173309,"SW","convex.gentle"
"2630","CR06","E","pico","B",10,0,0,0,0,0,0,0,0,0,1,0,20.96,2267.46088,2.023981425,"convex",9.553917117,4.345108609,"low",218.1173309,"SW","convex.gentle"
"2631","CR06","E","psme","B",1,0,0,0,0,0,0,0,0,0,1,0,20.96,2267.46088,2.023981425,"convex",9.553917117,4.345108609,"low",218.1173309,"SW","convex.gentle"
"2632","CR06","E","psme","B",2,0,0,0,0,0,0,0,0,0,1,0,20.96,2267.46088,2.023981425,"convex",9.553917117,4.345108609,"low",218.1173309,"SW","convex.gentle"
"2633","CR06","E","psme","B",3,0,0,0,0,0,0,0,0,0,1,0,20.96,2267.46088,2.023981425,"convex",9.553917117,4.345108609,"low",218.1173309,"SW","convex.gentle"
"2634","CR06","E","psme","B",4,0,0,0,0,0,0,0,0,0,1,0,20.96,2267.46088,2.023981425,"convex",9.553917117,4.345108609,"low",218.1173309,"SW","convex.gentle"
"2635","CR06","E","psme","B",5,0,0,0,0,0,0,0,0,0,1,0,20.96,2267.46088,2.023981425,"convex",9.553917117,4.345108609,"low",218.1173309,"SW","convex.gentle"
"2636","CR06","E","psme","B",6,0,0,0,0,0,0,0,0,0,1,0,20.96,2267.46088,2.023981425,"convex",9.553917117,4.345108609,"low",218.1173309,"SW","convex.gentle"
"2637","CR06","E","psme","B",7,1,0,1,1,1,0,0,0,0,1,0,20.96,2267.46088,2.023981425,"convex",9.553917117,4.345108609,"low",218.1173309,"SW","convex.gentle"
"2638","CR06","E","psme","B",8,0,0,0,0,0,0,0,0,0,1,0,20.96,2267.46088,2.023981425,"convex",9.553917117,4.345108609,"low",218.1173309,"SW","convex.gentle"
"2639","CR06","E","psme","B",9,0,0,0,0,0,0,0,0,0,1,0,20.96,2267.46088,2.023981425,"convex",9.553917117,4.345108609,"low",218.1173309,"SW","convex.gentle"
"2640","CR06","E","psme","B",10,1,0,1,1,1,0,0,0,0,1,0,20.96,2267.46088,2.023981425,"convex",9.553917117,4.345108609,"low",218.1173309,"SW","convex.gentle"
"2641","CR06","N","pico","B",1,0,0,0,0,0,0,0,0,0,1,0,20.96,2267.46088,2.023981425,"convex",9.553917117,4.345108609,"low",218.1173309,"SW","convex.gentle"
"2642","CR06","N","pico","B",2,1,0,1,1,1,0,0,0,0,1,0,20.96,2267.46088,2.023981425,"convex",9.553917117,4.345108609,"low",218.1173309,"SW","convex.gentle"
"2643","CR06","N","pico","B",3,0,0,0,0,0,0,0,0,0,1,0,20.96,2267.46088,2.023981425,"convex",9.553917117,4.345108609,"low",218.1173309,"SW","convex.gentle"
"2644","CR06","N","pico","B",4,1,0,1,0,0,0,0,0,0,1,0,20.96,2267.46088,2.023981425,"convex",9.553917117,4.345108609,"low",218.1173309,"SW","convex.gentle"
"2645","CR06","N","pico","B",5,0,0,0,0,0,0,0,0,0,1,0,20.96,2267.46088,2.023981425,"convex",9.553917117,4.345108609,"low",218.1173309,"SW","convex.gentle"
"2646","CR06","N","pico","B",6,1,0,1,1,0,0,0,0,0,1,1,20.96,2267.46088,2.023981425,"convex",9.553917117,4.345108609,"low",218.1173309,"SW","convex.gentle"
"2647","CR06","N","pico","B",7,2,0,1,2,2,1,0,0,0,1,0,20.96,2267.46088,2.023981425,"convex",9.553917117,4.345108609,"low",218.1173309,"SW","convex.gentle"
"2648","CR06","N","pico","B",8,1,0,1,1,0,0,0,0,0,1,0,20.96,2267.46088,2.023981425,"convex",9.553917117,4.345108609,"low",218.1173309,"SW","convex.gentle"
"2649","CR06","N","pico","B",9,0,0,0,0,0,0,0,0,0,1,0,20.96,2267.46088,2.023981425,"convex",9.553917117,4.345108609,"low",218.1173309,"SW","convex.gentle"
"2650","CR06","N","pico","B",10,0,0,0,0,0,0,0,0,0,1,0,20.96,2267.46088,2.023981425,"convex",9.553917117,4.345108609,"low",218.1173309,"SW","convex.gentle"
"2651","CR06","N","psme","B",1,0,0,0,0,0,0,0,0,0,1,0,20.96,2267.46088,2.023981425,"convex",9.553917117,4.345108609,"low",218.1173309,"SW","convex.gentle"
"2652","CR06","N","psme","B",2,0,0,0,0,0,0,0,0,0,1,0,20.96,2267.46088,2.023981425,"convex",9.553917117,4.345108609,"low",218.1173309,"SW","convex.gentle"
"2653","CR06","N","psme","B",3,1,0,1,1,0,0,0,0,0,1,0,20.96,2267.46088,2.023981425,"convex",9.553917117,4.345108609,"low",218.1173309,"SW","convex.gentle"
"2654","CR06","N","psme","B",4,1,0,1,1,0,0,0,0,0,1,1,20.96,2267.46088,2.023981425,"convex",9.553917117,4.345108609,"low",218.1173309,"SW","convex.gentle"
"2655","CR06","N","psme","B",5,0,0,0,0,0,0,0,0,0,1,0,20.96,2267.46088,2.023981425,"convex",9.553917117,4.345108609,"low",218.1173309,"SW","convex.gentle"
"2656","CR06","N","psme","B",6,1,0,1,1,0,0,0,0,0,1,1,20.96,2267.46088,2.023981425,"convex",9.553917117,4.345108609,"low",218.1173309,"SW","convex.gentle"
"2657","CR06","N","psme","B",7,0,0,0,0,0,0,0,0,0,1,0,20.96,2267.46088,2.023981425,"convex",9.553917117,4.345108609,"low",218.1173309,"SW","convex.gentle"
"2658","CR06","N","psme","B",8,0,1,1,0,0,0,0,0,0,1,0,20.96,2267.46088,2.023981425,"convex",9.553917117,4.345108609,"low",218.1173309,"SW","convex.gentle"
"2659","CR06","N","psme","B",9,0,0,0,0,0,0,0,0,0,1,0,20.96,2267.46088,2.023981425,"convex",9.553917117,4.345108609,"low",218.1173309,"SW","convex.gentle"
"2660","CR06","N","psme","B",10,1,0,1,1,1,0,0,0,0,1,0,20.96,2267.46088,2.023981425,"convex",9.553917117,4.345108609,"low",218.1173309,"SW","convex.gentle"
"2661","CR06","S","pico","B",1,0,0,0,0,0,0,0,0,0,1,0,20.96,2267.46088,2.023981425,"convex",9.553917117,4.345108609,"low",218.1173309,"SW","convex.gentle"
"2662","CR06","S","pico","B",2,0,0,0,0,0,0,0,0,0,1,0,20.96,2267.46088,2.023981425,"convex",9.553917117,4.345108609,"low",218.1173309,"SW","convex.gentle"
"2663","CR06","S","pico","B",3,1,0,1,1,1,0,0,0,0,1,0,20.96,2267.46088,2.023981425,"convex",9.553917117,4.345108609,"low",218.1173309,"SW","convex.gentle"
"2664","CR06","S","pico","B",4,1,0,1,1,0,0,0,0,0,1,1,20.96,2267.46088,2.023981425,"convex",9.553917117,4.345108609,"low",218.1173309,"SW","convex.gentle"
"2665","CR06","S","pico","B",5,0,0,0,0,0,0,0,0,0,1,0,20.96,2267.46088,2.023981425,"convex",9.553917117,4.345108609,"low",218.1173309,"SW","convex.gentle"
"2666","CR06","S","pico","B",6,0,0,0,0,0,0,0,0,0,1,0,20.96,2267.46088,2.023981425,"convex",9.553917117,4.345108609,"low",218.1173309,"SW","convex.gentle"
"2667","CR06","S","pico","B",7,0,0,0,0,0,0,0,0,0,1,0,20.96,2267.46088,2.023981425,"convex",9.553917117,4.345108609,"low",218.1173309,"SW","convex.gentle"
"2668","CR06","S","pico","B",8,0,0,0,0,0,0,0,0,0,1,0,20.96,2267.46088,2.023981425,"convex",9.553917117,4.345108609,"low",218.1173309,"SW","convex.gentle"
"2669","CR06","S","pico","B",9,1,0,1,1,0,0,0,0,0,1,0,20.96,2267.46088,2.023981425,"convex",9.553917117,4.345108609,"low",218.1173309,"SW","convex.gentle"
"2670","CR06","S","pico","B",10,0,0,0,0,0,0,0,0,0,1,0,20.96,2267.46088,2.023981425,"convex",9.553917117,4.345108609,"low",218.1173309,"SW","convex.gentle"
"2671","CR06","S","psme","B",1,1,0,1,1,0,0,0,0,0,1,0,20.96,2267.46088,2.023981425,"convex",9.553917117,4.345108609,"low",218.1173309,"SW","convex.gentle"
"2672","CR06","S","psme","B",2,1,0,1,0,0,0,0,0,0,1,0,20.96,2267.46088,2.023981425,"convex",9.553917117,4.345108609,"low",218.1173309,"SW","convex.gentle"
"2673","CR06","S","psme","B",3,1,0,1,1,1,0,0,0,0,1,0,20.96,2267.46088,2.023981425,"convex",9.553917117,4.345108609,"low",218.1173309,"SW","convex.gentle"
"2674","CR06","S","psme","B",4,0,0,0,0,0,0,0,0,0,1,0,20.96,2267.46088,2.023981425,"convex",9.553917117,4.345108609,"low",218.1173309,"SW","convex.gentle"
"2675","CR06","S","psme","B",5,1,0,1,1,0,0,0,0,0,1,0,20.96,2267.46088,2.023981425,"convex",9.553917117,4.345108609,"low",218.1173309,"SW","convex.gentle"
"2676","CR06","S","psme","B",6,0,0,0,0,0,0,0,0,0,1,0,20.96,2267.46088,2.023981425,"convex",9.553917117,4.345108609,"low",218.1173309,"SW","convex.gentle"
"2677","CR06","S","psme","B",7,0,0,0,0,0,0,0,0,0,1,0,20.96,2267.46088,2.023981425,"convex",9.553917117,4.345108609,"low",218.1173309,"SW","convex.gentle"
"2678","CR06","S","psme","B",8,1,0,1,1,0,0,0,0,0,1,1,20.96,2267.46088,2.023981425,"convex",9.553917117,4.345108609,"low",218.1173309,"SW","convex.gentle"
"2679","CR06","S","psme","B",9,0,0,0,0,0,0,0,0,0,1,0,20.96,2267.46088,2.023981425,"convex",9.553917117,4.345108609,"low",218.1173309,"SW","convex.gentle"
"2680","CR06","S","psme","B",10,0,0,0,0,0,0,0,0,0,1,0,20.96,2267.46088,2.023981425,"convex",9.553917117,4.345108609,"low",218.1173309,"SW","convex.gentle"
"2681","CR06","W","pico","B",1,0,0,0,0,0,0,0,0,0,1,0,20.96,2267.46088,2.023981425,"convex",9.553917117,4.345108609,"low",218.1173309,"SW","convex.gentle"
"2682","CR06","W","pico","B",2,1,0,1,0,0,0,0,0,0,1,1,20.96,2267.46088,2.023981425,"convex",9.553917117,4.345108609,"low",218.1173309,"SW","convex.gentle"
"2683","CR06","W","pico","B",3,0,0,0,0,0,0,0,0,0,1,0,20.96,2267.46088,2.023981425,"convex",9.553917117,4.345108609,"low",218.1173309,"SW","convex.gentle"
"2684","CR06","W","pico","B",4,0,0,0,0,0,0,0,0,0,1,0,20.96,2267.46088,2.023981425,"convex",9.553917117,4.345108609,"low",218.1173309,"SW","convex.gentle"
"2685","CR06","W","pico","B",5,0,0,0,0,0,0,0,0,0,1,0,20.96,2267.46088,2.023981425,"convex",9.553917117,4.345108609,"low",218.1173309,"SW","convex.gentle"
"2686","CR06","W","pico","B",6,0,0,0,0,0,0,0,0,0,1,0,20.96,2267.46088,2.023981425,"convex",9.553917117,4.345108609,"low",218.1173309,"SW","convex.gentle"
"2687","CR06","W","pico","B",7,1,0,1,1,1,0,0,0,0,1,0,20.96,2267.46088,2.023981425,"convex",9.553917117,4.345108609,"low",218.1173309,"SW","convex.gentle"
"2688","CR06","W","pico","B",8,0,0,0,0,0,0,0,0,0,1,0,20.96,2267.46088,2.023981425,"convex",9.553917117,4.345108609,"low",218.1173309,"SW","convex.gentle"
"2689","CR06","W","pico","B",9,0,0,0,0,0,0,0,0,0,1,0,20.96,2267.46088,2.023981425,"convex",9.553917117,4.345108609,"low",218.1173309,"SW","convex.gentle"
"2690","CR06","W","pico","B",10,0,0,0,0,0,0,0,0,0,1,0,20.96,2267.46088,2.023981425,"convex",9.553917117,4.345108609,"low",218.1173309,"SW","convex.gentle"
"2691","CR06","W","psme","B",1,1,0,1,0,0,0,0,0,0,1,0,20.96,2267.46088,2.023981425,"convex",9.553917117,4.345108609,"low",218.1173309,"SW","convex.gentle"
"2692","CR06","W","psme","B",2,1,0,1,0,0,0,0,0,0,1,0,20.96,2267.46088,2.023981425,"convex",9.553917117,4.345108609,"low",218.1173309,"SW","convex.gentle"
"2693","CR06","W","psme","B",3,0,0,0,0,0,0,0,0,0,1,0,20.96,2267.46088,2.023981425,"convex",9.553917117,4.345108609,"low",218.1173309,"SW","convex.gentle"
"2694","CR06","W","psme","B",4,0,0,0,0,0,0,0,0,0,1,0,20.96,2267.46088,2.023981425,"convex",9.553917117,4.345108609,"low",218.1173309,"SW","convex.gentle"
"2695","CR06","W","psme","B",5,0,0,0,0,0,0,0,0,0,1,0,20.96,2267.46088,2.023981425,"convex",9.553917117,4.345108609,"low",218.1173309,"SW","convex.gentle"
"2696","CR06","W","psme","B",6,0,0,0,0,0,0,0,0,0,1,0,20.96,2267.46088,2.023981425,"convex",9.553917117,4.345108609,"low",218.1173309,"SW","convex.gentle"
"2697","CR06","W","psme","B",7,1,0,1,1,0,0,0,0,0,1,0,20.96,2267.46088,2.023981425,"convex",9.553917117,4.345108609,"low",218.1173309,"SW","convex.gentle"
"2698","CR06","W","psme","B",8,0,0,0,0,0,0,0,0,0,1,0,20.96,2267.46088,2.023981425,"convex",9.553917117,4.345108609,"low",218.1173309,"SW","convex.gentle"
"2699","CR06","W","psme","B",9,0,0,0,0,0,0,0,0,0,1,0,20.96,2267.46088,2.023981425,"convex",9.553917117,4.345108609,"low",218.1173309,"SW","convex.gentle"
"2700","CR06","W","psme","B",10,1,0,1,0,0,0,0,0,0,1,0,20.96,2267.46088,2.023981425,"convex",9.553917117,4.345108609,"low",218.1173309,"SW","convex.gentle"
"2701","CR06","C","pico","C",1,0,0,0,0,0,0,0,0,0,1,0,20.96,2267.46088,2.023981425,"convex",9.553917117,4.345108609,"low",218.1173309,"SW","convex.gentle"
"2702","CR06","C","pico","C",2,0,0,0,0,0,0,0,0,0,1,0,20.96,2267.46088,2.023981425,"convex",9.553917117,4.345108609,"low",218.1173309,"SW","convex.gentle"
"2703","CR06","C","pico","C",3,0,0,0,0,0,0,0,0,0,1,0,20.96,2267.46088,2.023981425,"convex",9.553917117,4.345108609,"low",218.1173309,"SW","convex.gentle"
"2704","CR06","C","pico","C",4,0,0,0,0,0,0,0,0,0,1,0,20.96,2267.46088,2.023981425,"convex",9.553917117,4.345108609,"low",218.1173309,"SW","convex.gentle"
"2705","CR06","C","pico","C",5,0,0,0,0,0,0,0,0,0,1,0,20.96,2267.46088,2.023981425,"convex",9.553917117,4.345108609,"low",218.1173309,"SW","convex.gentle"
"2706","CR06","C","pico","C",6,0,0,0,0,0,0,0,0,0,1,0,20.96,2267.46088,2.023981425,"convex",9.553917117,4.345108609,"low",218.1173309,"SW","convex.gentle"
"2707","CR06","C","pico","C",7,1,0,1,1,0,0,0,0,0,1,1,20.96,2267.46088,2.023981425,"convex",9.553917117,4.345108609,"low",218.1173309,"SW","convex.gentle"
"2708","CR06","C","pico","C",8,1,0,1,1,0,0,0,0,0,1,1,20.96,2267.46088,2.023981425,"convex",9.553917117,4.345108609,"low",218.1173309,"SW","convex.gentle"
"2709","CR06","C","pico","C",9,0,0,0,0,0,0,0,0,0,1,0,20.96,2267.46088,2.023981425,"convex",9.553917117,4.345108609,"low",218.1173309,"SW","convex.gentle"
"2710","CR06","C","pico","C",10,1,0,1,1,0,0,0,0,0,1,0,20.96,2267.46088,2.023981425,"convex",9.553917117,4.345108609,"low",218.1173309,"SW","convex.gentle"
"2711","CR06","C","psme","C",1,0,0,0,0,0,0,0,0,0,1,0,20.96,2267.46088,2.023981425,"convex",9.553917117,4.345108609,"low",218.1173309,"SW","convex.gentle"
"2712","CR06","C","psme","C",2,0,0,0,0,0,0,0,0,0,1,0,20.96,2267.46088,2.023981425,"convex",9.553917117,4.345108609,"low",218.1173309,"SW","convex.gentle"
"2713","CR06","C","psme","C",3,0,0,0,0,0,0,0,0,0,1,0,20.96,2267.46088,2.023981425,"convex",9.553917117,4.345108609,"low",218.1173309,"SW","convex.gentle"
"2714","CR06","C","psme","C",4,0,0,0,0,0,0,0,0,0,1,0,20.96,2267.46088,2.023981425,"convex",9.553917117,4.345108609,"low",218.1173309,"SW","convex.gentle"
"2715","CR06","C","psme","C",5,0,0,0,0,0,0,0,0,0,1,0,20.96,2267.46088,2.023981425,"convex",9.553917117,4.345108609,"low",218.1173309,"SW","convex.gentle"
"2716","CR06","C","psme","C",6,0,0,0,0,0,0,0,0,0,1,0,20.96,2267.46088,2.023981425,"convex",9.553917117,4.345108609,"low",218.1173309,"SW","convex.gentle"
"2717","CR06","C","psme","C",7,0,0,0,0,0,0,0,0,0,1,0,20.96,2267.46088,2.023981425,"convex",9.553917117,4.345108609,"low",218.1173309,"SW","convex.gentle"
"2718","CR06","C","psme","C",8,0,0,0,0,0,0,0,0,0,1,0,20.96,2267.46088,2.023981425,"convex",9.553917117,4.345108609,"low",218.1173309,"SW","convex.gentle"
"2719","CR06","C","psme","C",9,0,0,0,0,0,0,0,0,0,1,0,20.96,2267.46088,2.023981425,"convex",9.553917117,4.345108609,"low",218.1173309,"SW","convex.gentle"
"2720","CR06","C","psme","C",10,0,0,0,0,0,0,0,0,0,1,0,20.96,2267.46088,2.023981425,"convex",9.553917117,4.345108609,"low",218.1173309,"SW","convex.gentle"
"2721","CR06","E","pico","C",1,0,0,0,0,0,0,0,0,0,1,0,20.96,2267.46088,2.023981425,"convex",9.553917117,4.345108609,"low",218.1173309,"SW","convex.gentle"
"2722","CR06","E","pico","C",2,1,0,1,1,0,0,0,0,0,1,1,20.96,2267.46088,2.023981425,"convex",9.553917117,4.345108609,"low",218.1173309,"SW","convex.gentle"
"2723","CR06","E","pico","C",3,0,0,0,0,0,0,0,0,0,1,0,20.96,2267.46088,2.023981425,"convex",9.553917117,4.345108609,"low",218.1173309,"SW","convex.gentle"
"2724","CR06","E","pico","C",4,0,0,0,0,0,0,0,0,0,1,0,20.96,2267.46088,2.023981425,"convex",9.553917117,4.345108609,"low",218.1173309,"SW","convex.gentle"
"2725","CR06","E","pico","C",5,0,0,0,0,0,0,0,0,0,1,0,20.96,2267.46088,2.023981425,"convex",9.553917117,4.345108609,"low",218.1173309,"SW","convex.gentle"
"2726","CR06","E","pico","C",6,0,0,0,0,0,0,0,0,0,1,0,20.96,2267.46088,2.023981425,"convex",9.553917117,4.345108609,"low",218.1173309,"SW","convex.gentle"
"2727","CR06","E","pico","C",7,0,0,0,0,0,0,0,0,0,1,0,20.96,2267.46088,2.023981425,"convex",9.553917117,4.345108609,"low",218.1173309,"SW","convex.gentle"
"2728","CR06","E","pico","C",8,0,0,0,0,0,0,0,0,0,1,0,20.96,2267.46088,2.023981425,"convex",9.553917117,4.345108609,"low",218.1173309,"SW","convex.gentle"
"2729","CR06","E","pico","C",9,1,0,1,1,0,0,0,0,0,1,0,20.96,2267.46088,2.023981425,"convex",9.553917117,4.345108609,"low",218.1173309,"SW","convex.gentle"
"2730","CR06","E","pico","C",10,0,0,0,0,0,0,0,0,0,1,0,20.96,2267.46088,2.023981425,"convex",9.553917117,4.345108609,"low",218.1173309,"SW","convex.gentle"
"2731","CR06","E","psme","C",1,1,0,1,1,1,0,0,0,0,1,0,20.96,2267.46088,2.023981425,"convex",9.553917117,4.345108609,"low",218.1173309,"SW","convex.gentle"
"2732","CR06","E","psme","C",2,1,0,1,1,0,0,0,0,0,1,0,20.96,2267.46088,2.023981425,"convex",9.553917117,4.345108609,"low",218.1173309,"SW","convex.gentle"
"2733","CR06","E","psme","C",3,1,0,1,1,0,0,0,0,0,1,1,20.96,2267.46088,2.023981425,"convex",9.553917117,4.345108609,"low",218.1173309,"SW","convex.gentle"
"2734","CR06","E","psme","C",4,1,0,1,1,0,0,0,0,0,1,0,20.96,2267.46088,2.023981425,"convex",9.553917117,4.345108609,"low",218.1173309,"SW","convex.gentle"
"2735","CR06","E","psme","C",5,1,0,1,1,0,0,0,0,0,1,0,20.96,2267.46088,2.023981425,"convex",9.553917117,4.345108609,"low",218.1173309,"SW","convex.gentle"
"2736","CR06","E","psme","C",6,1,0,1,0,0,0,0,0,0,1,0,20.96,2267.46088,2.023981425,"convex",9.553917117,4.345108609,"low",218.1173309,"SW","convex.gentle"
"2737","CR06","E","psme","C",7,0,0,0,0,0,0,0,0,0,1,0,20.96,2267.46088,2.023981425,"convex",9.553917117,4.345108609,"low",218.1173309,"SW","convex.gentle"
"2738","CR06","E","psme","C",8,0,0,0,0,0,0,0,0,0,1,0,20.96,2267.46088,2.023981425,"convex",9.553917117,4.345108609,"low",218.1173309,"SW","convex.gentle"
"2739","CR06","E","psme","C",9,0,0,0,0,0,0,0,0,0,1,0,20.96,2267.46088,2.023981425,"convex",9.553917117,4.345108609,"low",218.1173309,"SW","convex.gentle"
"2740","CR06","E","psme","C",10,1,0,1,1,0,0,0,0,0,1,0,20.96,2267.46088,2.023981425,"convex",9.553917117,4.345108609,"low",218.1173309,"SW","convex.gentle"
"2741","CR06","N","pico","C",1,0,0,0,0,0,0,0,0,0,1,0,20.96,2267.46088,2.023981425,"convex",9.553917117,4.345108609,"low",218.1173309,"SW","convex.gentle"
"2742","CR06","N","pico","C",2,0,0,0,0,0,0,0,0,0,1,0,20.96,2267.46088,2.023981425,"convex",9.553917117,4.345108609,"low",218.1173309,"SW","convex.gentle"
"2743","CR06","N","pico","C",3,1,0,1,1,1,0,0,0,0,1,0,20.96,2267.46088,2.023981425,"convex",9.553917117,4.345108609,"low",218.1173309,"SW","convex.gentle"
"2744","CR06","N","pico","C",4,1,0,1,1,0,0,0,0,0,1,0,20.96,2267.46088,2.023981425,"convex",9.553917117,4.345108609,"low",218.1173309,"SW","convex.gentle"
"2745","CR06","N","pico","C",5,1,0,1,1,1,0,0,0,0,1,0,20.96,2267.46088,2.023981425,"convex",9.553917117,4.345108609,"low",218.1173309,"SW","convex.gentle"
"2746","CR06","N","pico","C",6,1,0,1,1,0,0,0,0,0,1,0,20.96,2267.46088,2.023981425,"convex",9.553917117,4.345108609,"low",218.1173309,"SW","convex.gentle"
"2747","CR06","N","pico","C",7,0,0,0,0,0,0,0,0,0,1,0,20.96,2267.46088,2.023981425,"convex",9.553917117,4.345108609,"low",218.1173309,"SW","convex.gentle"
"2748","CR06","N","pico","C",8,0,1,1,0,1,0,0,0,0,1,0,20.96,2267.46088,2.023981425,"convex",9.553917117,4.345108609,"low",218.1173309,"SW","convex.gentle"
"2749","CR06","N","pico","C",9,1,0,1,1,1,0,0,0,0,1,0,20.96,2267.46088,2.023981425,"convex",9.553917117,4.345108609,"low",218.1173309,"SW","convex.gentle"
"2750","CR06","N","pico","C",10,0,0,0,0,0,0,0,0,0,1,0,20.96,2267.46088,2.023981425,"convex",9.553917117,4.345108609,"low",218.1173309,"SW","convex.gentle"
"2751","CR06","N","psme","C",1,1,0,1,0,0,0,0,0,0,1,0,20.96,2267.46088,2.023981425,"convex",9.553917117,4.345108609,"low",218.1173309,"SW","convex.gentle"
"2752","CR06","N","psme","C",2,0,0,0,0,0,0,0,0,0,1,0,20.96,2267.46088,2.023981425,"convex",9.553917117,4.345108609,"low",218.1173309,"SW","convex.gentle"
"2753","CR06","N","psme","C",3,1,0,1,1,0,0,0,0,0,1,0,20.96,2267.46088,2.023981425,"convex",9.553917117,4.345108609,"low",218.1173309,"SW","convex.gentle"
"2754","CR06","N","psme","C",4,1,0,1,1,0,0,0,0,0,1,0,20.96,2267.46088,2.023981425,"convex",9.553917117,4.345108609,"low",218.1173309,"SW","convex.gentle"
"2755","CR06","N","psme","C",5,0,0,0,0,0,0,0,0,0,1,0,20.96,2267.46088,2.023981425,"convex",9.553917117,4.345108609,"low",218.1173309,"SW","convex.gentle"
"2756","CR06","N","psme","C",6,1,0,1,1,0,0,0,0,0,1,0,20.96,2267.46088,2.023981425,"convex",9.553917117,4.345108609,"low",218.1173309,"SW","convex.gentle"
"2757","CR06","N","psme","C",7,0,0,0,0,0,0,0,0,0,1,0,20.96,2267.46088,2.023981425,"convex",9.553917117,4.345108609,"low",218.1173309,"SW","convex.gentle"
"2758","CR06","N","psme","C",8,1,0,1,1,0,0,0,0,0,1,0,20.96,2267.46088,2.023981425,"convex",9.553917117,4.345108609,"low",218.1173309,"SW","convex.gentle"
"2759","CR06","N","psme","C",9,1,0,1,1,1,0,0,0,0,1,0,20.96,2267.46088,2.023981425,"convex",9.553917117,4.345108609,"low",218.1173309,"SW","convex.gentle"
"2760","CR06","N","psme","C",10,1,0,1,1,1,0,0,0,0,1,0,20.96,2267.46088,2.023981425,"convex",9.553917117,4.345108609,"low",218.1173309,"SW","convex.gentle"
"2761","CR06","S","pico","C",1,0,0,0,0,0,0,0,0,0,1,0,20.96,2267.46088,2.023981425,"convex",9.553917117,4.345108609,"low",218.1173309,"SW","convex.gentle"
"2762","CR06","S","pico","C",2,0,0,0,0,0,0,0,0,0,1,0,20.96,2267.46088,2.023981425,"convex",9.553917117,4.345108609,"low",218.1173309,"SW","convex.gentle"
"2763","CR06","S","pico","C",3,0,0,0,0,0,0,0,0,0,1,0,20.96,2267.46088,2.023981425,"convex",9.553917117,4.345108609,"low",218.1173309,"SW","convex.gentle"
"2764","CR06","S","pico","C",4,0,0,0,0,0,0,0,0,0,1,0,20.96,2267.46088,2.023981425,"convex",9.553917117,4.345108609,"low",218.1173309,"SW","convex.gentle"
"2765","CR06","S","pico","C",5,1,0,1,1,1,0,0,0,0,1,0,20.96,2267.46088,2.023981425,"convex",9.553917117,4.345108609,"low",218.1173309,"SW","convex.gentle"
"2766","CR06","S","pico","C",6,0,0,0,0,0,0,0,0,0,1,0,20.96,2267.46088,2.023981425,"convex",9.553917117,4.345108609,"low",218.1173309,"SW","convex.gentle"
"2767","CR06","S","pico","C",7,0,0,0,0,0,0,0,0,0,1,0,20.96,2267.46088,2.023981425,"convex",9.553917117,4.345108609,"low",218.1173309,"SW","convex.gentle"
"2768","CR06","S","pico","C",8,0,0,0,0,0,0,0,0,0,1,0,20.96,2267.46088,2.023981425,"convex",9.553917117,4.345108609,"low",218.1173309,"SW","convex.gentle"
"2769","CR06","S","pico","C",9,0,0,0,0,0,0,0,0,0,1,0,20.96,2267.46088,2.023981425,"convex",9.553917117,4.345108609,"low",218.1173309,"SW","convex.gentle"
"2770","CR06","S","pico","C",10,0,0,0,0,0,0,0,0,0,1,0,20.96,2267.46088,2.023981425,"convex",9.553917117,4.345108609,"low",218.1173309,"SW","convex.gentle"
"2771","CR06","S","psme","C",1,0,0,0,0,0,0,0,0,0,1,0,20.96,2267.46088,2.023981425,"convex",9.553917117,4.345108609,"low",218.1173309,"SW","convex.gentle"
"2772","CR06","S","psme","C",2,0,0,0,0,0,0,0,0,0,1,0,20.96,2267.46088,2.023981425,"convex",9.553917117,4.345108609,"low",218.1173309,"SW","convex.gentle"
"2773","CR06","S","psme","C",3,0,0,0,0,0,0,0,0,0,1,0,20.96,2267.46088,2.023981425,"convex",9.553917117,4.345108609,"low",218.1173309,"SW","convex.gentle"
"2774","CR06","S","psme","C",4,0,0,0,0,0,0,0,0,0,1,0,20.96,2267.46088,2.023981425,"convex",9.553917117,4.345108609,"low",218.1173309,"SW","convex.gentle"
"2775","CR06","S","psme","C",5,0,0,0,0,0,0,0,0,0,1,0,20.96,2267.46088,2.023981425,"convex",9.553917117,4.345108609,"low",218.1173309,"SW","convex.gentle"
"2776","CR06","S","psme","C",6,0,0,0,0,0,0,0,0,0,1,0,20.96,2267.46088,2.023981425,"convex",9.553917117,4.345108609,"low",218.1173309,"SW","convex.gentle"
"2777","CR06","S","psme","C",7,1,0,1,1,0,0,0,0,0,1,1,20.96,2267.46088,2.023981425,"convex",9.553917117,4.345108609,"low",218.1173309,"SW","convex.gentle"
"2778","CR06","S","psme","C",8,0,0,0,0,0,0,0,0,0,1,0,20.96,2267.46088,2.023981425,"convex",9.553917117,4.345108609,"low",218.1173309,"SW","convex.gentle"
"2779","CR06","S","psme","C",9,0,0,0,0,0,0,0,0,0,1,0,20.96,2267.46088,2.023981425,"convex",9.553917117,4.345108609,"low",218.1173309,"SW","convex.gentle"
"2780","CR06","S","psme","C",10,0,0,0,0,0,0,0,0,0,1,0,20.96,2267.46088,2.023981425,"convex",9.553917117,4.345108609,"low",218.1173309,"SW","convex.gentle"
"2781","CR06","W","pico","C",1,0,0,0,0,0,0,0,0,0,1,0,20.96,2267.46088,2.023981425,"convex",9.553917117,4.345108609,"low",218.1173309,"SW","convex.gentle"
"2782","CR06","W","pico","C",2,0,0,0,0,0,0,0,0,0,1,0,20.96,2267.46088,2.023981425,"convex",9.553917117,4.345108609,"low",218.1173309,"SW","convex.gentle"
"2783","CR06","W","pico","C",3,1,0,1,1,0,0,0,0,0,1,1,20.96,2267.46088,2.023981425,"convex",9.553917117,4.345108609,"low",218.1173309,"SW","convex.gentle"
"2784","CR06","W","pico","C",4,1,0,1,1,1,0,0,0,0,1,0,20.96,2267.46088,2.023981425,"convex",9.553917117,4.345108609,"low",218.1173309,"SW","convex.gentle"
"2785","CR06","W","pico","C",5,1,0,1,1,0,0,0,0,0,1,1,20.96,2267.46088,2.023981425,"convex",9.553917117,4.345108609,"low",218.1173309,"SW","convex.gentle"
"2786","CR06","W","pico","C",6,1,0,1,1,0,0,0,0,0,1,1,20.96,2267.46088,2.023981425,"convex",9.553917117,4.345108609,"low",218.1173309,"SW","convex.gentle"
"2787","CR06","W","pico","C",7,1,0,1,1,0,0,0,0,0,1,1,20.96,2267.46088,2.023981425,"convex",9.553917117,4.345108609,"low",218.1173309,"SW","convex.gentle"
"2788","CR06","W","pico","C",8,1,0,1,1,0,0,0,0,0,1,1,20.96,2267.46088,2.023981425,"convex",9.553917117,4.345108609,"low",218.1173309,"SW","convex.gentle"
"2789","CR06","W","pico","C",9,1,0,1,1,0,0,0,0,0,1,0,20.96,2267.46088,2.023981425,"convex",9.553917117,4.345108609,"low",218.1173309,"SW","convex.gentle"
"2790","CR06","W","pico","C",10,0,0,0,0,0,0,0,0,0,1,0,20.96,2267.46088,2.023981425,"convex",9.553917117,4.345108609,"low",218.1173309,"SW","convex.gentle"
"2791","CR06","W","psme","C",1,0,0,0,0,0,0,0,0,0,1,0,20.96,2267.46088,2.023981425,"convex",9.553917117,4.345108609,"low",218.1173309,"SW","convex.gentle"
"2792","CR06","W","psme","C",2,1,0,1,0,0,0,0,0,0,1,0,20.96,2267.46088,2.023981425,"convex",9.553917117,4.345108609,"low",218.1173309,"SW","convex.gentle"
"2793","CR06","W","psme","C",3,1,0,1,0,0,0,0,0,0,1,1,20.96,2267.46088,2.023981425,"convex",9.553917117,4.345108609,"low",218.1173309,"SW","convex.gentle"
"2794","CR06","W","psme","C",4,1,0,1,0,0,0,0,0,0,1,1,20.96,2267.46088,2.023981425,"convex",9.553917117,4.345108609,"low",218.1173309,"SW","convex.gentle"
"2795","CR06","W","psme","C",5,0,0,0,0,0,0,0,0,0,1,0,20.96,2267.46088,2.023981425,"convex",9.553917117,4.345108609,"low",218.1173309,"SW","convex.gentle"
"2796","CR06","W","psme","C",6,0,0,0,0,0,0,0,0,0,1,0,20.96,2267.46088,2.023981425,"convex",9.553917117,4.345108609,"low",218.1173309,"SW","convex.gentle"
"2797","CR06","W","psme","C",7,0,0,0,0,0,0,0,0,0,1,0,20.96,2267.46088,2.023981425,"convex",9.553917117,4.345108609,"low",218.1173309,"SW","convex.gentle"
"2798","CR06","W","psme","C",8,0,0,0,0,0,0,0,0,0,1,0,20.96,2267.46088,2.023981425,"convex",9.553917117,4.345108609,"low",218.1173309,"SW","convex.gentle"
"2799","CR06","W","psme","C",9,0,0,0,0,0,0,0,0,0,1,0,20.96,2267.46088,2.023981425,"convex",9.553917117,4.345108609,"low",218.1173309,"SW","convex.gentle"
"2800","CR06","W","psme","C",10,0,0,0,0,0,0,0,0,0,1,0,20.96,2267.46088,2.023981425,"convex",9.553917117,4.345108609,"low",218.1173309,"SW","convex.gentle"
"2801","CR06","C","pico","D",1,0,1,1,0,0,0,0,0,0,1,1,20.96,2267.46088,2.023981425,"convex",9.553917117,4.345108609,"low",218.1173309,"SW","convex.gentle"
"2802","CR06","C","pico","D",2,0,0,0,0,0,0,0,0,0,1,0,20.96,2267.46088,2.023981425,"convex",9.553917117,4.345108609,"low",218.1173309,"SW","convex.gentle"
"2803","CR06","C","pico","D",3,0,0,0,0,0,0,0,0,0,1,0,20.96,2267.46088,2.023981425,"convex",9.553917117,4.345108609,"low",218.1173309,"SW","convex.gentle"
"2804","CR06","C","pico","D",4,0,0,0,0,0,0,0,0,0,1,0,20.96,2267.46088,2.023981425,"convex",9.553917117,4.345108609,"low",218.1173309,"SW","convex.gentle"
"2805","CR06","C","pico","D",5,0,0,0,0,0,0,0,0,0,1,0,20.96,2267.46088,2.023981425,"convex",9.553917117,4.345108609,"low",218.1173309,"SW","convex.gentle"
"2806","CR06","C","pico","D",6,0,0,0,0,0,0,0,0,0,1,0,20.96,2267.46088,2.023981425,"convex",9.553917117,4.345108609,"low",218.1173309,"SW","convex.gentle"
"2807","CR06","C","pico","D",7,0,0,0,0,0,0,0,0,0,1,0,20.96,2267.46088,2.023981425,"convex",9.553917117,4.345108609,"low",218.1173309,"SW","convex.gentle"
"2808","CR06","C","pico","D",8,0,0,0,0,0,0,0,0,0,1,0,20.96,2267.46088,2.023981425,"convex",9.553917117,4.345108609,"low",218.1173309,"SW","convex.gentle"
"2809","CR06","C","pico","D",9,1,0,1,1,0,0,0,0,0,1,1,20.96,2267.46088,2.023981425,"convex",9.553917117,4.345108609,"low",218.1173309,"SW","convex.gentle"
"2810","CR06","C","pico","D",10,0,0,0,0,0,0,0,0,0,1,0,20.96,2267.46088,2.023981425,"convex",9.553917117,4.345108609,"low",218.1173309,"SW","convex.gentle"
"2811","CR06","C","psme","D",1,0,0,0,0,0,0,0,0,0,1,0,20.96,2267.46088,2.023981425,"convex",9.553917117,4.345108609,"low",218.1173309,"SW","convex.gentle"
"2812","CR06","C","psme","D",2,0,0,0,0,0,0,0,0,0,1,0,20.96,2267.46088,2.023981425,"convex",9.553917117,4.345108609,"low",218.1173309,"SW","convex.gentle"
"2813","CR06","C","psme","D",3,0,0,0,0,0,0,0,0,0,1,0,20.96,2267.46088,2.023981425,"convex",9.553917117,4.345108609,"low",218.1173309,"SW","convex.gentle"
"2814","CR06","C","psme","D",4,0,0,0,0,0,0,0,0,0,1,0,20.96,2267.46088,2.023981425,"convex",9.553917117,4.345108609,"low",218.1173309,"SW","convex.gentle"
"2815","CR06","C","psme","D",5,0,0,0,0,0,0,0,0,0,1,0,20.96,2267.46088,2.023981425,"convex",9.553917117,4.345108609,"low",218.1173309,"SW","convex.gentle"
"2816","CR06","C","psme","D",6,0,0,0,0,0,0,0,0,0,1,0,20.96,2267.46088,2.023981425,"convex",9.553917117,4.345108609,"low",218.1173309,"SW","convex.gentle"
"2817","CR06","C","psme","D",7,0,0,0,0,0,0,0,0,0,1,0,20.96,2267.46088,2.023981425,"convex",9.553917117,4.345108609,"low",218.1173309,"SW","convex.gentle"
"2818","CR06","C","psme","D",8,0,0,0,0,0,0,0,0,0,1,0,20.96,2267.46088,2.023981425,"convex",9.553917117,4.345108609,"low",218.1173309,"SW","convex.gentle"
"2819","CR06","C","psme","D",9,0,0,0,0,0,0,0,0,0,1,0,20.96,2267.46088,2.023981425,"convex",9.553917117,4.345108609,"low",218.1173309,"SW","convex.gentle"
"2820","CR06","C","psme","D",10,0,0,0,0,0,0,0,0,0,1,0,20.96,2267.46088,2.023981425,"convex",9.553917117,4.345108609,"low",218.1173309,"SW","convex.gentle"
"2821","CR06","E","pico","D",1,0,0,0,0,0,0,0,0,0,1,0,20.96,2267.46088,2.023981425,"convex",9.553917117,4.345108609,"low",218.1173309,"SW","convex.gentle"
"2822","CR06","E","pico","D",2,0,0,0,0,0,0,0,0,0,1,0,20.96,2267.46088,2.023981425,"convex",9.553917117,4.345108609,"low",218.1173309,"SW","convex.gentle"
"2823","CR06","E","pico","D",3,0,0,0,0,0,0,0,0,0,1,0,20.96,2267.46088,2.023981425,"convex",9.553917117,4.345108609,"low",218.1173309,"SW","convex.gentle"
"2824","CR06","E","pico","D",4,0,0,0,0,0,0,0,0,0,1,0,20.96,2267.46088,2.023981425,"convex",9.553917117,4.345108609,"low",218.1173309,"SW","convex.gentle"
"2825","CR06","E","pico","D",5,1,0,1,1,1,0,0,0,0,1,0,20.96,2267.46088,2.023981425,"convex",9.553917117,4.345108609,"low",218.1173309,"SW","convex.gentle"
"2826","CR06","E","pico","D",6,1,0,1,1,1,0,0,0,0,1,0,20.96,2267.46088,2.023981425,"convex",9.553917117,4.345108609,"low",218.1173309,"SW","convex.gentle"
"2827","CR06","E","pico","D",7,0,0,0,0,0,0,0,0,0,1,0,20.96,2267.46088,2.023981425,"convex",9.553917117,4.345108609,"low",218.1173309,"SW","convex.gentle"
"2828","CR06","E","pico","D",8,1,0,1,1,1,0,0,0,0,1,0,20.96,2267.46088,2.023981425,"convex",9.553917117,4.345108609,"low",218.1173309,"SW","convex.gentle"
"2829","CR06","E","pico","D",9,0,0,0,0,0,0,0,0,0,1,0,20.96,2267.46088,2.023981425,"convex",9.553917117,4.345108609,"low",218.1173309,"SW","convex.gentle"
"2830","CR06","E","pico","D",10,0,0,0,0,0,0,0,0,0,1,0,20.96,2267.46088,2.023981425,"convex",9.553917117,4.345108609,"low",218.1173309,"SW","convex.gentle"
"2831","CR06","E","psme","D",1,0,0,0,0,0,0,0,0,0,1,0,20.96,2267.46088,2.023981425,"convex",9.553917117,4.345108609,"low",218.1173309,"SW","convex.gentle"
"2832","CR06","E","psme","D",2,1,0,1,1,0,0,0,0,0,1,0,20.96,2267.46088,2.023981425,"convex",9.553917117,4.345108609,"low",218.1173309,"SW","convex.gentle"
"2833","CR06","E","psme","D",3,1,0,1,1,1,0,0,0,0,1,0,20.96,2267.46088,2.023981425,"convex",9.553917117,4.345108609,"low",218.1173309,"SW","convex.gentle"
"2834","CR06","E","psme","D",4,1,0,1,1,0,0,0,0,0,1,0,20.96,2267.46088,2.023981425,"convex",9.553917117,4.345108609,"low",218.1173309,"SW","convex.gentle"
"2835","CR06","E","psme","D",5,1,0,1,1,0,0,0,0,0,1,1,20.96,2267.46088,2.023981425,"convex",9.553917117,4.345108609,"low",218.1173309,"SW","convex.gentle"
"2836","CR06","E","psme","D",6,0,0,0,0,0,0,0,0,0,1,0,20.96,2267.46088,2.023981425,"convex",9.553917117,4.345108609,"low",218.1173309,"SW","convex.gentle"
"2837","CR06","E","psme","D",7,0,0,0,0,0,0,0,0,0,1,0,20.96,2267.46088,2.023981425,"convex",9.553917117,4.345108609,"low",218.1173309,"SW","convex.gentle"
"2838","CR06","E","psme","D",8,0,0,0,0,0,0,0,0,0,1,0,20.96,2267.46088,2.023981425,"convex",9.553917117,4.345108609,"low",218.1173309,"SW","convex.gentle"
"2839","CR06","E","psme","D",9,1,0,1,1,1,0,0,0,0,1,0,20.96,2267.46088,2.023981425,"convex",9.553917117,4.345108609,"low",218.1173309,"SW","convex.gentle"
"2840","CR06","E","psme","D",10,1,0,1,1,0,0,0,0,0,1,0,20.96,2267.46088,2.023981425,"convex",9.553917117,4.345108609,"low",218.1173309,"SW","convex.gentle"
"2841","CR06","N","pico","D",1,1,0,1,1,1,0,0,0,0,1,0,20.96,2267.46088,2.023981425,"convex",9.553917117,4.345108609,"low",218.1173309,"SW","convex.gentle"
"2842","CR06","N","pico","D",2,0,0,0,0,0,0,0,0,0,1,0,20.96,2267.46088,2.023981425,"convex",9.553917117,4.345108609,"low",218.1173309,"SW","convex.gentle"
"2843","CR06","N","pico","D",3,0,0,0,0,0,0,0,0,0,1,0,20.96,2267.46088,2.023981425,"convex",9.553917117,4.345108609,"low",218.1173309,"SW","convex.gentle"
"2844","CR06","N","pico","D",4,0,0,0,0,0,0,0,0,0,1,0,20.96,2267.46088,2.023981425,"convex",9.553917117,4.345108609,"low",218.1173309,"SW","convex.gentle"
"2845","CR06","N","pico","D",5,0,0,0,0,0,0,0,0,0,1,0,20.96,2267.46088,2.023981425,"convex",9.553917117,4.345108609,"low",218.1173309,"SW","convex.gentle"
"2846","CR06","N","pico","D",6,1,0,1,1,1,0,0,0,0,1,0,20.96,2267.46088,2.023981425,"convex",9.553917117,4.345108609,"low",218.1173309,"SW","convex.gentle"
"2847","CR06","N","pico","D",7,0,0,0,0,0,0,0,0,0,1,0,20.96,2267.46088,2.023981425,"convex",9.553917117,4.345108609,"low",218.1173309,"SW","convex.gentle"
"2848","CR06","N","pico","D",8,1,0,1,1,1,0,0,0,0,1,0,20.96,2267.46088,2.023981425,"convex",9.553917117,4.345108609,"low",218.1173309,"SW","convex.gentle"
"2849","CR06","N","pico","D",9,1,0,1,1,0,0,0,0,0,1,0,20.96,2267.46088,2.023981425,"convex",9.553917117,4.345108609,"low",218.1173309,"SW","convex.gentle"
"2850","CR06","N","pico","D",10,0,0,0,0,0,0,0,0,0,1,0,20.96,2267.46088,2.023981425,"convex",9.553917117,4.345108609,"low",218.1173309,"SW","convex.gentle"
"2851","CR06","N","psme","D",1,1,0,1,0,0,0,0,0,0,1,0,20.96,2267.46088,2.023981425,"convex",9.553917117,4.345108609,"low",218.1173309,"SW","convex.gentle"
"2852","CR06","N","psme","D",2,0,0,0,0,0,0,0,0,0,1,0,20.96,2267.46088,2.023981425,"convex",9.553917117,4.345108609,"low",218.1173309,"SW","convex.gentle"
"2853","CR06","N","psme","D",3,1,0,1,1,0,0,0,0,0,1,0,20.96,2267.46088,2.023981425,"convex",9.553917117,4.345108609,"low",218.1173309,"SW","convex.gentle"
"2854","CR06","N","psme","D",4,1,0,1,1,0,0,0,0,0,1,0,20.96,2267.46088,2.023981425,"convex",9.553917117,4.345108609,"low",218.1173309,"SW","convex.gentle"
"2855","CR06","N","psme","D",5,0,0,0,0,0,0,0,0,0,1,0,20.96,2267.46088,2.023981425,"convex",9.553917117,4.345108609,"low",218.1173309,"SW","convex.gentle"
"2856","CR06","N","psme","D",6,0,0,0,0,0,0,0,0,0,1,0,20.96,2267.46088,2.023981425,"convex",9.553917117,4.345108609,"low",218.1173309,"SW","convex.gentle"
"2857","CR06","N","psme","D",7,1,0,1,1,0,0,0,0,0,1,1,20.96,2267.46088,2.023981425,"convex",9.553917117,4.345108609,"low",218.1173309,"SW","convex.gentle"
"2858","CR06","N","psme","D",8,1,0,1,0,0,0,0,0,0,1,0,20.96,2267.46088,2.023981425,"convex",9.553917117,4.345108609,"low",218.1173309,"SW","convex.gentle"
"2859","CR06","N","psme","D",9,1,0,1,1,0,0,0,0,0,1,1,20.96,2267.46088,2.023981425,"convex",9.553917117,4.345108609,"low",218.1173309,"SW","convex.gentle"
"2860","CR06","N","psme","D",10,0,0,0,0,0,0,0,0,0,1,0,20.96,2267.46088,2.023981425,"convex",9.553917117,4.345108609,"low",218.1173309,"SW","convex.gentle"
"2861","CR06","S","pico","D",1,1,0,1,1,0,0,0,0,0,1,0,20.96,2267.46088,2.023981425,"convex",9.553917117,4.345108609,"low",218.1173309,"SW","convex.gentle"
"2862","CR06","S","pico","D",2,0,0,0,0,0,0,0,0,0,1,0,20.96,2267.46088,2.023981425,"convex",9.553917117,4.345108609,"low",218.1173309,"SW","convex.gentle"
"2863","CR06","S","pico","D",3,0,0,0,0,0,0,0,0,0,1,0,20.96,2267.46088,2.023981425,"convex",9.553917117,4.345108609,"low",218.1173309,"SW","convex.gentle"
"2864","CR06","S","pico","D",4,0,0,0,0,0,0,0,0,0,1,0,20.96,2267.46088,2.023981425,"convex",9.553917117,4.345108609,"low",218.1173309,"SW","convex.gentle"
"2865","CR06","S","pico","D",5,0,0,0,0,0,0,0,0,0,1,0,20.96,2267.46088,2.023981425,"convex",9.553917117,4.345108609,"low",218.1173309,"SW","convex.gentle"
"2866","CR06","S","pico","D",6,0,0,0,0,0,0,0,0,0,1,0,20.96,2267.46088,2.023981425,"convex",9.553917117,4.345108609,"low",218.1173309,"SW","convex.gentle"
"2867","CR06","S","pico","D",7,1,0,1,1,0,0,0,0,0,1,1,20.96,2267.46088,2.023981425,"convex",9.553917117,4.345108609,"low",218.1173309,"SW","convex.gentle"
"2868","CR06","S","pico","D",8,0,0,0,0,0,0,0,0,0,1,0,20.96,2267.46088,2.023981425,"convex",9.553917117,4.345108609,"low",218.1173309,"SW","convex.gentle"
"2869","CR06","S","pico","D",9,0,0,0,0,0,0,0,0,0,1,0,20.96,2267.46088,2.023981425,"convex",9.553917117,4.345108609,"low",218.1173309,"SW","convex.gentle"
"2870","CR06","S","pico","D",10,0,0,0,0,0,0,0,0,0,1,0,20.96,2267.46088,2.023981425,"convex",9.553917117,4.345108609,"low",218.1173309,"SW","convex.gentle"
"2871","CR06","S","psme","D",1,0,0,0,0,0,0,0,0,0,1,0,20.96,2267.46088,2.023981425,"convex",9.553917117,4.345108609,"low",218.1173309,"SW","convex.gentle"
"2872","CR06","S","psme","D",2,1,0,1,0,0,0,0,0,0,1,0,20.96,2267.46088,2.023981425,"convex",9.553917117,4.345108609,"low",218.1173309,"SW","convex.gentle"
"2873","CR06","S","psme","D",3,1,0,1,0,0,0,0,0,0,1,0,20.96,2267.46088,2.023981425,"convex",9.553917117,4.345108609,"low",218.1173309,"SW","convex.gentle"
"2874","CR06","S","psme","D",4,0,0,0,0,0,0,0,0,0,1,0,20.96,2267.46088,2.023981425,"convex",9.553917117,4.345108609,"low",218.1173309,"SW","convex.gentle"
"2875","CR06","S","psme","D",5,0,0,0,0,0,0,0,0,0,1,0,20.96,2267.46088,2.023981425,"convex",9.553917117,4.345108609,"low",218.1173309,"SW","convex.gentle"
"2876","CR06","S","psme","D",6,0,0,0,0,0,0,0,0,0,1,0,20.96,2267.46088,2.023981425,"convex",9.553917117,4.345108609,"low",218.1173309,"SW","convex.gentle"
"2877","CR06","S","psme","D",7,0,0,0,0,0,0,0,0,0,1,0,20.96,2267.46088,2.023981425,"convex",9.553917117,4.345108609,"low",218.1173309,"SW","convex.gentle"
"2878","CR06","S","psme","D",8,0,0,0,0,0,0,0,0,0,1,0,20.96,2267.46088,2.023981425,"convex",9.553917117,4.345108609,"low",218.1173309,"SW","convex.gentle"
"2879","CR06","S","psme","D",9,0,0,0,0,0,0,0,0,0,1,0,20.96,2267.46088,2.023981425,"convex",9.553917117,4.345108609,"low",218.1173309,"SW","convex.gentle"
"2880","CR06","S","psme","D",10,0,0,0,0,0,0,0,0,0,1,0,20.96,2267.46088,2.023981425,"convex",9.553917117,4.345108609,"low",218.1173309,"SW","convex.gentle"
"2881","CR06","W","pico","D",1,0,0,0,0,0,0,0,0,0,1,0,20.96,2267.46088,2.023981425,"convex",9.553917117,4.345108609,"low",218.1173309,"SW","convex.gentle"
"2882","CR06","W","pico","D",2,0,0,0,0,0,0,0,0,0,1,0,20.96,2267.46088,2.023981425,"convex",9.553917117,4.345108609,"low",218.1173309,"SW","convex.gentle"
"2883","CR06","W","pico","D",3,1,0,1,1,0,0,0,0,0,1,1,20.96,2267.46088,2.023981425,"convex",9.553917117,4.345108609,"low",218.1173309,"SW","convex.gentle"
"2884","CR06","W","pico","D",4,1,0,1,1,0,0,0,0,0,1,0,20.96,2267.46088,2.023981425,"convex",9.553917117,4.345108609,"low",218.1173309,"SW","convex.gentle"
"2885","CR06","W","pico","D",5,1,0,1,0,0,0,0,0,0,1,0,20.96,2267.46088,2.023981425,"convex",9.553917117,4.345108609,"low",218.1173309,"SW","convex.gentle"
"2886","CR06","W","pico","D",6,0,0,0,0,0,0,0,0,0,1,0,20.96,2267.46088,2.023981425,"convex",9.553917117,4.345108609,"low",218.1173309,"SW","convex.gentle"
"2887","CR06","W","pico","D",7,0,0,0,0,0,0,0,0,0,1,0,20.96,2267.46088,2.023981425,"convex",9.553917117,4.345108609,"low",218.1173309,"SW","convex.gentle"
"2888","CR06","W","pico","D",8,0,0,0,0,0,0,0,0,0,1,0,20.96,2267.46088,2.023981425,"convex",9.553917117,4.345108609,"low",218.1173309,"SW","convex.gentle"
"2889","CR06","W","pico","D",9,1,0,1,0,0,0,0,0,0,1,1,20.96,2267.46088,2.023981425,"convex",9.553917117,4.345108609,"low",218.1173309,"SW","convex.gentle"
"2890","CR06","W","pico","D",10,0,0,0,0,0,0,0,0,0,1,0,20.96,2267.46088,2.023981425,"convex",9.553917117,4.345108609,"low",218.1173309,"SW","convex.gentle"
"2891","CR06","W","psme","D",1,0,0,0,0,0,0,0,0,0,1,0,20.96,2267.46088,2.023981425,"convex",9.553917117,4.345108609,"low",218.1173309,"SW","convex.gentle"
"2892","CR06","W","psme","D",2,0,0,0,0,0,0,0,0,0,1,0,20.96,2267.46088,2.023981425,"convex",9.553917117,4.345108609,"low",218.1173309,"SW","convex.gentle"
"2893","CR06","W","psme","D",3,0,0,0,0,0,0,0,0,0,1,0,20.96,2267.46088,2.023981425,"convex",9.553917117,4.345108609,"low",218.1173309,"SW","convex.gentle"
"2894","CR06","W","psme","D",4,0,0,0,0,0,0,0,0,0,1,0,20.96,2267.46088,2.023981425,"convex",9.553917117,4.345108609,"low",218.1173309,"SW","convex.gentle"
"2895","CR06","W","psme","D",5,1,0,1,0,0,0,0,0,0,1,1,20.96,2267.46088,2.023981425,"convex",9.553917117,4.345108609,"low",218.1173309,"SW","convex.gentle"
"2896","CR06","W","psme","D",6,0,0,0,0,0,0,0,0,0,1,0,20.96,2267.46088,2.023981425,"convex",9.553917117,4.345108609,"low",218.1173309,"SW","convex.gentle"
"2897","CR06","W","psme","D",7,0,0,0,0,0,0,0,0,0,1,0,20.96,2267.46088,2.023981425,"convex",9.553917117,4.345108609,"low",218.1173309,"SW","convex.gentle"
"2898","CR06","W","psme","D",8,1,0,1,0,0,0,0,0,0,1,0,20.96,2267.46088,2.023981425,"convex",9.553917117,4.345108609,"low",218.1173309,"SW","convex.gentle"
"2899","CR06","W","psme","D",9,0,0,0,0,0,0,0,0,0,1,0,20.96,2267.46088,2.023981425,"convex",9.553917117,4.345108609,"low",218.1173309,"SW","convex.gentle"
"2900","CR06","W","psme","D",10,0,0,0,0,0,0,0,0,0,1,0,20.96,2267.46088,2.023981425,"convex",9.553917117,4.345108609,"low",218.1173309,"SW","convex.gentle"
"2901","CR06","C","pico","E",1,0,0,0,0,0,0,0,0,0,1,0,20.96,2267.46088,2.023981425,"convex",9.553917117,4.345108609,"low",218.1173309,"SW","convex.gentle"
"2902","CR06","C","pico","E",2,0,0,0,0,0,0,0,0,0,1,0,20.96,2267.46088,2.023981425,"convex",9.553917117,4.345108609,"low",218.1173309,"SW","convex.gentle"
"2903","CR06","C","pico","E",3,0,0,0,0,0,0,0,0,0,1,0,20.96,2267.46088,2.023981425,"convex",9.553917117,4.345108609,"low",218.1173309,"SW","convex.gentle"
"2904","CR06","C","pico","E",4,0,0,0,0,0,0,0,0,0,1,0,20.96,2267.46088,2.023981425,"convex",9.553917117,4.345108609,"low",218.1173309,"SW","convex.gentle"
"2905","CR06","C","pico","E",5,0,0,0,0,0,0,0,0,0,1,0,20.96,2267.46088,2.023981425,"convex",9.553917117,4.345108609,"low",218.1173309,"SW","convex.gentle"
"2906","CR06","C","pico","E",6,0,0,0,0,0,0,0,0,0,1,0,20.96,2267.46088,2.023981425,"convex",9.553917117,4.345108609,"low",218.1173309,"SW","convex.gentle"
"2907","CR06","C","pico","E",7,1,0,1,0,0,0,0,0,0,1,1,20.96,2267.46088,2.023981425,"convex",9.553917117,4.345108609,"low",218.1173309,"SW","convex.gentle"
"2908","CR06","C","pico","E",8,0,0,0,0,0,0,0,0,0,1,0,20.96,2267.46088,2.023981425,"convex",9.553917117,4.345108609,"low",218.1173309,"SW","convex.gentle"
"2909","CR06","C","pico","E",9,0,0,0,0,0,0,0,0,0,1,0,20.96,2267.46088,2.023981425,"convex",9.553917117,4.345108609,"low",218.1173309,"SW","convex.gentle"
"2910","CR06","C","pico","E",10,1,0,1,1,1,0,0,0,0,1,0,20.96,2267.46088,2.023981425,"convex",9.553917117,4.345108609,"low",218.1173309,"SW","convex.gentle"
"2911","CR06","C","psme","E",1,0,0,0,0,0,0,0,0,0,1,0,20.96,2267.46088,2.023981425,"convex",9.553917117,4.345108609,"low",218.1173309,"SW","convex.gentle"
"2912","CR06","C","psme","E",2,0,0,0,0,0,0,0,0,0,1,0,20.96,2267.46088,2.023981425,"convex",9.553917117,4.345108609,"low",218.1173309,"SW","convex.gentle"
"2913","CR06","C","psme","E",3,0,0,0,0,0,0,0,0,0,1,0,20.96,2267.46088,2.023981425,"convex",9.553917117,4.345108609,"low",218.1173309,"SW","convex.gentle"
"2914","CR06","C","psme","E",4,0,0,0,0,0,0,0,0,0,1,0,20.96,2267.46088,2.023981425,"convex",9.553917117,4.345108609,"low",218.1173309,"SW","convex.gentle"
"2915","CR06","C","psme","E",5,0,0,0,0,0,0,0,0,0,1,0,20.96,2267.46088,2.023981425,"convex",9.553917117,4.345108609,"low",218.1173309,"SW","convex.gentle"
"2916","CR06","C","psme","E",6,0,1,1,0,0,0,0,0,0,1,1,20.96,2267.46088,2.023981425,"convex",9.553917117,4.345108609,"low",218.1173309,"SW","convex.gentle"
"2917","CR06","C","psme","E",7,0,0,0,0,0,0,0,0,0,1,0,20.96,2267.46088,2.023981425,"convex",9.553917117,4.345108609,"low",218.1173309,"SW","convex.gentle"
"2918","CR06","C","psme","E",8,0,0,0,0,0,0,0,0,0,1,0,20.96,2267.46088,2.023981425,"convex",9.553917117,4.345108609,"low",218.1173309,"SW","convex.gentle"
"2919","CR06","C","psme","E",9,0,0,0,0,0,0,0,0,0,1,0,20.96,2267.46088,2.023981425,"convex",9.553917117,4.345108609,"low",218.1173309,"SW","convex.gentle"
"2920","CR06","C","psme","E",10,0,0,0,0,0,0,0,0,0,1,0,20.96,2267.46088,2.023981425,"convex",9.553917117,4.345108609,"low",218.1173309,"SW","convex.gentle"
"2921","CR06","E","pico","E",1,0,0,0,0,0,0,0,0,0,1,0,20.96,2267.46088,2.023981425,"convex",9.553917117,4.345108609,"low",218.1173309,"SW","convex.gentle"
"2922","CR06","E","pico","E",2,0,0,0,0,0,0,0,0,0,1,0,20.96,2267.46088,2.023981425,"convex",9.553917117,4.345108609,"low",218.1173309,"SW","convex.gentle"
"2923","CR06","E","pico","E",3,1,0,1,1,0,0,0,0,0,1,1,20.96,2267.46088,2.023981425,"convex",9.553917117,4.345108609,"low",218.1173309,"SW","convex.gentle"
"2924","CR06","E","pico","E",4,0,0,0,0,0,0,0,0,0,1,0,20.96,2267.46088,2.023981425,"convex",9.553917117,4.345108609,"low",218.1173309,"SW","convex.gentle"
"2925","CR06","E","pico","E",5,1,0,1,1,1,0,0,0,0,1,0,20.96,2267.46088,2.023981425,"convex",9.553917117,4.345108609,"low",218.1173309,"SW","convex.gentle"
"2926","CR06","E","pico","E",6,1,0,1,1,1,0,0,0,0,1,0,20.96,2267.46088,2.023981425,"convex",9.553917117,4.345108609,"low",218.1173309,"SW","convex.gentle"
"2927","CR06","E","pico","E",7,0,0,0,0,0,0,0,0,0,1,0,20.96,2267.46088,2.023981425,"convex",9.553917117,4.345108609,"low",218.1173309,"SW","convex.gentle"
"2928","CR06","E","pico","E",8,0,0,0,0,0,0,0,0,0,1,0,20.96,2267.46088,2.023981425,"convex",9.553917117,4.345108609,"low",218.1173309,"SW","convex.gentle"
"2929","CR06","E","pico","E",9,1,0,1,1,1,0,0,0,0,1,0,20.96,2267.46088,2.023981425,"convex",9.553917117,4.345108609,"low",218.1173309,"SW","convex.gentle"
"2930","CR06","E","pico","E",10,1,0,1,1,0,0,0,0,0,1,0,20.96,2267.46088,2.023981425,"convex",9.553917117,4.345108609,"low",218.1173309,"SW","convex.gentle"
"2931","CR06","E","psme","E",1,0,0,0,0,0,0,0,0,0,1,0,20.96,2267.46088,2.023981425,"convex",9.553917117,4.345108609,"low",218.1173309,"SW","convex.gentle"
"2932","CR06","E","psme","E",2,1,0,1,1,0,0,0,0,0,1,1,20.96,2267.46088,2.023981425,"convex",9.553917117,4.345108609,"low",218.1173309,"SW","convex.gentle"
"2933","CR06","E","psme","E",3,0,0,0,0,0,0,0,0,0,1,0,20.96,2267.46088,2.023981425,"convex",9.553917117,4.345108609,"low",218.1173309,"SW","convex.gentle"
"2934","CR06","E","psme","E",4,1,0,1,1,1,0,0,0,0,1,0,20.96,2267.46088,2.023981425,"convex",9.553917117,4.345108609,"low",218.1173309,"SW","convex.gentle"
"2935","CR06","E","psme","E",5,1,0,1,1,0,0,0,0,0,1,0,20.96,2267.46088,2.023981425,"convex",9.553917117,4.345108609,"low",218.1173309,"SW","convex.gentle"
"2936","CR06","E","psme","E",6,1,0,1,1,0,0,0,0,0,1,1,20.96,2267.46088,2.023981425,"convex",9.553917117,4.345108609,"low",218.1173309,"SW","convex.gentle"
"2937","CR06","E","psme","E",7,1,0,1,1,0,0,0,0,0,1,0,20.96,2267.46088,2.023981425,"convex",9.553917117,4.345108609,"low",218.1173309,"SW","convex.gentle"
"2938","CR06","E","psme","E",8,1,0,1,1,1,0,0,0,0,1,0,20.96,2267.46088,2.023981425,"convex",9.553917117,4.345108609,"low",218.1173309,"SW","convex.gentle"
"2939","CR06","E","psme","E",9,0,0,0,0,0,0,0,0,0,1,0,20.96,2267.46088,2.023981425,"convex",9.553917117,4.345108609,"low",218.1173309,"SW","convex.gentle"
"2940","CR06","E","psme","E",10,1,0,1,1,1,0,0,0,0,1,0,20.96,2267.46088,2.023981425,"convex",9.553917117,4.345108609,"low",218.1173309,"SW","convex.gentle"
"2941","CR06","N","pico","E",1,0,0,0,0,0,0,0,0,0,1,0,20.96,2267.46088,2.023981425,"convex",9.553917117,4.345108609,"low",218.1173309,"SW","convex.gentle"
"2942","CR06","N","pico","E",2,1,0,1,1,0,0,0,0,0,1,1,20.96,2267.46088,2.023981425,"convex",9.553917117,4.345108609,"low",218.1173309,"SW","convex.gentle"
"2943","CR06","N","pico","E",3,1,0,1,1,1,0,0,0,0,1,0,20.96,2267.46088,2.023981425,"convex",9.553917117,4.345108609,"low",218.1173309,"SW","convex.gentle"
"2944","CR06","N","pico","E",4,0,0,0,0,0,0,0,0,0,1,0,20.96,2267.46088,2.023981425,"convex",9.553917117,4.345108609,"low",218.1173309,"SW","convex.gentle"
"2945","CR06","N","pico","E",5,0,0,0,0,0,0,0,0,0,1,0,20.96,2267.46088,2.023981425,"convex",9.553917117,4.345108609,"low",218.1173309,"SW","convex.gentle"
"2946","CR06","N","pico","E",6,0,0,0,0,0,0,0,0,0,1,0,20.96,2267.46088,2.023981425,"convex",9.553917117,4.345108609,"low",218.1173309,"SW","convex.gentle"
"2947","CR06","N","pico","E",7,0,0,0,0,0,0,0,0,0,1,0,20.96,2267.46088,2.023981425,"convex",9.553917117,4.345108609,"low",218.1173309,"SW","convex.gentle"
"2948","CR06","N","pico","E",8,0,0,0,0,0,0,0,0,0,1,0,20.96,2267.46088,2.023981425,"convex",9.553917117,4.345108609,"low",218.1173309,"SW","convex.gentle"
"2949","CR06","N","pico","E",9,0,0,0,0,0,0,0,0,0,1,0,20.96,2267.46088,2.023981425,"convex",9.553917117,4.345108609,"low",218.1173309,"SW","convex.gentle"
"2950","CR06","N","pico","E",10,0,0,0,0,0,0,0,0,0,1,0,20.96,2267.46088,2.023981425,"convex",9.553917117,4.345108609,"low",218.1173309,"SW","convex.gentle"
"2951","CR06","N","psme","E",1,0,0,0,0,0,0,0,0,0,1,0,20.96,2267.46088,2.023981425,"convex",9.553917117,4.345108609,"low",218.1173309,"SW","convex.gentle"
"2952","CR06","N","psme","E",2,1,0,1,1,0,0,0,0,0,1,1,20.96,2267.46088,2.023981425,"convex",9.553917117,4.345108609,"low",218.1173309,"SW","convex.gentle"
"2953","CR06","N","psme","E",3,0,0,0,0,0,0,0,0,0,1,0,20.96,2267.46088,2.023981425,"convex",9.553917117,4.345108609,"low",218.1173309,"SW","convex.gentle"
"2954","CR06","N","psme","E",4,1,0,1,1,1,0,0,0,0,1,0,20.96,2267.46088,2.023981425,"convex",9.553917117,4.345108609,"low",218.1173309,"SW","convex.gentle"
"2955","CR06","N","psme","E",5,0,0,0,0,0,0,0,0,0,1,0,20.96,2267.46088,2.023981425,"convex",9.553917117,4.345108609,"low",218.1173309,"SW","convex.gentle"
"2956","CR06","N","psme","E",6,0,0,0,0,0,0,0,0,0,1,0,20.96,2267.46088,2.023981425,"convex",9.553917117,4.345108609,"low",218.1173309,"SW","convex.gentle"
"2957","CR06","N","psme","E",7,0,0,0,0,0,0,0,0,0,1,0,20.96,2267.46088,2.023981425,"convex",9.553917117,4.345108609,"low",218.1173309,"SW","convex.gentle"
"2958","CR06","N","psme","E",8,0,0,0,0,0,0,0,0,0,1,0,20.96,2267.46088,2.023981425,"convex",9.553917117,4.345108609,"low",218.1173309,"SW","convex.gentle"
"2959","CR06","N","psme","E",9,1,0,1,0,0,0,0,0,0,1,0,20.96,2267.46088,2.023981425,"convex",9.553917117,4.345108609,"low",218.1173309,"SW","convex.gentle"
"2960","CR06","N","psme","E",10,1,0,1,0,0,0,0,0,0,1,0,20.96,2267.46088,2.023981425,"convex",9.553917117,4.345108609,"low",218.1173309,"SW","convex.gentle"
"2961","CR06","S","pico","E",1,1,0,1,0,0,0,0,0,0,1,0,20.96,2267.46088,2.023981425,"convex",9.553917117,4.345108609,"low",218.1173309,"SW","convex.gentle"
"2962","CR06","S","pico","E",2,0,0,0,0,0,0,0,0,0,1,0,20.96,2267.46088,2.023981425,"convex",9.553917117,4.345108609,"low",218.1173309,"SW","convex.gentle"
"2963","CR06","S","pico","E",3,0,0,0,0,0,0,0,0,0,1,0,20.96,2267.46088,2.023981425,"convex",9.553917117,4.345108609,"low",218.1173309,"SW","convex.gentle"
"2964","CR06","S","pico","E",4,1,0,1,1,0,0,0,0,0,1,1,20.96,2267.46088,2.023981425,"convex",9.553917117,4.345108609,"low",218.1173309,"SW","convex.gentle"
"2965","CR06","S","pico","E",5,1,0,1,0,0,0,0,0,0,1,0,20.96,2267.46088,2.023981425,"convex",9.553917117,4.345108609,"low",218.1173309,"SW","convex.gentle"
"2966","CR06","S","pico","E",6,0,0,0,0,0,0,0,0,0,1,0,20.96,2267.46088,2.023981425,"convex",9.553917117,4.345108609,"low",218.1173309,"SW","convex.gentle"
"2967","CR06","S","pico","E",7,0,0,0,0,0,0,0,0,0,1,0,20.96,2267.46088,2.023981425,"convex",9.553917117,4.345108609,"low",218.1173309,"SW","convex.gentle"
"2968","CR06","S","pico","E",8,2,0,1,1,0,0,0,0,0,1,0,20.96,2267.46088,2.023981425,"convex",9.553917117,4.345108609,"low",218.1173309,"SW","convex.gentle"
"2969","CR06","S","pico","E",9,0,0,0,0,0,0,0,0,0,1,0,20.96,2267.46088,2.023981425,"convex",9.553917117,4.345108609,"low",218.1173309,"SW","convex.gentle"
"2970","CR06","S","pico","E",10,0,0,0,0,0,0,0,0,0,1,0,20.96,2267.46088,2.023981425,"convex",9.553917117,4.345108609,"low",218.1173309,"SW","convex.gentle"
"2971","CR06","S","psme","E",1,0,0,0,0,0,0,0,0,0,1,0,20.96,2267.46088,2.023981425,"convex",9.553917117,4.345108609,"low",218.1173309,"SW","convex.gentle"
"2972","CR06","S","psme","E",2,0,0,0,0,0,0,0,0,0,1,0,20.96,2267.46088,2.023981425,"convex",9.553917117,4.345108609,"low",218.1173309,"SW","convex.gentle"
"2973","CR06","S","psme","E",3,0,0,0,0,0,0,0,0,0,1,0,20.96,2267.46088,2.023981425,"convex",9.553917117,4.345108609,"low",218.1173309,"SW","convex.gentle"
"2974","CR06","S","psme","E",4,0,0,0,0,0,0,0,0,0,1,0,20.96,2267.46088,2.023981425,"convex",9.553917117,4.345108609,"low",218.1173309,"SW","convex.gentle"
"2975","CR06","S","psme","E",5,0,0,0,0,0,0,0,0,0,1,0,20.96,2267.46088,2.023981425,"convex",9.553917117,4.345108609,"low",218.1173309,"SW","convex.gentle"
"2976","CR06","S","psme","E",6,0,0,0,0,0,0,0,0,0,1,0,20.96,2267.46088,2.023981425,"convex",9.553917117,4.345108609,"low",218.1173309,"SW","convex.gentle"
"2977","CR06","S","psme","E",7,1,0,1,0,0,0,0,0,0,1,0,20.96,2267.46088,2.023981425,"convex",9.553917117,4.345108609,"low",218.1173309,"SW","convex.gentle"
"2978","CR06","S","psme","E",8,0,0,0,0,0,0,0,0,0,1,0,20.96,2267.46088,2.023981425,"convex",9.553917117,4.345108609,"low",218.1173309,"SW","convex.gentle"
"2979","CR06","S","psme","E",9,0,0,0,0,0,0,0,0,0,1,0,20.96,2267.46088,2.023981425,"convex",9.553917117,4.345108609,"low",218.1173309,"SW","convex.gentle"
"2980","CR06","S","psme","E",10,0,0,0,0,0,0,0,0,0,1,0,20.96,2267.46088,2.023981425,"convex",9.553917117,4.345108609,"low",218.1173309,"SW","convex.gentle"
"2981","CR06","W","pico","E",1,0,0,0,0,0,0,0,0,0,1,0,20.96,2267.46088,2.023981425,"convex",9.553917117,4.345108609,"low",218.1173309,"SW","convex.gentle"
"2982","CR06","W","pico","E",2,1,0,1,1,0,0,0,0,0,1,1,20.96,2267.46088,2.023981425,"convex",9.553917117,4.345108609,"low",218.1173309,"SW","convex.gentle"
"2983","CR06","W","pico","E",3,0,0,0,0,0,0,0,0,0,1,0,20.96,2267.46088,2.023981425,"convex",9.553917117,4.345108609,"low",218.1173309,"SW","convex.gentle"
"2984","CR06","W","pico","E",4,1,0,1,0,0,0,0,0,0,1,0,20.96,2267.46088,2.023981425,"convex",9.553917117,4.345108609,"low",218.1173309,"SW","convex.gentle"
"2985","CR06","W","pico","E",5,0,0,0,0,0,0,0,0,0,1,0,20.96,2267.46088,2.023981425,"convex",9.553917117,4.345108609,"low",218.1173309,"SW","convex.gentle"
"2986","CR06","W","pico","E",6,0,0,0,0,0,0,0,0,0,1,0,20.96,2267.46088,2.023981425,"convex",9.553917117,4.345108609,"low",218.1173309,"SW","convex.gentle"
"2987","CR06","W","pico","E",7,1,0,1,0,0,0,0,0,0,1,1,20.96,2267.46088,2.023981425,"convex",9.553917117,4.345108609,"low",218.1173309,"SW","convex.gentle"
"2988","CR06","W","pico","E",8,0,0,0,0,0,0,0,0,0,1,0,20.96,2267.46088,2.023981425,"convex",9.553917117,4.345108609,"low",218.1173309,"SW","convex.gentle"
"2989","CR06","W","pico","E",9,0,0,0,0,0,0,0,0,0,1,0,20.96,2267.46088,2.023981425,"convex",9.553917117,4.345108609,"low",218.1173309,"SW","convex.gentle"
"2990","CR06","W","pico","E",10,0,0,0,0,0,0,0,0,0,1,0,20.96,2267.46088,2.023981425,"convex",9.553917117,4.345108609,"low",218.1173309,"SW","convex.gentle"
"2991","CR06","W","psme","E",1,0,0,0,0,0,0,0,0,0,1,0,20.96,2267.46088,2.023981425,"convex",9.553917117,4.345108609,"low",218.1173309,"SW","convex.gentle"
"2992","CR06","W","psme","E",2,0,0,0,0,0,0,0,0,0,1,0,20.96,2267.46088,2.023981425,"convex",9.553917117,4.345108609,"low",218.1173309,"SW","convex.gentle"
"2993","CR06","W","psme","E",3,0,0,0,0,0,0,0,0,0,1,0,20.96,2267.46088,2.023981425,"convex",9.553917117,4.345108609,"low",218.1173309,"SW","convex.gentle"
"2994","CR06","W","psme","E",4,0,0,0,0,0,0,0,0,0,1,0,20.96,2267.46088,2.023981425,"convex",9.553917117,4.345108609,"low",218.1173309,"SW","convex.gentle"
"2995","CR06","W","psme","E",5,0,0,0,0,0,0,0,0,0,1,0,20.96,2267.46088,2.023981425,"convex",9.553917117,4.345108609,"low",218.1173309,"SW","convex.gentle"
"2996","CR06","W","psme","E",6,0,0,0,0,0,0,0,0,0,1,0,20.96,2267.46088,2.023981425,"convex",9.553917117,4.345108609,"low",218.1173309,"SW","convex.gentle"
"2997","CR06","W","psme","E",7,0,0,0,0,0,0,0,0,0,1,0,20.96,2267.46088,2.023981425,"convex",9.553917117,4.345108609,"low",218.1173309,"SW","convex.gentle"
"2998","CR06","W","psme","E",8,0,0,0,0,0,0,0,0,0,1,0,20.96,2267.46088,2.023981425,"convex",9.553917117,4.345108609,"low",218.1173309,"SW","convex.gentle"
"2999","CR06","W","psme","E",9,0,0,0,0,0,0,0,0,0,1,0,20.96,2267.46088,2.023981425,"convex",9.553917117,4.345108609,"low",218.1173309,"SW","convex.gentle"
"3000","CR06","W","psme","E",10,0,0,0,0,0,0,0,0,0,1,0,20.96,2267.46088,2.023981425,"convex",9.553917117,4.345108609,"low",218.1173309,"SW","convex.gentle"
"3001","CR07","C","pico","A",1,0,0,0,0,0,0,0,0,0,1,0,24.86,2323.891793,-3.085792169,"concave",24.70558576,11.3737007,"high",43.82147943,"NE","concave.rugged"
"3002","CR07","C","pico","A",2,1,0,1,1,0,0,0,0,0,1,0,24.86,2323.891793,-3.085792169,"concave",24.70558576,11.3737007,"high",43.82147943,"NE","concave.rugged"
"3003","CR07","C","pico","A",3,0,0,0,0,0,0,0,0,0,1,0,24.86,2323.891793,-3.085792169,"concave",24.70558576,11.3737007,"high",43.82147943,"NE","concave.rugged"
"3004","CR07","C","pico","A",4,0,0,0,0,0,0,0,0,0,1,0,24.86,2323.891793,-3.085792169,"concave",24.70558576,11.3737007,"high",43.82147943,"NE","concave.rugged"
"3005","CR07","C","pico","A",5,0,0,0,0,0,0,0,0,0,1,0,24.86,2323.891793,-3.085792169,"concave",24.70558576,11.3737007,"high",43.82147943,"NE","concave.rugged"
"3006","CR07","C","pico","A",6,0,0,0,0,0,0,0,0,0,1,0,24.86,2323.891793,-3.085792169,"concave",24.70558576,11.3737007,"high",43.82147943,"NE","concave.rugged"
"3007","CR07","C","pico","A",7,0,0,0,0,0,0,0,0,0,1,0,24.86,2323.891793,-3.085792169,"concave",24.70558576,11.3737007,"high",43.82147943,"NE","concave.rugged"
"3008","CR07","C","pico","A",8,0,0,0,0,0,0,0,0,0,1,0,24.86,2323.891793,-3.085792169,"concave",24.70558576,11.3737007,"high",43.82147943,"NE","concave.rugged"
"3009","CR07","C","pico","A",9,0,0,0,0,0,0,0,0,0,1,0,24.86,2323.891793,-3.085792169,"concave",24.70558576,11.3737007,"high",43.82147943,"NE","concave.rugged"
"3010","CR07","C","pico","A",10,0,0,0,0,0,0,0,0,0,1,0,24.86,2323.891793,-3.085792169,"concave",24.70558576,11.3737007,"high",43.82147943,"NE","concave.rugged"
"3011","CR07","C","psme","A",1,0,0,0,0,0,0,0,0,0,1,0,24.86,2323.891793,-3.085792169,"concave",24.70558576,11.3737007,"high",43.82147943,"NE","concave.rugged"
"3012","CR07","C","psme","A",2,0,0,0,0,0,0,0,0,0,1,0,24.86,2323.891793,-3.085792169,"concave",24.70558576,11.3737007,"high",43.82147943,"NE","concave.rugged"
"3013","CR07","C","psme","A",3,0,0,0,0,0,0,0,0,0,1,0,24.86,2323.891793,-3.085792169,"concave",24.70558576,11.3737007,"high",43.82147943,"NE","concave.rugged"
"3014","CR07","C","psme","A",4,0,0,0,0,0,0,0,0,0,1,0,24.86,2323.891793,-3.085792169,"concave",24.70558576,11.3737007,"high",43.82147943,"NE","concave.rugged"
"3015","CR07","C","psme","A",5,0,0,0,0,0,0,0,0,0,1,0,24.86,2323.891793,-3.085792169,"concave",24.70558576,11.3737007,"high",43.82147943,"NE","concave.rugged"
"3016","CR07","C","psme","A",6,0,0,0,0,0,0,0,0,0,1,0,24.86,2323.891793,-3.085792169,"concave",24.70558576,11.3737007,"high",43.82147943,"NE","concave.rugged"
"3017","CR07","C","psme","A",7,0,0,0,0,0,0,0,0,0,1,0,24.86,2323.891793,-3.085792169,"concave",24.70558576,11.3737007,"high",43.82147943,"NE","concave.rugged"
"3018","CR07","C","psme","A",8,0,0,0,0,0,0,0,0,0,1,0,24.86,2323.891793,-3.085792169,"concave",24.70558576,11.3737007,"high",43.82147943,"NE","concave.rugged"
"3019","CR07","C","psme","A",9,0,0,0,0,0,0,0,0,0,1,0,24.86,2323.891793,-3.085792169,"concave",24.70558576,11.3737007,"high",43.82147943,"NE","concave.rugged"
"3020","CR07","C","psme","A",10,0,0,0,0,0,0,0,0,0,1,0,24.86,2323.891793,-3.085792169,"concave",24.70558576,11.3737007,"high",43.82147943,"NE","concave.rugged"
"3021","CR07","E","pico","A",1,0,0,0,0,0,0,0,0,0,1,0,24.86,2323.891793,-3.085792169,"concave",24.70558576,11.3737007,"high",43.82147943,"NE","concave.rugged"
"3022","CR07","E","pico","A",2,1,0,1,1,1,0,0,0,0,1,0,24.86,2323.891793,-3.085792169,"concave",24.70558576,11.3737007,"high",43.82147943,"NE","concave.rugged"
"3023","CR07","E","pico","A",3,1,0,1,1,0,0,0,0,0,1,0,24.86,2323.891793,-3.085792169,"concave",24.70558576,11.3737007,"high",43.82147943,"NE","concave.rugged"
"3024","CR07","E","pico","A",4,1,0,1,1,1,0,0,0,0,1,0,24.86,2323.891793,-3.085792169,"concave",24.70558576,11.3737007,"high",43.82147943,"NE","concave.rugged"
"3025","CR07","E","pico","A",5,1,0,1,1,1,0,0,0,0,1,0,24.86,2323.891793,-3.085792169,"concave",24.70558576,11.3737007,"high",43.82147943,"NE","concave.rugged"
"3026","CR07","E","pico","A",6,1,0,1,1,0,0,0,0,0,1,1,24.86,2323.891793,-3.085792169,"concave",24.70558576,11.3737007,"high",43.82147943,"NE","concave.rugged"
"3027","CR07","E","pico","A",7,0,0,0,0,0,0,0,0,0,1,0,24.86,2323.891793,-3.085792169,"concave",24.70558576,11.3737007,"high",43.82147943,"NE","concave.rugged"
"3028","CR07","E","pico","A",8,0,0,0,0,0,0,0,0,0,1,0,24.86,2323.891793,-3.085792169,"concave",24.70558576,11.3737007,"high",43.82147943,"NE","concave.rugged"
"3029","CR07","E","pico","A",9,0,0,0,0,0,0,0,0,0,1,0,24.86,2323.891793,-3.085792169,"concave",24.70558576,11.3737007,"high",43.82147943,"NE","concave.rugged"
"3030","CR07","E","pico","A",10,0,0,0,0,0,0,0,0,0,1,0,24.86,2323.891793,-3.085792169,"concave",24.70558576,11.3737007,"high",43.82147943,"NE","concave.rugged"
"3031","CR07","E","psme","A",1,0,0,0,0,0,0,0,1,1,0,0,24.86,2323.891793,-3.085792169,"concave",24.70558576,11.3737007,"high",43.82147943,"NE","concave.rugged"
"3032","CR07","E","psme","A",2,1,0,1,1,0,0,0,1,1,0,0,24.86,2323.891793,-3.085792169,"concave",24.70558576,11.3737007,"high",43.82147943,"NE","concave.rugged"
"3033","CR07","E","psme","A",3,0,0,0,0,0,0,0,0,0,1,0,24.86,2323.891793,-3.085792169,"concave",24.70558576,11.3737007,"high",43.82147943,"NE","concave.rugged"
"3034","CR07","E","psme","A",4,1,0,1,1,1,0,0,0,0,1,0,24.86,2323.891793,-3.085792169,"concave",24.70558576,11.3737007,"high",43.82147943,"NE","concave.rugged"
"3035","CR07","E","psme","A",5,0,0,0,0,0,0,0,0,0,1,0,24.86,2323.891793,-3.085792169,"concave",24.70558576,11.3737007,"high",43.82147943,"NE","concave.rugged"
"3036","CR07","E","psme","A",6,0,0,0,0,0,0,0,0,0,1,0,24.86,2323.891793,-3.085792169,"concave",24.70558576,11.3737007,"high",43.82147943,"NE","concave.rugged"
"3037","CR07","E","psme","A",7,0,0,0,0,0,0,0,0,0,1,0,24.86,2323.891793,-3.085792169,"concave",24.70558576,11.3737007,"high",43.82147943,"NE","concave.rugged"
"3038","CR07","E","psme","A",8,0,0,0,0,0,0,0,0,0,1,0,24.86,2323.891793,-3.085792169,"concave",24.70558576,11.3737007,"high",43.82147943,"NE","concave.rugged"
"3039","CR07","E","psme","A",9,0,0,0,0,0,0,0,0,0,1,0,24.86,2323.891793,-3.085792169,"concave",24.70558576,11.3737007,"high",43.82147943,"NE","concave.rugged"
"3040","CR07","E","psme","A",10,0,0,0,0,0,0,0,0,0,1,0,24.86,2323.891793,-3.085792169,"concave",24.70558576,11.3737007,"high",43.82147943,"NE","concave.rugged"
"3041","CR07","N","pico","A",1,0,0,0,0,0,0,0,0,0,1,0,24.86,2323.891793,-3.085792169,"concave",24.70558576,11.3737007,"high",43.82147943,"NE","concave.rugged"
"3042","CR07","N","pico","A",2,0,0,0,0,0,0,0,0,0,1,0,24.86,2323.891793,-3.085792169,"concave",24.70558576,11.3737007,"high",43.82147943,"NE","concave.rugged"
"3043","CR07","N","pico","A",3,0,0,0,0,0,0,0,0,0,1,0,24.86,2323.891793,-3.085792169,"concave",24.70558576,11.3737007,"high",43.82147943,"NE","concave.rugged"
"3044","CR07","N","pico","A",4,0,0,0,0,0,0,0,0,0,1,0,24.86,2323.891793,-3.085792169,"concave",24.70558576,11.3737007,"high",43.82147943,"NE","concave.rugged"
"3045","CR07","N","pico","A",5,0,0,0,0,0,0,0,0,0,1,0,24.86,2323.891793,-3.085792169,"concave",24.70558576,11.3737007,"high",43.82147943,"NE","concave.rugged"
"3046","CR07","N","pico","A",6,0,0,0,0,0,0,0,0,0,1,0,24.86,2323.891793,-3.085792169,"concave",24.70558576,11.3737007,"high",43.82147943,"NE","concave.rugged"
"3047","CR07","N","pico","A",7,0,0,0,0,0,0,0,0,0,1,0,24.86,2323.891793,-3.085792169,"concave",24.70558576,11.3737007,"high",43.82147943,"NE","concave.rugged"
"3048","CR07","N","pico","A",8,0,0,0,0,0,0,0,0,0,1,0,24.86,2323.891793,-3.085792169,"concave",24.70558576,11.3737007,"high",43.82147943,"NE","concave.rugged"
"3049","CR07","N","pico","A",9,0,0,0,0,0,0,0,1,1,0,0,24.86,2323.891793,-3.085792169,"concave",24.70558576,11.3737007,"high",43.82147943,"NE","concave.rugged"
"3050","CR07","N","pico","A",10,0,0,0,0,0,0,0,1,1,0,0,24.86,2323.891793,-3.085792169,"concave",24.70558576,11.3737007,"high",43.82147943,"NE","concave.rugged"
"3051","CR07","N","psme","A",1,0,0,0,0,0,0,0,0,0,1,0,24.86,2323.891793,-3.085792169,"concave",24.70558576,11.3737007,"high",43.82147943,"NE","concave.rugged"
"3052","CR07","N","psme","A",2,0,0,0,0,0,0,0,0,0,1,0,24.86,2323.891793,-3.085792169,"concave",24.70558576,11.3737007,"high",43.82147943,"NE","concave.rugged"
"3053","CR07","N","psme","A",3,0,0,0,0,0,0,0,0,0,1,0,24.86,2323.891793,-3.085792169,"concave",24.70558576,11.3737007,"high",43.82147943,"NE","concave.rugged"
"3054","CR07","N","psme","A",4,1,0,1,1,0,0,0,0,0,1,0,24.86,2323.891793,-3.085792169,"concave",24.70558576,11.3737007,"high",43.82147943,"NE","concave.rugged"
"3055","CR07","N","psme","A",5,0,0,0,0,0,0,0,1,1,0,0,24.86,2323.891793,-3.085792169,"concave",24.70558576,11.3737007,"high",43.82147943,"NE","concave.rugged"
"3056","CR07","N","psme","A",6,0,0,0,0,0,0,0,1,1,0,0,24.86,2323.891793,-3.085792169,"concave",24.70558576,11.3737007,"high",43.82147943,"NE","concave.rugged"
"3057","CR07","N","psme","A",7,1,0,1,1,0,0,0,0,0,1,0,24.86,2323.891793,-3.085792169,"concave",24.70558576,11.3737007,"high",43.82147943,"NE","concave.rugged"
"3058","CR07","N","psme","A",8,1,0,1,1,0,0,0,0,0,1,0,24.86,2323.891793,-3.085792169,"concave",24.70558576,11.3737007,"high",43.82147943,"NE","concave.rugged"
"3059","CR07","N","psme","A",9,0,0,0,0,0,0,0,0,0,1,0,24.86,2323.891793,-3.085792169,"concave",24.70558576,11.3737007,"high",43.82147943,"NE","concave.rugged"
"3060","CR07","N","psme","A",10,0,0,0,0,0,0,0,0,0,1,0,24.86,2323.891793,-3.085792169,"concave",24.70558576,11.3737007,"high",43.82147943,"NE","concave.rugged"
"3061","CR07","S","pico","A",1,0,0,0,0,0,0,0,0,0,1,0,24.86,2323.891793,-3.085792169,"concave",24.70558576,11.3737007,"high",43.82147943,"NE","concave.rugged"
"3062","CR07","S","pico","A",2,0,0,0,0,0,0,0,0,0,1,0,24.86,2323.891793,-3.085792169,"concave",24.70558576,11.3737007,"high",43.82147943,"NE","concave.rugged"
"3063","CR07","S","pico","A",3,0,0,0,0,0,0,0,0,0,1,0,24.86,2323.891793,-3.085792169,"concave",24.70558576,11.3737007,"high",43.82147943,"NE","concave.rugged"
"3064","CR07","S","pico","A",4,1,0,1,1,1,0,0,0,0,1,0,24.86,2323.891793,-3.085792169,"concave",24.70558576,11.3737007,"high",43.82147943,"NE","concave.rugged"
"3065","CR07","S","pico","A",5,0,0,0,0,0,0,0,0,0,1,0,24.86,2323.891793,-3.085792169,"concave",24.70558576,11.3737007,"high",43.82147943,"NE","concave.rugged"
"3066","CR07","S","pico","A",6,0,0,0,0,0,0,0,0,0,1,0,24.86,2323.891793,-3.085792169,"concave",24.70558576,11.3737007,"high",43.82147943,"NE","concave.rugged"
"3067","CR07","S","pico","A",7,0,0,0,0,0,0,0,0,0,1,0,24.86,2323.891793,-3.085792169,"concave",24.70558576,11.3737007,"high",43.82147943,"NE","concave.rugged"
"3068","CR07","S","pico","A",8,0,0,0,0,0,0,0,0,0,1,0,24.86,2323.891793,-3.085792169,"concave",24.70558576,11.3737007,"high",43.82147943,"NE","concave.rugged"
"3069","CR07","S","pico","A",9,0,0,0,0,0,0,0,0,0,1,0,24.86,2323.891793,-3.085792169,"concave",24.70558576,11.3737007,"high",43.82147943,"NE","concave.rugged"
"3070","CR07","S","pico","A",10,0,0,0,0,0,0,0,0,0,1,0,24.86,2323.891793,-3.085792169,"concave",24.70558576,11.3737007,"high",43.82147943,"NE","concave.rugged"
"3071","CR07","S","psme","A",1,0,0,0,0,0,0,0,0,0,1,0,24.86,2323.891793,-3.085792169,"concave",24.70558576,11.3737007,"high",43.82147943,"NE","concave.rugged"
"3072","CR07","S","psme","A",2,1,0,1,1,1,0,0,0,0,1,0,24.86,2323.891793,-3.085792169,"concave",24.70558576,11.3737007,"high",43.82147943,"NE","concave.rugged"
"3073","CR07","S","psme","A",3,1,0,1,1,1,0,0,0,0,1,0,24.86,2323.891793,-3.085792169,"concave",24.70558576,11.3737007,"high",43.82147943,"NE","concave.rugged"
"3074","CR07","S","psme","A",4,0,0,0,0,0,0,0,0,0,1,0,24.86,2323.891793,-3.085792169,"concave",24.70558576,11.3737007,"high",43.82147943,"NE","concave.rugged"
"3075","CR07","S","psme","A",5,0,0,0,0,0,0,0,0,0,1,0,24.86,2323.891793,-3.085792169,"concave",24.70558576,11.3737007,"high",43.82147943,"NE","concave.rugged"
"3076","CR07","S","psme","A",6,0,0,0,0,0,0,0,0,0,1,0,24.86,2323.891793,-3.085792169,"concave",24.70558576,11.3737007,"high",43.82147943,"NE","concave.rugged"
"3077","CR07","S","psme","A",7,0,0,0,0,0,0,0,0,0,1,0,24.86,2323.891793,-3.085792169,"concave",24.70558576,11.3737007,"high",43.82147943,"NE","concave.rugged"
"3078","CR07","S","psme","A",8,0,0,0,0,0,0,0,0,0,1,0,24.86,2323.891793,-3.085792169,"concave",24.70558576,11.3737007,"high",43.82147943,"NE","concave.rugged"
"3079","CR07","S","psme","A",9,0,1,1,0,1,0,0,0,0,1,0,24.86,2323.891793,-3.085792169,"concave",24.70558576,11.3737007,"high",43.82147943,"NE","concave.rugged"
"3080","CR07","S","psme","A",10,0,0,0,0,0,0,0,0,0,1,0,24.86,2323.891793,-3.085792169,"concave",24.70558576,11.3737007,"high",43.82147943,"NE","concave.rugged"
"3081","CR07","W","pico","A",1,0,0,0,0,0,0,0,0,0,1,0,24.86,2323.891793,-3.085792169,"concave",24.70558576,11.3737007,"high",43.82147943,"NE","concave.rugged"
"3082","CR07","W","pico","A",2,0,0,0,0,0,0,0,0,0,1,0,24.86,2323.891793,-3.085792169,"concave",24.70558576,11.3737007,"high",43.82147943,"NE","concave.rugged"
"3083","CR07","W","pico","A",3,0,0,0,0,0,0,0,0,0,1,0,24.86,2323.891793,-3.085792169,"concave",24.70558576,11.3737007,"high",43.82147943,"NE","concave.rugged"
"3084","CR07","W","pico","A",4,0,0,0,0,0,0,0,0,0,1,0,24.86,2323.891793,-3.085792169,"concave",24.70558576,11.3737007,"high",43.82147943,"NE","concave.rugged"
"3085","CR07","W","pico","A",5,0,0,0,0,0,0,0,0,0,1,0,24.86,2323.891793,-3.085792169,"concave",24.70558576,11.3737007,"high",43.82147943,"NE","concave.rugged"
"3086","CR07","W","pico","A",6,0,0,0,0,0,0,0,0,0,1,0,24.86,2323.891793,-3.085792169,"concave",24.70558576,11.3737007,"high",43.82147943,"NE","concave.rugged"
"3087","CR07","W","pico","A",7,0,0,0,0,0,0,0,0,0,1,0,24.86,2323.891793,-3.085792169,"concave",24.70558576,11.3737007,"high",43.82147943,"NE","concave.rugged"
"3088","CR07","W","pico","A",8,0,0,0,0,0,0,0,0,0,1,0,24.86,2323.891793,-3.085792169,"concave",24.70558576,11.3737007,"high",43.82147943,"NE","concave.rugged"
"3089","CR07","W","pico","A",9,0,0,0,0,0,0,0,0,0,1,0,24.86,2323.891793,-3.085792169,"concave",24.70558576,11.3737007,"high",43.82147943,"NE","concave.rugged"
"3090","CR07","W","pico","A",10,1,0,1,0,0,0,0,0,0,1,1,24.86,2323.891793,-3.085792169,"concave",24.70558576,11.3737007,"high",43.82147943,"NE","concave.rugged"
"3091","CR07","W","psme","A",1,0,0,0,0,0,0,0,0,0,1,0,24.86,2323.891793,-3.085792169,"concave",24.70558576,11.3737007,"high",43.82147943,"NE","concave.rugged"
"3092","CR07","W","psme","A",2,0,0,0,0,0,0,0,0,0,1,0,24.86,2323.891793,-3.085792169,"concave",24.70558576,11.3737007,"high",43.82147943,"NE","concave.rugged"
"3093","CR07","W","psme","A",3,0,0,0,0,0,0,0,0,0,1,0,24.86,2323.891793,-3.085792169,"concave",24.70558576,11.3737007,"high",43.82147943,"NE","concave.rugged"
"3094","CR07","W","psme","A",4,0,0,0,0,0,0,0,0,0,1,0,24.86,2323.891793,-3.085792169,"concave",24.70558576,11.3737007,"high",43.82147943,"NE","concave.rugged"
"3095","CR07","W","psme","A",5,0,0,0,0,0,0,0,0,0,1,0,24.86,2323.891793,-3.085792169,"concave",24.70558576,11.3737007,"high",43.82147943,"NE","concave.rugged"
"3096","CR07","W","psme","A",6,0,0,0,0,0,0,0,0,0,1,0,24.86,2323.891793,-3.085792169,"concave",24.70558576,11.3737007,"high",43.82147943,"NE","concave.rugged"
"3097","CR07","W","psme","A",7,0,0,0,0,0,0,0,0,0,1,0,24.86,2323.891793,-3.085792169,"concave",24.70558576,11.3737007,"high",43.82147943,"NE","concave.rugged"
"3098","CR07","W","psme","A",8,0,0,0,0,0,0,0,0,0,1,0,24.86,2323.891793,-3.085792169,"concave",24.70558576,11.3737007,"high",43.82147943,"NE","concave.rugged"
"3099","CR07","W","psme","A",9,1,0,1,0,0,0,0,0,0,1,0,24.86,2323.891793,-3.085792169,"concave",24.70558576,11.3737007,"high",43.82147943,"NE","concave.rugged"
"3100","CR07","W","psme","A",10,0,0,0,0,0,0,0,0,0,1,0,24.86,2323.891793,-3.085792169,"concave",24.70558576,11.3737007,"high",43.82147943,"NE","concave.rugged"
"3101","CR07","C","pico","B",1,0,0,0,0,0,0,0,0,0,1,0,24.86,2323.891793,-3.085792169,"concave",24.70558576,11.3737007,"high",43.82147943,"NE","concave.rugged"
"3102","CR07","C","pico","B",2,0,0,0,0,0,0,0,0,0,1,0,24.86,2323.891793,-3.085792169,"concave",24.70558576,11.3737007,"high",43.82147943,"NE","concave.rugged"
"3103","CR07","C","pico","B",3,0,0,0,0,0,0,0,0,0,1,0,24.86,2323.891793,-3.085792169,"concave",24.70558576,11.3737007,"high",43.82147943,"NE","concave.rugged"
"3104","CR07","C","pico","B",4,1,0,1,1,0,0,0,0,0,1,0,24.86,2323.891793,-3.085792169,"concave",24.70558576,11.3737007,"high",43.82147943,"NE","concave.rugged"
"3105","CR07","C","pico","B",5,0,0,0,0,0,0,0,0,0,1,0,24.86,2323.891793,-3.085792169,"concave",24.70558576,11.3737007,"high",43.82147943,"NE","concave.rugged"
"3106","CR07","C","pico","B",6,0,0,0,0,0,0,0,0,0,1,0,24.86,2323.891793,-3.085792169,"concave",24.70558576,11.3737007,"high",43.82147943,"NE","concave.rugged"
"3107","CR07","C","pico","B",7,0,0,0,0,0,0,0,0,0,1,0,24.86,2323.891793,-3.085792169,"concave",24.70558576,11.3737007,"high",43.82147943,"NE","concave.rugged"
"3108","CR07","C","pico","B",8,1,0,1,1,0,0,0,0,0,1,1,24.86,2323.891793,-3.085792169,"concave",24.70558576,11.3737007,"high",43.82147943,"NE","concave.rugged"
"3109","CR07","C","pico","B",9,0,0,0,0,0,0,0,0,0,1,0,24.86,2323.891793,-3.085792169,"concave",24.70558576,11.3737007,"high",43.82147943,"NE","concave.rugged"
"3110","CR07","C","pico","B",10,0,0,0,0,0,0,0,0,0,1,0,24.86,2323.891793,-3.085792169,"concave",24.70558576,11.3737007,"high",43.82147943,"NE","concave.rugged"
"3111","CR07","C","psme","B",1,0,0,0,0,0,0,0,0,0,1,0,24.86,2323.891793,-3.085792169,"concave",24.70558576,11.3737007,"high",43.82147943,"NE","concave.rugged"
"3112","CR07","C","psme","B",2,0,0,0,0,0,0,0,0,0,1,0,24.86,2323.891793,-3.085792169,"concave",24.70558576,11.3737007,"high",43.82147943,"NE","concave.rugged"
"3113","CR07","C","psme","B",3,0,0,0,0,0,0,0,0,0,1,0,24.86,2323.891793,-3.085792169,"concave",24.70558576,11.3737007,"high",43.82147943,"NE","concave.rugged"
"3114","CR07","C","psme","B",4,0,0,0,0,0,0,0,0,0,1,0,24.86,2323.891793,-3.085792169,"concave",24.70558576,11.3737007,"high",43.82147943,"NE","concave.rugged"
"3115","CR07","C","psme","B",5,0,0,0,0,0,0,0,0,0,1,0,24.86,2323.891793,-3.085792169,"concave",24.70558576,11.3737007,"high",43.82147943,"NE","concave.rugged"
"3116","CR07","C","psme","B",6,0,0,0,0,0,0,0,0,0,1,0,24.86,2323.891793,-3.085792169,"concave",24.70558576,11.3737007,"high",43.82147943,"NE","concave.rugged"
"3117","CR07","C","psme","B",7,0,0,0,0,0,0,0,0,0,1,0,24.86,2323.891793,-3.085792169,"concave",24.70558576,11.3737007,"high",43.82147943,"NE","concave.rugged"
"3118","CR07","C","psme","B",8,1,0,1,1,0,0,0,0,0,1,0,24.86,2323.891793,-3.085792169,"concave",24.70558576,11.3737007,"high",43.82147943,"NE","concave.rugged"
"3119","CR07","C","psme","B",9,0,0,0,0,0,0,0,0,0,1,0,24.86,2323.891793,-3.085792169,"concave",24.70558576,11.3737007,"high",43.82147943,"NE","concave.rugged"
"3120","CR07","C","psme","B",10,0,0,0,0,0,0,0,0,0,1,0,24.86,2323.891793,-3.085792169,"concave",24.70558576,11.3737007,"high",43.82147943,"NE","concave.rugged"
"3121","CR07","E","pico","B",1,0,0,0,0,0,0,0,0,0,1,0,24.86,2323.891793,-3.085792169,"concave",24.70558576,11.3737007,"high",43.82147943,"NE","concave.rugged"
"3122","CR07","E","pico","B",2,0,0,0,0,0,0,0,0,0,1,0,24.86,2323.891793,-3.085792169,"concave",24.70558576,11.3737007,"high",43.82147943,"NE","concave.rugged"
"3123","CR07","E","pico","B",3,1,0,1,1,1,0,0,0,0,1,0,24.86,2323.891793,-3.085792169,"concave",24.70558576,11.3737007,"high",43.82147943,"NE","concave.rugged"
"3124","CR07","E","pico","B",4,1,0,1,1,1,0,0,0,0,1,0,24.86,2323.891793,-3.085792169,"concave",24.70558576,11.3737007,"high",43.82147943,"NE","concave.rugged"
"3125","CR07","E","pico","B",5,1,0,1,1,1,0,0,0,0,1,0,24.86,2323.891793,-3.085792169,"concave",24.70558576,11.3737007,"high",43.82147943,"NE","concave.rugged"
"3126","CR07","E","pico","B",6,0,0,0,0,0,0,0,0,0,1,0,24.86,2323.891793,-3.085792169,"concave",24.70558576,11.3737007,"high",43.82147943,"NE","concave.rugged"
"3127","CR07","E","pico","B",7,0,0,0,0,0,0,0,0,0,1,0,24.86,2323.891793,-3.085792169,"concave",24.70558576,11.3737007,"high",43.82147943,"NE","concave.rugged"
"3128","CR07","E","pico","B",8,0,0,0,0,0,0,0,0,0,1,0,24.86,2323.891793,-3.085792169,"concave",24.70558576,11.3737007,"high",43.82147943,"NE","concave.rugged"
"3129","CR07","E","pico","B",9,0,0,0,0,0,0,0,0,0,1,0,24.86,2323.891793,-3.085792169,"concave",24.70558576,11.3737007,"high",43.82147943,"NE","concave.rugged"
"3130","CR07","E","pico","B",10,0,0,0,0,0,0,0,0,0,1,0,24.86,2323.891793,-3.085792169,"concave",24.70558576,11.3737007,"high",43.82147943,"NE","concave.rugged"
"3131","CR07","E","psme","B",1,0,0,0,0,0,0,0,1,1,0,0,24.86,2323.891793,-3.085792169,"concave",24.70558576,11.3737007,"high",43.82147943,"NE","concave.rugged"
"3132","CR07","E","psme","B",2,1,0,1,1,0,0,0,0,0,1,0,24.86,2323.891793,-3.085792169,"concave",24.70558576,11.3737007,"high",43.82147943,"NE","concave.rugged"
"3133","CR07","E","psme","B",3,0,0,0,0,0,0,0,0,0,1,0,24.86,2323.891793,-3.085792169,"concave",24.70558576,11.3737007,"high",43.82147943,"NE","concave.rugged"
"3134","CR07","E","psme","B",4,0,0,0,0,0,0,0,0,0,1,0,24.86,2323.891793,-3.085792169,"concave",24.70558576,11.3737007,"high",43.82147943,"NE","concave.rugged"
"3135","CR07","E","psme","B",5,1,0,1,1,0,0,0,0,0,1,0,24.86,2323.891793,-3.085792169,"concave",24.70558576,11.3737007,"high",43.82147943,"NE","concave.rugged"
"3136","CR07","E","psme","B",6,1,0,1,1,0,0,0,0,0,1,0,24.86,2323.891793,-3.085792169,"concave",24.70558576,11.3737007,"high",43.82147943,"NE","concave.rugged"
"3137","CR07","E","psme","B",7,0,0,0,0,0,0,0,0,0,1,0,24.86,2323.891793,-3.085792169,"concave",24.70558576,11.3737007,"high",43.82147943,"NE","concave.rugged"
"3138","CR07","E","psme","B",8,0,0,0,0,0,0,0,0,0,1,0,24.86,2323.891793,-3.085792169,"concave",24.70558576,11.3737007,"high",43.82147943,"NE","concave.rugged"
"3139","CR07","E","psme","B",9,0,0,0,0,0,0,0,0,0,1,0,24.86,2323.891793,-3.085792169,"concave",24.70558576,11.3737007,"high",43.82147943,"NE","concave.rugged"
"3140","CR07","E","psme","B",10,0,0,0,0,0,0,0,0,0,1,0,24.86,2323.891793,-3.085792169,"concave",24.70558576,11.3737007,"high",43.82147943,"NE","concave.rugged"
"3141","CR07","N","pico","B",1,0,0,0,0,0,0,0,0,0,1,0,24.86,2323.891793,-3.085792169,"concave",24.70558576,11.3737007,"high",43.82147943,"NE","concave.rugged"
"3142","CR07","N","pico","B",2,0,0,0,0,0,0,0,0,0,1,0,24.86,2323.891793,-3.085792169,"concave",24.70558576,11.3737007,"high",43.82147943,"NE","concave.rugged"
"3143","CR07","N","pico","B",3,0,0,0,0,0,0,0,0,0,1,0,24.86,2323.891793,-3.085792169,"concave",24.70558576,11.3737007,"high",43.82147943,"NE","concave.rugged"
"3144","CR07","N","pico","B",4,0,0,0,0,0,0,0,0,0,1,0,24.86,2323.891793,-3.085792169,"concave",24.70558576,11.3737007,"high",43.82147943,"NE","concave.rugged"
"3145","CR07","N","pico","B",5,0,0,0,0,0,0,0,0,0,1,0,24.86,2323.891793,-3.085792169,"concave",24.70558576,11.3737007,"high",43.82147943,"NE","concave.rugged"
"3146","CR07","N","pico","B",6,1,0,1,1,1,0,0,0,0,1,0,24.86,2323.891793,-3.085792169,"concave",24.70558576,11.3737007,"high",43.82147943,"NE","concave.rugged"
"3147","CR07","N","pico","B",7,0,0,0,0,0,0,0,0,0,1,0,24.86,2323.891793,-3.085792169,"concave",24.70558576,11.3737007,"high",43.82147943,"NE","concave.rugged"
"3148","CR07","N","pico","B",8,0,0,0,0,0,0,0,0,0,1,0,24.86,2323.891793,-3.085792169,"concave",24.70558576,11.3737007,"high",43.82147943,"NE","concave.rugged"
"3149","CR07","N","pico","B",9,1,0,1,1,1,0,0,0,0,1,0,24.86,2323.891793,-3.085792169,"concave",24.70558576,11.3737007,"high",43.82147943,"NE","concave.rugged"
"3150","CR07","N","pico","B",10,0,0,0,0,0,0,0,1,1,0,0,24.86,2323.891793,-3.085792169,"concave",24.70558576,11.3737007,"high",43.82147943,"NE","concave.rugged"
"3151","CR07","N","psme","B",1,0,0,0,0,0,0,0,0,0,1,0,24.86,2323.891793,-3.085792169,"concave",24.70558576,11.3737007,"high",43.82147943,"NE","concave.rugged"
"3152","CR07","N","psme","B",2,0,0,0,0,0,0,0,0,0,1,0,24.86,2323.891793,-3.085792169,"concave",24.70558576,11.3737007,"high",43.82147943,"NE","concave.rugged"
"3153","CR07","N","psme","B",3,0,0,0,0,0,0,0,0,0,1,0,24.86,2323.891793,-3.085792169,"concave",24.70558576,11.3737007,"high",43.82147943,"NE","concave.rugged"
"3154","CR07","N","psme","B",4,0,0,0,0,0,0,0,0,0,1,0,24.86,2323.891793,-3.085792169,"concave",24.70558576,11.3737007,"high",43.82147943,"NE","concave.rugged"
"3155","CR07","N","psme","B",5,0,0,0,0,0,0,0,1,1,0,0,24.86,2323.891793,-3.085792169,"concave",24.70558576,11.3737007,"high",43.82147943,"NE","concave.rugged"
"3156","CR07","N","psme","B",6,0,0,0,0,0,0,0,1,1,0,0,24.86,2323.891793,-3.085792169,"concave",24.70558576,11.3737007,"high",43.82147943,"NE","concave.rugged"
"3157","CR07","N","psme","B",7,0,0,0,0,0,0,0,0,0,1,0,24.86,2323.891793,-3.085792169,"concave",24.70558576,11.3737007,"high",43.82147943,"NE","concave.rugged"
"3158","CR07","N","psme","B",8,0,0,0,0,0,0,0,0,0,1,0,24.86,2323.891793,-3.085792169,"concave",24.70558576,11.3737007,"high",43.82147943,"NE","concave.rugged"
"3159","CR07","N","psme","B",9,0,0,0,0,0,0,0,0,0,1,0,24.86,2323.891793,-3.085792169,"concave",24.70558576,11.3737007,"high",43.82147943,"NE","concave.rugged"
"3160","CR07","N","psme","B",10,1,0,1,1,0,0,0,0,0,1,0,24.86,2323.891793,-3.085792169,"concave",24.70558576,11.3737007,"high",43.82147943,"NE","concave.rugged"
"3161","CR07","S","pico","B",1,0,0,0,0,0,0,0,0,0,1,0,24.86,2323.891793,-3.085792169,"concave",24.70558576,11.3737007,"high",43.82147943,"NE","concave.rugged"
"3162","CR07","S","pico","B",2,0,0,0,0,0,0,0,0,0,1,0,24.86,2323.891793,-3.085792169,"concave",24.70558576,11.3737007,"high",43.82147943,"NE","concave.rugged"
"3163","CR07","S","pico","B",3,0,0,0,0,0,0,0,0,0,1,0,24.86,2323.891793,-3.085792169,"concave",24.70558576,11.3737007,"high",43.82147943,"NE","concave.rugged"
"3164","CR07","S","pico","B",4,0,0,0,0,0,0,0,0,0,1,0,24.86,2323.891793,-3.085792169,"concave",24.70558576,11.3737007,"high",43.82147943,"NE","concave.rugged"
"3165","CR07","S","pico","B",5,0,0,0,0,0,0,0,0,0,1,0,24.86,2323.891793,-3.085792169,"concave",24.70558576,11.3737007,"high",43.82147943,"NE","concave.rugged"
"3166","CR07","S","pico","B",6,0,0,0,0,0,0,0,0,0,1,0,24.86,2323.891793,-3.085792169,"concave",24.70558576,11.3737007,"high",43.82147943,"NE","concave.rugged"
"3167","CR07","S","pico","B",7,0,0,0,0,0,0,0,0,0,1,0,24.86,2323.891793,-3.085792169,"concave",24.70558576,11.3737007,"high",43.82147943,"NE","concave.rugged"
"3168","CR07","S","pico","B",8,0,0,0,0,0,0,0,0,0,1,0,24.86,2323.891793,-3.085792169,"concave",24.70558576,11.3737007,"high",43.82147943,"NE","concave.rugged"
"3169","CR07","S","pico","B",9,0,0,0,0,0,0,0,0,0,1,0,24.86,2323.891793,-3.085792169,"concave",24.70558576,11.3737007,"high",43.82147943,"NE","concave.rugged"
"3170","CR07","S","pico","B",10,0,0,0,0,0,0,0,0,0,1,0,24.86,2323.891793,-3.085792169,"concave",24.70558576,11.3737007,"high",43.82147943,"NE","concave.rugged"
"3171","CR07","S","psme","B",1,0,0,0,0,0,0,0,0,0,1,0,24.86,2323.891793,-3.085792169,"concave",24.70558576,11.3737007,"high",43.82147943,"NE","concave.rugged"
"3172","CR07","S","psme","B",2,0,0,0,0,0,0,0,0,0,1,0,24.86,2323.891793,-3.085792169,"concave",24.70558576,11.3737007,"high",43.82147943,"NE","concave.rugged"
"3173","CR07","S","psme","B",3,0,0,0,0,0,0,0,0,0,1,0,24.86,2323.891793,-3.085792169,"concave",24.70558576,11.3737007,"high",43.82147943,"NE","concave.rugged"
"3174","CR07","S","psme","B",4,0,0,0,0,0,0,0,0,0,1,0,24.86,2323.891793,-3.085792169,"concave",24.70558576,11.3737007,"high",43.82147943,"NE","concave.rugged"
"3175","CR07","S","psme","B",5,0,0,0,0,0,0,0,0,0,1,0,24.86,2323.891793,-3.085792169,"concave",24.70558576,11.3737007,"high",43.82147943,"NE","concave.rugged"
"3176","CR07","S","psme","B",6,0,0,0,0,0,0,0,0,0,1,0,24.86,2323.891793,-3.085792169,"concave",24.70558576,11.3737007,"high",43.82147943,"NE","concave.rugged"
"3177","CR07","S","psme","B",7,0,0,0,0,0,0,0,0,0,1,0,24.86,2323.891793,-3.085792169,"concave",24.70558576,11.3737007,"high",43.82147943,"NE","concave.rugged"
"3178","CR07","S","psme","B",8,0,0,0,0,0,0,0,0,0,1,0,24.86,2323.891793,-3.085792169,"concave",24.70558576,11.3737007,"high",43.82147943,"NE","concave.rugged"
"3179","CR07","S","psme","B",9,1,0,1,1,0,0,0,0,0,1,0,24.86,2323.891793,-3.085792169,"concave",24.70558576,11.3737007,"high",43.82147943,"NE","concave.rugged"
"3180","CR07","S","psme","B",10,0,0,0,0,0,0,0,0,0,1,0,24.86,2323.891793,-3.085792169,"concave",24.70558576,11.3737007,"high",43.82147943,"NE","concave.rugged"
"3181","CR07","W","pico","B",1,0,0,0,0,0,0,0,0,0,1,0,24.86,2323.891793,-3.085792169,"concave",24.70558576,11.3737007,"high",43.82147943,"NE","concave.rugged"
"3182","CR07","W","pico","B",2,0,0,0,0,0,0,0,0,0,1,0,24.86,2323.891793,-3.085792169,"concave",24.70558576,11.3737007,"high",43.82147943,"NE","concave.rugged"
"3183","CR07","W","pico","B",3,0,0,0,0,0,0,0,0,0,1,0,24.86,2323.891793,-3.085792169,"concave",24.70558576,11.3737007,"high",43.82147943,"NE","concave.rugged"
"3184","CR07","W","pico","B",4,1,0,1,1,1,0,0,0,0,1,0,24.86,2323.891793,-3.085792169,"concave",24.70558576,11.3737007,"high",43.82147943,"NE","concave.rugged"
"3185","CR07","W","pico","B",5,1,0,1,1,1,0,0,0,0,1,0,24.86,2323.891793,-3.085792169,"concave",24.70558576,11.3737007,"high",43.82147943,"NE","concave.rugged"
"3186","CR07","W","pico","B",6,1,0,1,1,0,0,0,0,0,1,0,24.86,2323.891793,-3.085792169,"concave",24.70558576,11.3737007,"high",43.82147943,"NE","concave.rugged"
"3187","CR07","W","pico","B",7,0,0,0,0,0,0,0,0,0,1,0,24.86,2323.891793,-3.085792169,"concave",24.70558576,11.3737007,"high",43.82147943,"NE","concave.rugged"
"3188","CR07","W","pico","B",8,1,0,1,1,0,0,0,0,0,1,1,24.86,2323.891793,-3.085792169,"concave",24.70558576,11.3737007,"high",43.82147943,"NE","concave.rugged"
"3189","CR07","W","pico","B",9,0,0,0,0,0,0,0,0,0,1,0,24.86,2323.891793,-3.085792169,"concave",24.70558576,11.3737007,"high",43.82147943,"NE","concave.rugged"
"3190","CR07","W","pico","B",10,1,0,1,1,1,0,0,0,0,1,0,24.86,2323.891793,-3.085792169,"concave",24.70558576,11.3737007,"high",43.82147943,"NE","concave.rugged"
"3191","CR07","W","psme","B",1,0,0,0,0,0,0,0,0,0,1,0,24.86,2323.891793,-3.085792169,"concave",24.70558576,11.3737007,"high",43.82147943,"NE","concave.rugged"
"3192","CR07","W","psme","B",2,0,0,0,0,0,0,0,0,0,1,0,24.86,2323.891793,-3.085792169,"concave",24.70558576,11.3737007,"high",43.82147943,"NE","concave.rugged"
"3193","CR07","W","psme","B",3,0,0,0,0,0,0,0,0,0,1,0,24.86,2323.891793,-3.085792169,"concave",24.70558576,11.3737007,"high",43.82147943,"NE","concave.rugged"
"3194","CR07","W","psme","B",4,0,0,0,0,0,0,0,0,0,1,0,24.86,2323.891793,-3.085792169,"concave",24.70558576,11.3737007,"high",43.82147943,"NE","concave.rugged"
"3195","CR07","W","psme","B",5,0,0,0,0,0,0,0,0,0,1,0,24.86,2323.891793,-3.085792169,"concave",24.70558576,11.3737007,"high",43.82147943,"NE","concave.rugged"
"3196","CR07","W","psme","B",6,0,0,0,0,0,0,0,0,0,1,0,24.86,2323.891793,-3.085792169,"concave",24.70558576,11.3737007,"high",43.82147943,"NE","concave.rugged"
"3197","CR07","W","psme","B",7,0,0,0,0,0,0,0,0,0,1,0,24.86,2323.891793,-3.085792169,"concave",24.70558576,11.3737007,"high",43.82147943,"NE","concave.rugged"
"3198","CR07","W","psme","B",8,0,0,0,0,0,0,0,0,0,1,0,24.86,2323.891793,-3.085792169,"concave",24.70558576,11.3737007,"high",43.82147943,"NE","concave.rugged"
"3199","CR07","W","psme","B",9,0,0,0,0,0,0,0,0,0,1,0,24.86,2323.891793,-3.085792169,"concave",24.70558576,11.3737007,"high",43.82147943,"NE","concave.rugged"
"3200","CR07","W","psme","B",10,0,0,0,0,0,0,0,0,0,1,0,24.86,2323.891793,-3.085792169,"concave",24.70558576,11.3737007,"high",43.82147943,"NE","concave.rugged"
"3201","CR07","C","pico","C",1,0,0,0,0,0,0,0,0,0,1,0,24.86,2323.891793,-3.085792169,"concave",24.70558576,11.3737007,"high",43.82147943,"NE","concave.rugged"
"3202","CR07","C","pico","C",2,0,0,0,0,0,0,0,0,0,1,0,24.86,2323.891793,-3.085792169,"concave",24.70558576,11.3737007,"high",43.82147943,"NE","concave.rugged"
"3203","CR07","C","pico","C",3,0,1,1,0,0,0,0,0,0,1,1,24.86,2323.891793,-3.085792169,"concave",24.70558576,11.3737007,"high",43.82147943,"NE","concave.rugged"
"3204","CR07","C","pico","C",4,0,0,0,0,0,0,0,0,0,1,0,24.86,2323.891793,-3.085792169,"concave",24.70558576,11.3737007,"high",43.82147943,"NE","concave.rugged"
"3205","CR07","C","pico","C",5,0,0,0,0,0,0,0,0,0,1,0,24.86,2323.891793,-3.085792169,"concave",24.70558576,11.3737007,"high",43.82147943,"NE","concave.rugged"
"3206","CR07","C","pico","C",6,0,0,0,0,0,0,0,0,0,1,0,24.86,2323.891793,-3.085792169,"concave",24.70558576,11.3737007,"high",43.82147943,"NE","concave.rugged"
"3207","CR07","C","pico","C",7,1,0,1,1,1,0,0,0,0,1,0,24.86,2323.891793,-3.085792169,"concave",24.70558576,11.3737007,"high",43.82147943,"NE","concave.rugged"
"3208","CR07","C","pico","C",8,1,0,1,1,1,0,0,0,0,1,0,24.86,2323.891793,-3.085792169,"concave",24.70558576,11.3737007,"high",43.82147943,"NE","concave.rugged"
"3209","CR07","C","pico","C",9,0,0,0,0,0,0,0,0,0,1,0,24.86,2323.891793,-3.085792169,"concave",24.70558576,11.3737007,"high",43.82147943,"NE","concave.rugged"
"3210","CR07","C","pico","C",10,0,0,0,0,0,0,0,0,0,1,0,24.86,2323.891793,-3.085792169,"concave",24.70558576,11.3737007,"high",43.82147943,"NE","concave.rugged"
"3211","CR07","C","psme","C",1,0,0,0,0,0,0,0,0,0,1,0,24.86,2323.891793,-3.085792169,"concave",24.70558576,11.3737007,"high",43.82147943,"NE","concave.rugged"
"3212","CR07","C","psme","C",2,0,0,0,0,0,0,0,0,0,1,0,24.86,2323.891793,-3.085792169,"concave",24.70558576,11.3737007,"high",43.82147943,"NE","concave.rugged"
"3213","CR07","C","psme","C",3,0,0,0,0,0,0,0,0,0,1,0,24.86,2323.891793,-3.085792169,"concave",24.70558576,11.3737007,"high",43.82147943,"NE","concave.rugged"
"3214","CR07","C","psme","C",4,0,0,0,0,0,0,0,0,0,1,0,24.86,2323.891793,-3.085792169,"concave",24.70558576,11.3737007,"high",43.82147943,"NE","concave.rugged"
"3215","CR07","C","psme","C",5,0,0,0,0,0,0,0,0,0,1,0,24.86,2323.891793,-3.085792169,"concave",24.70558576,11.3737007,"high",43.82147943,"NE","concave.rugged"
"3216","CR07","C","psme","C",6,0,0,0,0,0,0,0,0,0,1,0,24.86,2323.891793,-3.085792169,"concave",24.70558576,11.3737007,"high",43.82147943,"NE","concave.rugged"
"3217","CR07","C","psme","C",7,0,0,0,0,0,0,0,0,0,1,0,24.86,2323.891793,-3.085792169,"concave",24.70558576,11.3737007,"high",43.82147943,"NE","concave.rugged"
"3218","CR07","C","psme","C",8,0,0,0,0,0,0,0,0,0,1,0,24.86,2323.891793,-3.085792169,"concave",24.70558576,11.3737007,"high",43.82147943,"NE","concave.rugged"
"3219","CR07","C","psme","C",9,0,0,0,0,0,0,0,0,0,1,0,24.86,2323.891793,-3.085792169,"concave",24.70558576,11.3737007,"high",43.82147943,"NE","concave.rugged"
"3220","CR07","C","psme","C",10,0,0,0,0,0,0,0,0,0,1,0,24.86,2323.891793,-3.085792169,"concave",24.70558576,11.3737007,"high",43.82147943,"NE","concave.rugged"
"3221","CR07","E","pico","C",1,0,0,0,0,0,0,0,0,0,1,0,24.86,2323.891793,-3.085792169,"concave",24.70558576,11.3737007,"high",43.82147943,"NE","concave.rugged"
"3222","CR07","E","pico","C",2,0,0,0,0,0,0,0,0,0,1,0,24.86,2323.891793,-3.085792169,"concave",24.70558576,11.3737007,"high",43.82147943,"NE","concave.rugged"
"3223","CR07","E","pico","C",3,1,0,1,1,1,0,0,0,0,1,0,24.86,2323.891793,-3.085792169,"concave",24.70558576,11.3737007,"high",43.82147943,"NE","concave.rugged"
"3224","CR07","E","pico","C",4,1,0,1,1,0,0,0,0,0,1,0,24.86,2323.891793,-3.085792169,"concave",24.70558576,11.3737007,"high",43.82147943,"NE","concave.rugged"
"3225","CR07","E","pico","C",5,0,0,0,0,0,0,0,0,0,1,0,24.86,2323.891793,-3.085792169,"concave",24.70558576,11.3737007,"high",43.82147943,"NE","concave.rugged"
"3226","CR07","E","pico","C",6,0,0,0,0,0,0,0,0,0,1,0,24.86,2323.891793,-3.085792169,"concave",24.70558576,11.3737007,"high",43.82147943,"NE","concave.rugged"
"3227","CR07","E","pico","C",7,0,0,0,0,0,0,0,0,0,1,0,24.86,2323.891793,-3.085792169,"concave",24.70558576,11.3737007,"high",43.82147943,"NE","concave.rugged"
"3228","CR07","E","pico","C",8,1,0,1,1,1,0,0,0,0,1,0,24.86,2323.891793,-3.085792169,"concave",24.70558576,11.3737007,"high",43.82147943,"NE","concave.rugged"
"3229","CR07","E","pico","C",9,0,0,0,0,0,0,0,0,0,1,0,24.86,2323.891793,-3.085792169,"concave",24.70558576,11.3737007,"high",43.82147943,"NE","concave.rugged"
"3230","CR07","E","pico","C",10,0,0,0,0,0,0,0,0,0,1,0,24.86,2323.891793,-3.085792169,"concave",24.70558576,11.3737007,"high",43.82147943,"NE","concave.rugged"
"3231","CR07","E","psme","C",1,0,0,0,0,0,0,0,0,0,1,0,24.86,2323.891793,-3.085792169,"concave",24.70558576,11.3737007,"high",43.82147943,"NE","concave.rugged"
"3232","CR07","E","psme","C",2,0,0,0,0,0,0,0,0,0,1,0,24.86,2323.891793,-3.085792169,"concave",24.70558576,11.3737007,"high",43.82147943,"NE","concave.rugged"
"3233","CR07","E","psme","C",3,0,0,0,0,0,0,0,0,0,1,0,24.86,2323.891793,-3.085792169,"concave",24.70558576,11.3737007,"high",43.82147943,"NE","concave.rugged"
"3234","CR07","E","psme","C",4,0,0,0,0,0,0,0,0,0,1,0,24.86,2323.891793,-3.085792169,"concave",24.70558576,11.3737007,"high",43.82147943,"NE","concave.rugged"
"3235","CR07","E","psme","C",5,0,0,0,0,0,0,0,0,0,1,0,24.86,2323.891793,-3.085792169,"concave",24.70558576,11.3737007,"high",43.82147943,"NE","concave.rugged"
"3236","CR07","E","psme","C",6,0,0,0,0,0,0,0,0,0,1,0,24.86,2323.891793,-3.085792169,"concave",24.70558576,11.3737007,"high",43.82147943,"NE","concave.rugged"
"3237","CR07","E","psme","C",7,0,0,0,0,0,0,0,0,0,1,0,24.86,2323.891793,-3.085792169,"concave",24.70558576,11.3737007,"high",43.82147943,"NE","concave.rugged"
"3238","CR07","E","psme","C",8,0,0,0,0,0,0,0,0,0,1,0,24.86,2323.891793,-3.085792169,"concave",24.70558576,11.3737007,"high",43.82147943,"NE","concave.rugged"
"3239","CR07","E","psme","C",9,0,0,0,0,0,0,0,0,0,1,0,24.86,2323.891793,-3.085792169,"concave",24.70558576,11.3737007,"high",43.82147943,"NE","concave.rugged"
"3240","CR07","E","psme","C",10,0,0,0,0,0,0,0,0,0,1,0,24.86,2323.891793,-3.085792169,"concave",24.70558576,11.3737007,"high",43.82147943,"NE","concave.rugged"
"3241","CR07","N","pico","C",1,0,0,0,0,0,0,0,0,0,1,0,24.86,2323.891793,-3.085792169,"concave",24.70558576,11.3737007,"high",43.82147943,"NE","concave.rugged"
"3242","CR07","N","pico","C",2,0,0,0,0,0,0,0,0,0,1,0,24.86,2323.891793,-3.085792169,"concave",24.70558576,11.3737007,"high",43.82147943,"NE","concave.rugged"
"3243","CR07","N","pico","C",3,0,0,0,0,0,0,0,0,0,1,0,24.86,2323.891793,-3.085792169,"concave",24.70558576,11.3737007,"high",43.82147943,"NE","concave.rugged"
"3244","CR07","N","pico","C",4,0,0,0,0,0,0,0,0,0,1,0,24.86,2323.891793,-3.085792169,"concave",24.70558576,11.3737007,"high",43.82147943,"NE","concave.rugged"
"3245","CR07","N","pico","C",5,1,0,1,1,0,0,0,0,0,1,0,24.86,2323.891793,-3.085792169,"concave",24.70558576,11.3737007,"high",43.82147943,"NE","concave.rugged"
"3246","CR07","N","pico","C",6,0,0,0,0,0,0,0,0,0,1,0,24.86,2323.891793,-3.085792169,"concave",24.70558576,11.3737007,"high",43.82147943,"NE","concave.rugged"
"3247","CR07","N","pico","C",7,0,0,0,0,0,0,0,0,0,1,0,24.86,2323.891793,-3.085792169,"concave",24.70558576,11.3737007,"high",43.82147943,"NE","concave.rugged"
"3248","CR07","N","pico","C",8,0,0,0,0,0,0,0,0,0,1,0,24.86,2323.891793,-3.085792169,"concave",24.70558576,11.3737007,"high",43.82147943,"NE","concave.rugged"
"3249","CR07","N","pico","C",9,0,0,0,0,0,0,0,0,0,1,0,24.86,2323.891793,-3.085792169,"concave",24.70558576,11.3737007,"high",43.82147943,"NE","concave.rugged"
"3250","CR07","N","pico","C",10,0,0,0,0,0,0,0,0,0,1,0,24.86,2323.891793,-3.085792169,"concave",24.70558576,11.3737007,"high",43.82147943,"NE","concave.rugged"
"3251","CR07","N","psme","C",1,0,0,0,0,0,0,0,0,0,1,0,24.86,2323.891793,-3.085792169,"concave",24.70558576,11.3737007,"high",43.82147943,"NE","concave.rugged"
"3252","CR07","N","psme","C",2,0,0,0,0,0,0,0,0,0,1,0,24.86,2323.891793,-3.085792169,"concave",24.70558576,11.3737007,"high",43.82147943,"NE","concave.rugged"
"3253","CR07","N","psme","C",3,0,0,0,0,0,0,0,0,0,1,0,24.86,2323.891793,-3.085792169,"concave",24.70558576,11.3737007,"high",43.82147943,"NE","concave.rugged"
"3254","CR07","N","psme","C",4,0,0,0,0,0,0,0,0,0,1,0,24.86,2323.891793,-3.085792169,"concave",24.70558576,11.3737007,"high",43.82147943,"NE","concave.rugged"
"3255","CR07","N","psme","C",5,0,0,0,0,0,0,0,1,1,0,0,24.86,2323.891793,-3.085792169,"concave",24.70558576,11.3737007,"high",43.82147943,"NE","concave.rugged"
"3256","CR07","N","psme","C",6,0,0,0,0,0,0,0,1,1,0,0,24.86,2323.891793,-3.085792169,"concave",24.70558576,11.3737007,"high",43.82147943,"NE","concave.rugged"
"3257","CR07","N","psme","C",7,0,0,0,0,0,0,0,0,0,1,0,24.86,2323.891793,-3.085792169,"concave",24.70558576,11.3737007,"high",43.82147943,"NE","concave.rugged"
"3258","CR07","N","psme","C",8,0,0,0,0,0,0,0,0,0,1,0,24.86,2323.891793,-3.085792169,"concave",24.70558576,11.3737007,"high",43.82147943,"NE","concave.rugged"
"3259","CR07","N","psme","C",9,0,0,0,0,0,0,0,0,0,1,0,24.86,2323.891793,-3.085792169,"concave",24.70558576,11.3737007,"high",43.82147943,"NE","concave.rugged"
"3260","CR07","N","psme","C",10,0,0,0,0,0,0,0,0,0,1,0,24.86,2323.891793,-3.085792169,"concave",24.70558576,11.3737007,"high",43.82147943,"NE","concave.rugged"
"3261","CR07","S","pico","C",1,0,0,0,0,0,0,0,0,0,1,0,24.86,2323.891793,-3.085792169,"concave",24.70558576,11.3737007,"high",43.82147943,"NE","concave.rugged"
"3262","CR07","S","pico","C",2,0,0,0,0,0,0,0,0,0,1,0,24.86,2323.891793,-3.085792169,"concave",24.70558576,11.3737007,"high",43.82147943,"NE","concave.rugged"
"3263","CR07","S","pico","C",3,1,0,1,1,1,0,0,0,0,1,0,24.86,2323.891793,-3.085792169,"concave",24.70558576,11.3737007,"high",43.82147943,"NE","concave.rugged"
"3264","CR07","S","pico","C",4,0,0,0,0,0,0,0,0,0,1,0,24.86,2323.891793,-3.085792169,"concave",24.70558576,11.3737007,"high",43.82147943,"NE","concave.rugged"
"3265","CR07","S","pico","C",5,0,0,0,0,0,0,0,0,0,1,0,24.86,2323.891793,-3.085792169,"concave",24.70558576,11.3737007,"high",43.82147943,"NE","concave.rugged"
"3266","CR07","S","pico","C",6,0,0,0,0,0,0,0,0,0,1,0,24.86,2323.891793,-3.085792169,"concave",24.70558576,11.3737007,"high",43.82147943,"NE","concave.rugged"
"3267","CR07","S","pico","C",7,0,0,0,0,0,0,0,0,0,1,0,24.86,2323.891793,-3.085792169,"concave",24.70558576,11.3737007,"high",43.82147943,"NE","concave.rugged"
"3268","CR07","S","pico","C",8,0,0,0,0,0,0,0,0,0,1,0,24.86,2323.891793,-3.085792169,"concave",24.70558576,11.3737007,"high",43.82147943,"NE","concave.rugged"
"3269","CR07","S","pico","C",9,0,0,0,0,0,0,0,0,0,1,0,24.86,2323.891793,-3.085792169,"concave",24.70558576,11.3737007,"high",43.82147943,"NE","concave.rugged"
"3270","CR07","S","pico","C",10,0,0,0,0,0,0,0,0,0,1,0,24.86,2323.891793,-3.085792169,"concave",24.70558576,11.3737007,"high",43.82147943,"NE","concave.rugged"
"3271","CR07","S","psme","C",1,1,0,1,1,0,0,0,0,0,1,0,24.86,2323.891793,-3.085792169,"concave",24.70558576,11.3737007,"high",43.82147943,"NE","concave.rugged"
"3272","CR07","S","psme","C",2,1,0,1,1,0,0,0,0,0,1,0,24.86,2323.891793,-3.085792169,"concave",24.70558576,11.3737007,"high",43.82147943,"NE","concave.rugged"
"3273","CR07","S","psme","C",3,0,0,0,0,0,0,0,0,0,1,0,24.86,2323.891793,-3.085792169,"concave",24.70558576,11.3737007,"high",43.82147943,"NE","concave.rugged"
"3274","CR07","S","psme","C",4,0,0,0,0,0,0,0,0,0,1,0,24.86,2323.891793,-3.085792169,"concave",24.70558576,11.3737007,"high",43.82147943,"NE","concave.rugged"
"3275","CR07","S","psme","C",5,0,0,0,0,0,0,0,0,0,1,0,24.86,2323.891793,-3.085792169,"concave",24.70558576,11.3737007,"high",43.82147943,"NE","concave.rugged"
"3276","CR07","S","psme","C",6,1,0,1,1,1,0,0,0,0,1,0,24.86,2323.891793,-3.085792169,"concave",24.70558576,11.3737007,"high",43.82147943,"NE","concave.rugged"
"3277","CR07","S","psme","C",7,0,0,0,0,0,0,0,0,0,1,0,24.86,2323.891793,-3.085792169,"concave",24.70558576,11.3737007,"high",43.82147943,"NE","concave.rugged"
"3278","CR07","S","psme","C",8,0,0,0,0,0,0,0,0,0,1,0,24.86,2323.891793,-3.085792169,"concave",24.70558576,11.3737007,"high",43.82147943,"NE","concave.rugged"
"3279","CR07","S","psme","C",9,0,0,0,0,0,0,0,0,0,1,0,24.86,2323.891793,-3.085792169,"concave",24.70558576,11.3737007,"high",43.82147943,"NE","concave.rugged"
"3280","CR07","S","psme","C",10,1,0,1,1,0,0,0,0,0,1,0,24.86,2323.891793,-3.085792169,"concave",24.70558576,11.3737007,"high",43.82147943,"NE","concave.rugged"
"3281","CR07","W","pico","C",1,0,0,0,0,0,0,0,0,0,1,0,24.86,2323.891793,-3.085792169,"concave",24.70558576,11.3737007,"high",43.82147943,"NE","concave.rugged"
"3282","CR07","W","pico","C",2,0,0,0,0,0,0,0,0,0,1,0,24.86,2323.891793,-3.085792169,"concave",24.70558576,11.3737007,"high",43.82147943,"NE","concave.rugged"
"3283","CR07","W","pico","C",3,0,1,1,0,1,0,0,0,0,1,0,24.86,2323.891793,-3.085792169,"concave",24.70558576,11.3737007,"high",43.82147943,"NE","concave.rugged"
"3284","CR07","W","pico","C",4,0,0,0,0,0,0,0,0,0,1,0,24.86,2323.891793,-3.085792169,"concave",24.70558576,11.3737007,"high",43.82147943,"NE","concave.rugged"
"3285","CR07","W","pico","C",5,1,0,1,1,0,0,0,0,0,1,1,24.86,2323.891793,-3.085792169,"concave",24.70558576,11.3737007,"high",43.82147943,"NE","concave.rugged"
"3286","CR07","W","pico","C",6,0,0,0,0,0,0,0,0,0,1,0,24.86,2323.891793,-3.085792169,"concave",24.70558576,11.3737007,"high",43.82147943,"NE","concave.rugged"
"3287","CR07","W","pico","C",7,0,0,0,0,0,0,0,0,0,1,0,24.86,2323.891793,-3.085792169,"concave",24.70558576,11.3737007,"high",43.82147943,"NE","concave.rugged"
"3288","CR07","W","pico","C",8,1,0,1,1,1,0,0,0,0,1,0,24.86,2323.891793,-3.085792169,"concave",24.70558576,11.3737007,"high",43.82147943,"NE","concave.rugged"
"3289","CR07","W","pico","C",9,0,0,0,0,0,0,0,0,0,1,0,24.86,2323.891793,-3.085792169,"concave",24.70558576,11.3737007,"high",43.82147943,"NE","concave.rugged"
"3290","CR07","W","pico","C",10,0,0,0,0,0,0,0,0,0,1,0,24.86,2323.891793,-3.085792169,"concave",24.70558576,11.3737007,"high",43.82147943,"NE","concave.rugged"
"3291","CR07","W","psme","C",1,0,0,0,0,0,0,0,0,0,1,0,24.86,2323.891793,-3.085792169,"concave",24.70558576,11.3737007,"high",43.82147943,"NE","concave.rugged"
"3292","CR07","W","psme","C",2,0,0,0,0,0,0,0,0,0,1,0,24.86,2323.891793,-3.085792169,"concave",24.70558576,11.3737007,"high",43.82147943,"NE","concave.rugged"
"3293","CR07","W","psme","C",3,0,0,0,0,0,0,0,0,0,1,0,24.86,2323.891793,-3.085792169,"concave",24.70558576,11.3737007,"high",43.82147943,"NE","concave.rugged"
"3294","CR07","W","psme","C",4,0,0,0,0,0,0,0,0,0,1,0,24.86,2323.891793,-3.085792169,"concave",24.70558576,11.3737007,"high",43.82147943,"NE","concave.rugged"
"3295","CR07","W","psme","C",5,1,0,1,1,0,0,0,0,0,1,1,24.86,2323.891793,-3.085792169,"concave",24.70558576,11.3737007,"high",43.82147943,"NE","concave.rugged"
"3296","CR07","W","psme","C",6,1,0,1,1,0,0,0,0,0,1,0,24.86,2323.891793,-3.085792169,"concave",24.70558576,11.3737007,"high",43.82147943,"NE","concave.rugged"
"3297","CR07","W","psme","C",7,0,0,0,0,0,0,0,0,0,1,0,24.86,2323.891793,-3.085792169,"concave",24.70558576,11.3737007,"high",43.82147943,"NE","concave.rugged"
"3298","CR07","W","psme","C",8,0,0,0,0,0,0,0,0,0,1,0,24.86,2323.891793,-3.085792169,"concave",24.70558576,11.3737007,"high",43.82147943,"NE","concave.rugged"
"3299","CR07","W","psme","C",9,0,0,0,0,0,0,0,0,0,1,0,24.86,2323.891793,-3.085792169,"concave",24.70558576,11.3737007,"high",43.82147943,"NE","concave.rugged"
"3300","CR07","W","psme","C",10,0,0,0,0,0,0,0,0,0,1,0,24.86,2323.891793,-3.085792169,"concave",24.70558576,11.3737007,"high",43.82147943,"NE","concave.rugged"
"3301","CR07","C","pico","D",1,0,0,0,0,0,0,0,0,0,1,0,24.86,2323.891793,-3.085792169,"concave",24.70558576,11.3737007,"high",43.82147943,"NE","concave.rugged"
"3302","CR07","C","pico","D",2,1,0,1,0,0,0,0,0,0,1,1,24.86,2323.891793,-3.085792169,"concave",24.70558576,11.3737007,"high",43.82147943,"NE","concave.rugged"
"3303","CR07","C","pico","D",3,1,0,1,1,1,0,0,0,0,1,0,24.86,2323.891793,-3.085792169,"concave",24.70558576,11.3737007,"high",43.82147943,"NE","concave.rugged"
"3304","CR07","C","pico","D",4,0,0,0,0,0,0,0,0,0,1,0,24.86,2323.891793,-3.085792169,"concave",24.70558576,11.3737007,"high",43.82147943,"NE","concave.rugged"
"3305","CR07","C","pico","D",5,0,0,0,0,0,0,0,0,0,1,0,24.86,2323.891793,-3.085792169,"concave",24.70558576,11.3737007,"high",43.82147943,"NE","concave.rugged"
"3306","CR07","C","pico","D",6,1,0,1,1,0,0,0,0,0,1,1,24.86,2323.891793,-3.085792169,"concave",24.70558576,11.3737007,"high",43.82147943,"NE","concave.rugged"
"3307","CR07","C","pico","D",7,1,0,1,1,0,0,0,0,0,1,0,24.86,2323.891793,-3.085792169,"concave",24.70558576,11.3737007,"high",43.82147943,"NE","concave.rugged"
"3308","CR07","C","pico","D",8,1,0,1,1,1,0,0,0,0,1,0,24.86,2323.891793,-3.085792169,"concave",24.70558576,11.3737007,"high",43.82147943,"NE","concave.rugged"
"3309","CR07","C","pico","D",9,0,0,0,0,0,0,0,0,0,1,0,24.86,2323.891793,-3.085792169,"concave",24.70558576,11.3737007,"high",43.82147943,"NE","concave.rugged"
"3310","CR07","C","pico","D",10,0,0,0,0,0,0,0,0,0,1,0,24.86,2323.891793,-3.085792169,"concave",24.70558576,11.3737007,"high",43.82147943,"NE","concave.rugged"
"3311","CR07","C","psme","D",1,0,0,0,0,0,0,0,0,0,1,0,24.86,2323.891793,-3.085792169,"concave",24.70558576,11.3737007,"high",43.82147943,"NE","concave.rugged"
"3312","CR07","C","psme","D",2,0,0,0,0,0,0,0,0,0,1,0,24.86,2323.891793,-3.085792169,"concave",24.70558576,11.3737007,"high",43.82147943,"NE","concave.rugged"
"3313","CR07","C","psme","D",3,0,0,0,0,0,0,0,0,0,1,0,24.86,2323.891793,-3.085792169,"concave",24.70558576,11.3737007,"high",43.82147943,"NE","concave.rugged"
"3314","CR07","C","psme","D",4,0,0,0,0,0,0,0,0,0,1,0,24.86,2323.891793,-3.085792169,"concave",24.70558576,11.3737007,"high",43.82147943,"NE","concave.rugged"
"3315","CR07","C","psme","D",5,0,0,0,0,0,0,0,0,0,1,0,24.86,2323.891793,-3.085792169,"concave",24.70558576,11.3737007,"high",43.82147943,"NE","concave.rugged"
"3316","CR07","C","psme","D",6,0,0,0,0,0,0,0,0,0,1,0,24.86,2323.891793,-3.085792169,"concave",24.70558576,11.3737007,"high",43.82147943,"NE","concave.rugged"
"3317","CR07","C","psme","D",7,0,0,0,0,0,0,0,0,0,1,0,24.86,2323.891793,-3.085792169,"concave",24.70558576,11.3737007,"high",43.82147943,"NE","concave.rugged"
"3318","CR07","C","psme","D",8,0,0,0,0,0,0,0,0,0,1,0,24.86,2323.891793,-3.085792169,"concave",24.70558576,11.3737007,"high",43.82147943,"NE","concave.rugged"
"3319","CR07","C","psme","D",9,1,0,1,1,1,0,0,0,0,1,0,24.86,2323.891793,-3.085792169,"concave",24.70558576,11.3737007,"high",43.82147943,"NE","concave.rugged"
"3320","CR07","C","psme","D",10,0,0,0,0,0,0,0,0,0,1,0,24.86,2323.891793,-3.085792169,"concave",24.70558576,11.3737007,"high",43.82147943,"NE","concave.rugged"
"3321","CR07","E","pico","D",1,1,0,1,1,0,0,0,0,0,1,0,24.86,2323.891793,-3.085792169,"concave",24.70558576,11.3737007,"high",43.82147943,"NE","concave.rugged"
"3322","CR07","E","pico","D",2,1,0,1,1,1,0,0,0,0,1,0,24.86,2323.891793,-3.085792169,"concave",24.70558576,11.3737007,"high",43.82147943,"NE","concave.rugged"
"3323","CR07","E","pico","D",3,0,0,0,0,0,0,0,0,0,1,0,24.86,2323.891793,-3.085792169,"concave",24.70558576,11.3737007,"high",43.82147943,"NE","concave.rugged"
"3324","CR07","E","pico","D",4,0,0,0,0,0,0,0,0,0,1,0,24.86,2323.891793,-3.085792169,"concave",24.70558576,11.3737007,"high",43.82147943,"NE","concave.rugged"
"3325","CR07","E","pico","D",5,1,0,1,1,1,0,0,0,0,1,0,24.86,2323.891793,-3.085792169,"concave",24.70558576,11.3737007,"high",43.82147943,"NE","concave.rugged"
"3326","CR07","E","pico","D",6,0,0,0,0,0,0,0,0,0,1,0,24.86,2323.891793,-3.085792169,"concave",24.70558576,11.3737007,"high",43.82147943,"NE","concave.rugged"
"3327","CR07","E","pico","D",7,0,0,0,0,0,0,0,0,0,1,0,24.86,2323.891793,-3.085792169,"concave",24.70558576,11.3737007,"high",43.82147943,"NE","concave.rugged"
"3328","CR07","E","pico","D",8,0,0,0,0,0,0,0,0,0,1,0,24.86,2323.891793,-3.085792169,"concave",24.70558576,11.3737007,"high",43.82147943,"NE","concave.rugged"
"3329","CR07","E","pico","D",9,0,0,0,0,0,0,0,0,0,1,0,24.86,2323.891793,-3.085792169,"concave",24.70558576,11.3737007,"high",43.82147943,"NE","concave.rugged"
"3330","CR07","E","pico","D",10,0,0,0,0,0,0,0,0,0,1,0,24.86,2323.891793,-3.085792169,"concave",24.70558576,11.3737007,"high",43.82147943,"NE","concave.rugged"
"3331","CR07","E","psme","D",1,0,0,0,0,0,0,0,0,0,1,0,24.86,2323.891793,-3.085792169,"concave",24.70558576,11.3737007,"high",43.82147943,"NE","concave.rugged"
"3332","CR07","E","psme","D",2,0,0,0,0,0,0,0,0,0,1,0,24.86,2323.891793,-3.085792169,"concave",24.70558576,11.3737007,"high",43.82147943,"NE","concave.rugged"
"3333","CR07","E","psme","D",3,0,0,0,0,0,0,0,0,0,1,0,24.86,2323.891793,-3.085792169,"concave",24.70558576,11.3737007,"high",43.82147943,"NE","concave.rugged"
"3334","CR07","E","psme","D",4,0,0,0,0,0,0,0,0,0,1,0,24.86,2323.891793,-3.085792169,"concave",24.70558576,11.3737007,"high",43.82147943,"NE","concave.rugged"
"3335","CR07","E","psme","D",5,0,0,0,0,0,0,0,0,0,1,0,24.86,2323.891793,-3.085792169,"concave",24.70558576,11.3737007,"high",43.82147943,"NE","concave.rugged"
"3336","CR07","E","psme","D",6,0,0,0,0,0,0,0,0,0,1,0,24.86,2323.891793,-3.085792169,"concave",24.70558576,11.3737007,"high",43.82147943,"NE","concave.rugged"
"3337","CR07","E","psme","D",7,0,0,0,0,0,0,0,0,0,1,0,24.86,2323.891793,-3.085792169,"concave",24.70558576,11.3737007,"high",43.82147943,"NE","concave.rugged"
"3338","CR07","E","psme","D",8,0,0,0,0,0,0,0,0,0,1,0,24.86,2323.891793,-3.085792169,"concave",24.70558576,11.3737007,"high",43.82147943,"NE","concave.rugged"
"3339","CR07","E","psme","D",9,0,0,0,0,0,0,0,0,0,1,0,24.86,2323.891793,-3.085792169,"concave",24.70558576,11.3737007,"high",43.82147943,"NE","concave.rugged"
"3340","CR07","E","psme","D",10,0,0,0,0,0,0,0,0,0,1,0,24.86,2323.891793,-3.085792169,"concave",24.70558576,11.3737007,"high",43.82147943,"NE","concave.rugged"
"3341","CR07","N","pico","D",1,0,0,0,0,0,0,0,0,0,1,0,24.86,2323.891793,-3.085792169,"concave",24.70558576,11.3737007,"high",43.82147943,"NE","concave.rugged"
"3342","CR07","N","pico","D",2,1,0,1,0,0,0,0,0,0,1,0,24.86,2323.891793,-3.085792169,"concave",24.70558576,11.3737007,"high",43.82147943,"NE","concave.rugged"
"3343","CR07","N","pico","D",3,0,0,0,0,0,0,0,0,0,1,0,24.86,2323.891793,-3.085792169,"concave",24.70558576,11.3737007,"high",43.82147943,"NE","concave.rugged"
"3344","CR07","N","pico","D",4,0,0,0,0,0,0,0,0,0,1,0,24.86,2323.891793,-3.085792169,"concave",24.70558576,11.3737007,"high",43.82147943,"NE","concave.rugged"
"3345","CR07","N","pico","D",5,0,0,0,0,0,0,0,0,0,1,0,24.86,2323.891793,-3.085792169,"concave",24.70558576,11.3737007,"high",43.82147943,"NE","concave.rugged"
"3346","CR07","N","pico","D",6,1,0,1,1,1,0,0,0,0,1,0,24.86,2323.891793,-3.085792169,"concave",24.70558576,11.3737007,"high",43.82147943,"NE","concave.rugged"
"3347","CR07","N","pico","D",7,0,0,0,0,0,0,0,0,0,1,0,24.86,2323.891793,-3.085792169,"concave",24.70558576,11.3737007,"high",43.82147943,"NE","concave.rugged"
"3348","CR07","N","pico","D",8,0,0,0,0,0,0,0,0,0,1,0,24.86,2323.891793,-3.085792169,"concave",24.70558576,11.3737007,"high",43.82147943,"NE","concave.rugged"
"3349","CR07","N","pico","D",9,0,0,0,0,0,0,0,0,0,1,0,24.86,2323.891793,-3.085792169,"concave",24.70558576,11.3737007,"high",43.82147943,"NE","concave.rugged"
"3350","CR07","N","pico","D",10,1,0,1,0,0,0,0,0,0,1,0,24.86,2323.891793,-3.085792169,"concave",24.70558576,11.3737007,"high",43.82147943,"NE","concave.rugged"
"3351","CR07","N","psme","D",1,0,0,0,0,0,0,0,0,0,1,0,24.86,2323.891793,-3.085792169,"concave",24.70558576,11.3737007,"high",43.82147943,"NE","concave.rugged"
"3352","CR07","N","psme","D",2,0,0,0,0,0,0,0,0,0,1,0,24.86,2323.891793,-3.085792169,"concave",24.70558576,11.3737007,"high",43.82147943,"NE","concave.rugged"
"3353","CR07","N","psme","D",3,0,0,0,0,0,0,0,0,0,1,0,24.86,2323.891793,-3.085792169,"concave",24.70558576,11.3737007,"high",43.82147943,"NE","concave.rugged"
"3354","CR07","N","psme","D",4,0,0,0,0,0,0,0,0,0,1,0,24.86,2323.891793,-3.085792169,"concave",24.70558576,11.3737007,"high",43.82147943,"NE","concave.rugged"
"3355","CR07","N","psme","D",5,0,0,0,0,0,0,0,0,0,1,0,24.86,2323.891793,-3.085792169,"concave",24.70558576,11.3737007,"high",43.82147943,"NE","concave.rugged"
"3356","CR07","N","psme","D",6,0,0,0,0,0,0,0,0,0,1,0,24.86,2323.891793,-3.085792169,"concave",24.70558576,11.3737007,"high",43.82147943,"NE","concave.rugged"
"3357","CR07","N","psme","D",7,0,0,0,0,0,0,0,0,0,1,0,24.86,2323.891793,-3.085792169,"concave",24.70558576,11.3737007,"high",43.82147943,"NE","concave.rugged"
"3358","CR07","N","psme","D",8,0,0,0,0,0,0,0,0,0,1,0,24.86,2323.891793,-3.085792169,"concave",24.70558576,11.3737007,"high",43.82147943,"NE","concave.rugged"
"3359","CR07","N","psme","D",9,0,0,0,0,0,0,0,0,0,1,0,24.86,2323.891793,-3.085792169,"concave",24.70558576,11.3737007,"high",43.82147943,"NE","concave.rugged"
"3360","CR07","N","psme","D",10,0,0,0,0,0,0,0,0,0,1,0,24.86,2323.891793,-3.085792169,"concave",24.70558576,11.3737007,"high",43.82147943,"NE","concave.rugged"
"3361","CR07","S","pico","D",1,0,0,0,0,0,0,0,0,0,1,0,24.86,2323.891793,-3.085792169,"concave",24.70558576,11.3737007,"high",43.82147943,"NE","concave.rugged"
"3362","CR07","S","pico","D",2,0,0,0,0,0,0,0,0,0,1,0,24.86,2323.891793,-3.085792169,"concave",24.70558576,11.3737007,"high",43.82147943,"NE","concave.rugged"
"3363","CR07","S","pico","D",3,0,0,0,0,0,0,0,0,0,1,0,24.86,2323.891793,-3.085792169,"concave",24.70558576,11.3737007,"high",43.82147943,"NE","concave.rugged"
"3364","CR07","S","pico","D",4,1,0,1,0,0,0,0,0,0,1,0,24.86,2323.891793,-3.085792169,"concave",24.70558576,11.3737007,"high",43.82147943,"NE","concave.rugged"
"3365","CR07","S","pico","D",5,0,0,0,0,0,0,0,0,0,1,0,24.86,2323.891793,-3.085792169,"concave",24.70558576,11.3737007,"high",43.82147943,"NE","concave.rugged"
"3366","CR07","S","pico","D",6,0,0,0,0,0,0,0,0,0,1,0,24.86,2323.891793,-3.085792169,"concave",24.70558576,11.3737007,"high",43.82147943,"NE","concave.rugged"
"3367","CR07","S","pico","D",7,0,0,0,0,0,0,0,0,0,1,0,24.86,2323.891793,-3.085792169,"concave",24.70558576,11.3737007,"high",43.82147943,"NE","concave.rugged"
"3368","CR07","S","pico","D",8,0,0,0,0,0,0,0,0,0,1,0,24.86,2323.891793,-3.085792169,"concave",24.70558576,11.3737007,"high",43.82147943,"NE","concave.rugged"
"3369","CR07","S","pico","D",9,0,0,0,0,0,0,0,0,0,1,0,24.86,2323.891793,-3.085792169,"concave",24.70558576,11.3737007,"high",43.82147943,"NE","concave.rugged"
"3370","CR07","S","pico","D",10,0,0,0,0,0,0,0,0,0,1,0,24.86,2323.891793,-3.085792169,"concave",24.70558576,11.3737007,"high",43.82147943,"NE","concave.rugged"
"3371","CR07","S","psme","D",1,1,0,1,1,0,0,0,0,0,1,1,24.86,2323.891793,-3.085792169,"concave",24.70558576,11.3737007,"high",43.82147943,"NE","concave.rugged"
"3372","CR07","S","psme","D",2,1,0,1,1,0,0,0,0,0,1,0,24.86,2323.891793,-3.085792169,"concave",24.70558576,11.3737007,"high",43.82147943,"NE","concave.rugged"
"3373","CR07","S","psme","D",3,0,0,0,0,0,0,0,0,0,1,0,24.86,2323.891793,-3.085792169,"concave",24.70558576,11.3737007,"high",43.82147943,"NE","concave.rugged"
"3374","CR07","S","psme","D",4,0,0,0,0,0,0,0,0,0,1,0,24.86,2323.891793,-3.085792169,"concave",24.70558576,11.3737007,"high",43.82147943,"NE","concave.rugged"
"3375","CR07","S","psme","D",5,0,0,0,0,0,0,0,0,0,1,0,24.86,2323.891793,-3.085792169,"concave",24.70558576,11.3737007,"high",43.82147943,"NE","concave.rugged"
"3376","CR07","S","psme","D",6,0,0,0,0,0,0,0,0,0,1,0,24.86,2323.891793,-3.085792169,"concave",24.70558576,11.3737007,"high",43.82147943,"NE","concave.rugged"
"3377","CR07","S","psme","D",7,0,0,0,0,0,0,0,0,0,1,0,24.86,2323.891793,-3.085792169,"concave",24.70558576,11.3737007,"high",43.82147943,"NE","concave.rugged"
"3378","CR07","S","psme","D",8,0,0,0,0,0,0,0,0,0,1,0,24.86,2323.891793,-3.085792169,"concave",24.70558576,11.3737007,"high",43.82147943,"NE","concave.rugged"
"3379","CR07","S","psme","D",9,0,0,0,0,0,0,0,0,0,1,0,24.86,2323.891793,-3.085792169,"concave",24.70558576,11.3737007,"high",43.82147943,"NE","concave.rugged"
"3380","CR07","S","psme","D",10,0,0,0,0,0,0,0,0,0,1,0,24.86,2323.891793,-3.085792169,"concave",24.70558576,11.3737007,"high",43.82147943,"NE","concave.rugged"
"3381","CR07","W","pico","D",1,0,0,0,0,0,0,0,0,0,1,0,24.86,2323.891793,-3.085792169,"concave",24.70558576,11.3737007,"high",43.82147943,"NE","concave.rugged"
"3382","CR07","W","pico","D",2,0,0,0,0,0,0,0,0,0,1,0,24.86,2323.891793,-3.085792169,"concave",24.70558576,11.3737007,"high",43.82147943,"NE","concave.rugged"
"3383","CR07","W","pico","D",3,0,0,0,0,0,0,0,0,0,1,0,24.86,2323.891793,-3.085792169,"concave",24.70558576,11.3737007,"high",43.82147943,"NE","concave.rugged"
"3384","CR07","W","pico","D",4,0,0,0,0,0,0,0,0,0,1,0,24.86,2323.891793,-3.085792169,"concave",24.70558576,11.3737007,"high",43.82147943,"NE","concave.rugged"
"3385","CR07","W","pico","D",5,1,0,1,1,0,0,0,0,0,1,0,24.86,2323.891793,-3.085792169,"concave",24.70558576,11.3737007,"high",43.82147943,"NE","concave.rugged"
"3386","CR07","W","pico","D",6,1,0,1,1,1,0,0,0,0,1,0,24.86,2323.891793,-3.085792169,"concave",24.70558576,11.3737007,"high",43.82147943,"NE","concave.rugged"
"3387","CR07","W","pico","D",7,0,0,0,0,0,0,0,0,0,1,0,24.86,2323.891793,-3.085792169,"concave",24.70558576,11.3737007,"high",43.82147943,"NE","concave.rugged"
"3388","CR07","W","pico","D",8,0,1,1,0,0,0,0,0,0,1,1,24.86,2323.891793,-3.085792169,"concave",24.70558576,11.3737007,"high",43.82147943,"NE","concave.rugged"
"3389","CR07","W","pico","D",9,0,0,0,0,0,0,0,0,0,1,0,24.86,2323.891793,-3.085792169,"concave",24.70558576,11.3737007,"high",43.82147943,"NE","concave.rugged"
"3390","CR07","W","pico","D",10,0,0,0,0,0,0,0,0,0,1,0,24.86,2323.891793,-3.085792169,"concave",24.70558576,11.3737007,"high",43.82147943,"NE","concave.rugged"
"3391","CR07","W","psme","D",1,0,0,0,0,0,0,0,0,0,1,0,24.86,2323.891793,-3.085792169,"concave",24.70558576,11.3737007,"high",43.82147943,"NE","concave.rugged"
"3392","CR07","W","psme","D",2,0,0,0,0,0,0,0,0,0,1,0,24.86,2323.891793,-3.085792169,"concave",24.70558576,11.3737007,"high",43.82147943,"NE","concave.rugged"
"3393","CR07","W","psme","D",3,0,0,0,0,0,0,0,0,0,1,0,24.86,2323.891793,-3.085792169,"concave",24.70558576,11.3737007,"high",43.82147943,"NE","concave.rugged"
"3394","CR07","W","psme","D",4,1,0,1,1,1,0,0,0,0,1,0,24.86,2323.891793,-3.085792169,"concave",24.70558576,11.3737007,"high",43.82147943,"NE","concave.rugged"
"3395","CR07","W","psme","D",5,1,0,1,1,1,0,0,0,0,1,0,24.86,2323.891793,-3.085792169,"concave",24.70558576,11.3737007,"high",43.82147943,"NE","concave.rugged"
"3396","CR07","W","psme","D",6,0,0,0,0,0,0,0,0,0,1,0,24.86,2323.891793,-3.085792169,"concave",24.70558576,11.3737007,"high",43.82147943,"NE","concave.rugged"
"3397","CR07","W","psme","D",7,1,0,1,1,0,0,0,0,0,1,0,24.86,2323.891793,-3.085792169,"concave",24.70558576,11.3737007,"high",43.82147943,"NE","concave.rugged"
"3398","CR07","W","psme","D",8,0,0,0,0,0,0,0,0,0,1,0,24.86,2323.891793,-3.085792169,"concave",24.70558576,11.3737007,"high",43.82147943,"NE","concave.rugged"
"3399","CR07","W","psme","D",9,0,0,0,0,0,0,0,0,0,1,0,24.86,2323.891793,-3.085792169,"concave",24.70558576,11.3737007,"high",43.82147943,"NE","concave.rugged"
"3400","CR07","W","psme","D",10,0,0,0,0,0,0,0,0,0,1,0,24.86,2323.891793,-3.085792169,"concave",24.70558576,11.3737007,"high",43.82147943,"NE","concave.rugged"
"3401","CR07","C","pico","E",1,0,0,0,0,0,0,0,0,0,1,0,24.86,2323.891793,-3.085792169,"concave",24.70558576,11.3737007,"high",43.82147943,"NE","concave.rugged"
"3402","CR07","C","pico","E",2,0,0,0,0,0,0,0,0,0,1,0,24.86,2323.891793,-3.085792169,"concave",24.70558576,11.3737007,"high",43.82147943,"NE","concave.rugged"
"3403","CR07","C","pico","E",3,1,0,1,1,1,0,0,0,0,1,0,24.86,2323.891793,-3.085792169,"concave",24.70558576,11.3737007,"high",43.82147943,"NE","concave.rugged"
"3404","CR07","C","pico","E",4,0,0,0,0,0,0,0,0,0,1,0,24.86,2323.891793,-3.085792169,"concave",24.70558576,11.3737007,"high",43.82147943,"NE","concave.rugged"
"3405","CR07","C","pico","E",5,0,0,0,0,0,0,0,0,0,1,0,24.86,2323.891793,-3.085792169,"concave",24.70558576,11.3737007,"high",43.82147943,"NE","concave.rugged"
"3406","CR07","C","pico","E",6,1,0,1,1,1,0,0,0,0,1,0,24.86,2323.891793,-3.085792169,"concave",24.70558576,11.3737007,"high",43.82147943,"NE","concave.rugged"
"3407","CR07","C","pico","E",7,0,0,0,0,0,0,0,0,0,1,0,24.86,2323.891793,-3.085792169,"concave",24.70558576,11.3737007,"high",43.82147943,"NE","concave.rugged"
"3408","CR07","C","pico","E",8,1,0,1,1,0,0,0,0,0,1,1,24.86,2323.891793,-3.085792169,"concave",24.70558576,11.3737007,"high",43.82147943,"NE","concave.rugged"
"3409","CR07","C","pico","E",9,0,0,0,0,0,0,0,0,0,1,0,24.86,2323.891793,-3.085792169,"concave",24.70558576,11.3737007,"high",43.82147943,"NE","concave.rugged"
"3410","CR07","C","pico","E",10,0,0,0,0,0,0,0,0,0,1,0,24.86,2323.891793,-3.085792169,"concave",24.70558576,11.3737007,"high",43.82147943,"NE","concave.rugged"
"3411","CR07","C","psme","E",1,0,0,0,0,0,0,0,0,0,1,0,24.86,2323.891793,-3.085792169,"concave",24.70558576,11.3737007,"high",43.82147943,"NE","concave.rugged"
"3412","CR07","C","psme","E",2,0,0,0,0,0,0,0,0,0,1,0,24.86,2323.891793,-3.085792169,"concave",24.70558576,11.3737007,"high",43.82147943,"NE","concave.rugged"
"3413","CR07","C","psme","E",3,1,0,1,1,0,0,0,0,0,1,0,24.86,2323.891793,-3.085792169,"concave",24.70558576,11.3737007,"high",43.82147943,"NE","concave.rugged"
"3414","CR07","C","psme","E",4,1,0,1,1,0,0,0,0,0,1,1,24.86,2323.891793,-3.085792169,"concave",24.70558576,11.3737007,"high",43.82147943,"NE","concave.rugged"
"3415","CR07","C","psme","E",5,0,0,0,0,0,0,0,0,0,1,0,24.86,2323.891793,-3.085792169,"concave",24.70558576,11.3737007,"high",43.82147943,"NE","concave.rugged"
"3416","CR07","C","psme","E",6,1,0,1,1,0,0,0,0,0,1,1,24.86,2323.891793,-3.085792169,"concave",24.70558576,11.3737007,"high",43.82147943,"NE","concave.rugged"
"3417","CR07","C","psme","E",7,0,0,0,0,0,0,0,0,0,1,0,24.86,2323.891793,-3.085792169,"concave",24.70558576,11.3737007,"high",43.82147943,"NE","concave.rugged"
"3418","CR07","C","psme","E",8,0,0,0,0,0,0,0,0,0,1,0,24.86,2323.891793,-3.085792169,"concave",24.70558576,11.3737007,"high",43.82147943,"NE","concave.rugged"
"3419","CR07","C","psme","E",9,0,0,0,0,0,0,0,0,0,1,0,24.86,2323.891793,-3.085792169,"concave",24.70558576,11.3737007,"high",43.82147943,"NE","concave.rugged"
"3420","CR07","C","psme","E",10,0,0,0,0,0,0,0,0,0,1,0,24.86,2323.891793,-3.085792169,"concave",24.70558576,11.3737007,"high",43.82147943,"NE","concave.rugged"
"3421","CR07","E","pico","E",1,1,0,1,1,0,0,0,0,0,1,0,24.86,2323.891793,-3.085792169,"concave",24.70558576,11.3737007,"high",43.82147943,"NE","concave.rugged"
"3422","CR07","E","pico","E",2,0,0,0,0,0,0,0,0,0,1,0,24.86,2323.891793,-3.085792169,"concave",24.70558576,11.3737007,"high",43.82147943,"NE","concave.rugged"
"3423","CR07","E","pico","E",3,0,0,0,0,0,0,0,0,0,1,0,24.86,2323.891793,-3.085792169,"concave",24.70558576,11.3737007,"high",43.82147943,"NE","concave.rugged"
"3424","CR07","E","pico","E",4,0,0,0,0,0,0,0,0,0,1,0,24.86,2323.891793,-3.085792169,"concave",24.70558576,11.3737007,"high",43.82147943,"NE","concave.rugged"
"3425","CR07","E","pico","E",5,0,0,0,0,0,0,0,0,0,1,0,24.86,2323.891793,-3.085792169,"concave",24.70558576,11.3737007,"high",43.82147943,"NE","concave.rugged"
"3426","CR07","E","pico","E",6,0,0,0,0,0,0,0,0,0,1,0,24.86,2323.891793,-3.085792169,"concave",24.70558576,11.3737007,"high",43.82147943,"NE","concave.rugged"
"3427","CR07","E","pico","E",7,0,0,0,0,0,0,0,0,0,1,0,24.86,2323.891793,-3.085792169,"concave",24.70558576,11.3737007,"high",43.82147943,"NE","concave.rugged"
"3428","CR07","E","pico","E",8,0,0,0,0,0,0,0,0,0,1,0,24.86,2323.891793,-3.085792169,"concave",24.70558576,11.3737007,"high",43.82147943,"NE","concave.rugged"
"3429","CR07","E","pico","E",9,0,0,0,0,0,0,0,0,0,1,0,24.86,2323.891793,-3.085792169,"concave",24.70558576,11.3737007,"high",43.82147943,"NE","concave.rugged"
"3430","CR07","E","pico","E",10,0,0,0,0,0,0,0,0,0,1,0,24.86,2323.891793,-3.085792169,"concave",24.70558576,11.3737007,"high",43.82147943,"NE","concave.rugged"
"3431","CR07","E","psme","E",1,0,0,0,0,0,0,0,0,0,1,0,24.86,2323.891793,-3.085792169,"concave",24.70558576,11.3737007,"high",43.82147943,"NE","concave.rugged"
"3432","CR07","E","psme","E",2,0,0,0,0,0,0,0,0,0,1,0,24.86,2323.891793,-3.085792169,"concave",24.70558576,11.3737007,"high",43.82147943,"NE","concave.rugged"
"3433","CR07","E","psme","E",3,0,0,0,0,0,0,0,0,0,1,0,24.86,2323.891793,-3.085792169,"concave",24.70558576,11.3737007,"high",43.82147943,"NE","concave.rugged"
"3434","CR07","E","psme","E",4,0,0,0,0,0,0,0,0,0,1,0,24.86,2323.891793,-3.085792169,"concave",24.70558576,11.3737007,"high",43.82147943,"NE","concave.rugged"
"3435","CR07","E","psme","E",5,0,0,0,0,0,0,0,0,0,1,0,24.86,2323.891793,-3.085792169,"concave",24.70558576,11.3737007,"high",43.82147943,"NE","concave.rugged"
"3436","CR07","E","psme","E",6,0,0,0,0,0,0,0,0,0,1,0,24.86,2323.891793,-3.085792169,"concave",24.70558576,11.3737007,"high",43.82147943,"NE","concave.rugged"
"3437","CR07","E","psme","E",7,0,0,0,0,0,0,0,0,0,1,0,24.86,2323.891793,-3.085792169,"concave",24.70558576,11.3737007,"high",43.82147943,"NE","concave.rugged"
"3438","CR07","E","psme","E",8,0,0,0,0,0,0,0,0,0,1,0,24.86,2323.891793,-3.085792169,"concave",24.70558576,11.3737007,"high",43.82147943,"NE","concave.rugged"
"3439","CR07","E","psme","E",9,0,0,0,0,0,0,0,0,0,1,0,24.86,2323.891793,-3.085792169,"concave",24.70558576,11.3737007,"high",43.82147943,"NE","concave.rugged"
"3440","CR07","E","psme","E",10,0,0,0,0,0,0,0,0,0,1,0,24.86,2323.891793,-3.085792169,"concave",24.70558576,11.3737007,"high",43.82147943,"NE","concave.rugged"
"3441","CR07","N","pico","E",1,0,0,0,0,0,0,0,0,0,1,0,24.86,2323.891793,-3.085792169,"concave",24.70558576,11.3737007,"high",43.82147943,"NE","concave.rugged"
"3442","CR07","N","pico","E",2,0,0,0,0,0,0,0,0,0,1,0,24.86,2323.891793,-3.085792169,"concave",24.70558576,11.3737007,"high",43.82147943,"NE","concave.rugged"
"3443","CR07","N","pico","E",3,0,0,0,0,0,0,0,0,0,1,0,24.86,2323.891793,-3.085792169,"concave",24.70558576,11.3737007,"high",43.82147943,"NE","concave.rugged"
"3444","CR07","N","pico","E",4,0,0,0,0,0,0,0,0,0,1,0,24.86,2323.891793,-3.085792169,"concave",24.70558576,11.3737007,"high",43.82147943,"NE","concave.rugged"
"3445","CR07","N","pico","E",5,0,0,0,0,0,0,0,0,0,1,0,24.86,2323.891793,-3.085792169,"concave",24.70558576,11.3737007,"high",43.82147943,"NE","concave.rugged"
"3446","CR07","N","pico","E",6,0,0,0,0,0,0,0,0,0,1,0,24.86,2323.891793,-3.085792169,"concave",24.70558576,11.3737007,"high",43.82147943,"NE","concave.rugged"
"3447","CR07","N","pico","E",7,0,0,0,0,0,0,0,0,0,1,0,24.86,2323.891793,-3.085792169,"concave",24.70558576,11.3737007,"high",43.82147943,"NE","concave.rugged"
"3448","CR07","N","pico","E",8,0,0,0,0,0,0,0,0,0,1,0,24.86,2323.891793,-3.085792169,"concave",24.70558576,11.3737007,"high",43.82147943,"NE","concave.rugged"
"3449","CR07","N","pico","E",9,0,0,0,0,0,0,0,0,0,1,0,24.86,2323.891793,-3.085792169,"concave",24.70558576,11.3737007,"high",43.82147943,"NE","concave.rugged"
"3450","CR07","N","pico","E",10,0,0,0,0,0,0,0,0,0,1,0,24.86,2323.891793,-3.085792169,"concave",24.70558576,11.3737007,"high",43.82147943,"NE","concave.rugged"
"3451","CR07","N","psme","E",1,0,0,0,0,0,0,1,0,1,0,0,24.86,2323.891793,-3.085792169,"concave",24.70558576,11.3737007,"high",43.82147943,"NE","concave.rugged"
"3452","CR07","N","psme","E",2,0,0,0,0,0,0,0,0,0,1,0,24.86,2323.891793,-3.085792169,"concave",24.70558576,11.3737007,"high",43.82147943,"NE","concave.rugged"
"3453","CR07","N","psme","E",3,0,0,0,0,0,0,0,0,0,1,0,24.86,2323.891793,-3.085792169,"concave",24.70558576,11.3737007,"high",43.82147943,"NE","concave.rugged"
"3454","CR07","N","psme","E",4,0,0,0,0,0,0,0,0,0,1,0,24.86,2323.891793,-3.085792169,"concave",24.70558576,11.3737007,"high",43.82147943,"NE","concave.rugged"
"3455","CR07","N","psme","E",5,0,0,0,0,0,0,0,0,0,1,0,24.86,2323.891793,-3.085792169,"concave",24.70558576,11.3737007,"high",43.82147943,"NE","concave.rugged"
"3456","CR07","N","psme","E",6,0,0,0,0,0,0,0,0,0,1,0,24.86,2323.891793,-3.085792169,"concave",24.70558576,11.3737007,"high",43.82147943,"NE","concave.rugged"
"3457","CR07","N","psme","E",7,0,0,0,0,0,0,0,0,0,1,0,24.86,2323.891793,-3.085792169,"concave",24.70558576,11.3737007,"high",43.82147943,"NE","concave.rugged"
"3458","CR07","N","psme","E",8,0,0,0,0,0,0,0,0,0,1,0,24.86,2323.891793,-3.085792169,"concave",24.70558576,11.3737007,"high",43.82147943,"NE","concave.rugged"
"3459","CR07","N","psme","E",9,0,0,0,0,0,0,0,0,0,1,0,24.86,2323.891793,-3.085792169,"concave",24.70558576,11.3737007,"high",43.82147943,"NE","concave.rugged"
"3460","CR07","N","psme","E",10,0,0,0,0,0,0,0,0,0,1,0,24.86,2323.891793,-3.085792169,"concave",24.70558576,11.3737007,"high",43.82147943,"NE","concave.rugged"
"3461","CR07","S","pico","E",1,0,0,0,0,0,0,0,0,0,1,0,24.86,2323.891793,-3.085792169,"concave",24.70558576,11.3737007,"high",43.82147943,"NE","concave.rugged"
"3462","CR07","S","pico","E",2,0,0,0,0,0,0,0,0,0,1,0,24.86,2323.891793,-3.085792169,"concave",24.70558576,11.3737007,"high",43.82147943,"NE","concave.rugged"
"3463","CR07","S","pico","E",3,0,0,0,0,0,0,0,0,0,1,0,24.86,2323.891793,-3.085792169,"concave",24.70558576,11.3737007,"high",43.82147943,"NE","concave.rugged"
"3464","CR07","S","pico","E",4,1,0,1,1,0,0,0,0,0,1,0,24.86,2323.891793,-3.085792169,"concave",24.70558576,11.3737007,"high",43.82147943,"NE","concave.rugged"
"3465","CR07","S","pico","E",5,1,0,1,0,0,0,0,0,0,1,0,24.86,2323.891793,-3.085792169,"concave",24.70558576,11.3737007,"high",43.82147943,"NE","concave.rugged"
"3466","CR07","S","pico","E",6,0,0,0,0,0,0,0,0,0,1,0,24.86,2323.891793,-3.085792169,"concave",24.70558576,11.3737007,"high",43.82147943,"NE","concave.rugged"
"3467","CR07","S","pico","E",7,0,0,0,0,0,0,0,0,0,1,0,24.86,2323.891793,-3.085792169,"concave",24.70558576,11.3737007,"high",43.82147943,"NE","concave.rugged"
"3468","CR07","S","pico","E",8,0,0,0,0,0,0,0,0,0,1,0,24.86,2323.891793,-3.085792169,"concave",24.70558576,11.3737007,"high",43.82147943,"NE","concave.rugged"
"3469","CR07","S","pico","E",9,0,0,0,0,0,0,0,0,0,1,0,24.86,2323.891793,-3.085792169,"concave",24.70558576,11.3737007,"high",43.82147943,"NE","concave.rugged"
"3470","CR07","S","pico","E",10,0,0,0,0,0,0,0,0,0,1,0,24.86,2323.891793,-3.085792169,"concave",24.70558576,11.3737007,"high",43.82147943,"NE","concave.rugged"
"3471","CR07","S","psme","E",1,0,0,0,0,0,0,0,0,0,1,0,24.86,2323.891793,-3.085792169,"concave",24.70558576,11.3737007,"high",43.82147943,"NE","concave.rugged"
"3472","CR07","S","psme","E",2,0,0,0,0,0,0,0,0,0,1,0,24.86,2323.891793,-3.085792169,"concave",24.70558576,11.3737007,"high",43.82147943,"NE","concave.rugged"
"3473","CR07","S","psme","E",3,0,0,0,0,0,0,0,0,0,1,0,24.86,2323.891793,-3.085792169,"concave",24.70558576,11.3737007,"high",43.82147943,"NE","concave.rugged"
"3474","CR07","S","psme","E",4,0,0,0,0,0,0,0,0,0,1,0,24.86,2323.891793,-3.085792169,"concave",24.70558576,11.3737007,"high",43.82147943,"NE","concave.rugged"
"3475","CR07","S","psme","E",5,0,0,0,0,0,0,0,0,0,1,0,24.86,2323.891793,-3.085792169,"concave",24.70558576,11.3737007,"high",43.82147943,"NE","concave.rugged"
"3476","CR07","S","psme","E",6,0,0,0,0,0,0,0,0,0,1,0,24.86,2323.891793,-3.085792169,"concave",24.70558576,11.3737007,"high",43.82147943,"NE","concave.rugged"
"3477","CR07","S","psme","E",7,0,0,0,0,0,0,0,0,0,1,0,24.86,2323.891793,-3.085792169,"concave",24.70558576,11.3737007,"high",43.82147943,"NE","concave.rugged"
"3478","CR07","S","psme","E",8,0,0,0,0,0,0,0,0,0,1,0,24.86,2323.891793,-3.085792169,"concave",24.70558576,11.3737007,"high",43.82147943,"NE","concave.rugged"
"3479","CR07","S","psme","E",9,0,0,0,0,0,0,0,0,0,1,0,24.86,2323.891793,-3.085792169,"concave",24.70558576,11.3737007,"high",43.82147943,"NE","concave.rugged"
"3480","CR07","S","psme","E",10,0,0,0,0,0,0,0,0,0,1,0,24.86,2323.891793,-3.085792169,"concave",24.70558576,11.3737007,"high",43.82147943,"NE","concave.rugged"
"3481","CR07","W","pico","E",1,1,0,1,1,0,0,0,0,0,1,1,24.86,2323.891793,-3.085792169,"concave",24.70558576,11.3737007,"high",43.82147943,"NE","concave.rugged"
"3482","CR07","W","pico","E",2,1,0,1,0,0,0,0,0,0,1,0,24.86,2323.891793,-3.085792169,"concave",24.70558576,11.3737007,"high",43.82147943,"NE","concave.rugged"
"3483","CR07","W","pico","E",3,0,0,0,0,0,0,0,0,0,1,0,24.86,2323.891793,-3.085792169,"concave",24.70558576,11.3737007,"high",43.82147943,"NE","concave.rugged"
"3484","CR07","W","pico","E",4,0,0,0,0,0,0,0,0,0,1,0,24.86,2323.891793,-3.085792169,"concave",24.70558576,11.3737007,"high",43.82147943,"NE","concave.rugged"
"3485","CR07","W","pico","E",5,0,0,0,0,0,0,0,0,0,1,0,24.86,2323.891793,-3.085792169,"concave",24.70558576,11.3737007,"high",43.82147943,"NE","concave.rugged"
"3486","CR07","W","pico","E",6,0,0,0,0,0,0,0,0,0,1,0,24.86,2323.891793,-3.085792169,"concave",24.70558576,11.3737007,"high",43.82147943,"NE","concave.rugged"
"3487","CR07","W","pico","E",7,0,0,0,0,0,0,0,0,0,1,0,24.86,2323.891793,-3.085792169,"concave",24.70558576,11.3737007,"high",43.82147943,"NE","concave.rugged"
"3488","CR07","W","pico","E",8,1,0,1,1,0,0,0,0,0,1,0,24.86,2323.891793,-3.085792169,"concave",24.70558576,11.3737007,"high",43.82147943,"NE","concave.rugged"
"3489","CR07","W","pico","E",9,0,0,0,0,0,0,0,0,0,1,0,24.86,2323.891793,-3.085792169,"concave",24.70558576,11.3737007,"high",43.82147943,"NE","concave.rugged"
"3490","CR07","W","pico","E",10,0,0,0,0,0,0,0,0,0,1,0,24.86,2323.891793,-3.085792169,"concave",24.70558576,11.3737007,"high",43.82147943,"NE","concave.rugged"
"3491","CR07","W","psme","E",1,0,0,0,0,0,0,0,0,0,1,0,24.86,2323.891793,-3.085792169,"concave",24.70558576,11.3737007,"high",43.82147943,"NE","concave.rugged"
"3492","CR07","W","psme","E",2,1,0,1,1,1,0,0,0,0,1,0,24.86,2323.891793,-3.085792169,"concave",24.70558576,11.3737007,"high",43.82147943,"NE","concave.rugged"
"3493","CR07","W","psme","E",3,1,0,1,1,0,0,0,0,0,1,0,24.86,2323.891793,-3.085792169,"concave",24.70558576,11.3737007,"high",43.82147943,"NE","concave.rugged"
"3494","CR07","W","psme","E",4,0,0,0,0,0,0,0,0,0,1,0,24.86,2323.891793,-3.085792169,"concave",24.70558576,11.3737007,"high",43.82147943,"NE","concave.rugged"
"3495","CR07","W","psme","E",5,0,0,0,0,0,0,0,0,0,1,0,24.86,2323.891793,-3.085792169,"concave",24.70558576,11.3737007,"high",43.82147943,"NE","concave.rugged"
"3496","CR07","W","psme","E",6,0,0,0,0,0,0,0,0,0,1,0,24.86,2323.891793,-3.085792169,"concave",24.70558576,11.3737007,"high",43.82147943,"NE","concave.rugged"
"3497","CR07","W","psme","E",7,0,0,0,0,0,0,0,0,0,1,0,24.86,2323.891793,-3.085792169,"concave",24.70558576,11.3737007,"high",43.82147943,"NE","concave.rugged"
"3498","CR07","W","psme","E",8,0,0,0,0,0,0,0,0,0,1,0,24.86,2323.891793,-3.085792169,"concave",24.70558576,11.3737007,"high",43.82147943,"NE","concave.rugged"
"3499","CR07","W","psme","E",9,0,0,0,0,0,0,0,0,0,1,0,24.86,2323.891793,-3.085792169,"concave",24.70558576,11.3737007,"high",43.82147943,"NE","concave.rugged"
"3500","CR07","W","psme","E",10,0,0,0,0,0,0,0,0,0,1,0,24.86,2323.891793,-3.085792169,"concave",24.70558576,11.3737007,"high",43.82147943,"NE","concave.rugged"
"3501","CR08","C","pico","A",1,0,0,0,0,0,0,1,0,1,0,0,38.12,2304.43609,-4.881052043,"concave",30.54764904,14.21430678,"high",256.741305,"W","concave.rugged"
"3502","CR08","C","pico","A",2,0,0,0,0,0,0,1,0,1,0,0,38.12,2304.43609,-4.881052043,"concave",30.54764904,14.21430678,"high",256.741305,"W","concave.rugged"
"3503","CR08","C","pico","A",3,0,0,0,0,0,0,1,1,1,0,0,38.12,2304.43609,-4.881052043,"concave",30.54764904,14.21430678,"high",256.741305,"W","concave.rugged"
"3504","CR08","C","pico","A",4,0,0,0,0,0,0,1,1,1,0,0,38.12,2304.43609,-4.881052043,"concave",30.54764904,14.21430678,"high",256.741305,"W","concave.rugged"
"3505","CR08","C","pico","A",5,0,0,0,0,0,0,1,1,1,0,0,38.12,2304.43609,-4.881052043,"concave",30.54764904,14.21430678,"high",256.741305,"W","concave.rugged"
"3506","CR08","C","pico","A",6,0,0,0,0,0,0,0,1,1,0,0,38.12,2304.43609,-4.881052043,"concave",30.54764904,14.21430678,"high",256.741305,"W","concave.rugged"
"3507","CR08","C","pico","A",7,0,0,0,0,0,0,1,1,1,0,0,38.12,2304.43609,-4.881052043,"concave",30.54764904,14.21430678,"high",256.741305,"W","concave.rugged"
"3508","CR08","C","pico","A",8,0,0,0,0,0,0,1,1,1,0,0,38.12,2304.43609,-4.881052043,"concave",30.54764904,14.21430678,"high",256.741305,"W","concave.rugged"
"3509","CR08","C","pico","A",9,0,0,0,0,0,0,1,1,1,0,0,38.12,2304.43609,-4.881052043,"concave",30.54764904,14.21430678,"high",256.741305,"W","concave.rugged"
"3510","CR08","C","pico","A",10,0,0,0,0,0,0,1,1,1,0,0,38.12,2304.43609,-4.881052043,"concave",30.54764904,14.21430678,"high",256.741305,"W","concave.rugged"
"3511","CR08","C","psme","A",1,0,0,0,0,0,0,1,1,1,0,0,38.12,2304.43609,-4.881052043,"concave",30.54764904,14.21430678,"high",256.741305,"W","concave.rugged"
"3512","CR08","C","psme","A",2,0,0,0,0,0,0,1,1,1,0,0,38.12,2304.43609,-4.881052043,"concave",30.54764904,14.21430678,"high",256.741305,"W","concave.rugged"
"3513","CR08","C","psme","A",3,0,0,0,0,0,0,1,1,1,0,0,38.12,2304.43609,-4.881052043,"concave",30.54764904,14.21430678,"high",256.741305,"W","concave.rugged"
"3514","CR08","C","psme","A",4,0,0,0,0,0,0,1,1,1,0,0,38.12,2304.43609,-4.881052043,"concave",30.54764904,14.21430678,"high",256.741305,"W","concave.rugged"
"3515","CR08","C","psme","A",5,0,0,0,0,0,0,1,1,1,0,0,38.12,2304.43609,-4.881052043,"concave",30.54764904,14.21430678,"high",256.741305,"W","concave.rugged"
"3516","CR08","C","psme","A",6,0,0,0,0,0,0,1,1,1,0,0,38.12,2304.43609,-4.881052043,"concave",30.54764904,14.21430678,"high",256.741305,"W","concave.rugged"
"3517","CR08","C","psme","A",7,0,0,0,0,0,0,1,1,1,0,0,38.12,2304.43609,-4.881052043,"concave",30.54764904,14.21430678,"high",256.741305,"W","concave.rugged"
"3518","CR08","C","psme","A",8,0,0,0,0,0,0,1,1,1,0,0,38.12,2304.43609,-4.881052043,"concave",30.54764904,14.21430678,"high",256.741305,"W","concave.rugged"
"3519","CR08","C","psme","A",9,0,0,0,0,0,0,1,1,1,0,0,38.12,2304.43609,-4.881052043,"concave",30.54764904,14.21430678,"high",256.741305,"W","concave.rugged"
"3520","CR08","C","psme","A",10,0,0,0,0,0,0,1,1,1,0,0,38.12,2304.43609,-4.881052043,"concave",30.54764904,14.21430678,"high",256.741305,"W","concave.rugged"
"3521","CR08","E","pico","A",1,0,0,0,0,0,0,0,0,0,1,0,38.12,2304.43609,-4.881052043,"concave",30.54764904,14.21430678,"high",256.741305,"W","concave.rugged"
"3522","CR08","E","pico","A",2,0,0,0,0,0,0,0,0,0,1,0,38.12,2304.43609,-4.881052043,"concave",30.54764904,14.21430678,"high",256.741305,"W","concave.rugged"
"3523","CR08","E","pico","A",3,0,0,0,0,0,0,0,0,0,1,0,38.12,2304.43609,-4.881052043,"concave",30.54764904,14.21430678,"high",256.741305,"W","concave.rugged"
"3524","CR08","E","pico","A",4,0,0,0,0,0,0,0,0,0,1,0,38.12,2304.43609,-4.881052043,"concave",30.54764904,14.21430678,"high",256.741305,"W","concave.rugged"
"3525","CR08","E","pico","A",5,0,0,0,0,0,0,0,0,0,1,0,38.12,2304.43609,-4.881052043,"concave",30.54764904,14.21430678,"high",256.741305,"W","concave.rugged"
"3526","CR08","E","pico","A",6,1,0,1,1,0,0,0,0,0,1,0,38.12,2304.43609,-4.881052043,"concave",30.54764904,14.21430678,"high",256.741305,"W","concave.rugged"
"3527","CR08","E","pico","A",7,0,0,0,0,0,0,0,0,0,1,0,38.12,2304.43609,-4.881052043,"concave",30.54764904,14.21430678,"high",256.741305,"W","concave.rugged"
"3528","CR08","E","pico","A",8,0,0,0,0,0,0,0,0,0,1,0,38.12,2304.43609,-4.881052043,"concave",30.54764904,14.21430678,"high",256.741305,"W","concave.rugged"
"3529","CR08","E","pico","A",9,0,0,0,0,0,0,0,0,0,1,0,38.12,2304.43609,-4.881052043,"concave",30.54764904,14.21430678,"high",256.741305,"W","concave.rugged"
"3530","CR08","E","pico","A",10,0,0,0,0,0,0,0,0,0,1,0,38.12,2304.43609,-4.881052043,"concave",30.54764904,14.21430678,"high",256.741305,"W","concave.rugged"
"3531","CR08","E","psme","A",1,0,0,0,0,0,0,1,0,1,0,0,38.12,2304.43609,-4.881052043,"concave",30.54764904,14.21430678,"high",256.741305,"W","concave.rugged"
"3532","CR08","E","psme","A",2,0,0,0,0,0,0,1,0,1,0,0,38.12,2304.43609,-4.881052043,"concave",30.54764904,14.21430678,"high",256.741305,"W","concave.rugged"
"3533","CR08","E","psme","A",3,0,0,0,0,0,0,1,0,1,0,0,38.12,2304.43609,-4.881052043,"concave",30.54764904,14.21430678,"high",256.741305,"W","concave.rugged"
"3534","CR08","E","psme","A",4,0,0,0,0,0,0,1,0,1,0,0,38.12,2304.43609,-4.881052043,"concave",30.54764904,14.21430678,"high",256.741305,"W","concave.rugged"
"3535","CR08","E","psme","A",5,0,0,0,0,0,0,1,0,1,0,0,38.12,2304.43609,-4.881052043,"concave",30.54764904,14.21430678,"high",256.741305,"W","concave.rugged"
"3536","CR08","E","psme","A",6,0,0,0,0,0,0,1,0,1,0,0,38.12,2304.43609,-4.881052043,"concave",30.54764904,14.21430678,"high",256.741305,"W","concave.rugged"
"3537","CR08","E","psme","A",7,0,0,0,0,0,0,1,0,1,0,0,38.12,2304.43609,-4.881052043,"concave",30.54764904,14.21430678,"high",256.741305,"W","concave.rugged"
"3538","CR08","E","psme","A",8,0,0,0,0,0,0,1,0,1,0,0,38.12,2304.43609,-4.881052043,"concave",30.54764904,14.21430678,"high",256.741305,"W","concave.rugged"
"3539","CR08","E","psme","A",9,0,0,0,0,0,0,1,0,1,0,0,38.12,2304.43609,-4.881052043,"concave",30.54764904,14.21430678,"high",256.741305,"W","concave.rugged"
"3540","CR08","E","psme","A",10,0,0,0,0,0,0,1,0,1,0,0,38.12,2304.43609,-4.881052043,"concave",30.54764904,14.21430678,"high",256.741305,"W","concave.rugged"
"3541","CR08","N","pico","A",1,0,0,0,0,0,0,0,0,0,1,0,38.12,2304.43609,-4.881052043,"concave",30.54764904,14.21430678,"high",256.741305,"W","concave.rugged"
"3542","CR08","N","pico","A",2,0,0,0,0,0,0,0,0,0,1,0,38.12,2304.43609,-4.881052043,"concave",30.54764904,14.21430678,"high",256.741305,"W","concave.rugged"
"3543","CR08","N","pico","A",3,0,0,0,0,0,0,0,1,1,0,0,38.12,2304.43609,-4.881052043,"concave",30.54764904,14.21430678,"high",256.741305,"W","concave.rugged"
"3544","CR08","N","pico","A",4,0,0,0,0,0,0,0,1,1,0,0,38.12,2304.43609,-4.881052043,"concave",30.54764904,14.21430678,"high",256.741305,"W","concave.rugged"
"3545","CR08","N","pico","A",5,0,0,0,0,0,0,0,1,1,0,0,38.12,2304.43609,-4.881052043,"concave",30.54764904,14.21430678,"high",256.741305,"W","concave.rugged"
"3546","CR08","N","pico","A",6,0,0,0,0,0,0,0,0,0,1,0,38.12,2304.43609,-4.881052043,"concave",30.54764904,14.21430678,"high",256.741305,"W","concave.rugged"
"3547","CR08","N","pico","A",7,0,0,0,0,0,0,0,0,0,1,0,38.12,2304.43609,-4.881052043,"concave",30.54764904,14.21430678,"high",256.741305,"W","concave.rugged"
"3548","CR08","N","pico","A",8,0,0,0,0,0,0,0,0,0,1,0,38.12,2304.43609,-4.881052043,"concave",30.54764904,14.21430678,"high",256.741305,"W","concave.rugged"
"3549","CR08","N","pico","A",9,0,0,0,0,0,0,0,0,0,1,0,38.12,2304.43609,-4.881052043,"concave",30.54764904,14.21430678,"high",256.741305,"W","concave.rugged"
"3550","CR08","N","pico","A",10,0,0,0,0,0,0,0,0,0,1,0,38.12,2304.43609,-4.881052043,"concave",30.54764904,14.21430678,"high",256.741305,"W","concave.rugged"
"3551","CR08","N","psme","A",1,0,0,0,0,0,0,0,0,0,1,0,38.12,2304.43609,-4.881052043,"concave",30.54764904,14.21430678,"high",256.741305,"W","concave.rugged"
"3552","CR08","N","psme","A",2,0,0,0,0,0,0,0,0,0,1,0,38.12,2304.43609,-4.881052043,"concave",30.54764904,14.21430678,"high",256.741305,"W","concave.rugged"
"3553","CR08","N","psme","A",3,0,0,0,0,0,0,0,0,0,1,0,38.12,2304.43609,-4.881052043,"concave",30.54764904,14.21430678,"high",256.741305,"W","concave.rugged"
"3554","CR08","N","psme","A",4,0,0,0,0,0,0,0,0,0,1,0,38.12,2304.43609,-4.881052043,"concave",30.54764904,14.21430678,"high",256.741305,"W","concave.rugged"
"3555","CR08","N","psme","A",5,0,0,0,0,0,0,0,0,0,1,0,38.12,2304.43609,-4.881052043,"concave",30.54764904,14.21430678,"high",256.741305,"W","concave.rugged"
"3556","CR08","N","psme","A",6,0,0,0,0,0,0,0,0,0,1,0,38.12,2304.43609,-4.881052043,"concave",30.54764904,14.21430678,"high",256.741305,"W","concave.rugged"
"3557","CR08","N","psme","A",7,0,0,0,0,0,0,0,0,0,1,0,38.12,2304.43609,-4.881052043,"concave",30.54764904,14.21430678,"high",256.741305,"W","concave.rugged"
"3558","CR08","N","psme","A",8,0,0,0,0,0,0,1,0,1,0,0,38.12,2304.43609,-4.881052043,"concave",30.54764904,14.21430678,"high",256.741305,"W","concave.rugged"
"3559","CR08","N","psme","A",9,0,0,0,0,0,0,1,1,1,0,0,38.12,2304.43609,-4.881052043,"concave",30.54764904,14.21430678,"high",256.741305,"W","concave.rugged"
"3560","CR08","N","psme","A",10,0,0,0,0,0,0,1,0,1,0,0,38.12,2304.43609,-4.881052043,"concave",30.54764904,14.21430678,"high",256.741305,"W","concave.rugged"
"3561","CR08","S","pico","A",1,0,0,0,0,0,0,0,0,0,1,0,38.12,2304.43609,-4.881052043,"concave",30.54764904,14.21430678,"high",256.741305,"W","concave.rugged"
"3562","CR08","S","pico","A",2,0,0,0,0,0,0,0,0,0,1,0,38.12,2304.43609,-4.881052043,"concave",30.54764904,14.21430678,"high",256.741305,"W","concave.rugged"
"3563","CR08","S","pico","A",3,0,0,0,0,0,0,0,0,0,1,0,38.12,2304.43609,-4.881052043,"concave",30.54764904,14.21430678,"high",256.741305,"W","concave.rugged"
"3564","CR08","S","pico","A",4,0,0,0,0,0,0,0,1,1,0,0,38.12,2304.43609,-4.881052043,"concave",30.54764904,14.21430678,"high",256.741305,"W","concave.rugged"
"3565","CR08","S","pico","A",5,0,0,0,0,0,0,0,1,1,0,0,38.12,2304.43609,-4.881052043,"concave",30.54764904,14.21430678,"high",256.741305,"W","concave.rugged"
"3566","CR08","S","pico","A",6,0,0,0,0,0,0,0,1,1,0,0,38.12,2304.43609,-4.881052043,"concave",30.54764904,14.21430678,"high",256.741305,"W","concave.rugged"
"3567","CR08","S","pico","A",7,0,0,0,0,0,0,0,0,0,1,0,38.12,2304.43609,-4.881052043,"concave",30.54764904,14.21430678,"high",256.741305,"W","concave.rugged"
"3568","CR08","S","pico","A",8,0,0,0,0,0,0,0,0,0,1,0,38.12,2304.43609,-4.881052043,"concave",30.54764904,14.21430678,"high",256.741305,"W","concave.rugged"
"3569","CR08","S","pico","A",9,0,0,0,0,0,0,0,0,0,1,0,38.12,2304.43609,-4.881052043,"concave",30.54764904,14.21430678,"high",256.741305,"W","concave.rugged"
"3570","CR08","S","pico","A",10,0,0,0,0,0,0,0,0,0,1,0,38.12,2304.43609,-4.881052043,"concave",30.54764904,14.21430678,"high",256.741305,"W","concave.rugged"
"3571","CR08","S","psme","A",1,0,0,0,0,0,0,0,0,0,1,0,38.12,2304.43609,-4.881052043,"concave",30.54764904,14.21430678,"high",256.741305,"W","concave.rugged"
"3572","CR08","S","psme","A",2,0,0,0,0,0,0,0,0,0,1,0,38.12,2304.43609,-4.881052043,"concave",30.54764904,14.21430678,"high",256.741305,"W","concave.rugged"
"3573","CR08","S","psme","A",3,0,0,0,0,0,0,0,0,0,1,0,38.12,2304.43609,-4.881052043,"concave",30.54764904,14.21430678,"high",256.741305,"W","concave.rugged"
"3574","CR08","S","psme","A",4,0,0,0,0,0,0,0,0,0,1,0,38.12,2304.43609,-4.881052043,"concave",30.54764904,14.21430678,"high",256.741305,"W","concave.rugged"
"3575","CR08","S","psme","A",5,0,0,0,0,0,0,0,0,0,1,0,38.12,2304.43609,-4.881052043,"concave",30.54764904,14.21430678,"high",256.741305,"W","concave.rugged"
"3576","CR08","S","psme","A",6,0,0,0,0,0,0,0,0,0,1,0,38.12,2304.43609,-4.881052043,"concave",30.54764904,14.21430678,"high",256.741305,"W","concave.rugged"
"3577","CR08","S","psme","A",7,0,0,0,0,0,0,0,0,0,1,0,38.12,2304.43609,-4.881052043,"concave",30.54764904,14.21430678,"high",256.741305,"W","concave.rugged"
"3578","CR08","S","psme","A",8,0,0,0,0,0,0,0,0,0,1,0,38.12,2304.43609,-4.881052043,"concave",30.54764904,14.21430678,"high",256.741305,"W","concave.rugged"
"3579","CR08","S","psme","A",9,0,0,0,0,0,0,0,0,0,1,0,38.12,2304.43609,-4.881052043,"concave",30.54764904,14.21430678,"high",256.741305,"W","concave.rugged"
"3580","CR08","S","psme","A",10,0,0,0,0,0,0,0,0,0,1,0,38.12,2304.43609,-4.881052043,"concave",30.54764904,14.21430678,"high",256.741305,"W","concave.rugged"
"3581","CR08","W","pico","A",1,0,0,0,0,0,0,0,1,1,0,0,38.12,2304.43609,-4.881052043,"concave",30.54764904,14.21430678,"high",256.741305,"W","concave.rugged"
"3582","CR08","W","pico","A",2,0,0,0,0,0,0,0,1,1,0,0,38.12,2304.43609,-4.881052043,"concave",30.54764904,14.21430678,"high",256.741305,"W","concave.rugged"
"3583","CR08","W","pico","A",3,0,0,0,0,0,0,0,1,1,0,0,38.12,2304.43609,-4.881052043,"concave",30.54764904,14.21430678,"high",256.741305,"W","concave.rugged"
"3584","CR08","W","pico","A",4,0,0,0,0,0,0,0,1,1,0,0,38.12,2304.43609,-4.881052043,"concave",30.54764904,14.21430678,"high",256.741305,"W","concave.rugged"
"3585","CR08","W","pico","A",5,0,0,0,0,0,0,0,1,1,0,0,38.12,2304.43609,-4.881052043,"concave",30.54764904,14.21430678,"high",256.741305,"W","concave.rugged"
"3586","CR08","W","pico","A",6,0,0,0,0,0,0,0,1,1,0,0,38.12,2304.43609,-4.881052043,"concave",30.54764904,14.21430678,"high",256.741305,"W","concave.rugged"
"3587","CR08","W","pico","A",7,0,0,0,0,0,0,0,0,0,1,0,38.12,2304.43609,-4.881052043,"concave",30.54764904,14.21430678,"high",256.741305,"W","concave.rugged"
"3588","CR08","W","pico","A",8,0,0,0,0,0,0,0,0,0,1,0,38.12,2304.43609,-4.881052043,"concave",30.54764904,14.21430678,"high",256.741305,"W","concave.rugged"
"3589","CR08","W","pico","A",9,0,0,0,0,0,0,0,0,0,1,0,38.12,2304.43609,-4.881052043,"concave",30.54764904,14.21430678,"high",256.741305,"W","concave.rugged"
"3590","CR08","W","pico","A",10,0,0,0,0,0,0,0,0,0,1,0,38.12,2304.43609,-4.881052043,"concave",30.54764904,14.21430678,"high",256.741305,"W","concave.rugged"
"3591","CR08","W","psme","A",1,0,0,0,0,0,0,0,0,0,1,0,38.12,2304.43609,-4.881052043,"concave",30.54764904,14.21430678,"high",256.741305,"W","concave.rugged"
"3592","CR08","W","psme","A",2,0,0,0,0,0,0,0,1,1,0,0,38.12,2304.43609,-4.881052043,"concave",30.54764904,14.21430678,"high",256.741305,"W","concave.rugged"
"3593","CR08","W","psme","A",3,0,0,0,0,0,0,0,1,1,0,0,38.12,2304.43609,-4.881052043,"concave",30.54764904,14.21430678,"high",256.741305,"W","concave.rugged"
"3594","CR08","W","psme","A",4,0,0,0,0,0,0,0,1,1,0,0,38.12,2304.43609,-4.881052043,"concave",30.54764904,14.21430678,"high",256.741305,"W","concave.rugged"
"3595","CR08","W","psme","A",5,0,0,0,0,0,0,0,1,1,0,0,38.12,2304.43609,-4.881052043,"concave",30.54764904,14.21430678,"high",256.741305,"W","concave.rugged"
"3596","CR08","W","psme","A",6,0,0,0,0,0,0,0,1,1,0,0,38.12,2304.43609,-4.881052043,"concave",30.54764904,14.21430678,"high",256.741305,"W","concave.rugged"
"3597","CR08","W","psme","A",7,0,0,0,0,0,0,0,1,1,0,0,38.12,2304.43609,-4.881052043,"concave",30.54764904,14.21430678,"high",256.741305,"W","concave.rugged"
"3598","CR08","W","psme","A",8,0,0,0,0,0,0,0,0,0,1,0,38.12,2304.43609,-4.881052043,"concave",30.54764904,14.21430678,"high",256.741305,"W","concave.rugged"
"3599","CR08","W","psme","A",9,0,0,0,0,0,0,0,0,0,1,0,38.12,2304.43609,-4.881052043,"concave",30.54764904,14.21430678,"high",256.741305,"W","concave.rugged"
"3600","CR08","W","psme","A",10,0,0,0,0,0,0,0,0,0,1,0,38.12,2304.43609,-4.881052043,"concave",30.54764904,14.21430678,"high",256.741305,"W","concave.rugged"
"3601","CR08","C","pico","B",1,0,0,0,0,0,0,1,0,1,0,0,38.12,2304.43609,-4.881052043,"concave",30.54764904,14.21430678,"high",256.741305,"W","concave.rugged"
"3602","CR08","C","pico","B",2,0,0,0,0,0,0,1,0,1,0,0,38.12,2304.43609,-4.881052043,"concave",30.54764904,14.21430678,"high",256.741305,"W","concave.rugged"
"3603","CR08","C","pico","B",3,0,0,0,0,0,0,1,1,1,0,0,38.12,2304.43609,-4.881052043,"concave",30.54764904,14.21430678,"high",256.741305,"W","concave.rugged"
"3604","CR08","C","pico","B",4,0,0,0,0,0,0,1,1,1,0,0,38.12,2304.43609,-4.881052043,"concave",30.54764904,14.21430678,"high",256.741305,"W","concave.rugged"
"3605","CR08","C","pico","B",5,0,0,0,0,0,0,1,1,1,0,0,38.12,2304.43609,-4.881052043,"concave",30.54764904,14.21430678,"high",256.741305,"W","concave.rugged"
"3606","CR08","C","pico","B",6,0,0,0,0,0,0,0,1,1,0,0,38.12,2304.43609,-4.881052043,"concave",30.54764904,14.21430678,"high",256.741305,"W","concave.rugged"
"3607","CR08","C","pico","B",7,0,0,0,0,0,0,1,1,1,0,0,38.12,2304.43609,-4.881052043,"concave",30.54764904,14.21430678,"high",256.741305,"W","concave.rugged"
"3608","CR08","C","pico","B",8,0,0,0,0,0,0,1,1,1,0,0,38.12,2304.43609,-4.881052043,"concave",30.54764904,14.21430678,"high",256.741305,"W","concave.rugged"
"3609","CR08","C","pico","B",9,0,0,0,0,0,0,1,1,1,0,0,38.12,2304.43609,-4.881052043,"concave",30.54764904,14.21430678,"high",256.741305,"W","concave.rugged"
"3610","CR08","C","pico","B",10,0,0,0,0,0,0,1,1,1,0,0,38.12,2304.43609,-4.881052043,"concave",30.54764904,14.21430678,"high",256.741305,"W","concave.rugged"
"3611","CR08","C","psme","B",1,0,0,0,0,0,0,1,1,1,0,0,38.12,2304.43609,-4.881052043,"concave",30.54764904,14.21430678,"high",256.741305,"W","concave.rugged"
"3612","CR08","C","psme","B",2,0,0,0,0,0,0,1,1,1,0,0,38.12,2304.43609,-4.881052043,"concave",30.54764904,14.21430678,"high",256.741305,"W","concave.rugged"
"3613","CR08","C","psme","B",3,0,0,0,0,0,0,1,1,1,0,0,38.12,2304.43609,-4.881052043,"concave",30.54764904,14.21430678,"high",256.741305,"W","concave.rugged"
"3614","CR08","C","psme","B",4,0,0,0,0,0,0,1,1,1,0,0,38.12,2304.43609,-4.881052043,"concave",30.54764904,14.21430678,"high",256.741305,"W","concave.rugged"
"3615","CR08","C","psme","B",5,0,0,0,0,0,0,1,1,1,0,0,38.12,2304.43609,-4.881052043,"concave",30.54764904,14.21430678,"high",256.741305,"W","concave.rugged"
"3616","CR08","C","psme","B",6,0,0,0,0,0,0,1,1,1,0,0,38.12,2304.43609,-4.881052043,"concave",30.54764904,14.21430678,"high",256.741305,"W","concave.rugged"
"3617","CR08","C","psme","B",7,0,0,0,0,0,0,1,1,1,0,0,38.12,2304.43609,-4.881052043,"concave",30.54764904,14.21430678,"high",256.741305,"W","concave.rugged"
"3618","CR08","C","psme","B",8,0,0,0,0,0,0,1,1,1,0,0,38.12,2304.43609,-4.881052043,"concave",30.54764904,14.21430678,"high",256.741305,"W","concave.rugged"
"3619","CR08","C","psme","B",9,0,0,0,0,0,0,1,1,1,0,0,38.12,2304.43609,-4.881052043,"concave",30.54764904,14.21430678,"high",256.741305,"W","concave.rugged"
"3620","CR08","C","psme","B",10,0,0,0,0,0,0,1,0,1,0,0,38.12,2304.43609,-4.881052043,"concave",30.54764904,14.21430678,"high",256.741305,"W","concave.rugged"
"3621","CR08","E","pico","B",1,0,0,0,0,0,0,0,0,0,1,0,38.12,2304.43609,-4.881052043,"concave",30.54764904,14.21430678,"high",256.741305,"W","concave.rugged"
"3622","CR08","E","pico","B",2,0,0,0,0,0,0,0,0,0,1,0,38.12,2304.43609,-4.881052043,"concave",30.54764904,14.21430678,"high",256.741305,"W","concave.rugged"
"3623","CR08","E","pico","B",3,0,0,0,0,0,0,0,0,0,1,0,38.12,2304.43609,-4.881052043,"concave",30.54764904,14.21430678,"high",256.741305,"W","concave.rugged"
"3624","CR08","E","pico","B",4,0,0,0,0,0,0,0,0,0,1,0,38.12,2304.43609,-4.881052043,"concave",30.54764904,14.21430678,"high",256.741305,"W","concave.rugged"
"3625","CR08","E","pico","B",5,0,0,0,0,0,0,0,0,0,1,0,38.12,2304.43609,-4.881052043,"concave",30.54764904,14.21430678,"high",256.741305,"W","concave.rugged"
"3626","CR08","E","pico","B",6,0,0,0,0,0,0,0,0,0,1,0,38.12,2304.43609,-4.881052043,"concave",30.54764904,14.21430678,"high",256.741305,"W","concave.rugged"
"3627","CR08","E","pico","B",7,0,0,0,0,0,0,0,1,1,0,0,38.12,2304.43609,-4.881052043,"concave",30.54764904,14.21430678,"high",256.741305,"W","concave.rugged"
"3628","CR08","E","pico","B",8,0,0,0,0,0,0,0,1,1,0,0,38.12,2304.43609,-4.881052043,"concave",30.54764904,14.21430678,"high",256.741305,"W","concave.rugged"
"3629","CR08","E","pico","B",9,0,0,0,0,0,0,0,1,1,0,0,38.12,2304.43609,-4.881052043,"concave",30.54764904,14.21430678,"high",256.741305,"W","concave.rugged"
"3630","CR08","E","pico","B",10,0,0,0,0,0,0,0,1,1,0,0,38.12,2304.43609,-4.881052043,"concave",30.54764904,14.21430678,"high",256.741305,"W","concave.rugged"
"3631","CR08","E","psme","B",1,0,0,0,0,0,0,1,0,1,0,0,38.12,2304.43609,-4.881052043,"concave",30.54764904,14.21430678,"high",256.741305,"W","concave.rugged"
"3632","CR08","E","psme","B",2,0,0,0,0,0,0,1,0,1,0,0,38.12,2304.43609,-4.881052043,"concave",30.54764904,14.21430678,"high",256.741305,"W","concave.rugged"
"3633","CR08","E","psme","B",3,0,0,0,0,0,0,1,0,1,0,0,38.12,2304.43609,-4.881052043,"concave",30.54764904,14.21430678,"high",256.741305,"W","concave.rugged"
"3634","CR08","E","psme","B",4,0,0,0,0,0,0,1,0,1,0,0,38.12,2304.43609,-4.881052043,"concave",30.54764904,14.21430678,"high",256.741305,"W","concave.rugged"
"3635","CR08","E","psme","B",5,0,0,0,0,0,0,1,0,1,0,0,38.12,2304.43609,-4.881052043,"concave",30.54764904,14.21430678,"high",256.741305,"W","concave.rugged"
"3636","CR08","E","psme","B",6,0,0,0,0,0,0,1,0,1,0,0,38.12,2304.43609,-4.881052043,"concave",30.54764904,14.21430678,"high",256.741305,"W","concave.rugged"
"3637","CR08","E","psme","B",7,0,0,0,0,0,0,1,0,1,0,0,38.12,2304.43609,-4.881052043,"concave",30.54764904,14.21430678,"high",256.741305,"W","concave.rugged"
"3638","CR08","E","psme","B",8,0,0,0,0,0,0,1,0,1,0,0,38.12,2304.43609,-4.881052043,"concave",30.54764904,14.21430678,"high",256.741305,"W","concave.rugged"
"3639","CR08","E","psme","B",9,0,0,0,0,0,0,1,0,1,0,0,38.12,2304.43609,-4.881052043,"concave",30.54764904,14.21430678,"high",256.741305,"W","concave.rugged"
"3640","CR08","E","psme","B",10,0,0,0,0,0,0,1,0,1,0,0,38.12,2304.43609,-4.881052043,"concave",30.54764904,14.21430678,"high",256.741305,"W","concave.rugged"
"3641","CR08","N","pico","B",1,0,0,0,0,0,0,0,0,0,1,0,38.12,2304.43609,-4.881052043,"concave",30.54764904,14.21430678,"high",256.741305,"W","concave.rugged"
"3642","CR08","N","pico","B",2,0,0,0,0,0,0,0,0,0,1,0,38.12,2304.43609,-4.881052043,"concave",30.54764904,14.21430678,"high",256.741305,"W","concave.rugged"
"3643","CR08","N","pico","B",3,0,0,0,0,0,0,0,1,1,0,0,38.12,2304.43609,-4.881052043,"concave",30.54764904,14.21430678,"high",256.741305,"W","concave.rugged"
"3644","CR08","N","pico","B",4,0,0,0,0,0,0,0,1,1,0,0,38.12,2304.43609,-4.881052043,"concave",30.54764904,14.21430678,"high",256.741305,"W","concave.rugged"
"3645","CR08","N","pico","B",5,0,0,0,0,0,0,0,1,1,0,0,38.12,2304.43609,-4.881052043,"concave",30.54764904,14.21430678,"high",256.741305,"W","concave.rugged"
"3646","CR08","N","pico","B",6,0,0,0,0,0,0,0,0,0,1,0,38.12,2304.43609,-4.881052043,"concave",30.54764904,14.21430678,"high",256.741305,"W","concave.rugged"
"3647","CR08","N","pico","B",7,0,0,0,0,0,0,0,0,0,1,0,38.12,2304.43609,-4.881052043,"concave",30.54764904,14.21430678,"high",256.741305,"W","concave.rugged"
"3648","CR08","N","pico","B",8,0,0,0,0,0,0,0,0,0,1,0,38.12,2304.43609,-4.881052043,"concave",30.54764904,14.21430678,"high",256.741305,"W","concave.rugged"
"3649","CR08","N","pico","B",9,0,0,0,0,0,0,0,0,0,1,0,38.12,2304.43609,-4.881052043,"concave",30.54764904,14.21430678,"high",256.741305,"W","concave.rugged"
"3650","CR08","N","pico","B",10,0,0,0,0,0,0,0,0,0,1,0,38.12,2304.43609,-4.881052043,"concave",30.54764904,14.21430678,"high",256.741305,"W","concave.rugged"
"3651","CR08","N","psme","B",1,0,0,0,0,0,0,0,0,0,1,0,38.12,2304.43609,-4.881052043,"concave",30.54764904,14.21430678,"high",256.741305,"W","concave.rugged"
"3652","CR08","N","psme","B",2,0,0,0,0,0,0,0,1,1,0,0,38.12,2304.43609,-4.881052043,"concave",30.54764904,14.21430678,"high",256.741305,"W","concave.rugged"
"3653","CR08","N","psme","B",3,0,0,0,0,0,0,0,0,0,1,0,38.12,2304.43609,-4.881052043,"concave",30.54764904,14.21430678,"high",256.741305,"W","concave.rugged"
"3654","CR08","N","psme","B",4,0,0,0,0,0,0,0,0,0,1,0,38.12,2304.43609,-4.881052043,"concave",30.54764904,14.21430678,"high",256.741305,"W","concave.rugged"
"3655","CR08","N","psme","B",5,0,0,0,0,0,0,0,0,0,1,0,38.12,2304.43609,-4.881052043,"concave",30.54764904,14.21430678,"high",256.741305,"W","concave.rugged"
"3656","CR08","N","psme","B",6,0,0,0,0,0,0,0,0,0,1,0,38.12,2304.43609,-4.881052043,"concave",30.54764904,14.21430678,"high",256.741305,"W","concave.rugged"
"3657","CR08","N","psme","B",7,0,0,0,0,0,0,0,0,0,1,0,38.12,2304.43609,-4.881052043,"concave",30.54764904,14.21430678,"high",256.741305,"W","concave.rugged"
"3658","CR08","N","psme","B",8,0,0,0,0,0,0,1,1,1,0,0,38.12,2304.43609,-4.881052043,"concave",30.54764904,14.21430678,"high",256.741305,"W","concave.rugged"
"3659","CR08","N","psme","B",9,0,0,0,0,0,0,1,1,1,0,0,38.12,2304.43609,-4.881052043,"concave",30.54764904,14.21430678,"high",256.741305,"W","concave.rugged"
"3660","CR08","N","psme","B",10,0,0,0,0,0,0,1,1,1,0,0,38.12,2304.43609,-4.881052043,"concave",30.54764904,14.21430678,"high",256.741305,"W","concave.rugged"
"3661","CR08","S","pico","B",1,0,0,0,0,0,0,0,0,0,1,0,38.12,2304.43609,-4.881052043,"concave",30.54764904,14.21430678,"high",256.741305,"W","concave.rugged"
"3662","CR08","S","pico","B",2,0,0,0,0,0,0,0,0,0,1,0,38.12,2304.43609,-4.881052043,"concave",30.54764904,14.21430678,"high",256.741305,"W","concave.rugged"
"3663","CR08","S","pico","B",3,0,0,0,0,0,0,0,0,0,1,0,38.12,2304.43609,-4.881052043,"concave",30.54764904,14.21430678,"high",256.741305,"W","concave.rugged"
"3664","CR08","S","pico","B",4,0,0,0,0,0,0,0,0,0,1,0,38.12,2304.43609,-4.881052043,"concave",30.54764904,14.21430678,"high",256.741305,"W","concave.rugged"
"3665","CR08","S","pico","B",5,0,0,0,0,0,0,0,0,0,1,0,38.12,2304.43609,-4.881052043,"concave",30.54764904,14.21430678,"high",256.741305,"W","concave.rugged"
"3666","CR08","S","pico","B",6,0,0,0,0,0,0,0,0,0,1,0,38.12,2304.43609,-4.881052043,"concave",30.54764904,14.21430678,"high",256.741305,"W","concave.rugged"
"3667","CR08","S","pico","B",7,0,0,0,0,0,0,0,0,0,1,0,38.12,2304.43609,-4.881052043,"concave",30.54764904,14.21430678,"high",256.741305,"W","concave.rugged"
"3668","CR08","S","pico","B",8,1,0,1,1,0,0,0,0,0,1,0,38.12,2304.43609,-4.881052043,"concave",30.54764904,14.21430678,"high",256.741305,"W","concave.rugged"
"3669","CR08","S","pico","B",9,0,0,0,0,0,0,0,0,0,1,0,38.12,2304.43609,-4.881052043,"concave",30.54764904,14.21430678,"high",256.741305,"W","concave.rugged"
"3670","CR08","S","pico","B",10,0,0,0,0,0,0,0,0,0,1,0,38.12,2304.43609,-4.881052043,"concave",30.54764904,14.21430678,"high",256.741305,"W","concave.rugged"
"3671","CR08","S","psme","B",1,0,0,0,0,0,0,0,0,0,1,0,38.12,2304.43609,-4.881052043,"concave",30.54764904,14.21430678,"high",256.741305,"W","concave.rugged"
"3672","CR08","S","psme","B",2,0,0,0,0,0,0,0,0,0,1,0,38.12,2304.43609,-4.881052043,"concave",30.54764904,14.21430678,"high",256.741305,"W","concave.rugged"
"3673","CR08","S","psme","B",3,0,0,0,0,0,0,0,0,0,1,0,38.12,2304.43609,-4.881052043,"concave",30.54764904,14.21430678,"high",256.741305,"W","concave.rugged"
"3674","CR08","S","psme","B",4,0,0,0,0,0,0,0,0,0,1,0,38.12,2304.43609,-4.881052043,"concave",30.54764904,14.21430678,"high",256.741305,"W","concave.rugged"
"3675","CR08","S","psme","B",5,0,0,0,0,0,0,0,0,0,1,0,38.12,2304.43609,-4.881052043,"concave",30.54764904,14.21430678,"high",256.741305,"W","concave.rugged"
"3676","CR08","S","psme","B",6,0,0,0,0,0,0,0,0,0,1,0,38.12,2304.43609,-4.881052043,"concave",30.54764904,14.21430678,"high",256.741305,"W","concave.rugged"
"3677","CR08","S","psme","B",7,0,0,0,0,0,0,0,0,0,1,0,38.12,2304.43609,-4.881052043,"concave",30.54764904,14.21430678,"high",256.741305,"W","concave.rugged"
"3678","CR08","S","psme","B",8,0,0,0,0,0,0,0,0,0,1,0,38.12,2304.43609,-4.881052043,"concave",30.54764904,14.21430678,"high",256.741305,"W","concave.rugged"
"3679","CR08","S","psme","B",9,0,0,0,0,0,0,0,0,0,1,0,38.12,2304.43609,-4.881052043,"concave",30.54764904,14.21430678,"high",256.741305,"W","concave.rugged"
"3680","CR08","S","psme","B",10,0,0,0,0,0,0,0,0,0,1,0,38.12,2304.43609,-4.881052043,"concave",30.54764904,14.21430678,"high",256.741305,"W","concave.rugged"
"3681","CR08","W","pico","B",1,0,0,0,0,0,0,0,1,1,0,0,38.12,2304.43609,-4.881052043,"concave",30.54764904,14.21430678,"high",256.741305,"W","concave.rugged"
"3682","CR08","W","pico","B",2,0,0,0,0,0,0,0,1,1,0,0,38.12,2304.43609,-4.881052043,"concave",30.54764904,14.21430678,"high",256.741305,"W","concave.rugged"
"3683","CR08","W","pico","B",3,0,0,0,0,0,0,0,1,1,0,0,38.12,2304.43609,-4.881052043,"concave",30.54764904,14.21430678,"high",256.741305,"W","concave.rugged"
"3684","CR08","W","pico","B",4,0,0,0,0,0,0,0,1,1,0,0,38.12,2304.43609,-4.881052043,"concave",30.54764904,14.21430678,"high",256.741305,"W","concave.rugged"
"3685","CR08","W","pico","B",5,0,0,0,0,0,0,0,1,1,0,0,38.12,2304.43609,-4.881052043,"concave",30.54764904,14.21430678,"high",256.741305,"W","concave.rugged"
"3686","CR08","W","pico","B",6,0,0,0,0,0,0,0,0,0,1,0,38.12,2304.43609,-4.881052043,"concave",30.54764904,14.21430678,"high",256.741305,"W","concave.rugged"
"3687","CR08","W","pico","B",7,0,0,0,0,0,0,0,0,0,1,0,38.12,2304.43609,-4.881052043,"concave",30.54764904,14.21430678,"high",256.741305,"W","concave.rugged"
"3688","CR08","W","pico","B",8,0,0,0,0,0,0,0,0,0,1,0,38.12,2304.43609,-4.881052043,"concave",30.54764904,14.21430678,"high",256.741305,"W","concave.rugged"
"3689","CR08","W","pico","B",9,0,0,0,0,0,0,0,0,0,1,0,38.12,2304.43609,-4.881052043,"concave",30.54764904,14.21430678,"high",256.741305,"W","concave.rugged"
"3690","CR08","W","pico","B",10,0,0,0,0,0,0,0,0,0,1,0,38.12,2304.43609,-4.881052043,"concave",30.54764904,14.21430678,"high",256.741305,"W","concave.rugged"
"3691","CR08","W","psme","B",1,0,0,0,0,0,0,0,0,0,1,0,38.12,2304.43609,-4.881052043,"concave",30.54764904,14.21430678,"high",256.741305,"W","concave.rugged"
"3692","CR08","W","psme","B",2,0,0,0,0,0,0,0,1,1,0,0,38.12,2304.43609,-4.881052043,"concave",30.54764904,14.21430678,"high",256.741305,"W","concave.rugged"
"3693","CR08","W","psme","B",3,0,0,0,0,0,0,0,1,1,0,0,38.12,2304.43609,-4.881052043,"concave",30.54764904,14.21430678,"high",256.741305,"W","concave.rugged"
"3694","CR08","W","psme","B",4,0,0,0,0,0,0,0,1,1,0,0,38.12,2304.43609,-4.881052043,"concave",30.54764904,14.21430678,"high",256.741305,"W","concave.rugged"
"3695","CR08","W","psme","B",5,0,0,0,0,0,0,0,1,1,0,0,38.12,2304.43609,-4.881052043,"concave",30.54764904,14.21430678,"high",256.741305,"W","concave.rugged"
"3696","CR08","W","psme","B",6,0,0,0,0,0,0,0,1,1,0,0,38.12,2304.43609,-4.881052043,"concave",30.54764904,14.21430678,"high",256.741305,"W","concave.rugged"
"3697","CR08","W","psme","B",7,0,0,0,0,0,0,0,1,1,0,0,38.12,2304.43609,-4.881052043,"concave",30.54764904,14.21430678,"high",256.741305,"W","concave.rugged"
"3698","CR08","W","psme","B",8,0,0,0,0,0,0,0,0,0,1,0,38.12,2304.43609,-4.881052043,"concave",30.54764904,14.21430678,"high",256.741305,"W","concave.rugged"
"3699","CR08","W","psme","B",9,0,0,0,0,0,0,0,0,0,1,0,38.12,2304.43609,-4.881052043,"concave",30.54764904,14.21430678,"high",256.741305,"W","concave.rugged"
"3700","CR08","W","psme","B",10,0,0,0,0,0,0,0,0,0,1,0,38.12,2304.43609,-4.881052043,"concave",30.54764904,14.21430678,"high",256.741305,"W","concave.rugged"
"3701","CR08","C","pico","C",1,1,0,1,1,0,0,0,0,0,1,0,38.12,2304.43609,-4.881052043,"concave",30.54764904,14.21430678,"high",256.741305,"W","concave.rugged"
"3702","CR08","C","pico","C",2,0,0,0,0,0,0,0,1,1,0,0,38.12,2304.43609,-4.881052043,"concave",30.54764904,14.21430678,"high",256.741305,"W","concave.rugged"
"3703","CR08","C","pico","C",3,1,0,1,1,0,0,0,1,1,0,0,38.12,2304.43609,-4.881052043,"concave",30.54764904,14.21430678,"high",256.741305,"W","concave.rugged"
"3704","CR08","C","pico","C",4,0,0,0,0,0,0,0,1,1,0,0,38.12,2304.43609,-4.881052043,"concave",30.54764904,14.21430678,"high",256.741305,"W","concave.rugged"
"3705","CR08","C","pico","C",5,0,0,0,0,0,0,0,1,1,0,0,38.12,2304.43609,-4.881052043,"concave",30.54764904,14.21430678,"high",256.741305,"W","concave.rugged"
"3706","CR08","C","pico","C",6,0,0,0,0,0,0,0,0,0,1,0,38.12,2304.43609,-4.881052043,"concave",30.54764904,14.21430678,"high",256.741305,"W","concave.rugged"
"3707","CR08","C","pico","C",7,0,0,0,0,0,0,0,1,1,0,0,38.12,2304.43609,-4.881052043,"concave",30.54764904,14.21430678,"high",256.741305,"W","concave.rugged"
"3708","CR08","C","pico","C",8,0,0,0,0,0,0,0,1,1,0,0,38.12,2304.43609,-4.881052043,"concave",30.54764904,14.21430678,"high",256.741305,"W","concave.rugged"
"3709","CR08","C","pico","C",9,0,0,0,0,0,0,0,1,1,0,0,38.12,2304.43609,-4.881052043,"concave",30.54764904,14.21430678,"high",256.741305,"W","concave.rugged"
"3710","CR08","C","pico","C",10,0,0,0,0,0,0,0,0,0,1,0,38.12,2304.43609,-4.881052043,"concave",30.54764904,14.21430678,"high",256.741305,"W","concave.rugged"
"3711","CR08","C","psme","C",1,0,0,0,0,0,0,1,1,1,0,0,38.12,2304.43609,-4.881052043,"concave",30.54764904,14.21430678,"high",256.741305,"W","concave.rugged"
"3712","CR08","C","psme","C",2,0,0,0,0,0,0,1,1,1,0,0,38.12,2304.43609,-4.881052043,"concave",30.54764904,14.21430678,"high",256.741305,"W","concave.rugged"
"3713","CR08","C","psme","C",3,0,0,0,0,0,0,1,1,1,0,0,38.12,2304.43609,-4.881052043,"concave",30.54764904,14.21430678,"high",256.741305,"W","concave.rugged"
"3714","CR08","C","psme","C",4,0,0,0,0,0,0,1,1,1,0,0,38.12,2304.43609,-4.881052043,"concave",30.54764904,14.21430678,"high",256.741305,"W","concave.rugged"
"3715","CR08","C","psme","C",5,0,0,0,0,0,0,1,0,1,0,0,38.12,2304.43609,-4.881052043,"concave",30.54764904,14.21430678,"high",256.741305,"W","concave.rugged"
"3716","CR08","C","psme","C",6,0,0,0,0,0,0,1,0,1,0,0,38.12,2304.43609,-4.881052043,"concave",30.54764904,14.21430678,"high",256.741305,"W","concave.rugged"
"3717","CR08","C","psme","C",7,0,0,0,0,0,0,1,0,1,0,0,38.12,2304.43609,-4.881052043,"concave",30.54764904,14.21430678,"high",256.741305,"W","concave.rugged"
"3718","CR08","C","psme","C",8,0,0,0,0,0,0,1,0,1,0,0,38.12,2304.43609,-4.881052043,"concave",30.54764904,14.21430678,"high",256.741305,"W","concave.rugged"
"3719","CR08","C","psme","C",9,0,0,0,0,0,0,1,0,1,0,0,38.12,2304.43609,-4.881052043,"concave",30.54764904,14.21430678,"high",256.741305,"W","concave.rugged"
"3720","CR08","C","psme","C",10,0,0,0,0,0,0,1,0,1,0,0,38.12,2304.43609,-4.881052043,"concave",30.54764904,14.21430678,"high",256.741305,"W","concave.rugged"
"3721","CR08","E","pico","C",1,0,0,0,0,0,0,0,1,1,0,0,38.12,2304.43609,-4.881052043,"concave",30.54764904,14.21430678,"high",256.741305,"W","concave.rugged"
"3722","CR08","E","pico","C",2,1,0,1,1,0,0,0,1,1,0,0,38.12,2304.43609,-4.881052043,"concave",30.54764904,14.21430678,"high",256.741305,"W","concave.rugged"
"3723","CR08","E","pico","C",3,0,0,0,0,0,0,0,1,1,0,0,38.12,2304.43609,-4.881052043,"concave",30.54764904,14.21430678,"high",256.741305,"W","concave.rugged"
"3724","CR08","E","pico","C",4,0,0,0,0,0,0,0,1,1,0,0,38.12,2304.43609,-4.881052043,"concave",30.54764904,14.21430678,"high",256.741305,"W","concave.rugged"
"3725","CR08","E","pico","C",5,0,0,0,0,0,0,0,1,1,0,0,38.12,2304.43609,-4.881052043,"concave",30.54764904,14.21430678,"high",256.741305,"W","concave.rugged"
"3726","CR08","E","pico","C",6,0,0,0,0,0,0,0,1,1,0,0,38.12,2304.43609,-4.881052043,"concave",30.54764904,14.21430678,"high",256.741305,"W","concave.rugged"
"3727","CR08","E","pico","C",7,0,0,0,0,0,0,0,1,1,0,0,38.12,2304.43609,-4.881052043,"concave",30.54764904,14.21430678,"high",256.741305,"W","concave.rugged"
"3728","CR08","E","pico","C",8,0,0,0,0,0,0,0,1,1,0,0,38.12,2304.43609,-4.881052043,"concave",30.54764904,14.21430678,"high",256.741305,"W","concave.rugged"
"3729","CR08","E","pico","C",9,0,0,0,0,0,0,0,1,1,0,0,38.12,2304.43609,-4.881052043,"concave",30.54764904,14.21430678,"high",256.741305,"W","concave.rugged"
"3730","CR08","E","pico","C",10,0,0,0,0,0,0,0,1,1,0,0,38.12,2304.43609,-4.881052043,"concave",30.54764904,14.21430678,"high",256.741305,"W","concave.rugged"
"3731","CR08","E","psme","C",1,0,0,0,0,0,0,1,0,1,0,0,38.12,2304.43609,-4.881052043,"concave",30.54764904,14.21430678,"high",256.741305,"W","concave.rugged"
"3732","CR08","E","psme","C",2,0,0,0,0,0,0,1,0,1,0,0,38.12,2304.43609,-4.881052043,"concave",30.54764904,14.21430678,"high",256.741305,"W","concave.rugged"
"3733","CR08","E","psme","C",3,0,0,0,0,0,0,1,0,1,0,0,38.12,2304.43609,-4.881052043,"concave",30.54764904,14.21430678,"high",256.741305,"W","concave.rugged"
"3734","CR08","E","psme","C",4,0,0,0,0,0,0,1,0,1,0,0,38.12,2304.43609,-4.881052043,"concave",30.54764904,14.21430678,"high",256.741305,"W","concave.rugged"
"3735","CR08","E","psme","C",5,0,0,0,0,0,0,1,0,1,0,0,38.12,2304.43609,-4.881052043,"concave",30.54764904,14.21430678,"high",256.741305,"W","concave.rugged"
"3736","CR08","E","psme","C",6,0,0,0,0,0,0,1,0,1,0,0,38.12,2304.43609,-4.881052043,"concave",30.54764904,14.21430678,"high",256.741305,"W","concave.rugged"
"3737","CR08","E","psme","C",7,0,0,0,0,0,0,1,0,1,0,0,38.12,2304.43609,-4.881052043,"concave",30.54764904,14.21430678,"high",256.741305,"W","concave.rugged"
"3738","CR08","E","psme","C",8,0,0,0,0,0,0,1,0,1,0,0,38.12,2304.43609,-4.881052043,"concave",30.54764904,14.21430678,"high",256.741305,"W","concave.rugged"
"3739","CR08","E","psme","C",9,0,0,0,0,0,0,1,0,1,0,0,38.12,2304.43609,-4.881052043,"concave",30.54764904,14.21430678,"high",256.741305,"W","concave.rugged"
"3740","CR08","E","psme","C",10,0,0,0,0,0,0,1,0,1,0,0,38.12,2304.43609,-4.881052043,"concave",30.54764904,14.21430678,"high",256.741305,"W","concave.rugged"
"3741","CR08","N","pico","C",1,0,0,0,0,0,0,0,0,0,1,0,38.12,2304.43609,-4.881052043,"concave",30.54764904,14.21430678,"high",256.741305,"W","concave.rugged"
"3742","CR08","N","pico","C",2,0,0,0,0,0,0,0,0,0,1,0,38.12,2304.43609,-4.881052043,"concave",30.54764904,14.21430678,"high",256.741305,"W","concave.rugged"
"3743","CR08","N","pico","C",3,0,0,0,0,0,0,0,0,0,1,0,38.12,2304.43609,-4.881052043,"concave",30.54764904,14.21430678,"high",256.741305,"W","concave.rugged"
"3744","CR08","N","pico","C",4,0,0,0,0,0,0,0,0,0,1,0,38.12,2304.43609,-4.881052043,"concave",30.54764904,14.21430678,"high",256.741305,"W","concave.rugged"
"3745","CR08","N","pico","C",5,0,0,0,0,0,0,0,0,0,1,0,38.12,2304.43609,-4.881052043,"concave",30.54764904,14.21430678,"high",256.741305,"W","concave.rugged"
"3746","CR08","N","pico","C",6,0,0,0,0,0,0,0,0,0,1,0,38.12,2304.43609,-4.881052043,"concave",30.54764904,14.21430678,"high",256.741305,"W","concave.rugged"
"3747","CR08","N","pico","C",7,0,0,0,0,0,0,0,0,0,1,0,38.12,2304.43609,-4.881052043,"concave",30.54764904,14.21430678,"high",256.741305,"W","concave.rugged"
"3748","CR08","N","pico","C",8,0,0,0,0,0,0,0,0,0,1,0,38.12,2304.43609,-4.881052043,"concave",30.54764904,14.21430678,"high",256.741305,"W","concave.rugged"
"3749","CR08","N","pico","C",9,0,0,0,0,0,0,0,0,0,1,0,38.12,2304.43609,-4.881052043,"concave",30.54764904,14.21430678,"high",256.741305,"W","concave.rugged"
"3750","CR08","N","pico","C",10,0,0,0,0,0,0,0,0,0,1,0,38.12,2304.43609,-4.881052043,"concave",30.54764904,14.21430678,"high",256.741305,"W","concave.rugged"
"3751","CR08","N","psme","C",1,0,0,0,0,0,0,0,0,0,1,0,38.12,2304.43609,-4.881052043,"concave",30.54764904,14.21430678,"high",256.741305,"W","concave.rugged"
"3752","CR08","N","psme","C",2,0,0,0,0,0,0,0,0,0,1,0,38.12,2304.43609,-4.881052043,"concave",30.54764904,14.21430678,"high",256.741305,"W","concave.rugged"
"3753","CR08","N","psme","C",3,0,0,0,0,0,0,0,0,0,1,0,38.12,2304.43609,-4.881052043,"concave",30.54764904,14.21430678,"high",256.741305,"W","concave.rugged"
"3754","CR08","N","psme","C",4,0,0,0,0,0,0,0,0,0,1,0,38.12,2304.43609,-4.881052043,"concave",30.54764904,14.21430678,"high",256.741305,"W","concave.rugged"
"3755","CR08","N","psme","C",5,0,0,0,0,0,0,0,0,0,1,0,38.12,2304.43609,-4.881052043,"concave",30.54764904,14.21430678,"high",256.741305,"W","concave.rugged"
"3756","CR08","N","psme","C",6,0,0,0,0,0,0,0,0,0,1,0,38.12,2304.43609,-4.881052043,"concave",30.54764904,14.21430678,"high",256.741305,"W","concave.rugged"
"3757","CR08","N","psme","C",7,0,0,0,0,0,0,0,1,1,0,0,38.12,2304.43609,-4.881052043,"concave",30.54764904,14.21430678,"high",256.741305,"W","concave.rugged"
"3758","CR08","N","psme","C",8,0,0,0,0,0,0,1,1,1,0,0,38.12,2304.43609,-4.881052043,"concave",30.54764904,14.21430678,"high",256.741305,"W","concave.rugged"
"3759","CR08","N","psme","C",9,0,0,0,0,0,0,1,1,1,0,0,38.12,2304.43609,-4.881052043,"concave",30.54764904,14.21430678,"high",256.741305,"W","concave.rugged"
"3760","CR08","N","psme","C",10,0,0,0,0,0,0,1,1,1,0,0,38.12,2304.43609,-4.881052043,"concave",30.54764904,14.21430678,"high",256.741305,"W","concave.rugged"
"3761","CR08","S","pico","C",1,0,0,0,0,0,0,0,0,0,1,0,38.12,2304.43609,-4.881052043,"concave",30.54764904,14.21430678,"high",256.741305,"W","concave.rugged"
"3762","CR08","S","pico","C",2,0,0,0,0,0,0,0,0,0,1,0,38.12,2304.43609,-4.881052043,"concave",30.54764904,14.21430678,"high",256.741305,"W","concave.rugged"
"3763","CR08","S","pico","C",3,0,0,0,0,0,0,0,0,0,1,0,38.12,2304.43609,-4.881052043,"concave",30.54764904,14.21430678,"high",256.741305,"W","concave.rugged"
"3764","CR08","S","pico","C",4,0,0,0,0,0,0,0,0,0,1,0,38.12,2304.43609,-4.881052043,"concave",30.54764904,14.21430678,"high",256.741305,"W","concave.rugged"
"3765","CR08","S","pico","C",5,0,0,0,0,0,0,0,0,0,1,0,38.12,2304.43609,-4.881052043,"concave",30.54764904,14.21430678,"high",256.741305,"W","concave.rugged"
"3766","CR08","S","pico","C",6,0,0,0,0,0,0,0,0,0,1,0,38.12,2304.43609,-4.881052043,"concave",30.54764904,14.21430678,"high",256.741305,"W","concave.rugged"
"3767","CR08","S","pico","C",7,0,0,0,0,0,0,0,0,0,1,0,38.12,2304.43609,-4.881052043,"concave",30.54764904,14.21430678,"high",256.741305,"W","concave.rugged"
"3768","CR08","S","pico","C",8,0,0,0,0,0,0,0,0,0,1,0,38.12,2304.43609,-4.881052043,"concave",30.54764904,14.21430678,"high",256.741305,"W","concave.rugged"
"3769","CR08","S","pico","C",9,0,0,0,0,0,0,0,0,0,1,0,38.12,2304.43609,-4.881052043,"concave",30.54764904,14.21430678,"high",256.741305,"W","concave.rugged"
"3770","CR08","S","pico","C",10,0,0,0,0,0,0,0,0,0,1,0,38.12,2304.43609,-4.881052043,"concave",30.54764904,14.21430678,"high",256.741305,"W","concave.rugged"
"3771","CR08","S","psme","C",1,0,0,0,0,0,0,0,0,0,1,0,38.12,2304.43609,-4.881052043,"concave",30.54764904,14.21430678,"high",256.741305,"W","concave.rugged"
"3772","CR08","S","psme","C",2,0,0,0,0,0,0,0,0,0,1,0,38.12,2304.43609,-4.881052043,"concave",30.54764904,14.21430678,"high",256.741305,"W","concave.rugged"
"3773","CR08","S","psme","C",3,0,0,0,0,0,0,0,0,0,1,0,38.12,2304.43609,-4.881052043,"concave",30.54764904,14.21430678,"high",256.741305,"W","concave.rugged"
"3774","CR08","S","psme","C",4,0,0,0,0,0,0,0,0,0,1,0,38.12,2304.43609,-4.881052043,"concave",30.54764904,14.21430678,"high",256.741305,"W","concave.rugged"
"3775","CR08","S","psme","C",5,0,0,0,0,0,0,0,0,0,1,0,38.12,2304.43609,-4.881052043,"concave",30.54764904,14.21430678,"high",256.741305,"W","concave.rugged"
"3776","CR08","S","psme","C",6,0,0,0,0,0,0,0,0,0,1,0,38.12,2304.43609,-4.881052043,"concave",30.54764904,14.21430678,"high",256.741305,"W","concave.rugged"
"3777","CR08","S","psme","C",7,0,0,0,0,0,0,0,0,0,1,0,38.12,2304.43609,-4.881052043,"concave",30.54764904,14.21430678,"high",256.741305,"W","concave.rugged"
"3778","CR08","S","psme","C",8,0,0,0,0,0,0,0,0,0,1,0,38.12,2304.43609,-4.881052043,"concave",30.54764904,14.21430678,"high",256.741305,"W","concave.rugged"
"3779","CR08","S","psme","C",9,0,0,0,0,0,0,0,0,0,1,0,38.12,2304.43609,-4.881052043,"concave",30.54764904,14.21430678,"high",256.741305,"W","concave.rugged"
"3780","CR08","S","psme","C",10,0,0,0,0,0,0,0,0,0,1,0,38.12,2304.43609,-4.881052043,"concave",30.54764904,14.21430678,"high",256.741305,"W","concave.rugged"
"3781","CR08","W","pico","C",1,0,0,0,0,0,0,0,0,0,1,0,38.12,2304.43609,-4.881052043,"concave",30.54764904,14.21430678,"high",256.741305,"W","concave.rugged"
"3782","CR08","W","pico","C",2,0,0,0,0,0,0,0,0,0,1,0,38.12,2304.43609,-4.881052043,"concave",30.54764904,14.21430678,"high",256.741305,"W","concave.rugged"
"3783","CR08","W","pico","C",3,0,0,0,0,0,0,0,0,0,1,0,38.12,2304.43609,-4.881052043,"concave",30.54764904,14.21430678,"high",256.741305,"W","concave.rugged"
"3784","CR08","W","pico","C",4,0,0,0,0,0,0,0,0,0,1,0,38.12,2304.43609,-4.881052043,"concave",30.54764904,14.21430678,"high",256.741305,"W","concave.rugged"
"3785","CR08","W","pico","C",5,0,0,0,0,0,0,0,0,0,1,0,38.12,2304.43609,-4.881052043,"concave",30.54764904,14.21430678,"high",256.741305,"W","concave.rugged"
"3786","CR08","W","pico","C",6,0,0,0,0,0,0,0,0,0,1,0,38.12,2304.43609,-4.881052043,"concave",30.54764904,14.21430678,"high",256.741305,"W","concave.rugged"
"3787","CR08","W","pico","C",7,0,0,0,0,0,0,0,0,0,1,0,38.12,2304.43609,-4.881052043,"concave",30.54764904,14.21430678,"high",256.741305,"W","concave.rugged"
"3788","CR08","W","pico","C",8,0,0,0,0,0,0,0,0,0,1,0,38.12,2304.43609,-4.881052043,"concave",30.54764904,14.21430678,"high",256.741305,"W","concave.rugged"
"3789","CR08","W","pico","C",9,0,0,0,0,0,0,0,0,0,1,0,38.12,2304.43609,-4.881052043,"concave",30.54764904,14.21430678,"high",256.741305,"W","concave.rugged"
"3790","CR08","W","pico","C",10,0,0,0,0,0,0,0,0,0,1,0,38.12,2304.43609,-4.881052043,"concave",30.54764904,14.21430678,"high",256.741305,"W","concave.rugged"
"3791","CR08","W","psme","C",1,0,0,0,0,0,0,0,0,0,1,0,38.12,2304.43609,-4.881052043,"concave",30.54764904,14.21430678,"high",256.741305,"W","concave.rugged"
"3792","CR08","W","psme","C",2,0,0,0,0,0,0,0,1,1,0,0,38.12,2304.43609,-4.881052043,"concave",30.54764904,14.21430678,"high",256.741305,"W","concave.rugged"
"3793","CR08","W","psme","C",3,0,0,0,0,0,0,0,1,1,0,0,38.12,2304.43609,-4.881052043,"concave",30.54764904,14.21430678,"high",256.741305,"W","concave.rugged"
"3794","CR08","W","psme","C",4,0,0,0,0,0,0,0,0,0,1,0,38.12,2304.43609,-4.881052043,"concave",30.54764904,14.21430678,"high",256.741305,"W","concave.rugged"
"3795","CR08","W","psme","C",5,0,0,0,0,0,0,0,0,0,1,0,38.12,2304.43609,-4.881052043,"concave",30.54764904,14.21430678,"high",256.741305,"W","concave.rugged"
"3796","CR08","W","psme","C",6,0,0,0,0,0,0,0,0,0,1,0,38.12,2304.43609,-4.881052043,"concave",30.54764904,14.21430678,"high",256.741305,"W","concave.rugged"
"3797","CR08","W","psme","C",7,0,0,0,0,0,0,0,0,0,1,0,38.12,2304.43609,-4.881052043,"concave",30.54764904,14.21430678,"high",256.741305,"W","concave.rugged"
"3798","CR08","W","psme","C",8,0,0,0,0,0,0,0,0,0,1,0,38.12,2304.43609,-4.881052043,"concave",30.54764904,14.21430678,"high",256.741305,"W","concave.rugged"
"3799","CR08","W","psme","C",9,0,0,0,0,0,0,0,0,0,1,0,38.12,2304.43609,-4.881052043,"concave",30.54764904,14.21430678,"high",256.741305,"W","concave.rugged"
"3800","CR08","W","psme","C",10,0,0,0,0,0,0,0,0,0,1,0,38.12,2304.43609,-4.881052043,"concave",30.54764904,14.21430678,"high",256.741305,"W","concave.rugged"
"3801","CR08","C","pico","D",1,0,0,0,0,0,0,0,0,0,1,0,38.12,2304.43609,-4.881052043,"concave",30.54764904,14.21430678,"high",256.741305,"W","concave.rugged"
"3802","CR08","C","pico","D",2,0,0,0,0,0,0,0,1,1,0,0,38.12,2304.43609,-4.881052043,"concave",30.54764904,14.21430678,"high",256.741305,"W","concave.rugged"
"3803","CR08","C","pico","D",3,0,0,0,0,0,0,0,1,1,0,0,38.12,2304.43609,-4.881052043,"concave",30.54764904,14.21430678,"high",256.741305,"W","concave.rugged"
"3804","CR08","C","pico","D",4,0,0,0,0,0,0,0,1,1,0,0,38.12,2304.43609,-4.881052043,"concave",30.54764904,14.21430678,"high",256.741305,"W","concave.rugged"
"3805","CR08","C","pico","D",5,0,0,0,0,0,0,1,1,1,0,0,38.12,2304.43609,-4.881052043,"concave",30.54764904,14.21430678,"high",256.741305,"W","concave.rugged"
"3806","CR08","C","pico","D",6,0,0,0,0,0,0,1,0,1,0,0,38.12,2304.43609,-4.881052043,"concave",30.54764904,14.21430678,"high",256.741305,"W","concave.rugged"
"3807","CR08","C","pico","D",7,0,0,0,0,0,0,0,0,0,1,0,38.12,2304.43609,-4.881052043,"concave",30.54764904,14.21430678,"high",256.741305,"W","concave.rugged"
"3808","CR08","C","pico","D",8,0,0,0,0,0,0,0,0,0,1,0,38.12,2304.43609,-4.881052043,"concave",30.54764904,14.21430678,"high",256.741305,"W","concave.rugged"
"3809","CR08","C","pico","D",9,0,0,0,0,0,0,0,0,0,1,0,38.12,2304.43609,-4.881052043,"concave",30.54764904,14.21430678,"high",256.741305,"W","concave.rugged"
"3810","CR08","C","pico","D",10,0,0,0,0,0,0,0,0,0,1,0,38.12,2304.43609,-4.881052043,"concave",30.54764904,14.21430678,"high",256.741305,"W","concave.rugged"
"3811","CR08","C","psme","D",1,0,0,0,0,0,0,1,1,1,0,0,38.12,2304.43609,-4.881052043,"concave",30.54764904,14.21430678,"high",256.741305,"W","concave.rugged"
"3812","CR08","C","psme","D",2,0,0,0,0,0,0,1,1,1,0,0,38.12,2304.43609,-4.881052043,"concave",30.54764904,14.21430678,"high",256.741305,"W","concave.rugged"
"3813","CR08","C","psme","D",3,0,0,0,0,0,0,1,1,1,0,0,38.12,2304.43609,-4.881052043,"concave",30.54764904,14.21430678,"high",256.741305,"W","concave.rugged"
"3814","CR08","C","psme","D",4,0,0,0,0,0,0,1,1,1,0,0,38.12,2304.43609,-4.881052043,"concave",30.54764904,14.21430678,"high",256.741305,"W","concave.rugged"
"3815","CR08","C","psme","D",5,0,0,0,0,0,0,1,0,1,0,0,38.12,2304.43609,-4.881052043,"concave",30.54764904,14.21430678,"high",256.741305,"W","concave.rugged"
"3816","CR08","C","psme","D",6,0,0,0,0,0,0,1,0,1,0,0,38.12,2304.43609,-4.881052043,"concave",30.54764904,14.21430678,"high",256.741305,"W","concave.rugged"
"3817","CR08","C","psme","D",7,0,0,0,0,0,0,1,0,1,0,0,38.12,2304.43609,-4.881052043,"concave",30.54764904,14.21430678,"high",256.741305,"W","concave.rugged"
"3818","CR08","C","psme","D",8,0,0,0,0,0,0,1,0,1,0,0,38.12,2304.43609,-4.881052043,"concave",30.54764904,14.21430678,"high",256.741305,"W","concave.rugged"
"3819","CR08","C","psme","D",9,0,0,0,0,0,0,1,0,1,0,0,38.12,2304.43609,-4.881052043,"concave",30.54764904,14.21430678,"high",256.741305,"W","concave.rugged"
"3820","CR08","C","psme","D",10,0,0,0,0,0,0,1,0,1,0,0,38.12,2304.43609,-4.881052043,"concave",30.54764904,14.21430678,"high",256.741305,"W","concave.rugged"
"3821","CR08","E","pico","D",1,0,0,0,0,0,0,0,1,1,0,0,38.12,2304.43609,-4.881052043,"concave",30.54764904,14.21430678,"high",256.741305,"W","concave.rugged"
"3822","CR08","E","pico","D",2,0,0,0,0,0,0,0,1,1,0,0,38.12,2304.43609,-4.881052043,"concave",30.54764904,14.21430678,"high",256.741305,"W","concave.rugged"
"3823","CR08","E","pico","D",3,0,0,0,0,0,0,0,1,1,0,0,38.12,2304.43609,-4.881052043,"concave",30.54764904,14.21430678,"high",256.741305,"W","concave.rugged"
"3824","CR08","E","pico","D",4,1,0,1,1,0,0,0,1,1,0,0,38.12,2304.43609,-4.881052043,"concave",30.54764904,14.21430678,"high",256.741305,"W","concave.rugged"
"3825","CR08","E","pico","D",5,0,0,0,0,0,0,0,1,1,0,0,38.12,2304.43609,-4.881052043,"concave",30.54764904,14.21430678,"high",256.741305,"W","concave.rugged"
"3826","CR08","E","pico","D",6,0,0,0,0,0,0,0,1,1,0,0,38.12,2304.43609,-4.881052043,"concave",30.54764904,14.21430678,"high",256.741305,"W","concave.rugged"
"3827","CR08","E","pico","D",7,0,0,0,0,0,0,0,1,1,0,0,38.12,2304.43609,-4.881052043,"concave",30.54764904,14.21430678,"high",256.741305,"W","concave.rugged"
"3828","CR08","E","pico","D",8,0,0,0,0,0,0,0,1,1,0,0,38.12,2304.43609,-4.881052043,"concave",30.54764904,14.21430678,"high",256.741305,"W","concave.rugged"
"3829","CR08","E","pico","D",9,0,0,0,0,0,0,0,1,1,0,0,38.12,2304.43609,-4.881052043,"concave",30.54764904,14.21430678,"high",256.741305,"W","concave.rugged"
"3830","CR08","E","pico","D",10,0,0,0,0,0,0,0,1,1,0,0,38.12,2304.43609,-4.881052043,"concave",30.54764904,14.21430678,"high",256.741305,"W","concave.rugged"
"3831","CR08","E","psme","D",1,0,0,0,0,0,0,1,0,1,0,0,38.12,2304.43609,-4.881052043,"concave",30.54764904,14.21430678,"high",256.741305,"W","concave.rugged"
"3832","CR08","E","psme","D",2,0,0,0,0,0,0,1,0,1,0,0,38.12,2304.43609,-4.881052043,"concave",30.54764904,14.21430678,"high",256.741305,"W","concave.rugged"
"3833","CR08","E","psme","D",3,0,0,0,0,0,0,1,0,1,0,0,38.12,2304.43609,-4.881052043,"concave",30.54764904,14.21430678,"high",256.741305,"W","concave.rugged"
"3834","CR08","E","psme","D",4,0,0,0,0,0,0,1,0,1,0,0,38.12,2304.43609,-4.881052043,"concave",30.54764904,14.21430678,"high",256.741305,"W","concave.rugged"
"3835","CR08","E","psme","D",5,0,0,0,0,0,0,1,0,1,0,0,38.12,2304.43609,-4.881052043,"concave",30.54764904,14.21430678,"high",256.741305,"W","concave.rugged"
"3836","CR08","E","psme","D",6,0,0,0,0,0,0,1,0,1,0,0,38.12,2304.43609,-4.881052043,"concave",30.54764904,14.21430678,"high",256.741305,"W","concave.rugged"
"3837","CR08","E","psme","D",7,0,0,0,0,0,0,1,0,1,0,0,38.12,2304.43609,-4.881052043,"concave",30.54764904,14.21430678,"high",256.741305,"W","concave.rugged"
"3838","CR08","E","psme","D",8,0,0,0,0,0,0,1,0,1,0,0,38.12,2304.43609,-4.881052043,"concave",30.54764904,14.21430678,"high",256.741305,"W","concave.rugged"
"3839","CR08","E","psme","D",9,0,0,0,0,0,0,1,0,1,0,0,38.12,2304.43609,-4.881052043,"concave",30.54764904,14.21430678,"high",256.741305,"W","concave.rugged"
"3840","CR08","E","psme","D",10,0,0,0,0,0,0,1,0,1,0,0,38.12,2304.43609,-4.881052043,"concave",30.54764904,14.21430678,"high",256.741305,"W","concave.rugged"
"3841","CR08","N","pico","D",1,0,0,0,0,0,0,0,0,0,1,0,38.12,2304.43609,-4.881052043,"concave",30.54764904,14.21430678,"high",256.741305,"W","concave.rugged"
"3842","CR08","N","pico","D",2,0,0,0,0,0,0,0,0,0,1,0,38.12,2304.43609,-4.881052043,"concave",30.54764904,14.21430678,"high",256.741305,"W","concave.rugged"
"3843","CR08","N","pico","D",3,0,0,0,0,0,0,0,0,0,1,0,38.12,2304.43609,-4.881052043,"concave",30.54764904,14.21430678,"high",256.741305,"W","concave.rugged"
"3844","CR08","N","pico","D",4,0,0,0,0,0,0,0,0,0,1,0,38.12,2304.43609,-4.881052043,"concave",30.54764904,14.21430678,"high",256.741305,"W","concave.rugged"
"3845","CR08","N","pico","D",5,0,0,0,0,0,0,0,0,0,1,0,38.12,2304.43609,-4.881052043,"concave",30.54764904,14.21430678,"high",256.741305,"W","concave.rugged"
"3846","CR08","N","pico","D",6,0,0,0,0,0,0,0,0,0,1,0,38.12,2304.43609,-4.881052043,"concave",30.54764904,14.21430678,"high",256.741305,"W","concave.rugged"
"3847","CR08","N","pico","D",7,0,0,0,0,0,0,0,0,0,1,0,38.12,2304.43609,-4.881052043,"concave",30.54764904,14.21430678,"high",256.741305,"W","concave.rugged"
"3848","CR08","N","pico","D",8,0,0,0,0,0,0,0,0,0,1,0,38.12,2304.43609,-4.881052043,"concave",30.54764904,14.21430678,"high",256.741305,"W","concave.rugged"
"3849","CR08","N","pico","D",9,0,0,0,0,0,0,0,0,0,1,0,38.12,2304.43609,-4.881052043,"concave",30.54764904,14.21430678,"high",256.741305,"W","concave.rugged"
"3850","CR08","N","pico","D",10,0,0,0,0,0,0,0,0,0,1,0,38.12,2304.43609,-4.881052043,"concave",30.54764904,14.21430678,"high",256.741305,"W","concave.rugged"
"3851","CR08","N","psme","D",1,0,0,0,0,0,0,0,0,0,1,0,38.12,2304.43609,-4.881052043,"concave",30.54764904,14.21430678,"high",256.741305,"W","concave.rugged"
"3852","CR08","N","psme","D",2,0,0,0,0,0,0,0,0,0,1,0,38.12,2304.43609,-4.881052043,"concave",30.54764904,14.21430678,"high",256.741305,"W","concave.rugged"
"3853","CR08","N","psme","D",3,0,0,0,0,0,0,0,0,0,1,0,38.12,2304.43609,-4.881052043,"concave",30.54764904,14.21430678,"high",256.741305,"W","concave.rugged"
"3854","CR08","N","psme","D",4,0,0,0,0,0,0,0,0,0,1,0,38.12,2304.43609,-4.881052043,"concave",30.54764904,14.21430678,"high",256.741305,"W","concave.rugged"
"3855","CR08","N","psme","D",5,0,0,0,0,0,0,0,1,1,0,0,38.12,2304.43609,-4.881052043,"concave",30.54764904,14.21430678,"high",256.741305,"W","concave.rugged"
"3856","CR08","N","psme","D",6,0,0,0,0,0,0,0,1,1,0,0,38.12,2304.43609,-4.881052043,"concave",30.54764904,14.21430678,"high",256.741305,"W","concave.rugged"
"3857","CR08","N","psme","D",7,0,0,0,0,0,0,0,1,1,0,0,38.12,2304.43609,-4.881052043,"concave",30.54764904,14.21430678,"high",256.741305,"W","concave.rugged"
"3858","CR08","N","psme","D",8,0,0,0,0,0,0,1,1,1,0,0,38.12,2304.43609,-4.881052043,"concave",30.54764904,14.21430678,"high",256.741305,"W","concave.rugged"
"3859","CR08","N","psme","D",9,0,0,0,0,0,0,1,1,1,0,0,38.12,2304.43609,-4.881052043,"concave",30.54764904,14.21430678,"high",256.741305,"W","concave.rugged"
"3860","CR08","N","psme","D",10,0,0,0,0,0,0,1,1,1,0,0,38.12,2304.43609,-4.881052043,"concave",30.54764904,14.21430678,"high",256.741305,"W","concave.rugged"
"3861","CR08","S","pico","D",1,0,0,0,0,0,0,0,0,0,1,0,38.12,2304.43609,-4.881052043,"concave",30.54764904,14.21430678,"high",256.741305,"W","concave.rugged"
"3862","CR08","S","pico","D",2,0,0,0,0,0,0,0,0,0,1,0,38.12,2304.43609,-4.881052043,"concave",30.54764904,14.21430678,"high",256.741305,"W","concave.rugged"
"3863","CR08","S","pico","D",3,1,0,1,1,0,0,0,0,0,1,0,38.12,2304.43609,-4.881052043,"concave",30.54764904,14.21430678,"high",256.741305,"W","concave.rugged"
"3864","CR08","S","pico","D",4,0,0,0,0,0,0,0,0,0,1,0,38.12,2304.43609,-4.881052043,"concave",30.54764904,14.21430678,"high",256.741305,"W","concave.rugged"
"3865","CR08","S","pico","D",5,0,0,0,0,0,0,0,0,0,1,0,38.12,2304.43609,-4.881052043,"concave",30.54764904,14.21430678,"high",256.741305,"W","concave.rugged"
"3866","CR08","S","pico","D",6,0,0,0,0,0,0,0,0,0,1,0,38.12,2304.43609,-4.881052043,"concave",30.54764904,14.21430678,"high",256.741305,"W","concave.rugged"
"3867","CR08","S","pico","D",7,0,0,0,0,0,0,0,0,0,1,0,38.12,2304.43609,-4.881052043,"concave",30.54764904,14.21430678,"high",256.741305,"W","concave.rugged"
"3868","CR08","S","pico","D",8,0,0,0,0,0,0,0,0,0,1,0,38.12,2304.43609,-4.881052043,"concave",30.54764904,14.21430678,"high",256.741305,"W","concave.rugged"
"3869","CR08","S","pico","D",9,0,0,0,0,0,0,0,0,0,1,0,38.12,2304.43609,-4.881052043,"concave",30.54764904,14.21430678,"high",256.741305,"W","concave.rugged"
"3870","CR08","S","pico","D",10,0,0,0,0,0,0,0,0,0,1,0,38.12,2304.43609,-4.881052043,"concave",30.54764904,14.21430678,"high",256.741305,"W","concave.rugged"
"3871","CR08","S","psme","D",1,0,0,0,0,0,0,0,0,0,1,0,38.12,2304.43609,-4.881052043,"concave",30.54764904,14.21430678,"high",256.741305,"W","concave.rugged"
"3872","CR08","S","psme","D",2,0,0,0,0,0,0,0,0,0,1,0,38.12,2304.43609,-4.881052043,"concave",30.54764904,14.21430678,"high",256.741305,"W","concave.rugged"
"3873","CR08","S","psme","D",3,0,0,0,0,0,0,0,0,0,1,0,38.12,2304.43609,-4.881052043,"concave",30.54764904,14.21430678,"high",256.741305,"W","concave.rugged"
"3874","CR08","S","psme","D",4,0,0,0,0,0,0,0,0,0,1,0,38.12,2304.43609,-4.881052043,"concave",30.54764904,14.21430678,"high",256.741305,"W","concave.rugged"
"3875","CR08","S","psme","D",5,0,0,0,0,0,0,0,0,0,1,0,38.12,2304.43609,-4.881052043,"concave",30.54764904,14.21430678,"high",256.741305,"W","concave.rugged"
"3876","CR08","S","psme","D",6,0,0,0,0,0,0,0,0,0,1,0,38.12,2304.43609,-4.881052043,"concave",30.54764904,14.21430678,"high",256.741305,"W","concave.rugged"
"3877","CR08","S","psme","D",7,0,0,0,0,0,0,0,0,0,1,0,38.12,2304.43609,-4.881052043,"concave",30.54764904,14.21430678,"high",256.741305,"W","concave.rugged"
"3878","CR08","S","psme","D",8,0,0,0,0,0,0,0,0,0,1,0,38.12,2304.43609,-4.881052043,"concave",30.54764904,14.21430678,"high",256.741305,"W","concave.rugged"
"3879","CR08","S","psme","D",9,0,0,0,0,0,0,0,0,0,1,0,38.12,2304.43609,-4.881052043,"concave",30.54764904,14.21430678,"high",256.741305,"W","concave.rugged"
"3880","CR08","S","psme","D",10,0,0,0,0,0,0,0,0,0,1,0,38.12,2304.43609,-4.881052043,"concave",30.54764904,14.21430678,"high",256.741305,"W","concave.rugged"
"3881","CR08","W","pico","D",1,0,0,0,0,0,0,0,0,0,1,0,38.12,2304.43609,-4.881052043,"concave",30.54764904,14.21430678,"high",256.741305,"W","concave.rugged"
"3882","CR08","W","pico","D",2,0,0,0,0,0,0,0,0,0,1,0,38.12,2304.43609,-4.881052043,"concave",30.54764904,14.21430678,"high",256.741305,"W","concave.rugged"
"3883","CR08","W","pico","D",3,0,0,0,0,0,0,0,0,0,1,0,38.12,2304.43609,-4.881052043,"concave",30.54764904,14.21430678,"high",256.741305,"W","concave.rugged"
"3884","CR08","W","pico","D",4,0,0,0,0,0,0,0,0,0,1,0,38.12,2304.43609,-4.881052043,"concave",30.54764904,14.21430678,"high",256.741305,"W","concave.rugged"
"3885","CR08","W","pico","D",5,0,0,0,0,0,0,0,0,0,1,0,38.12,2304.43609,-4.881052043,"concave",30.54764904,14.21430678,"high",256.741305,"W","concave.rugged"
"3886","CR08","W","pico","D",6,0,0,0,0,0,0,0,0,0,1,0,38.12,2304.43609,-4.881052043,"concave",30.54764904,14.21430678,"high",256.741305,"W","concave.rugged"
"3887","CR08","W","pico","D",7,1,0,1,0,0,0,0,0,0,1,0,38.12,2304.43609,-4.881052043,"concave",30.54764904,14.21430678,"high",256.741305,"W","concave.rugged"
"3888","CR08","W","pico","D",8,0,0,0,0,0,0,0,0,0,1,0,38.12,2304.43609,-4.881052043,"concave",30.54764904,14.21430678,"high",256.741305,"W","concave.rugged"
"3889","CR08","W","pico","D",9,0,0,0,0,0,0,0,0,0,1,0,38.12,2304.43609,-4.881052043,"concave",30.54764904,14.21430678,"high",256.741305,"W","concave.rugged"
"3890","CR08","W","pico","D",10,0,0,0,0,0,0,0,0,0,1,0,38.12,2304.43609,-4.881052043,"concave",30.54764904,14.21430678,"high",256.741305,"W","concave.rugged"
"3891","CR08","W","psme","D",1,0,0,0,0,0,0,0,0,0,1,0,38.12,2304.43609,-4.881052043,"concave",30.54764904,14.21430678,"high",256.741305,"W","concave.rugged"
"3892","CR08","W","psme","D",2,0,0,0,0,0,0,0,1,1,0,0,38.12,2304.43609,-4.881052043,"concave",30.54764904,14.21430678,"high",256.741305,"W","concave.rugged"
"3893","CR08","W","psme","D",3,0,0,0,0,0,0,0,1,1,0,0,38.12,2304.43609,-4.881052043,"concave",30.54764904,14.21430678,"high",256.741305,"W","concave.rugged"
"3894","CR08","W","psme","D",4,0,0,0,0,0,0,0,0,0,1,0,38.12,2304.43609,-4.881052043,"concave",30.54764904,14.21430678,"high",256.741305,"W","concave.rugged"
"3895","CR08","W","psme","D",5,0,0,0,0,0,0,0,0,0,1,0,38.12,2304.43609,-4.881052043,"concave",30.54764904,14.21430678,"high",256.741305,"W","concave.rugged"
"3896","CR08","W","psme","D",6,0,0,0,0,0,0,0,0,0,1,0,38.12,2304.43609,-4.881052043,"concave",30.54764904,14.21430678,"high",256.741305,"W","concave.rugged"
"3897","CR08","W","psme","D",7,0,0,0,0,0,0,1,0,1,0,0,38.12,2304.43609,-4.881052043,"concave",30.54764904,14.21430678,"high",256.741305,"W","concave.rugged"
"3898","CR08","W","psme","D",8,0,0,0,0,0,0,1,0,1,0,0,38.12,2304.43609,-4.881052043,"concave",30.54764904,14.21430678,"high",256.741305,"W","concave.rugged"
"3899","CR08","W","psme","D",9,0,0,0,0,0,0,1,0,1,0,0,38.12,2304.43609,-4.881052043,"concave",30.54764904,14.21430678,"high",256.741305,"W","concave.rugged"
"3900","CR08","W","psme","D",10,0,0,0,0,0,0,1,0,1,0,0,38.12,2304.43609,-4.881052043,"concave",30.54764904,14.21430678,"high",256.741305,"W","concave.rugged"
"3901","CR08","C","pico","E",1,1,0,1,1,0,0,0,0,0,1,0,38.12,2304.43609,-4.881052043,"concave",30.54764904,14.21430678,"high",256.741305,"W","concave.rugged"
"3902","CR08","C","pico","E",2,0,0,0,0,0,0,0,0,0,1,0,38.12,2304.43609,-4.881052043,"concave",30.54764904,14.21430678,"high",256.741305,"W","concave.rugged"
"3903","CR08","C","pico","E",3,0,0,0,0,0,0,0,0,0,1,0,38.12,2304.43609,-4.881052043,"concave",30.54764904,14.21430678,"high",256.741305,"W","concave.rugged"
"3904","CR08","C","pico","E",4,0,0,0,0,0,0,0,0,0,1,0,38.12,2304.43609,-4.881052043,"concave",30.54764904,14.21430678,"high",256.741305,"W","concave.rugged"
"3905","CR08","C","pico","E",5,0,0,0,0,0,0,1,0,1,0,0,38.12,2304.43609,-4.881052043,"concave",30.54764904,14.21430678,"high",256.741305,"W","concave.rugged"
"3906","CR08","C","pico","E",6,0,0,0,0,0,0,1,0,1,0,0,38.12,2304.43609,-4.881052043,"concave",30.54764904,14.21430678,"high",256.741305,"W","concave.rugged"
"3907","CR08","C","pico","E",7,0,0,0,0,0,0,0,0,0,1,0,38.12,2304.43609,-4.881052043,"concave",30.54764904,14.21430678,"high",256.741305,"W","concave.rugged"
"3908","CR08","C","pico","E",8,0,0,0,0,0,0,0,0,0,1,0,38.12,2304.43609,-4.881052043,"concave",30.54764904,14.21430678,"high",256.741305,"W","concave.rugged"
"3909","CR08","C","pico","E",9,0,0,0,0,0,0,0,0,0,1,0,38.12,2304.43609,-4.881052043,"concave",30.54764904,14.21430678,"high",256.741305,"W","concave.rugged"
"3910","CR08","C","pico","E",10,0,0,0,0,0,0,0,0,0,1,0,38.12,2304.43609,-4.881052043,"concave",30.54764904,14.21430678,"high",256.741305,"W","concave.rugged"
"3911","CR08","C","psme","E",1,0,0,0,0,0,0,1,1,1,0,0,38.12,2304.43609,-4.881052043,"concave",30.54764904,14.21430678,"high",256.741305,"W","concave.rugged"
"3912","CR08","C","psme","E",2,0,0,0,0,0,0,1,1,1,0,0,38.12,2304.43609,-4.881052043,"concave",30.54764904,14.21430678,"high",256.741305,"W","concave.rugged"
"3913","CR08","C","psme","E",3,0,0,0,0,0,0,1,1,1,0,0,38.12,2304.43609,-4.881052043,"concave",30.54764904,14.21430678,"high",256.741305,"W","concave.rugged"
"3914","CR08","C","psme","E",4,0,0,0,0,0,0,1,1,1,0,0,38.12,2304.43609,-4.881052043,"concave",30.54764904,14.21430678,"high",256.741305,"W","concave.rugged"
"3915","CR08","C","psme","E",5,0,0,0,0,0,0,1,0,1,0,0,38.12,2304.43609,-4.881052043,"concave",30.54764904,14.21430678,"high",256.741305,"W","concave.rugged"
"3916","CR08","C","psme","E",6,0,0,0,0,0,0,1,0,1,0,0,38.12,2304.43609,-4.881052043,"concave",30.54764904,14.21430678,"high",256.741305,"W","concave.rugged"
"3917","CR08","C","psme","E",7,0,0,0,0,0,0,1,0,1,0,0,38.12,2304.43609,-4.881052043,"concave",30.54764904,14.21430678,"high",256.741305,"W","concave.rugged"
"3918","CR08","C","psme","E",8,0,0,0,0,0,0,1,0,1,0,0,38.12,2304.43609,-4.881052043,"concave",30.54764904,14.21430678,"high",256.741305,"W","concave.rugged"
"3919","CR08","C","psme","E",9,0,0,0,0,0,0,1,0,1,0,0,38.12,2304.43609,-4.881052043,"concave",30.54764904,14.21430678,"high",256.741305,"W","concave.rugged"
"3920","CR08","C","psme","E",10,0,0,0,0,0,0,1,0,1,0,0,38.12,2304.43609,-4.881052043,"concave",30.54764904,14.21430678,"high",256.741305,"W","concave.rugged"
"3921","CR08","E","pico","E",1,0,0,0,0,0,0,0,1,1,0,0,38.12,2304.43609,-4.881052043,"concave",30.54764904,14.21430678,"high",256.741305,"W","concave.rugged"
"3922","CR08","E","pico","E",2,0,0,0,0,0,0,0,1,1,0,0,38.12,2304.43609,-4.881052043,"concave",30.54764904,14.21430678,"high",256.741305,"W","concave.rugged"
"3923","CR08","E","pico","E",3,0,0,0,0,0,0,0,1,1,0,0,38.12,2304.43609,-4.881052043,"concave",30.54764904,14.21430678,"high",256.741305,"W","concave.rugged"
"3924","CR08","E","pico","E",4,0,0,0,0,0,0,0,1,1,0,0,38.12,2304.43609,-4.881052043,"concave",30.54764904,14.21430678,"high",256.741305,"W","concave.rugged"
"3925","CR08","E","pico","E",5,0,0,0,0,0,0,0,1,1,0,0,38.12,2304.43609,-4.881052043,"concave",30.54764904,14.21430678,"high",256.741305,"W","concave.rugged"
"3926","CR08","E","pico","E",6,0,0,0,0,0,0,0,1,1,0,0,38.12,2304.43609,-4.881052043,"concave",30.54764904,14.21430678,"high",256.741305,"W","concave.rugged"
"3927","CR08","E","pico","E",7,0,0,0,0,0,0,0,1,1,0,0,38.12,2304.43609,-4.881052043,"concave",30.54764904,14.21430678,"high",256.741305,"W","concave.rugged"
"3928","CR08","E","pico","E",8,0,0,0,0,0,0,0,1,1,0,0,38.12,2304.43609,-4.881052043,"concave",30.54764904,14.21430678,"high",256.741305,"W","concave.rugged"
"3929","CR08","E","pico","E",9,0,0,0,0,0,0,0,1,1,0,0,38.12,2304.43609,-4.881052043,"concave",30.54764904,14.21430678,"high",256.741305,"W","concave.rugged"
"3930","CR08","E","pico","E",10,0,0,0,0,0,0,0,1,1,0,0,38.12,2304.43609,-4.881052043,"concave",30.54764904,14.21430678,"high",256.741305,"W","concave.rugged"
"3931","CR08","E","psme","E",1,0,0,0,0,0,0,1,0,1,0,0,38.12,2304.43609,-4.881052043,"concave",30.54764904,14.21430678,"high",256.741305,"W","concave.rugged"
"3932","CR08","E","psme","E",2,0,0,0,0,0,0,1,0,1,0,0,38.12,2304.43609,-4.881052043,"concave",30.54764904,14.21430678,"high",256.741305,"W","concave.rugged"
"3933","CR08","E","psme","E",3,0,0,0,0,0,0,1,0,1,0,0,38.12,2304.43609,-4.881052043,"concave",30.54764904,14.21430678,"high",256.741305,"W","concave.rugged"
"3934","CR08","E","psme","E",4,0,0,0,0,0,0,1,0,1,0,0,38.12,2304.43609,-4.881052043,"concave",30.54764904,14.21430678,"high",256.741305,"W","concave.rugged"
"3935","CR08","E","psme","E",5,0,0,0,0,0,0,1,0,1,0,0,38.12,2304.43609,-4.881052043,"concave",30.54764904,14.21430678,"high",256.741305,"W","concave.rugged"
"3936","CR08","E","psme","E",6,0,0,0,0,0,0,1,0,1,0,0,38.12,2304.43609,-4.881052043,"concave",30.54764904,14.21430678,"high",256.741305,"W","concave.rugged"
"3937","CR08","E","psme","E",7,0,0,0,0,0,0,1,0,1,0,0,38.12,2304.43609,-4.881052043,"concave",30.54764904,14.21430678,"high",256.741305,"W","concave.rugged"
"3938","CR08","E","psme","E",8,0,0,0,0,0,0,1,0,1,0,0,38.12,2304.43609,-4.881052043,"concave",30.54764904,14.21430678,"high",256.741305,"W","concave.rugged"
"3939","CR08","E","psme","E",9,0,0,0,0,0,0,1,0,1,0,0,38.12,2304.43609,-4.881052043,"concave",30.54764904,14.21430678,"high",256.741305,"W","concave.rugged"
"3940","CR08","E","psme","E",10,0,0,0,0,0,0,1,0,1,0,0,38.12,2304.43609,-4.881052043,"concave",30.54764904,14.21430678,"high",256.741305,"W","concave.rugged"
"3941","CR08","N","pico","E",1,0,0,0,0,0,0,1,0,1,0,0,38.12,2304.43609,-4.881052043,"concave",30.54764904,14.21430678,"high",256.741305,"W","concave.rugged"
"3942","CR08","N","pico","E",2,0,0,0,0,0,0,1,0,1,0,0,38.12,2304.43609,-4.881052043,"concave",30.54764904,14.21430678,"high",256.741305,"W","concave.rugged"
"3943","CR08","N","pico","E",3,0,0,0,0,0,0,0,0,0,1,0,38.12,2304.43609,-4.881052043,"concave",30.54764904,14.21430678,"high",256.741305,"W","concave.rugged"
"3944","CR08","N","pico","E",4,0,0,0,0,0,0,0,0,0,1,0,38.12,2304.43609,-4.881052043,"concave",30.54764904,14.21430678,"high",256.741305,"W","concave.rugged"
"3945","CR08","N","pico","E",5,0,0,0,0,0,0,0,0,0,1,0,38.12,2304.43609,-4.881052043,"concave",30.54764904,14.21430678,"high",256.741305,"W","concave.rugged"
"3946","CR08","N","pico","E",6,0,0,0,0,0,0,0,0,0,1,0,38.12,2304.43609,-4.881052043,"concave",30.54764904,14.21430678,"high",256.741305,"W","concave.rugged"
"3947","CR08","N","pico","E",7,0,0,0,0,0,0,0,0,0,1,0,38.12,2304.43609,-4.881052043,"concave",30.54764904,14.21430678,"high",256.741305,"W","concave.rugged"
"3948","CR08","N","pico","E",8,0,0,0,0,0,0,0,0,0,1,0,38.12,2304.43609,-4.881052043,"concave",30.54764904,14.21430678,"high",256.741305,"W","concave.rugged"
"3949","CR08","N","pico","E",9,0,0,0,0,0,0,0,0,0,1,0,38.12,2304.43609,-4.881052043,"concave",30.54764904,14.21430678,"high",256.741305,"W","concave.rugged"
"3950","CR08","N","pico","E",10,0,0,0,0,0,0,0,0,0,1,0,38.12,2304.43609,-4.881052043,"concave",30.54764904,14.21430678,"high",256.741305,"W","concave.rugged"
"3951","CR08","N","psme","E",1,0,0,0,0,0,0,1,0,1,0,0,38.12,2304.43609,-4.881052043,"concave",30.54764904,14.21430678,"high",256.741305,"W","concave.rugged"
"3952","CR08","N","psme","E",2,0,0,0,0,0,0,1,0,1,0,0,38.12,2304.43609,-4.881052043,"concave",30.54764904,14.21430678,"high",256.741305,"W","concave.rugged"
"3953","CR08","N","psme","E",3,0,0,0,0,0,0,1,0,1,0,0,38.12,2304.43609,-4.881052043,"concave",30.54764904,14.21430678,"high",256.741305,"W","concave.rugged"
"3954","CR08","N","psme","E",4,0,0,0,0,0,0,0,0,0,1,0,38.12,2304.43609,-4.881052043,"concave",30.54764904,14.21430678,"high",256.741305,"W","concave.rugged"
"3955","CR08","N","psme","E",5,0,0,0,0,0,0,0,1,1,0,0,38.12,2304.43609,-4.881052043,"concave",30.54764904,14.21430678,"high",256.741305,"W","concave.rugged"
"3956","CR08","N","psme","E",6,0,0,0,0,0,0,0,1,1,0,0,38.12,2304.43609,-4.881052043,"concave",30.54764904,14.21430678,"high",256.741305,"W","concave.rugged"
"3957","CR08","N","psme","E",7,0,0,0,0,0,0,0,1,1,0,0,38.12,2304.43609,-4.881052043,"concave",30.54764904,14.21430678,"high",256.741305,"W","concave.rugged"
"3958","CR08","N","psme","E",8,0,0,0,0,0,0,1,1,1,0,0,38.12,2304.43609,-4.881052043,"concave",30.54764904,14.21430678,"high",256.741305,"W","concave.rugged"
"3959","CR08","N","psme","E",9,0,0,0,0,0,0,1,1,1,0,0,38.12,2304.43609,-4.881052043,"concave",30.54764904,14.21430678,"high",256.741305,"W","concave.rugged"
"3960","CR08","N","psme","E",10,0,0,0,0,0,0,1,1,1,0,0,38.12,2304.43609,-4.881052043,"concave",30.54764904,14.21430678,"high",256.741305,"W","concave.rugged"
"3961","CR08","S","pico","E",1,0,0,0,0,0,0,0,0,0,1,0,38.12,2304.43609,-4.881052043,"concave",30.54764904,14.21430678,"high",256.741305,"W","concave.rugged"
"3962","CR08","S","pico","E",2,0,0,0,0,0,0,0,1,1,0,0,38.12,2304.43609,-4.881052043,"concave",30.54764904,14.21430678,"high",256.741305,"W","concave.rugged"
"3963","CR08","S","pico","E",3,0,0,0,0,0,0,0,1,1,0,0,38.12,2304.43609,-4.881052043,"concave",30.54764904,14.21430678,"high",256.741305,"W","concave.rugged"
"3964","CR08","S","pico","E",4,0,0,0,0,0,0,0,0,0,1,0,38.12,2304.43609,-4.881052043,"concave",30.54764904,14.21430678,"high",256.741305,"W","concave.rugged"
"3965","CR08","S","pico","E",5,0,0,0,0,0,0,0,0,0,1,0,38.12,2304.43609,-4.881052043,"concave",30.54764904,14.21430678,"high",256.741305,"W","concave.rugged"
"3966","CR08","S","pico","E",6,0,0,0,0,0,0,0,0,0,1,0,38.12,2304.43609,-4.881052043,"concave",30.54764904,14.21430678,"high",256.741305,"W","concave.rugged"
"3967","CR08","S","pico","E",7,0,0,0,0,0,0,0,0,0,1,0,38.12,2304.43609,-4.881052043,"concave",30.54764904,14.21430678,"high",256.741305,"W","concave.rugged"
"3968","CR08","S","pico","E",8,0,0,0,0,0,0,0,0,0,1,0,38.12,2304.43609,-4.881052043,"concave",30.54764904,14.21430678,"high",256.741305,"W","concave.rugged"
"3969","CR08","S","pico","E",9,0,0,0,0,0,0,0,0,0,1,0,38.12,2304.43609,-4.881052043,"concave",30.54764904,14.21430678,"high",256.741305,"W","concave.rugged"
"3970","CR08","S","pico","E",10,0,0,0,0,0,0,0,0,0,1,0,38.12,2304.43609,-4.881052043,"concave",30.54764904,14.21430678,"high",256.741305,"W","concave.rugged"
"3971","CR08","S","psme","E",1,0,0,0,0,0,0,0,0,0,1,0,38.12,2304.43609,-4.881052043,"concave",30.54764904,14.21430678,"high",256.741305,"W","concave.rugged"
"3972","CR08","S","psme","E",2,0,0,0,0,0,0,0,1,1,0,0,38.12,2304.43609,-4.881052043,"concave",30.54764904,14.21430678,"high",256.741305,"W","concave.rugged"
"3973","CR08","S","psme","E",3,0,0,0,0,0,0,0,1,1,0,0,38.12,2304.43609,-4.881052043,"concave",30.54764904,14.21430678,"high",256.741305,"W","concave.rugged"
"3974","CR08","S","psme","E",4,0,0,0,0,0,0,0,1,1,0,0,38.12,2304.43609,-4.881052043,"concave",30.54764904,14.21430678,"high",256.741305,"W","concave.rugged"
"3975","CR08","S","psme","E",5,0,0,0,0,0,0,0,0,0,1,0,38.12,2304.43609,-4.881052043,"concave",30.54764904,14.21430678,"high",256.741305,"W","concave.rugged"
"3976","CR08","S","psme","E",6,0,0,0,0,0,0,0,0,0,1,0,38.12,2304.43609,-4.881052043,"concave",30.54764904,14.21430678,"high",256.741305,"W","concave.rugged"
"3977","CR08","S","psme","E",7,0,0,0,0,0,0,0,0,0,1,0,38.12,2304.43609,-4.881052043,"concave",30.54764904,14.21430678,"high",256.741305,"W","concave.rugged"
"3978","CR08","S","psme","E",8,0,0,0,0,0,0,0,0,0,1,0,38.12,2304.43609,-4.881052043,"concave",30.54764904,14.21430678,"high",256.741305,"W","concave.rugged"
"3979","CR08","S","psme","E",9,0,0,0,0,0,0,0,0,0,1,0,38.12,2304.43609,-4.881052043,"concave",30.54764904,14.21430678,"high",256.741305,"W","concave.rugged"
"3980","CR08","S","psme","E",10,0,0,0,0,0,0,0,0,0,1,0,38.12,2304.43609,-4.881052043,"concave",30.54764904,14.21430678,"high",256.741305,"W","concave.rugged"
"3981","CR08","W","pico","E",1,0,0,0,0,0,0,1,0,1,0,0,38.12,2304.43609,-4.881052043,"concave",30.54764904,14.21430678,"high",256.741305,"W","concave.rugged"
"3982","CR08","W","pico","E",2,0,0,0,0,0,0,1,0,1,0,0,38.12,2304.43609,-4.881052043,"concave",30.54764904,14.21430678,"high",256.741305,"W","concave.rugged"
"3983","CR08","W","pico","E",3,0,0,0,0,0,0,1,0,1,0,0,38.12,2304.43609,-4.881052043,"concave",30.54764904,14.21430678,"high",256.741305,"W","concave.rugged"
"3984","CR08","W","pico","E",4,0,0,0,0,0,0,1,0,1,0,0,38.12,2304.43609,-4.881052043,"concave",30.54764904,14.21430678,"high",256.741305,"W","concave.rugged"
"3985","CR08","W","pico","E",5,0,0,0,0,0,0,1,0,1,0,0,38.12,2304.43609,-4.881052043,"concave",30.54764904,14.21430678,"high",256.741305,"W","concave.rugged"
"3986","CR08","W","pico","E",6,0,0,0,0,0,0,1,0,1,0,0,38.12,2304.43609,-4.881052043,"concave",30.54764904,14.21430678,"high",256.741305,"W","concave.rugged"
"3987","CR08","W","pico","E",7,0,0,0,0,0,0,1,0,1,0,0,38.12,2304.43609,-4.881052043,"concave",30.54764904,14.21430678,"high",256.741305,"W","concave.rugged"
"3988","CR08","W","pico","E",8,0,0,0,0,0,0,1,0,1,0,0,38.12,2304.43609,-4.881052043,"concave",30.54764904,14.21430678,"high",256.741305,"W","concave.rugged"
"3989","CR08","W","pico","E",9,0,0,0,0,0,0,1,0,1,0,0,38.12,2304.43609,-4.881052043,"concave",30.54764904,14.21430678,"high",256.741305,"W","concave.rugged"
"3990","CR08","W","pico","E",10,0,0,0,0,0,0,1,0,1,0,0,38.12,2304.43609,-4.881052043,"concave",30.54764904,14.21430678,"high",256.741305,"W","concave.rugged"
"3991","CR08","W","psme","E",1,0,0,0,0,0,0,0,0,0,1,0,38.12,2304.43609,-4.881052043,"concave",30.54764904,14.21430678,"high",256.741305,"W","concave.rugged"
"3992","CR08","W","psme","E",2,0,0,0,0,0,0,0,0,0,1,0,38.12,2304.43609,-4.881052043,"concave",30.54764904,14.21430678,"high",256.741305,"W","concave.rugged"
"3993","CR08","W","psme","E",3,0,0,0,0,0,0,0,0,0,1,0,38.12,2304.43609,-4.881052043,"concave",30.54764904,14.21430678,"high",256.741305,"W","concave.rugged"
"3994","CR08","W","psme","E",4,0,0,0,0,0,0,0,0,0,1,0,38.12,2304.43609,-4.881052043,"concave",30.54764904,14.21430678,"high",256.741305,"W","concave.rugged"
"3995","CR08","W","psme","E",5,0,0,0,0,0,0,0,0,0,1,0,38.12,2304.43609,-4.881052043,"concave",30.54764904,14.21430678,"high",256.741305,"W","concave.rugged"
"3996","CR08","W","psme","E",6,0,0,0,0,0,0,0,0,0,1,0,38.12,2304.43609,-4.881052043,"concave",30.54764904,14.21430678,"high",256.741305,"W","concave.rugged"
"3997","CR08","W","psme","E",7,0,0,0,0,0,0,1,0,1,0,0,38.12,2304.43609,-4.881052043,"concave",30.54764904,14.21430678,"high",256.741305,"W","concave.rugged"
"3998","CR08","W","psme","E",8,0,0,0,0,0,0,1,0,1,0,0,38.12,2304.43609,-4.881052043,"concave",30.54764904,14.21430678,"high",256.741305,"W","concave.rugged"
"3999","CR08","W","psme","E",9,0,0,0,0,0,0,1,0,1,0,0,38.12,2304.43609,-4.881052043,"concave",30.54764904,14.21430678,"high",256.741305,"W","concave.rugged"
"4000","CR08","W","psme","E",10,0,0,0,0,0,0,1,1,1,0,0,38.12,2304.43609,-4.881052043,"concave",30.54764904,14.21430678,"high",256.741305,"W","concave.rugged"
"4001","CR09","C","pico","A",1,0,0,0,0,0,0,0,0,0,1,0,26.94,2301.031624,-2.298519762,"concave",26.41773623,11.14435954,"high",236.3520098,"SW","concave.rugged"
"4002","CR09","C","pico","A",2,0,0,0,0,0,0,1,0,1,0,0,26.94,2301.031624,-2.298519762,"concave",26.41773623,11.14435954,"high",236.3520098,"SW","concave.rugged"
"4003","CR09","C","pico","A",3,0,0,0,0,0,0,1,0,1,0,0,26.94,2301.031624,-2.298519762,"concave",26.41773623,11.14435954,"high",236.3520098,"SW","concave.rugged"
"4004","CR09","C","pico","A",4,0,0,0,0,0,0,1,0,1,0,0,26.94,2301.031624,-2.298519762,"concave",26.41773623,11.14435954,"high",236.3520098,"SW","concave.rugged"
"4005","CR09","C","pico","A",5,0,0,0,0,0,0,1,0,1,0,0,26.94,2301.031624,-2.298519762,"concave",26.41773623,11.14435954,"high",236.3520098,"SW","concave.rugged"
"4006","CR09","C","pico","A",6,0,0,0,0,0,0,1,0,1,0,0,26.94,2301.031624,-2.298519762,"concave",26.41773623,11.14435954,"high",236.3520098,"SW","concave.rugged"
"4007","CR09","C","pico","A",7,0,0,0,0,0,0,1,0,1,0,0,26.94,2301.031624,-2.298519762,"concave",26.41773623,11.14435954,"high",236.3520098,"SW","concave.rugged"
"4008","CR09","C","pico","A",8,0,0,0,0,0,0,1,0,1,0,0,26.94,2301.031624,-2.298519762,"concave",26.41773623,11.14435954,"high",236.3520098,"SW","concave.rugged"
"4009","CR09","C","pico","A",9,0,0,0,0,0,0,1,0,1,0,0,26.94,2301.031624,-2.298519762,"concave",26.41773623,11.14435954,"high",236.3520098,"SW","concave.rugged"
"4010","CR09","C","pico","A",10,0,0,0,0,0,0,0,0,0,1,0,26.94,2301.031624,-2.298519762,"concave",26.41773623,11.14435954,"high",236.3520098,"SW","concave.rugged"
"4011","CR09","C","psme","A",1,0,0,0,0,0,0,0,0,0,1,0,26.94,2301.031624,-2.298519762,"concave",26.41773623,11.14435954,"high",236.3520098,"SW","concave.rugged"
"4012","CR09","C","psme","A",2,0,0,0,0,0,0,0,0,0,1,0,26.94,2301.031624,-2.298519762,"concave",26.41773623,11.14435954,"high",236.3520098,"SW","concave.rugged"
"4013","CR09","C","psme","A",3,0,0,0,0,0,0,1,0,1,0,0,26.94,2301.031624,-2.298519762,"concave",26.41773623,11.14435954,"high",236.3520098,"SW","concave.rugged"
"4014","CR09","C","psme","A",4,0,0,0,0,0,0,1,0,1,0,0,26.94,2301.031624,-2.298519762,"concave",26.41773623,11.14435954,"high",236.3520098,"SW","concave.rugged"
"4015","CR09","C","psme","A",5,0,0,0,0,0,0,1,0,1,0,0,26.94,2301.031624,-2.298519762,"concave",26.41773623,11.14435954,"high",236.3520098,"SW","concave.rugged"
"4016","CR09","C","psme","A",6,0,0,0,0,0,0,1,0,1,0,0,26.94,2301.031624,-2.298519762,"concave",26.41773623,11.14435954,"high",236.3520098,"SW","concave.rugged"
"4017","CR09","C","psme","A",7,0,0,0,0,0,0,0,0,0,1,0,26.94,2301.031624,-2.298519762,"concave",26.41773623,11.14435954,"high",236.3520098,"SW","concave.rugged"
"4018","CR09","C","psme","A",8,0,0,0,0,0,0,0,0,0,1,0,26.94,2301.031624,-2.298519762,"concave",26.41773623,11.14435954,"high",236.3520098,"SW","concave.rugged"
"4019","CR09","C","psme","A",9,1,0,1,0,0,0,0,0,0,1,0,26.94,2301.031624,-2.298519762,"concave",26.41773623,11.14435954,"high",236.3520098,"SW","concave.rugged"
"4020","CR09","C","psme","A",10,0,0,0,0,0,0,0,0,0,1,0,26.94,2301.031624,-2.298519762,"concave",26.41773623,11.14435954,"high",236.3520098,"SW","concave.rugged"
"4021","CR09","E","pico","A",1,0,0,0,0,0,0,0,0,0,1,0,26.94,2301.031624,-2.298519762,"concave",26.41773623,11.14435954,"high",236.3520098,"SW","concave.rugged"
"4022","CR09","E","pico","A",2,0,0,0,0,0,0,0,0,0,1,0,26.94,2301.031624,-2.298519762,"concave",26.41773623,11.14435954,"high",236.3520098,"SW","concave.rugged"
"4023","CR09","E","pico","A",3,0,0,0,0,0,0,0,0,0,1,0,26.94,2301.031624,-2.298519762,"concave",26.41773623,11.14435954,"high",236.3520098,"SW","concave.rugged"
"4024","CR09","E","pico","A",4,0,0,0,0,0,0,0,0,0,1,0,26.94,2301.031624,-2.298519762,"concave",26.41773623,11.14435954,"high",236.3520098,"SW","concave.rugged"
"4025","CR09","E","pico","A",5,0,0,0,0,0,0,0,0,0,1,0,26.94,2301.031624,-2.298519762,"concave",26.41773623,11.14435954,"high",236.3520098,"SW","concave.rugged"
"4026","CR09","E","pico","A",6,0,0,0,0,0,0,0,0,0,1,0,26.94,2301.031624,-2.298519762,"concave",26.41773623,11.14435954,"high",236.3520098,"SW","concave.rugged"
"4027","CR09","E","pico","A",7,0,0,0,0,0,0,0,0,0,1,0,26.94,2301.031624,-2.298519762,"concave",26.41773623,11.14435954,"high",236.3520098,"SW","concave.rugged"
"4028","CR09","E","pico","A",8,0,0,0,0,0,0,0,0,0,1,0,26.94,2301.031624,-2.298519762,"concave",26.41773623,11.14435954,"high",236.3520098,"SW","concave.rugged"
"4029","CR09","E","pico","A",9,0,0,0,0,0,0,0,0,0,1,0,26.94,2301.031624,-2.298519762,"concave",26.41773623,11.14435954,"high",236.3520098,"SW","concave.rugged"
"4030","CR09","E","pico","A",10,1,0,1,0,0,0,0,0,0,1,0,26.94,2301.031624,-2.298519762,"concave",26.41773623,11.14435954,"high",236.3520098,"SW","concave.rugged"
"4031","CR09","E","psme","A",1,0,0,0,0,0,0,0,0,0,1,0,26.94,2301.031624,-2.298519762,"concave",26.41773623,11.14435954,"high",236.3520098,"SW","concave.rugged"
"4032","CR09","E","psme","A",2,0,0,0,0,0,0,0,0,0,1,0,26.94,2301.031624,-2.298519762,"concave",26.41773623,11.14435954,"high",236.3520098,"SW","concave.rugged"
"4033","CR09","E","psme","A",3,0,0,0,0,0,0,0,0,0,1,0,26.94,2301.031624,-2.298519762,"concave",26.41773623,11.14435954,"high",236.3520098,"SW","concave.rugged"
"4034","CR09","E","psme","A",4,0,0,0,0,0,0,0,0,0,1,0,26.94,2301.031624,-2.298519762,"concave",26.41773623,11.14435954,"high",236.3520098,"SW","concave.rugged"
"4035","CR09","E","psme","A",5,0,0,0,0,0,0,0,0,0,1,0,26.94,2301.031624,-2.298519762,"concave",26.41773623,11.14435954,"high",236.3520098,"SW","concave.rugged"
"4036","CR09","E","psme","A",6,0,0,0,0,0,0,0,0,0,1,0,26.94,2301.031624,-2.298519762,"concave",26.41773623,11.14435954,"high",236.3520098,"SW","concave.rugged"
"4037","CR09","E","psme","A",7,0,0,0,0,0,0,0,0,0,1,0,26.94,2301.031624,-2.298519762,"concave",26.41773623,11.14435954,"high",236.3520098,"SW","concave.rugged"
"4038","CR09","E","psme","A",8,0,0,0,0,0,0,1,0,1,0,0,26.94,2301.031624,-2.298519762,"concave",26.41773623,11.14435954,"high",236.3520098,"SW","concave.rugged"
"4039","CR09","E","psme","A",9,0,0,0,0,0,0,1,0,1,0,0,26.94,2301.031624,-2.298519762,"concave",26.41773623,11.14435954,"high",236.3520098,"SW","concave.rugged"
"4040","CR09","E","psme","A",10,0,0,0,0,0,0,1,0,1,0,0,26.94,2301.031624,-2.298519762,"concave",26.41773623,11.14435954,"high",236.3520098,"SW","concave.rugged"
"4041","CR09","N","pico","A",1,0,0,0,0,0,0,1,0,1,0,0,26.94,2301.031624,-2.298519762,"concave",26.41773623,11.14435954,"high",236.3520098,"SW","concave.rugged"
"4042","CR09","N","pico","A",2,0,0,0,0,0,0,1,0,1,0,0,26.94,2301.031624,-2.298519762,"concave",26.41773623,11.14435954,"high",236.3520098,"SW","concave.rugged"
"4043","CR09","N","pico","A",3,0,0,0,0,0,0,1,0,1,0,0,26.94,2301.031624,-2.298519762,"concave",26.41773623,11.14435954,"high",236.3520098,"SW","concave.rugged"
"4044","CR09","N","pico","A",4,0,0,0,0,0,0,1,0,1,0,0,26.94,2301.031624,-2.298519762,"concave",26.41773623,11.14435954,"high",236.3520098,"SW","concave.rugged"
"4045","CR09","N","pico","A",5,0,0,0,0,0,0,1,0,1,0,0,26.94,2301.031624,-2.298519762,"concave",26.41773623,11.14435954,"high",236.3520098,"SW","concave.rugged"
"4046","CR09","N","pico","A",6,0,0,0,0,0,0,1,0,1,0,0,26.94,2301.031624,-2.298519762,"concave",26.41773623,11.14435954,"high",236.3520098,"SW","concave.rugged"
"4047","CR09","N","pico","A",7,0,0,0,0,0,0,1,0,1,0,0,26.94,2301.031624,-2.298519762,"concave",26.41773623,11.14435954,"high",236.3520098,"SW","concave.rugged"
"4048","CR09","N","pico","A",8,0,0,0,0,0,0,1,0,1,0,0,26.94,2301.031624,-2.298519762,"concave",26.41773623,11.14435954,"high",236.3520098,"SW","concave.rugged"
"4049","CR09","N","pico","A",9,0,0,0,0,0,0,1,0,1,0,0,26.94,2301.031624,-2.298519762,"concave",26.41773623,11.14435954,"high",236.3520098,"SW","concave.rugged"
"4050","CR09","N","pico","A",10,0,0,0,0,0,0,1,0,1,0,0,26.94,2301.031624,-2.298519762,"concave",26.41773623,11.14435954,"high",236.3520098,"SW","concave.rugged"
"4051","CR09","N","psme","A",1,0,0,0,0,0,0,1,0,1,0,0,26.94,2301.031624,-2.298519762,"concave",26.41773623,11.14435954,"high",236.3520098,"SW","concave.rugged"
"4052","CR09","N","psme","A",2,0,0,0,0,0,0,1,0,1,0,0,26.94,2301.031624,-2.298519762,"concave",26.41773623,11.14435954,"high",236.3520098,"SW","concave.rugged"
"4053","CR09","N","psme","A",3,0,0,0,0,0,0,1,0,1,0,0,26.94,2301.031624,-2.298519762,"concave",26.41773623,11.14435954,"high",236.3520098,"SW","concave.rugged"
"4054","CR09","N","psme","A",4,0,0,0,0,0,0,1,0,1,0,0,26.94,2301.031624,-2.298519762,"concave",26.41773623,11.14435954,"high",236.3520098,"SW","concave.rugged"
"4055","CR09","N","psme","A",5,0,0,0,0,0,0,1,0,1,0,0,26.94,2301.031624,-2.298519762,"concave",26.41773623,11.14435954,"high",236.3520098,"SW","concave.rugged"
"4056","CR09","N","psme","A",6,0,0,0,0,0,0,1,0,1,0,0,26.94,2301.031624,-2.298519762,"concave",26.41773623,11.14435954,"high",236.3520098,"SW","concave.rugged"
"4057","CR09","N","psme","A",7,0,0,0,0,0,0,1,0,1,0,0,26.94,2301.031624,-2.298519762,"concave",26.41773623,11.14435954,"high",236.3520098,"SW","concave.rugged"
"4058","CR09","N","psme","A",8,0,0,0,0,0,0,1,0,1,0,0,26.94,2301.031624,-2.298519762,"concave",26.41773623,11.14435954,"high",236.3520098,"SW","concave.rugged"
"4059","CR09","N","psme","A",9,0,0,0,0,0,0,1,0,1,0,0,26.94,2301.031624,-2.298519762,"concave",26.41773623,11.14435954,"high",236.3520098,"SW","concave.rugged"
"4060","CR09","N","psme","A",10,0,0,0,0,0,0,1,0,1,0,0,26.94,2301.031624,-2.298519762,"concave",26.41773623,11.14435954,"high",236.3520098,"SW","concave.rugged"
"4061","CR09","S","pico","A",1,0,0,0,0,0,0,0,0,0,1,0,26.94,2301.031624,-2.298519762,"concave",26.41773623,11.14435954,"high",236.3520098,"SW","concave.rugged"
"4062","CR09","S","pico","A",2,0,0,0,0,0,0,0,0,0,1,0,26.94,2301.031624,-2.298519762,"concave",26.41773623,11.14435954,"high",236.3520098,"SW","concave.rugged"
"4063","CR09","S","pico","A",3,1,0,1,1,0,0,0,0,0,1,1,26.94,2301.031624,-2.298519762,"concave",26.41773623,11.14435954,"high",236.3520098,"SW","concave.rugged"
"4064","CR09","S","pico","A",4,0,0,0,0,0,0,0,0,0,1,0,26.94,2301.031624,-2.298519762,"concave",26.41773623,11.14435954,"high",236.3520098,"SW","concave.rugged"
"4065","CR09","S","pico","A",5,0,0,0,0,0,0,0,0,0,1,0,26.94,2301.031624,-2.298519762,"concave",26.41773623,11.14435954,"high",236.3520098,"SW","concave.rugged"
"4066","CR09","S","pico","A",6,0,0,0,0,0,0,0,0,0,1,0,26.94,2301.031624,-2.298519762,"concave",26.41773623,11.14435954,"high",236.3520098,"SW","concave.rugged"
"4067","CR09","S","pico","A",7,0,0,0,0,0,0,0,0,0,1,0,26.94,2301.031624,-2.298519762,"concave",26.41773623,11.14435954,"high",236.3520098,"SW","concave.rugged"
"4068","CR09","S","pico","A",8,1,0,1,1,1,0,0,0,0,1,0,26.94,2301.031624,-2.298519762,"concave",26.41773623,11.14435954,"high",236.3520098,"SW","concave.rugged"
"4069","CR09","S","pico","A",9,0,0,0,0,0,0,0,0,0,1,0,26.94,2301.031624,-2.298519762,"concave",26.41773623,11.14435954,"high",236.3520098,"SW","concave.rugged"
"4070","CR09","S","pico","A",10,0,0,0,0,0,0,0,0,0,1,0,26.94,2301.031624,-2.298519762,"concave",26.41773623,11.14435954,"high",236.3520098,"SW","concave.rugged"
"4071","CR09","S","psme","A",1,0,0,0,0,0,0,0,0,0,1,0,26.94,2301.031624,-2.298519762,"concave",26.41773623,11.14435954,"high",236.3520098,"SW","concave.rugged"
"4072","CR09","S","psme","A",2,0,0,0,0,0,0,0,0,0,1,0,26.94,2301.031624,-2.298519762,"concave",26.41773623,11.14435954,"high",236.3520098,"SW","concave.rugged"
"4073","CR09","S","psme","A",3,0,0,0,0,0,0,0,0,0,1,0,26.94,2301.031624,-2.298519762,"concave",26.41773623,11.14435954,"high",236.3520098,"SW","concave.rugged"
"4074","CR09","S","psme","A",4,0,0,0,0,0,0,0,0,0,1,0,26.94,2301.031624,-2.298519762,"concave",26.41773623,11.14435954,"high",236.3520098,"SW","concave.rugged"
"4075","CR09","S","psme","A",5,0,0,0,0,0,0,0,0,0,1,0,26.94,2301.031624,-2.298519762,"concave",26.41773623,11.14435954,"high",236.3520098,"SW","concave.rugged"
"4076","CR09","S","psme","A",6,0,0,0,0,0,0,0,0,0,1,0,26.94,2301.031624,-2.298519762,"concave",26.41773623,11.14435954,"high",236.3520098,"SW","concave.rugged"
"4077","CR09","S","psme","A",7,0,0,0,0,0,0,0,0,0,1,0,26.94,2301.031624,-2.298519762,"concave",26.41773623,11.14435954,"high",236.3520098,"SW","concave.rugged"
"4078","CR09","S","psme","A",8,0,0,0,0,0,0,0,0,0,1,0,26.94,2301.031624,-2.298519762,"concave",26.41773623,11.14435954,"high",236.3520098,"SW","concave.rugged"
"4079","CR09","S","psme","A",9,0,0,0,0,0,0,0,0,0,1,0,26.94,2301.031624,-2.298519762,"concave",26.41773623,11.14435954,"high",236.3520098,"SW","concave.rugged"
"4080","CR09","S","psme","A",10,0,0,0,0,0,0,0,0,0,1,0,26.94,2301.031624,-2.298519762,"concave",26.41773623,11.14435954,"high",236.3520098,"SW","concave.rugged"
"4081","CR09","W","pico","A",1,0,0,0,0,0,0,0,0,0,1,0,26.94,2301.031624,-2.298519762,"concave",26.41773623,11.14435954,"high",236.3520098,"SW","concave.rugged"
"4082","CR09","W","pico","A",2,0,0,0,0,0,0,0,0,0,1,0,26.94,2301.031624,-2.298519762,"concave",26.41773623,11.14435954,"high",236.3520098,"SW","concave.rugged"
"4083","CR09","W","pico","A",3,0,0,0,0,0,0,0,0,0,1,0,26.94,2301.031624,-2.298519762,"concave",26.41773623,11.14435954,"high",236.3520098,"SW","concave.rugged"
"4084","CR09","W","pico","A",4,0,0,0,0,0,0,0,0,0,1,0,26.94,2301.031624,-2.298519762,"concave",26.41773623,11.14435954,"high",236.3520098,"SW","concave.rugged"
"4085","CR09","W","pico","A",5,0,0,0,0,0,0,0,0,0,1,0,26.94,2301.031624,-2.298519762,"concave",26.41773623,11.14435954,"high",236.3520098,"SW","concave.rugged"
"4086","CR09","W","pico","A",6,0,0,0,0,0,0,0,0,0,1,0,26.94,2301.031624,-2.298519762,"concave",26.41773623,11.14435954,"high",236.3520098,"SW","concave.rugged"
"4087","CR09","W","pico","A",7,0,0,0,0,0,0,0,0,0,1,0,26.94,2301.031624,-2.298519762,"concave",26.41773623,11.14435954,"high",236.3520098,"SW","concave.rugged"
"4088","CR09","W","pico","A",8,0,0,0,0,0,0,0,0,0,1,0,26.94,2301.031624,-2.298519762,"concave",26.41773623,11.14435954,"high",236.3520098,"SW","concave.rugged"
"4089","CR09","W","pico","A",9,0,0,0,0,0,0,0,0,0,1,0,26.94,2301.031624,-2.298519762,"concave",26.41773623,11.14435954,"high",236.3520098,"SW","concave.rugged"
"4090","CR09","W","pico","A",10,0,0,0,0,0,0,0,0,0,1,0,26.94,2301.031624,-2.298519762,"concave",26.41773623,11.14435954,"high",236.3520098,"SW","concave.rugged"
"4091","CR09","W","psme","A",1,0,0,0,0,0,0,0,0,0,1,0,26.94,2301.031624,-2.298519762,"concave",26.41773623,11.14435954,"high",236.3520098,"SW","concave.rugged"
"4092","CR09","W","psme","A",2,0,0,0,0,0,0,1,0,1,0,0,26.94,2301.031624,-2.298519762,"concave",26.41773623,11.14435954,"high",236.3520098,"SW","concave.rugged"
"4093","CR09","W","psme","A",3,0,0,0,0,0,0,1,0,1,0,0,26.94,2301.031624,-2.298519762,"concave",26.41773623,11.14435954,"high",236.3520098,"SW","concave.rugged"
"4094","CR09","W","psme","A",4,0,0,0,0,0,0,1,0,1,0,0,26.94,2301.031624,-2.298519762,"concave",26.41773623,11.14435954,"high",236.3520098,"SW","concave.rugged"
"4095","CR09","W","psme","A",5,0,0,0,0,0,0,0,0,0,1,0,26.94,2301.031624,-2.298519762,"concave",26.41773623,11.14435954,"high",236.3520098,"SW","concave.rugged"
"4096","CR09","W","psme","A",6,0,0,0,0,0,0,0,0,0,1,0,26.94,2301.031624,-2.298519762,"concave",26.41773623,11.14435954,"high",236.3520098,"SW","concave.rugged"
"4097","CR09","W","psme","A",7,0,0,0,0,0,0,0,0,0,1,0,26.94,2301.031624,-2.298519762,"concave",26.41773623,11.14435954,"high",236.3520098,"SW","concave.rugged"
"4098","CR09","W","psme","A",8,0,0,0,0,0,0,0,0,0,1,0,26.94,2301.031624,-2.298519762,"concave",26.41773623,11.14435954,"high",236.3520098,"SW","concave.rugged"
"4099","CR09","W","psme","A",9,0,0,0,0,0,0,0,0,0,1,0,26.94,2301.031624,-2.298519762,"concave",26.41773623,11.14435954,"high",236.3520098,"SW","concave.rugged"
"4100","CR09","W","psme","A",10,0,0,0,0,0,0,0,0,0,1,0,26.94,2301.031624,-2.298519762,"concave",26.41773623,11.14435954,"high",236.3520098,"SW","concave.rugged"
"4101","CR09","C","pico","B",1,0,0,0,0,0,0,0,0,0,1,0,26.94,2301.031624,-2.298519762,"concave",26.41773623,11.14435954,"high",236.3520098,"SW","concave.rugged"
"4102","CR09","C","pico","B",2,0,0,0,0,0,0,0,0,0,1,0,26.94,2301.031624,-2.298519762,"concave",26.41773623,11.14435954,"high",236.3520098,"SW","concave.rugged"
"4103","CR09","C","pico","B",3,0,0,0,0,0,0,0,0,0,1,0,26.94,2301.031624,-2.298519762,"concave",26.41773623,11.14435954,"high",236.3520098,"SW","concave.rugged"
"4104","CR09","C","pico","B",4,0,0,0,0,0,0,0,0,0,1,0,26.94,2301.031624,-2.298519762,"concave",26.41773623,11.14435954,"high",236.3520098,"SW","concave.rugged"
"4105","CR09","C","pico","B",5,0,0,0,0,0,0,0,0,0,1,0,26.94,2301.031624,-2.298519762,"concave",26.41773623,11.14435954,"high",236.3520098,"SW","concave.rugged"
"4106","CR09","C","pico","B",6,0,0,0,0,0,0,0,0,0,1,0,26.94,2301.031624,-2.298519762,"concave",26.41773623,11.14435954,"high",236.3520098,"SW","concave.rugged"
"4107","CR09","C","pico","B",7,0,0,0,0,0,0,0,0,0,1,0,26.94,2301.031624,-2.298519762,"concave",26.41773623,11.14435954,"high",236.3520098,"SW","concave.rugged"
"4108","CR09","C","pico","B",8,0,0,0,0,0,0,0,0,0,1,0,26.94,2301.031624,-2.298519762,"concave",26.41773623,11.14435954,"high",236.3520098,"SW","concave.rugged"
"4109","CR09","C","pico","B",9,0,0,0,0,0,0,0,0,0,1,0,26.94,2301.031624,-2.298519762,"concave",26.41773623,11.14435954,"high",236.3520098,"SW","concave.rugged"
"4110","CR09","C","pico","B",10,0,0,0,0,0,0,1,0,1,0,0,26.94,2301.031624,-2.298519762,"concave",26.41773623,11.14435954,"high",236.3520098,"SW","concave.rugged"
"4111","CR09","C","psme","B",1,0,0,0,0,0,0,0,0,0,1,0,26.94,2301.031624,-2.298519762,"concave",26.41773623,11.14435954,"high",236.3520098,"SW","concave.rugged"
"4112","CR09","C","psme","B",2,0,0,0,0,0,0,0,0,0,1,0,26.94,2301.031624,-2.298519762,"concave",26.41773623,11.14435954,"high",236.3520098,"SW","concave.rugged"
"4113","CR09","C","psme","B",3,0,0,0,0,0,0,0,0,0,1,0,26.94,2301.031624,-2.298519762,"concave",26.41773623,11.14435954,"high",236.3520098,"SW","concave.rugged"
"4114","CR09","C","psme","B",4,0,0,0,0,0,0,0,0,0,1,0,26.94,2301.031624,-2.298519762,"concave",26.41773623,11.14435954,"high",236.3520098,"SW","concave.rugged"
"4115","CR09","C","psme","B",5,0,0,0,0,0,0,0,0,0,1,0,26.94,2301.031624,-2.298519762,"concave",26.41773623,11.14435954,"high",236.3520098,"SW","concave.rugged"
"4116","CR09","C","psme","B",6,0,0,0,0,0,0,0,0,0,1,0,26.94,2301.031624,-2.298519762,"concave",26.41773623,11.14435954,"high",236.3520098,"SW","concave.rugged"
"4117","CR09","C","psme","B",7,0,0,0,0,0,0,0,0,0,1,0,26.94,2301.031624,-2.298519762,"concave",26.41773623,11.14435954,"high",236.3520098,"SW","concave.rugged"
"4118","CR09","C","psme","B",8,0,0,0,0,0,0,0,0,0,1,0,26.94,2301.031624,-2.298519762,"concave",26.41773623,11.14435954,"high",236.3520098,"SW","concave.rugged"
"4119","CR09","C","psme","B",9,0,0,0,0,0,0,0,0,0,1,0,26.94,2301.031624,-2.298519762,"concave",26.41773623,11.14435954,"high",236.3520098,"SW","concave.rugged"
"4120","CR09","C","psme","B",10,0,0,0,0,0,0,0,0,0,1,0,26.94,2301.031624,-2.298519762,"concave",26.41773623,11.14435954,"high",236.3520098,"SW","concave.rugged"
"4121","CR09","E","pico","B",1,0,0,0,0,0,0,0,0,0,1,0,26.94,2301.031624,-2.298519762,"concave",26.41773623,11.14435954,"high",236.3520098,"SW","concave.rugged"
"4122","CR09","E","pico","B",2,0,0,0,0,0,0,0,0,0,1,0,26.94,2301.031624,-2.298519762,"concave",26.41773623,11.14435954,"high",236.3520098,"SW","concave.rugged"
"4123","CR09","E","pico","B",3,0,0,0,0,0,0,0,0,0,1,0,26.94,2301.031624,-2.298519762,"concave",26.41773623,11.14435954,"high",236.3520098,"SW","concave.rugged"
"4124","CR09","E","pico","B",4,0,0,0,0,0,0,0,0,0,1,0,26.94,2301.031624,-2.298519762,"concave",26.41773623,11.14435954,"high",236.3520098,"SW","concave.rugged"
"4125","CR09","E","pico","B",5,0,0,0,0,0,0,0,0,0,1,0,26.94,2301.031624,-2.298519762,"concave",26.41773623,11.14435954,"high",236.3520098,"SW","concave.rugged"
"4126","CR09","E","pico","B",6,0,0,0,0,0,0,0,0,0,1,0,26.94,2301.031624,-2.298519762,"concave",26.41773623,11.14435954,"high",236.3520098,"SW","concave.rugged"
"4127","CR09","E","pico","B",7,0,0,0,0,0,0,0,0,0,1,0,26.94,2301.031624,-2.298519762,"concave",26.41773623,11.14435954,"high",236.3520098,"SW","concave.rugged"
"4128","CR09","E","pico","B",8,0,0,0,0,0,0,0,0,0,1,0,26.94,2301.031624,-2.298519762,"concave",26.41773623,11.14435954,"high",236.3520098,"SW","concave.rugged"
"4129","CR09","E","pico","B",9,0,0,0,0,0,0,0,0,0,1,0,26.94,2301.031624,-2.298519762,"concave",26.41773623,11.14435954,"high",236.3520098,"SW","concave.rugged"
"4130","CR09","E","pico","B",10,0,0,0,0,0,0,0,0,0,1,0,26.94,2301.031624,-2.298519762,"concave",26.41773623,11.14435954,"high",236.3520098,"SW","concave.rugged"
"4131","CR09","E","psme","B",1,0,0,0,0,0,0,0,0,0,1,0,26.94,2301.031624,-2.298519762,"concave",26.41773623,11.14435954,"high",236.3520098,"SW","concave.rugged"
"4132","CR09","E","psme","B",2,0,0,0,0,0,0,0,0,0,1,0,26.94,2301.031624,-2.298519762,"concave",26.41773623,11.14435954,"high",236.3520098,"SW","concave.rugged"
"4133","CR09","E","psme","B",3,0,0,0,0,0,0,0,0,0,1,0,26.94,2301.031624,-2.298519762,"concave",26.41773623,11.14435954,"high",236.3520098,"SW","concave.rugged"
"4134","CR09","E","psme","B",4,0,0,0,0,0,0,0,0,0,1,0,26.94,2301.031624,-2.298519762,"concave",26.41773623,11.14435954,"high",236.3520098,"SW","concave.rugged"
"4135","CR09","E","psme","B",5,0,0,0,0,0,0,0,0,0,1,0,26.94,2301.031624,-2.298519762,"concave",26.41773623,11.14435954,"high",236.3520098,"SW","concave.rugged"
"4136","CR09","E","psme","B",6,0,0,0,0,0,0,1,0,1,0,0,26.94,2301.031624,-2.298519762,"concave",26.41773623,11.14435954,"high",236.3520098,"SW","concave.rugged"
"4137","CR09","E","psme","B",7,0,0,0,0,0,0,1,0,1,0,0,26.94,2301.031624,-2.298519762,"concave",26.41773623,11.14435954,"high",236.3520098,"SW","concave.rugged"
"4138","CR09","E","psme","B",8,0,0,0,0,0,0,0,0,0,1,0,26.94,2301.031624,-2.298519762,"concave",26.41773623,11.14435954,"high",236.3520098,"SW","concave.rugged"
"4139","CR09","E","psme","B",9,0,0,0,0,0,0,0,0,0,1,0,26.94,2301.031624,-2.298519762,"concave",26.41773623,11.14435954,"high",236.3520098,"SW","concave.rugged"
"4140","CR09","E","psme","B",10,0,0,0,0,0,0,1,0,1,0,0,26.94,2301.031624,-2.298519762,"concave",26.41773623,11.14435954,"high",236.3520098,"SW","concave.rugged"
"4141","CR09","N","pico","B",1,0,0,0,0,0,0,0,0,0,1,0,26.94,2301.031624,-2.298519762,"concave",26.41773623,11.14435954,"high",236.3520098,"SW","concave.rugged"
"4142","CR09","N","pico","B",2,0,0,0,0,0,0,0,0,0,1,0,26.94,2301.031624,-2.298519762,"concave",26.41773623,11.14435954,"high",236.3520098,"SW","concave.rugged"
"4143","CR09","N","pico","B",3,0,0,0,0,0,0,0,0,0,1,0,26.94,2301.031624,-2.298519762,"concave",26.41773623,11.14435954,"high",236.3520098,"SW","concave.rugged"
"4144","CR09","N","pico","B",4,0,0,0,0,0,0,0,0,0,1,0,26.94,2301.031624,-2.298519762,"concave",26.41773623,11.14435954,"high",236.3520098,"SW","concave.rugged"
"4145","CR09","N","pico","B",5,0,0,0,0,0,0,0,0,0,1,0,26.94,2301.031624,-2.298519762,"concave",26.41773623,11.14435954,"high",236.3520098,"SW","concave.rugged"
"4146","CR09","N","pico","B",6,0,0,0,0,0,0,0,0,0,1,0,26.94,2301.031624,-2.298519762,"concave",26.41773623,11.14435954,"high",236.3520098,"SW","concave.rugged"
"4147","CR09","N","pico","B",7,0,0,0,0,0,0,0,0,0,1,0,26.94,2301.031624,-2.298519762,"concave",26.41773623,11.14435954,"high",236.3520098,"SW","concave.rugged"
"4148","CR09","N","pico","B",8,0,0,0,0,0,0,0,0,0,1,0,26.94,2301.031624,-2.298519762,"concave",26.41773623,11.14435954,"high",236.3520098,"SW","concave.rugged"
"4149","CR09","N","pico","B",9,0,0,0,0,0,0,0,0,0,1,0,26.94,2301.031624,-2.298519762,"concave",26.41773623,11.14435954,"high",236.3520098,"SW","concave.rugged"
"4150","CR09","N","pico","B",10,0,0,0,0,0,0,1,0,1,0,0,26.94,2301.031624,-2.298519762,"concave",26.41773623,11.14435954,"high",236.3520098,"SW","concave.rugged"
"4151","CR09","N","psme","B",1,0,0,0,0,0,0,0,0,0,1,0,26.94,2301.031624,-2.298519762,"concave",26.41773623,11.14435954,"high",236.3520098,"SW","concave.rugged"
"4152","CR09","N","psme","B",2,0,0,0,0,0,0,0,0,0,1,0,26.94,2301.031624,-2.298519762,"concave",26.41773623,11.14435954,"high",236.3520098,"SW","concave.rugged"
"4153","CR09","N","psme","B",3,1,0,1,1,0,0,0,0,0,1,0,26.94,2301.031624,-2.298519762,"concave",26.41773623,11.14435954,"high",236.3520098,"SW","concave.rugged"
"4154","CR09","N","psme","B",4,0,0,0,0,0,0,0,0,0,1,0,26.94,2301.031624,-2.298519762,"concave",26.41773623,11.14435954,"high",236.3520098,"SW","concave.rugged"
"4155","CR09","N","psme","B",5,0,0,0,0,0,0,0,0,0,1,0,26.94,2301.031624,-2.298519762,"concave",26.41773623,11.14435954,"high",236.3520098,"SW","concave.rugged"
"4156","CR09","N","psme","B",6,0,0,0,0,0,0,0,0,0,1,0,26.94,2301.031624,-2.298519762,"concave",26.41773623,11.14435954,"high",236.3520098,"SW","concave.rugged"
"4157","CR09","N","psme","B",7,0,0,0,0,0,0,0,0,0,1,0,26.94,2301.031624,-2.298519762,"concave",26.41773623,11.14435954,"high",236.3520098,"SW","concave.rugged"
"4158","CR09","N","psme","B",8,0,0,0,0,0,0,0,0,0,1,0,26.94,2301.031624,-2.298519762,"concave",26.41773623,11.14435954,"high",236.3520098,"SW","concave.rugged"
"4159","CR09","N","psme","B",9,0,0,0,0,0,0,0,0,0,1,0,26.94,2301.031624,-2.298519762,"concave",26.41773623,11.14435954,"high",236.3520098,"SW","concave.rugged"
"4160","CR09","N","psme","B",10,0,0,0,0,0,0,0,0,0,1,0,26.94,2301.031624,-2.298519762,"concave",26.41773623,11.14435954,"high",236.3520098,"SW","concave.rugged"
"4161","CR09","S","pico","B",1,0,0,0,0,0,0,0,0,0,1,0,26.94,2301.031624,-2.298519762,"concave",26.41773623,11.14435954,"high",236.3520098,"SW","concave.rugged"
"4162","CR09","S","pico","B",2,1,0,1,1,0,0,0,0,0,1,0,26.94,2301.031624,-2.298519762,"concave",26.41773623,11.14435954,"high",236.3520098,"SW","concave.rugged"
"4163","CR09","S","pico","B",3,1,0,1,0,0,0,0,0,0,1,0,26.94,2301.031624,-2.298519762,"concave",26.41773623,11.14435954,"high",236.3520098,"SW","concave.rugged"
"4164","CR09","S","pico","B",4,1,0,1,1,0,0,0,0,0,1,1,26.94,2301.031624,-2.298519762,"concave",26.41773623,11.14435954,"high",236.3520098,"SW","concave.rugged"
"4165","CR09","S","pico","B",5,0,0,0,0,0,0,0,0,0,1,0,26.94,2301.031624,-2.298519762,"concave",26.41773623,11.14435954,"high",236.3520098,"SW","concave.rugged"
"4166","CR09","S","pico","B",6,0,0,0,0,0,0,0,0,0,1,0,26.94,2301.031624,-2.298519762,"concave",26.41773623,11.14435954,"high",236.3520098,"SW","concave.rugged"
"4167","CR09","S","pico","B",7,1,0,1,1,0,0,0,0,0,1,1,26.94,2301.031624,-2.298519762,"concave",26.41773623,11.14435954,"high",236.3520098,"SW","concave.rugged"
"4168","CR09","S","pico","B",8,1,0,1,0,0,0,0,0,0,1,0,26.94,2301.031624,-2.298519762,"concave",26.41773623,11.14435954,"high",236.3520098,"SW","concave.rugged"
"4169","CR09","S","pico","B",9,0,0,0,0,0,0,0,0,0,1,0,26.94,2301.031624,-2.298519762,"concave",26.41773623,11.14435954,"high",236.3520098,"SW","concave.rugged"
"4170","CR09","S","pico","B",10,0,0,0,0,0,0,0,0,0,1,0,26.94,2301.031624,-2.298519762,"concave",26.41773623,11.14435954,"high",236.3520098,"SW","concave.rugged"
"4171","CR09","S","psme","B",1,0,0,0,0,0,0,0,0,0,1,0,26.94,2301.031624,-2.298519762,"concave",26.41773623,11.14435954,"high",236.3520098,"SW","concave.rugged"
"4172","CR09","S","psme","B",2,0,0,0,0,0,0,0,0,0,1,0,26.94,2301.031624,-2.298519762,"concave",26.41773623,11.14435954,"high",236.3520098,"SW","concave.rugged"
"4173","CR09","S","psme","B",3,0,0,0,0,0,0,0,0,0,1,0,26.94,2301.031624,-2.298519762,"concave",26.41773623,11.14435954,"high",236.3520098,"SW","concave.rugged"
"4174","CR09","S","psme","B",4,1,0,1,0,0,0,0,0,0,1,0,26.94,2301.031624,-2.298519762,"concave",26.41773623,11.14435954,"high",236.3520098,"SW","concave.rugged"
"4175","CR09","S","psme","B",5,0,0,0,0,0,0,0,0,0,1,0,26.94,2301.031624,-2.298519762,"concave",26.41773623,11.14435954,"high",236.3520098,"SW","concave.rugged"
"4176","CR09","S","psme","B",6,0,0,0,0,0,0,0,0,0,1,0,26.94,2301.031624,-2.298519762,"concave",26.41773623,11.14435954,"high",236.3520098,"SW","concave.rugged"
"4177","CR09","S","psme","B",7,0,0,0,0,0,0,0,0,0,1,0,26.94,2301.031624,-2.298519762,"concave",26.41773623,11.14435954,"high",236.3520098,"SW","concave.rugged"
"4178","CR09","S","psme","B",8,0,0,0,0,0,0,0,0,0,1,0,26.94,2301.031624,-2.298519762,"concave",26.41773623,11.14435954,"high",236.3520098,"SW","concave.rugged"
"4179","CR09","S","psme","B",9,0,0,0,0,0,0,0,0,0,1,0,26.94,2301.031624,-2.298519762,"concave",26.41773623,11.14435954,"high",236.3520098,"SW","concave.rugged"
"4180","CR09","S","psme","B",10,1,0,1,1,0,0,0,0,0,1,1,26.94,2301.031624,-2.298519762,"concave",26.41773623,11.14435954,"high",236.3520098,"SW","concave.rugged"
"4181","CR09","W","pico","B",1,0,0,0,0,0,0,0,0,0,1,0,26.94,2301.031624,-2.298519762,"concave",26.41773623,11.14435954,"high",236.3520098,"SW","concave.rugged"
"4182","CR09","W","pico","B",2,1,0,1,1,0,0,0,0,0,1,0,26.94,2301.031624,-2.298519762,"concave",26.41773623,11.14435954,"high",236.3520098,"SW","concave.rugged"
"4183","CR09","W","pico","B",3,0,0,0,0,0,0,0,0,0,1,0,26.94,2301.031624,-2.298519762,"concave",26.41773623,11.14435954,"high",236.3520098,"SW","concave.rugged"
"4184","CR09","W","pico","B",4,0,0,0,0,0,0,0,0,0,1,0,26.94,2301.031624,-2.298519762,"concave",26.41773623,11.14435954,"high",236.3520098,"SW","concave.rugged"
"4185","CR09","W","pico","B",5,0,0,0,0,0,0,0,0,0,1,0,26.94,2301.031624,-2.298519762,"concave",26.41773623,11.14435954,"high",236.3520098,"SW","concave.rugged"
"4186","CR09","W","pico","B",6,0,0,0,0,0,0,0,0,0,1,0,26.94,2301.031624,-2.298519762,"concave",26.41773623,11.14435954,"high",236.3520098,"SW","concave.rugged"
"4187","CR09","W","pico","B",7,0,0,0,0,0,0,0,0,0,1,0,26.94,2301.031624,-2.298519762,"concave",26.41773623,11.14435954,"high",236.3520098,"SW","concave.rugged"
"4188","CR09","W","pico","B",8,0,0,0,0,0,0,0,0,0,1,0,26.94,2301.031624,-2.298519762,"concave",26.41773623,11.14435954,"high",236.3520098,"SW","concave.rugged"
"4189","CR09","W","pico","B",9,0,0,0,0,0,0,0,0,0,1,0,26.94,2301.031624,-2.298519762,"concave",26.41773623,11.14435954,"high",236.3520098,"SW","concave.rugged"
"4190","CR09","W","pico","B",10,0,0,0,0,0,0,0,0,0,1,0,26.94,2301.031624,-2.298519762,"concave",26.41773623,11.14435954,"high",236.3520098,"SW","concave.rugged"
"4191","CR09","W","psme","B",1,0,0,0,0,0,0,0,0,0,1,0,26.94,2301.031624,-2.298519762,"concave",26.41773623,11.14435954,"high",236.3520098,"SW","concave.rugged"
"4192","CR09","W","psme","B",2,0,0,0,0,0,0,0,0,0,1,0,26.94,2301.031624,-2.298519762,"concave",26.41773623,11.14435954,"high",236.3520098,"SW","concave.rugged"
"4193","CR09","W","psme","B",3,0,0,0,0,0,0,0,0,0,1,0,26.94,2301.031624,-2.298519762,"concave",26.41773623,11.14435954,"high",236.3520098,"SW","concave.rugged"
"4194","CR09","W","psme","B",4,0,0,0,0,0,0,0,0,0,1,0,26.94,2301.031624,-2.298519762,"concave",26.41773623,11.14435954,"high",236.3520098,"SW","concave.rugged"
"4195","CR09","W","psme","B",5,0,0,0,0,0,0,0,0,0,1,0,26.94,2301.031624,-2.298519762,"concave",26.41773623,11.14435954,"high",236.3520098,"SW","concave.rugged"
"4196","CR09","W","psme","B",6,0,0,0,0,0,0,0,0,0,1,0,26.94,2301.031624,-2.298519762,"concave",26.41773623,11.14435954,"high",236.3520098,"SW","concave.rugged"
"4197","CR09","W","psme","B",7,0,0,0,0,0,0,0,0,0,1,0,26.94,2301.031624,-2.298519762,"concave",26.41773623,11.14435954,"high",236.3520098,"SW","concave.rugged"
"4198","CR09","W","psme","B",8,0,0,0,0,0,0,0,0,0,1,0,26.94,2301.031624,-2.298519762,"concave",26.41773623,11.14435954,"high",236.3520098,"SW","concave.rugged"
"4199","CR09","W","psme","B",9,0,0,0,0,0,0,0,0,0,1,0,26.94,2301.031624,-2.298519762,"concave",26.41773623,11.14435954,"high",236.3520098,"SW","concave.rugged"
"4200","CR09","W","psme","B",10,0,0,0,0,0,0,0,0,0,1,0,26.94,2301.031624,-2.298519762,"concave",26.41773623,11.14435954,"high",236.3520098,"SW","concave.rugged"
"4201","CR09","C","pico","C",1,0,0,0,0,0,0,0,0,0,1,0,26.94,2301.031624,-2.298519762,"concave",26.41773623,11.14435954,"high",236.3520098,"SW","concave.rugged"
"4202","CR09","C","pico","C",2,0,0,0,0,0,0,0,0,0,1,0,26.94,2301.031624,-2.298519762,"concave",26.41773623,11.14435954,"high",236.3520098,"SW","concave.rugged"
"4203","CR09","C","pico","C",3,0,0,0,0,0,0,0,0,0,1,0,26.94,2301.031624,-2.298519762,"concave",26.41773623,11.14435954,"high",236.3520098,"SW","concave.rugged"
"4204","CR09","C","pico","C",4,0,0,0,0,0,0,0,0,0,1,0,26.94,2301.031624,-2.298519762,"concave",26.41773623,11.14435954,"high",236.3520098,"SW","concave.rugged"
"4205","CR09","C","pico","C",5,0,0,0,0,0,0,0,0,0,1,0,26.94,2301.031624,-2.298519762,"concave",26.41773623,11.14435954,"high",236.3520098,"SW","concave.rugged"
"4206","CR09","C","pico","C",6,0,0,0,0,0,0,0,0,0,1,0,26.94,2301.031624,-2.298519762,"concave",26.41773623,11.14435954,"high",236.3520098,"SW","concave.rugged"
"4207","CR09","C","pico","C",7,0,0,0,0,0,0,0,0,0,1,0,26.94,2301.031624,-2.298519762,"concave",26.41773623,11.14435954,"high",236.3520098,"SW","concave.rugged"
"4208","CR09","C","pico","C",8,0,0,0,0,0,0,0,0,0,1,0,26.94,2301.031624,-2.298519762,"concave",26.41773623,11.14435954,"high",236.3520098,"SW","concave.rugged"
"4209","CR09","C","pico","C",9,0,0,0,0,0,0,0,0,0,1,0,26.94,2301.031624,-2.298519762,"concave",26.41773623,11.14435954,"high",236.3520098,"SW","concave.rugged"
"4210","CR09","C","pico","C",10,0,0,0,0,0,0,1,0,1,0,0,26.94,2301.031624,-2.298519762,"concave",26.41773623,11.14435954,"high",236.3520098,"SW","concave.rugged"
"4211","CR09","C","psme","C",1,0,0,0,0,0,0,0,0,0,1,0,26.94,2301.031624,-2.298519762,"concave",26.41773623,11.14435954,"high",236.3520098,"SW","concave.rugged"
"4212","CR09","C","psme","C",2,0,0,0,0,0,0,0,0,0,1,0,26.94,2301.031624,-2.298519762,"concave",26.41773623,11.14435954,"high",236.3520098,"SW","concave.rugged"
"4213","CR09","C","psme","C",3,0,0,0,0,0,0,0,0,0,1,0,26.94,2301.031624,-2.298519762,"concave",26.41773623,11.14435954,"high",236.3520098,"SW","concave.rugged"
"4214","CR09","C","psme","C",4,0,0,0,0,0,0,0,0,0,1,0,26.94,2301.031624,-2.298519762,"concave",26.41773623,11.14435954,"high",236.3520098,"SW","concave.rugged"
"4215","CR09","C","psme","C",5,1,0,1,0,0,0,0,0,0,1,0,26.94,2301.031624,-2.298519762,"concave",26.41773623,11.14435954,"high",236.3520098,"SW","concave.rugged"
"4216","CR09","C","psme","C",6,0,0,0,0,0,0,0,0,0,1,0,26.94,2301.031624,-2.298519762,"concave",26.41773623,11.14435954,"high",236.3520098,"SW","concave.rugged"
"4217","CR09","C","psme","C",7,0,0,0,0,0,0,0,0,0,1,0,26.94,2301.031624,-2.298519762,"concave",26.41773623,11.14435954,"high",236.3520098,"SW","concave.rugged"
"4218","CR09","C","psme","C",8,0,0,0,0,0,0,0,0,0,1,0,26.94,2301.031624,-2.298519762,"concave",26.41773623,11.14435954,"high",236.3520098,"SW","concave.rugged"
"4219","CR09","C","psme","C",9,0,0,0,0,0,0,0,0,0,1,0,26.94,2301.031624,-2.298519762,"concave",26.41773623,11.14435954,"high",236.3520098,"SW","concave.rugged"
"4220","CR09","C","psme","C",10,0,0,0,0,0,0,0,0,0,1,0,26.94,2301.031624,-2.298519762,"concave",26.41773623,11.14435954,"high",236.3520098,"SW","concave.rugged"
"4221","CR09","E","pico","C",1,0,0,0,0,0,0,0,0,0,1,0,26.94,2301.031624,-2.298519762,"concave",26.41773623,11.14435954,"high",236.3520098,"SW","concave.rugged"
"4222","CR09","E","pico","C",2,0,0,0,0,0,0,0,0,0,1,0,26.94,2301.031624,-2.298519762,"concave",26.41773623,11.14435954,"high",236.3520098,"SW","concave.rugged"
"4223","CR09","E","pico","C",3,0,0,0,0,0,0,0,0,0,1,0,26.94,2301.031624,-2.298519762,"concave",26.41773623,11.14435954,"high",236.3520098,"SW","concave.rugged"
"4224","CR09","E","pico","C",4,1,0,1,0,0,0,0,0,0,1,0,26.94,2301.031624,-2.298519762,"concave",26.41773623,11.14435954,"high",236.3520098,"SW","concave.rugged"
"4225","CR09","E","pico","C",5,0,0,0,0,0,0,0,0,0,1,0,26.94,2301.031624,-2.298519762,"concave",26.41773623,11.14435954,"high",236.3520098,"SW","concave.rugged"
"4226","CR09","E","pico","C",6,0,0,0,0,0,0,0,0,0,1,0,26.94,2301.031624,-2.298519762,"concave",26.41773623,11.14435954,"high",236.3520098,"SW","concave.rugged"
"4227","CR09","E","pico","C",7,0,0,0,0,0,0,0,0,0,1,0,26.94,2301.031624,-2.298519762,"concave",26.41773623,11.14435954,"high",236.3520098,"SW","concave.rugged"
"4228","CR09","E","pico","C",8,0,0,0,0,0,0,0,0,0,1,0,26.94,2301.031624,-2.298519762,"concave",26.41773623,11.14435954,"high",236.3520098,"SW","concave.rugged"
"4229","CR09","E","pico","C",9,0,0,0,0,0,0,0,0,0,1,0,26.94,2301.031624,-2.298519762,"concave",26.41773623,11.14435954,"high",236.3520098,"SW","concave.rugged"
"4230","CR09","E","pico","C",10,0,0,0,0,0,0,0,0,0,1,0,26.94,2301.031624,-2.298519762,"concave",26.41773623,11.14435954,"high",236.3520098,"SW","concave.rugged"
"4231","CR09","E","psme","C",1,0,0,0,0,0,0,0,0,0,1,0,26.94,2301.031624,-2.298519762,"concave",26.41773623,11.14435954,"high",236.3520098,"SW","concave.rugged"
"4232","CR09","E","psme","C",2,0,0,0,0,0,0,0,0,0,1,0,26.94,2301.031624,-2.298519762,"concave",26.41773623,11.14435954,"high",236.3520098,"SW","concave.rugged"
"4233","CR09","E","psme","C",3,0,0,0,0,0,0,0,0,0,1,0,26.94,2301.031624,-2.298519762,"concave",26.41773623,11.14435954,"high",236.3520098,"SW","concave.rugged"
"4234","CR09","E","psme","C",4,0,0,0,0,0,0,0,0,0,1,0,26.94,2301.031624,-2.298519762,"concave",26.41773623,11.14435954,"high",236.3520098,"SW","concave.rugged"
"4235","CR09","E","psme","C",5,0,0,0,0,0,0,0,0,0,1,0,26.94,2301.031624,-2.298519762,"concave",26.41773623,11.14435954,"high",236.3520098,"SW","concave.rugged"
"4236","CR09","E","psme","C",6,0,0,0,0,0,0,0,0,0,1,0,26.94,2301.031624,-2.298519762,"concave",26.41773623,11.14435954,"high",236.3520098,"SW","concave.rugged"
"4237","CR09","E","psme","C",7,0,0,0,0,0,0,1,0,1,0,0,26.94,2301.031624,-2.298519762,"concave",26.41773623,11.14435954,"high",236.3520098,"SW","concave.rugged"
"4238","CR09","E","psme","C",8,0,0,0,0,0,0,0,0,0,1,0,26.94,2301.031624,-2.298519762,"concave",26.41773623,11.14435954,"high",236.3520098,"SW","concave.rugged"
"4239","CR09","E","psme","C",9,0,0,0,0,0,0,0,0,0,1,0,26.94,2301.031624,-2.298519762,"concave",26.41773623,11.14435954,"high",236.3520098,"SW","concave.rugged"
"4240","CR09","E","psme","C",10,0,0,0,0,0,0,0,0,0,1,0,26.94,2301.031624,-2.298519762,"concave",26.41773623,11.14435954,"high",236.3520098,"SW","concave.rugged"
"4241","CR09","N","pico","C",1,0,0,0,0,0,0,0,0,0,1,0,26.94,2301.031624,-2.298519762,"concave",26.41773623,11.14435954,"high",236.3520098,"SW","concave.rugged"
"4242","CR09","N","pico","C",2,0,0,0,0,0,0,0,0,0,1,0,26.94,2301.031624,-2.298519762,"concave",26.41773623,11.14435954,"high",236.3520098,"SW","concave.rugged"
"4243","CR09","N","pico","C",3,0,0,0,0,0,0,0,0,0,1,0,26.94,2301.031624,-2.298519762,"concave",26.41773623,11.14435954,"high",236.3520098,"SW","concave.rugged"
"4244","CR09","N","pico","C",4,0,0,0,0,0,0,0,0,0,1,0,26.94,2301.031624,-2.298519762,"concave",26.41773623,11.14435954,"high",236.3520098,"SW","concave.rugged"
"4245","CR09","N","pico","C",5,0,0,0,0,0,0,0,0,0,1,0,26.94,2301.031624,-2.298519762,"concave",26.41773623,11.14435954,"high",236.3520098,"SW","concave.rugged"
"4246","CR09","N","pico","C",6,0,0,0,0,0,0,0,0,0,1,0,26.94,2301.031624,-2.298519762,"concave",26.41773623,11.14435954,"high",236.3520098,"SW","concave.rugged"
"4247","CR09","N","pico","C",7,0,0,0,0,0,0,0,0,0,1,0,26.94,2301.031624,-2.298519762,"concave",26.41773623,11.14435954,"high",236.3520098,"SW","concave.rugged"
"4248","CR09","N","pico","C",8,0,0,0,0,0,0,0,0,0,1,0,26.94,2301.031624,-2.298519762,"concave",26.41773623,11.14435954,"high",236.3520098,"SW","concave.rugged"
"4249","CR09","N","pico","C",9,0,0,0,0,0,0,0,0,0,1,0,26.94,2301.031624,-2.298519762,"concave",26.41773623,11.14435954,"high",236.3520098,"SW","concave.rugged"
"4250","CR09","N","pico","C",10,0,0,0,0,0,0,1,0,1,0,0,26.94,2301.031624,-2.298519762,"concave",26.41773623,11.14435954,"high",236.3520098,"SW","concave.rugged"
"4251","CR09","N","psme","C",1,0,0,0,0,0,0,0,0,0,1,0,26.94,2301.031624,-2.298519762,"concave",26.41773623,11.14435954,"high",236.3520098,"SW","concave.rugged"
"4252","CR09","N","psme","C",2,0,0,0,0,0,0,0,0,0,1,0,26.94,2301.031624,-2.298519762,"concave",26.41773623,11.14435954,"high",236.3520098,"SW","concave.rugged"
"4253","CR09","N","psme","C",3,0,0,0,0,0,0,0,0,0,1,0,26.94,2301.031624,-2.298519762,"concave",26.41773623,11.14435954,"high",236.3520098,"SW","concave.rugged"
"4254","CR09","N","psme","C",4,0,0,0,0,0,0,0,0,0,1,0,26.94,2301.031624,-2.298519762,"concave",26.41773623,11.14435954,"high",236.3520098,"SW","concave.rugged"
"4255","CR09","N","psme","C",5,0,0,0,0,0,0,0,0,0,1,0,26.94,2301.031624,-2.298519762,"concave",26.41773623,11.14435954,"high",236.3520098,"SW","concave.rugged"
"4256","CR09","N","psme","C",6,0,0,0,0,0,0,0,0,0,1,0,26.94,2301.031624,-2.298519762,"concave",26.41773623,11.14435954,"high",236.3520098,"SW","concave.rugged"
"4257","CR09","N","psme","C",7,0,0,0,0,0,0,0,0,0,1,0,26.94,2301.031624,-2.298519762,"concave",26.41773623,11.14435954,"high",236.3520098,"SW","concave.rugged"
"4258","CR09","N","psme","C",8,0,0,0,0,0,0,0,0,0,1,0,26.94,2301.031624,-2.298519762,"concave",26.41773623,11.14435954,"high",236.3520098,"SW","concave.rugged"
"4259","CR09","N","psme","C",9,0,0,0,0,0,0,0,0,0,1,0,26.94,2301.031624,-2.298519762,"concave",26.41773623,11.14435954,"high",236.3520098,"SW","concave.rugged"
"4260","CR09","N","psme","C",10,0,0,0,0,0,0,0,0,0,1,0,26.94,2301.031624,-2.298519762,"concave",26.41773623,11.14435954,"high",236.3520098,"SW","concave.rugged"
"4261","CR09","S","pico","C",1,0,0,0,0,0,0,0,0,0,1,0,26.94,2301.031624,-2.298519762,"concave",26.41773623,11.14435954,"high",236.3520098,"SW","concave.rugged"
"4262","CR09","S","pico","C",2,1,0,1,1,1,0,0,0,0,1,0,26.94,2301.031624,-2.298519762,"concave",26.41773623,11.14435954,"high",236.3520098,"SW","concave.rugged"
"4263","CR09","S","pico","C",3,1,0,1,0,0,0,0,0,0,1,1,26.94,2301.031624,-2.298519762,"concave",26.41773623,11.14435954,"high",236.3520098,"SW","concave.rugged"
"4264","CR09","S","pico","C",4,0,0,0,0,0,0,0,0,0,1,0,26.94,2301.031624,-2.298519762,"concave",26.41773623,11.14435954,"high",236.3520098,"SW","concave.rugged"
"4265","CR09","S","pico","C",5,0,0,0,0,0,0,0,0,0,1,0,26.94,2301.031624,-2.298519762,"concave",26.41773623,11.14435954,"high",236.3520098,"SW","concave.rugged"
"4266","CR09","S","pico","C",6,0,0,0,0,0,0,0,0,0,1,0,26.94,2301.031624,-2.298519762,"concave",26.41773623,11.14435954,"high",236.3520098,"SW","concave.rugged"
"4267","CR09","S","pico","C",7,0,0,0,0,0,0,0,0,0,1,0,26.94,2301.031624,-2.298519762,"concave",26.41773623,11.14435954,"high",236.3520098,"SW","concave.rugged"
"4268","CR09","S","pico","C",8,0,0,0,0,0,0,0,0,0,1,0,26.94,2301.031624,-2.298519762,"concave",26.41773623,11.14435954,"high",236.3520098,"SW","concave.rugged"
"4269","CR09","S","pico","C",9,0,0,0,0,0,0,0,0,0,1,0,26.94,2301.031624,-2.298519762,"concave",26.41773623,11.14435954,"high",236.3520098,"SW","concave.rugged"
"4270","CR09","S","pico","C",10,0,0,0,0,0,0,0,0,0,1,0,26.94,2301.031624,-2.298519762,"concave",26.41773623,11.14435954,"high",236.3520098,"SW","concave.rugged"
"4271","CR09","S","psme","C",1,0,0,0,0,0,0,0,0,0,1,0,26.94,2301.031624,-2.298519762,"concave",26.41773623,11.14435954,"high",236.3520098,"SW","concave.rugged"
"4272","CR09","S","psme","C",2,0,0,0,0,0,0,0,0,0,1,0,26.94,2301.031624,-2.298519762,"concave",26.41773623,11.14435954,"high",236.3520098,"SW","concave.rugged"
"4273","CR09","S","psme","C",3,0,0,0,0,0,0,0,0,0,1,0,26.94,2301.031624,-2.298519762,"concave",26.41773623,11.14435954,"high",236.3520098,"SW","concave.rugged"
"4274","CR09","S","psme","C",4,0,0,0,0,0,0,0,0,0,1,0,26.94,2301.031624,-2.298519762,"concave",26.41773623,11.14435954,"high",236.3520098,"SW","concave.rugged"
"4275","CR09","S","psme","C",5,1,0,1,1,0,0,0,0,0,1,0,26.94,2301.031624,-2.298519762,"concave",26.41773623,11.14435954,"high",236.3520098,"SW","concave.rugged"
"4276","CR09","S","psme","C",6,0,0,0,0,0,0,0,0,0,1,0,26.94,2301.031624,-2.298519762,"concave",26.41773623,11.14435954,"high",236.3520098,"SW","concave.rugged"
"4277","CR09","S","psme","C",7,0,0,0,0,0,0,0,0,0,1,0,26.94,2301.031624,-2.298519762,"concave",26.41773623,11.14435954,"high",236.3520098,"SW","concave.rugged"
"4278","CR09","S","psme","C",8,0,0,0,0,0,0,0,0,0,1,0,26.94,2301.031624,-2.298519762,"concave",26.41773623,11.14435954,"high",236.3520098,"SW","concave.rugged"
"4279","CR09","S","psme","C",9,0,0,0,0,0,0,0,0,0,1,0,26.94,2301.031624,-2.298519762,"concave",26.41773623,11.14435954,"high",236.3520098,"SW","concave.rugged"
"4280","CR09","S","psme","C",10,0,0,0,0,0,0,0,0,0,1,0,26.94,2301.031624,-2.298519762,"concave",26.41773623,11.14435954,"high",236.3520098,"SW","concave.rugged"
"4281","CR09","W","pico","C",1,0,0,0,0,0,0,0,0,0,1,0,26.94,2301.031624,-2.298519762,"concave",26.41773623,11.14435954,"high",236.3520098,"SW","concave.rugged"
"4282","CR09","W","pico","C",2,0,0,0,0,0,0,0,0,0,1,0,26.94,2301.031624,-2.298519762,"concave",26.41773623,11.14435954,"high",236.3520098,"SW","concave.rugged"
"4283","CR09","W","pico","C",3,0,0,0,0,0,0,0,0,0,1,0,26.94,2301.031624,-2.298519762,"concave",26.41773623,11.14435954,"high",236.3520098,"SW","concave.rugged"
"4284","CR09","W","pico","C",4,0,0,0,0,0,0,0,0,0,1,0,26.94,2301.031624,-2.298519762,"concave",26.41773623,11.14435954,"high",236.3520098,"SW","concave.rugged"
"4285","CR09","W","pico","C",5,0,0,0,0,0,0,0,0,0,1,0,26.94,2301.031624,-2.298519762,"concave",26.41773623,11.14435954,"high",236.3520098,"SW","concave.rugged"
"4286","CR09","W","pico","C",6,0,0,0,0,0,0,0,0,0,1,0,26.94,2301.031624,-2.298519762,"concave",26.41773623,11.14435954,"high",236.3520098,"SW","concave.rugged"
"4287","CR09","W","pico","C",7,0,0,0,0,0,0,0,0,0,1,0,26.94,2301.031624,-2.298519762,"concave",26.41773623,11.14435954,"high",236.3520098,"SW","concave.rugged"
"4288","CR09","W","pico","C",8,0,0,0,0,0,0,0,0,0,1,0,26.94,2301.031624,-2.298519762,"concave",26.41773623,11.14435954,"high",236.3520098,"SW","concave.rugged"
"4289","CR09","W","pico","C",9,0,0,0,0,0,0,0,0,0,1,0,26.94,2301.031624,-2.298519762,"concave",26.41773623,11.14435954,"high",236.3520098,"SW","concave.rugged"
"4290","CR09","W","pico","C",10,0,0,0,0,0,0,0,0,0,1,0,26.94,2301.031624,-2.298519762,"concave",26.41773623,11.14435954,"high",236.3520098,"SW","concave.rugged"
"4291","CR09","W","psme","C",1,0,0,0,0,0,0,0,0,0,1,0,26.94,2301.031624,-2.298519762,"concave",26.41773623,11.14435954,"high",236.3520098,"SW","concave.rugged"
"4292","CR09","W","psme","C",2,0,0,0,0,0,0,0,0,0,1,0,26.94,2301.031624,-2.298519762,"concave",26.41773623,11.14435954,"high",236.3520098,"SW","concave.rugged"
"4293","CR09","W","psme","C",3,0,0,0,0,0,0,0,0,0,1,0,26.94,2301.031624,-2.298519762,"concave",26.41773623,11.14435954,"high",236.3520098,"SW","concave.rugged"
"4294","CR09","W","psme","C",4,0,0,0,0,0,0,0,0,0,1,0,26.94,2301.031624,-2.298519762,"concave",26.41773623,11.14435954,"high",236.3520098,"SW","concave.rugged"
"4295","CR09","W","psme","C",5,0,0,0,0,0,0,0,0,0,1,0,26.94,2301.031624,-2.298519762,"concave",26.41773623,11.14435954,"high",236.3520098,"SW","concave.rugged"
"4296","CR09","W","psme","C",6,0,0,0,0,0,0,0,0,0,1,0,26.94,2301.031624,-2.298519762,"concave",26.41773623,11.14435954,"high",236.3520098,"SW","concave.rugged"
"4297","CR09","W","psme","C",7,0,0,0,0,0,0,0,0,0,1,0,26.94,2301.031624,-2.298519762,"concave",26.41773623,11.14435954,"high",236.3520098,"SW","concave.rugged"
"4298","CR09","W","psme","C",8,0,0,0,0,0,0,0,0,0,1,0,26.94,2301.031624,-2.298519762,"concave",26.41773623,11.14435954,"high",236.3520098,"SW","concave.rugged"
"4299","CR09","W","psme","C",9,0,0,0,0,0,0,0,0,0,1,0,26.94,2301.031624,-2.298519762,"concave",26.41773623,11.14435954,"high",236.3520098,"SW","concave.rugged"
"4300","CR09","W","psme","C",10,0,0,0,0,0,0,0,0,0,1,0,26.94,2301.031624,-2.298519762,"concave",26.41773623,11.14435954,"high",236.3520098,"SW","concave.rugged"
"4301","CR09","C","pico","D",1,0,0,0,0,0,0,0,0,0,1,0,26.94,2301.031624,-2.298519762,"concave",26.41773623,11.14435954,"high",236.3520098,"SW","concave.rugged"
"4302","CR09","C","pico","D",2,1,0,1,1,0,0,0,0,0,1,0,26.94,2301.031624,-2.298519762,"concave",26.41773623,11.14435954,"high",236.3520098,"SW","concave.rugged"
"4303","CR09","C","pico","D",3,0,0,0,0,0,0,0,0,0,1,0,26.94,2301.031624,-2.298519762,"concave",26.41773623,11.14435954,"high",236.3520098,"SW","concave.rugged"
"4304","CR09","C","pico","D",4,0,0,0,0,0,0,0,0,0,1,0,26.94,2301.031624,-2.298519762,"concave",26.41773623,11.14435954,"high",236.3520098,"SW","concave.rugged"
"4305","CR09","C","pico","D",5,1,0,1,1,0,0,0,0,0,1,0,26.94,2301.031624,-2.298519762,"concave",26.41773623,11.14435954,"high",236.3520098,"SW","concave.rugged"
"4306","CR09","C","pico","D",6,0,0,0,0,0,0,0,0,0,1,0,26.94,2301.031624,-2.298519762,"concave",26.41773623,11.14435954,"high",236.3520098,"SW","concave.rugged"
"4307","CR09","C","pico","D",7,0,0,0,0,0,0,0,0,0,1,0,26.94,2301.031624,-2.298519762,"concave",26.41773623,11.14435954,"high",236.3520098,"SW","concave.rugged"
"4308","CR09","C","pico","D",8,1,0,1,0,0,0,0,0,0,1,0,26.94,2301.031624,-2.298519762,"concave",26.41773623,11.14435954,"high",236.3520098,"SW","concave.rugged"
"4309","CR09","C","pico","D",9,0,0,0,0,0,0,0,0,0,1,0,26.94,2301.031624,-2.298519762,"concave",26.41773623,11.14435954,"high",236.3520098,"SW","concave.rugged"
"4310","CR09","C","pico","D",10,0,0,0,0,0,0,1,0,1,0,0,26.94,2301.031624,-2.298519762,"concave",26.41773623,11.14435954,"high",236.3520098,"SW","concave.rugged"
"4311","CR09","C","psme","D",1,0,0,0,0,0,0,0,0,0,1,0,26.94,2301.031624,-2.298519762,"concave",26.41773623,11.14435954,"high",236.3520098,"SW","concave.rugged"
"4312","CR09","C","psme","D",2,0,0,0,0,0,0,0,0,0,1,0,26.94,2301.031624,-2.298519762,"concave",26.41773623,11.14435954,"high",236.3520098,"SW","concave.rugged"
"4313","CR09","C","psme","D",3,0,0,0,0,0,0,0,0,0,1,0,26.94,2301.031624,-2.298519762,"concave",26.41773623,11.14435954,"high",236.3520098,"SW","concave.rugged"
"4314","CR09","C","psme","D",4,0,0,0,0,0,0,0,0,0,1,0,26.94,2301.031624,-2.298519762,"concave",26.41773623,11.14435954,"high",236.3520098,"SW","concave.rugged"
"4315","CR09","C","psme","D",5,0,0,0,0,0,0,0,0,0,1,0,26.94,2301.031624,-2.298519762,"concave",26.41773623,11.14435954,"high",236.3520098,"SW","concave.rugged"
"4316","CR09","C","psme","D",6,0,0,0,0,0,0,0,0,0,1,0,26.94,2301.031624,-2.298519762,"concave",26.41773623,11.14435954,"high",236.3520098,"SW","concave.rugged"
"4317","CR09","C","psme","D",7,0,0,0,0,0,0,1,0,1,0,0,26.94,2301.031624,-2.298519762,"concave",26.41773623,11.14435954,"high",236.3520098,"SW","concave.rugged"
"4318","CR09","C","psme","D",8,0,0,0,0,0,0,1,0,1,0,0,26.94,2301.031624,-2.298519762,"concave",26.41773623,11.14435954,"high",236.3520098,"SW","concave.rugged"
"4319","CR09","C","psme","D",9,0,0,0,0,0,0,0,0,0,1,0,26.94,2301.031624,-2.298519762,"concave",26.41773623,11.14435954,"high",236.3520098,"SW","concave.rugged"
"4320","CR09","C","psme","D",10,0,0,0,0,0,0,0,0,0,1,0,26.94,2301.031624,-2.298519762,"concave",26.41773623,11.14435954,"high",236.3520098,"SW","concave.rugged"
"4321","CR09","E","pico","D",1,0,0,0,0,0,0,0,0,0,1,0,26.94,2301.031624,-2.298519762,"concave",26.41773623,11.14435954,"high",236.3520098,"SW","concave.rugged"
"4322","CR09","E","pico","D",2,0,0,0,0,0,0,0,0,0,1,0,26.94,2301.031624,-2.298519762,"concave",26.41773623,11.14435954,"high",236.3520098,"SW","concave.rugged"
"4323","CR09","E","pico","D",3,0,0,0,0,0,0,0,0,0,1,0,26.94,2301.031624,-2.298519762,"concave",26.41773623,11.14435954,"high",236.3520098,"SW","concave.rugged"
"4324","CR09","E","pico","D",4,0,0,0,0,0,0,0,0,0,1,0,26.94,2301.031624,-2.298519762,"concave",26.41773623,11.14435954,"high",236.3520098,"SW","concave.rugged"
"4325","CR09","E","pico","D",5,0,0,0,0,0,0,0,0,0,1,0,26.94,2301.031624,-2.298519762,"concave",26.41773623,11.14435954,"high",236.3520098,"SW","concave.rugged"
"4326","CR09","E","pico","D",6,0,0,0,0,0,0,0,0,0,1,0,26.94,2301.031624,-2.298519762,"concave",26.41773623,11.14435954,"high",236.3520098,"SW","concave.rugged"
"4327","CR09","E","pico","D",7,0,0,0,0,0,0,0,0,0,1,0,26.94,2301.031624,-2.298519762,"concave",26.41773623,11.14435954,"high",236.3520098,"SW","concave.rugged"
"4328","CR09","E","pico","D",8,0,0,0,0,0,0,0,0,0,1,0,26.94,2301.031624,-2.298519762,"concave",26.41773623,11.14435954,"high",236.3520098,"SW","concave.rugged"
"4329","CR09","E","pico","D",9,0,0,0,0,0,0,0,0,0,1,0,26.94,2301.031624,-2.298519762,"concave",26.41773623,11.14435954,"high",236.3520098,"SW","concave.rugged"
"4330","CR09","E","pico","D",10,0,0,0,0,0,0,0,0,0,1,0,26.94,2301.031624,-2.298519762,"concave",26.41773623,11.14435954,"high",236.3520098,"SW","concave.rugged"
"4331","CR09","E","psme","D",1,0,0,0,0,0,0,0,0,0,1,0,26.94,2301.031624,-2.298519762,"concave",26.41773623,11.14435954,"high",236.3520098,"SW","concave.rugged"
"4332","CR09","E","psme","D",2,0,0,0,0,0,0,0,0,0,1,0,26.94,2301.031624,-2.298519762,"concave",26.41773623,11.14435954,"high",236.3520098,"SW","concave.rugged"
"4333","CR09","E","psme","D",3,0,0,0,0,0,0,0,0,0,1,0,26.94,2301.031624,-2.298519762,"concave",26.41773623,11.14435954,"high",236.3520098,"SW","concave.rugged"
"4334","CR09","E","psme","D",4,0,0,0,0,0,0,0,0,0,1,0,26.94,2301.031624,-2.298519762,"concave",26.41773623,11.14435954,"high",236.3520098,"SW","concave.rugged"
"4335","CR09","E","psme","D",5,0,0,0,0,0,0,0,0,0,1,0,26.94,2301.031624,-2.298519762,"concave",26.41773623,11.14435954,"high",236.3520098,"SW","concave.rugged"
"4336","CR09","E","psme","D",6,0,0,0,0,0,0,0,0,0,1,0,26.94,2301.031624,-2.298519762,"concave",26.41773623,11.14435954,"high",236.3520098,"SW","concave.rugged"
"4337","CR09","E","psme","D",7,0,0,0,0,0,0,0,0,0,1,0,26.94,2301.031624,-2.298519762,"concave",26.41773623,11.14435954,"high",236.3520098,"SW","concave.rugged"
"4338","CR09","E","psme","D",8,0,0,0,0,0,0,0,0,0,1,0,26.94,2301.031624,-2.298519762,"concave",26.41773623,11.14435954,"high",236.3520098,"SW","concave.rugged"
"4339","CR09","E","psme","D",9,0,0,0,0,0,0,0,0,0,1,0,26.94,2301.031624,-2.298519762,"concave",26.41773623,11.14435954,"high",236.3520098,"SW","concave.rugged"
"4340","CR09","E","psme","D",10,0,0,0,0,0,0,0,0,0,1,0,26.94,2301.031624,-2.298519762,"concave",26.41773623,11.14435954,"high",236.3520098,"SW","concave.rugged"
"4341","CR09","N","pico","D",1,0,0,0,0,0,0,0,0,0,1,0,26.94,2301.031624,-2.298519762,"concave",26.41773623,11.14435954,"high",236.3520098,"SW","concave.rugged"
"4342","CR09","N","pico","D",2,0,0,0,0,0,0,0,0,0,1,0,26.94,2301.031624,-2.298519762,"concave",26.41773623,11.14435954,"high",236.3520098,"SW","concave.rugged"
"4343","CR09","N","pico","D",3,0,0,0,0,0,0,0,0,0,1,0,26.94,2301.031624,-2.298519762,"concave",26.41773623,11.14435954,"high",236.3520098,"SW","concave.rugged"
"4344","CR09","N","pico","D",4,0,0,0,0,0,0,0,0,0,1,0,26.94,2301.031624,-2.298519762,"concave",26.41773623,11.14435954,"high",236.3520098,"SW","concave.rugged"
"4345","CR09","N","pico","D",5,0,0,0,0,0,0,0,0,0,1,0,26.94,2301.031624,-2.298519762,"concave",26.41773623,11.14435954,"high",236.3520098,"SW","concave.rugged"
"4346","CR09","N","pico","D",6,0,0,0,0,0,0,0,0,0,1,0,26.94,2301.031624,-2.298519762,"concave",26.41773623,11.14435954,"high",236.3520098,"SW","concave.rugged"
"4347","CR09","N","pico","D",7,0,0,0,0,0,0,0,0,0,1,0,26.94,2301.031624,-2.298519762,"concave",26.41773623,11.14435954,"high",236.3520098,"SW","concave.rugged"
"4348","CR09","N","pico","D",8,0,0,0,0,0,0,0,0,0,1,0,26.94,2301.031624,-2.298519762,"concave",26.41773623,11.14435954,"high",236.3520098,"SW","concave.rugged"
"4349","CR09","N","pico","D",9,0,0,0,0,0,0,0,0,0,1,0,26.94,2301.031624,-2.298519762,"concave",26.41773623,11.14435954,"high",236.3520098,"SW","concave.rugged"
"4350","CR09","N","pico","D",10,0,0,0,0,0,0,1,0,1,0,0,26.94,2301.031624,-2.298519762,"concave",26.41773623,11.14435954,"high",236.3520098,"SW","concave.rugged"
"4351","CR09","N","psme","D",1,0,0,0,0,0,0,0,0,0,1,0,26.94,2301.031624,-2.298519762,"concave",26.41773623,11.14435954,"high",236.3520098,"SW","concave.rugged"
"4352","CR09","N","psme","D",2,0,0,0,0,0,0,0,0,0,1,0,26.94,2301.031624,-2.298519762,"concave",26.41773623,11.14435954,"high",236.3520098,"SW","concave.rugged"
"4353","CR09","N","psme","D",3,0,0,0,0,0,0,0,0,0,1,0,26.94,2301.031624,-2.298519762,"concave",26.41773623,11.14435954,"high",236.3520098,"SW","concave.rugged"
"4354","CR09","N","psme","D",4,0,0,0,0,0,0,0,0,0,1,0,26.94,2301.031624,-2.298519762,"concave",26.41773623,11.14435954,"high",236.3520098,"SW","concave.rugged"
"4355","CR09","N","psme","D",5,0,0,0,0,0,0,0,0,0,1,0,26.94,2301.031624,-2.298519762,"concave",26.41773623,11.14435954,"high",236.3520098,"SW","concave.rugged"
"4356","CR09","N","psme","D",6,0,0,0,0,0,0,0,0,0,1,0,26.94,2301.031624,-2.298519762,"concave",26.41773623,11.14435954,"high",236.3520098,"SW","concave.rugged"
"4357","CR09","N","psme","D",7,0,0,0,0,0,0,0,0,0,1,0,26.94,2301.031624,-2.298519762,"concave",26.41773623,11.14435954,"high",236.3520098,"SW","concave.rugged"
"4358","CR09","N","psme","D",8,0,0,0,0,0,0,0,0,0,1,0,26.94,2301.031624,-2.298519762,"concave",26.41773623,11.14435954,"high",236.3520098,"SW","concave.rugged"
"4359","CR09","N","psme","D",9,0,0,0,0,0,0,0,0,0,1,0,26.94,2301.031624,-2.298519762,"concave",26.41773623,11.14435954,"high",236.3520098,"SW","concave.rugged"
"4360","CR09","N","psme","D",10,0,0,0,0,0,0,0,0,0,1,0,26.94,2301.031624,-2.298519762,"concave",26.41773623,11.14435954,"high",236.3520098,"SW","concave.rugged"
"4361","CR09","S","pico","D",1,1,0,1,0,0,0,0,0,0,1,0,26.94,2301.031624,-2.298519762,"concave",26.41773623,11.14435954,"high",236.3520098,"SW","concave.rugged"
"4362","CR09","S","pico","D",2,0,0,0,0,0,0,0,0,0,1,0,26.94,2301.031624,-2.298519762,"concave",26.41773623,11.14435954,"high",236.3520098,"SW","concave.rugged"
"4363","CR09","S","pico","D",3,0,0,0,0,0,0,0,0,0,1,0,26.94,2301.031624,-2.298519762,"concave",26.41773623,11.14435954,"high",236.3520098,"SW","concave.rugged"
"4364","CR09","S","pico","D",4,0,0,0,0,0,0,0,0,0,1,0,26.94,2301.031624,-2.298519762,"concave",26.41773623,11.14435954,"high",236.3520098,"SW","concave.rugged"
"4365","CR09","S","pico","D",5,0,0,0,0,0,0,0,0,0,1,0,26.94,2301.031624,-2.298519762,"concave",26.41773623,11.14435954,"high",236.3520098,"SW","concave.rugged"
"4366","CR09","S","pico","D",6,1,0,1,0,0,0,0,0,0,1,0,26.94,2301.031624,-2.298519762,"concave",26.41773623,11.14435954,"high",236.3520098,"SW","concave.rugged"
"4367","CR09","S","pico","D",7,0,0,0,0,0,0,0,0,0,1,0,26.94,2301.031624,-2.298519762,"concave",26.41773623,11.14435954,"high",236.3520098,"SW","concave.rugged"
"4368","CR09","S","pico","D",8,1,0,1,0,0,0,0,0,0,1,1,26.94,2301.031624,-2.298519762,"concave",26.41773623,11.14435954,"high",236.3520098,"SW","concave.rugged"
"4369","CR09","S","pico","D",9,0,0,0,0,0,0,0,0,0,1,0,26.94,2301.031624,-2.298519762,"concave",26.41773623,11.14435954,"high",236.3520098,"SW","concave.rugged"
"4370","CR09","S","pico","D",10,1,0,1,1,0,0,0,0,0,1,1,26.94,2301.031624,-2.298519762,"concave",26.41773623,11.14435954,"high",236.3520098,"SW","concave.rugged"
"4371","CR09","S","psme","D",1,0,0,0,0,0,0,0,0,0,1,0,26.94,2301.031624,-2.298519762,"concave",26.41773623,11.14435954,"high",236.3520098,"SW","concave.rugged"
"4372","CR09","S","psme","D",2,0,0,0,0,0,0,0,0,0,1,0,26.94,2301.031624,-2.298519762,"concave",26.41773623,11.14435954,"high",236.3520098,"SW","concave.rugged"
"4373","CR09","S","psme","D",3,0,0,0,0,0,0,0,0,0,1,0,26.94,2301.031624,-2.298519762,"concave",26.41773623,11.14435954,"high",236.3520098,"SW","concave.rugged"
"4374","CR09","S","psme","D",4,0,0,0,0,0,0,0,0,0,1,0,26.94,2301.031624,-2.298519762,"concave",26.41773623,11.14435954,"high",236.3520098,"SW","concave.rugged"
"4375","CR09","S","psme","D",5,0,0,0,0,0,0,0,0,0,1,0,26.94,2301.031624,-2.298519762,"concave",26.41773623,11.14435954,"high",236.3520098,"SW","concave.rugged"
"4376","CR09","S","psme","D",6,0,0,0,0,0,0,0,0,0,1,0,26.94,2301.031624,-2.298519762,"concave",26.41773623,11.14435954,"high",236.3520098,"SW","concave.rugged"
"4377","CR09","S","psme","D",7,0,0,0,0,0,0,0,0,0,1,0,26.94,2301.031624,-2.298519762,"concave",26.41773623,11.14435954,"high",236.3520098,"SW","concave.rugged"
"4378","CR09","S","psme","D",8,0,0,0,0,0,0,0,0,0,1,0,26.94,2301.031624,-2.298519762,"concave",26.41773623,11.14435954,"high",236.3520098,"SW","concave.rugged"
"4379","CR09","S","psme","D",9,0,0,0,0,0,0,0,0,0,1,0,26.94,2301.031624,-2.298519762,"concave",26.41773623,11.14435954,"high",236.3520098,"SW","concave.rugged"
"4380","CR09","S","psme","D",10,0,0,0,0,0,0,0,0,0,1,0,26.94,2301.031624,-2.298519762,"concave",26.41773623,11.14435954,"high",236.3520098,"SW","concave.rugged"
"4381","CR09","W","pico","D",1,0,0,0,0,0,0,0,0,0,1,0,26.94,2301.031624,-2.298519762,"concave",26.41773623,11.14435954,"high",236.3520098,"SW","concave.rugged"
"4382","CR09","W","pico","D",2,0,0,0,0,0,0,0,0,0,1,0,26.94,2301.031624,-2.298519762,"concave",26.41773623,11.14435954,"high",236.3520098,"SW","concave.rugged"
"4383","CR09","W","pico","D",3,0,0,0,0,0,0,0,0,0,1,0,26.94,2301.031624,-2.298519762,"concave",26.41773623,11.14435954,"high",236.3520098,"SW","concave.rugged"
"4384","CR09","W","pico","D",4,0,0,0,0,0,0,0,0,0,1,0,26.94,2301.031624,-2.298519762,"concave",26.41773623,11.14435954,"high",236.3520098,"SW","concave.rugged"
"4385","CR09","W","pico","D",5,0,0,0,0,0,0,0,0,0,1,0,26.94,2301.031624,-2.298519762,"concave",26.41773623,11.14435954,"high",236.3520098,"SW","concave.rugged"
"4386","CR09","W","pico","D",6,0,0,0,0,0,0,0,0,0,1,0,26.94,2301.031624,-2.298519762,"concave",26.41773623,11.14435954,"high",236.3520098,"SW","concave.rugged"
"4387","CR09","W","pico","D",7,1,0,1,1,0,0,0,0,0,1,0,26.94,2301.031624,-2.298519762,"concave",26.41773623,11.14435954,"high",236.3520098,"SW","concave.rugged"
"4388","CR09","W","pico","D",8,0,0,0,0,0,0,0,0,0,1,0,26.94,2301.031624,-2.298519762,"concave",26.41773623,11.14435954,"high",236.3520098,"SW","concave.rugged"
"4389","CR09","W","pico","D",9,1,0,1,0,0,0,0,0,0,1,0,26.94,2301.031624,-2.298519762,"concave",26.41773623,11.14435954,"high",236.3520098,"SW","concave.rugged"
"4390","CR09","W","pico","D",10,0,0,0,0,0,0,0,0,0,1,0,26.94,2301.031624,-2.298519762,"concave",26.41773623,11.14435954,"high",236.3520098,"SW","concave.rugged"
"4391","CR09","W","psme","D",1,0,0,0,0,0,0,0,0,0,1,0,26.94,2301.031624,-2.298519762,"concave",26.41773623,11.14435954,"high",236.3520098,"SW","concave.rugged"
"4392","CR09","W","psme","D",2,0,0,0,0,0,0,0,0,0,1,0,26.94,2301.031624,-2.298519762,"concave",26.41773623,11.14435954,"high",236.3520098,"SW","concave.rugged"
"4393","CR09","W","psme","D",3,0,0,0,0,0,0,0,0,0,1,0,26.94,2301.031624,-2.298519762,"concave",26.41773623,11.14435954,"high",236.3520098,"SW","concave.rugged"
"4394","CR09","W","psme","D",4,0,0,0,0,0,0,0,0,0,1,0,26.94,2301.031624,-2.298519762,"concave",26.41773623,11.14435954,"high",236.3520098,"SW","concave.rugged"
"4395","CR09","W","psme","D",5,0,0,0,0,0,0,0,0,0,1,0,26.94,2301.031624,-2.298519762,"concave",26.41773623,11.14435954,"high",236.3520098,"SW","concave.rugged"
"4396","CR09","W","psme","D",6,0,0,0,0,0,0,0,0,0,1,0,26.94,2301.031624,-2.298519762,"concave",26.41773623,11.14435954,"high",236.3520098,"SW","concave.rugged"
"4397","CR09","W","psme","D",7,0,0,0,0,0,0,0,0,0,1,0,26.94,2301.031624,-2.298519762,"concave",26.41773623,11.14435954,"high",236.3520098,"SW","concave.rugged"
"4398","CR09","W","psme","D",8,0,0,0,0,0,0,0,0,0,1,0,26.94,2301.031624,-2.298519762,"concave",26.41773623,11.14435954,"high",236.3520098,"SW","concave.rugged"
"4399","CR09","W","psme","D",9,0,0,0,0,0,0,0,0,0,1,0,26.94,2301.031624,-2.298519762,"concave",26.41773623,11.14435954,"high",236.3520098,"SW","concave.rugged"
"4400","CR09","W","psme","D",10,0,0,0,0,0,0,0,0,0,1,0,26.94,2301.031624,-2.298519762,"concave",26.41773623,11.14435954,"high",236.3520098,"SW","concave.rugged"
"4401","CR09","C","pico","E",1,0,0,0,0,0,0,0,0,0,1,0,26.94,2301.031624,-2.298519762,"concave",26.41773623,11.14435954,"high",236.3520098,"SW","concave.rugged"
"4402","CR09","C","pico","E",2,0,0,0,0,0,0,0,0,0,1,0,26.94,2301.031624,-2.298519762,"concave",26.41773623,11.14435954,"high",236.3520098,"SW","concave.rugged"
"4403","CR09","C","pico","E",3,0,0,0,0,0,0,0,0,0,1,0,26.94,2301.031624,-2.298519762,"concave",26.41773623,11.14435954,"high",236.3520098,"SW","concave.rugged"
"4404","CR09","C","pico","E",4,0,0,0,0,0,0,0,0,0,1,0,26.94,2301.031624,-2.298519762,"concave",26.41773623,11.14435954,"high",236.3520098,"SW","concave.rugged"
"4405","CR09","C","pico","E",5,0,0,0,0,0,0,0,0,0,1,0,26.94,2301.031624,-2.298519762,"concave",26.41773623,11.14435954,"high",236.3520098,"SW","concave.rugged"
"4406","CR09","C","pico","E",6,0,0,0,0,0,0,0,0,0,1,0,26.94,2301.031624,-2.298519762,"concave",26.41773623,11.14435954,"high",236.3520098,"SW","concave.rugged"
"4407","CR09","C","pico","E",7,0,0,0,0,0,0,0,0,0,1,0,26.94,2301.031624,-2.298519762,"concave",26.41773623,11.14435954,"high",236.3520098,"SW","concave.rugged"
"4408","CR09","C","pico","E",8,0,0,0,0,0,0,0,0,0,1,0,26.94,2301.031624,-2.298519762,"concave",26.41773623,11.14435954,"high",236.3520098,"SW","concave.rugged"
"4409","CR09","C","pico","E",9,0,0,0,0,0,0,0,0,0,1,0,26.94,2301.031624,-2.298519762,"concave",26.41773623,11.14435954,"high",236.3520098,"SW","concave.rugged"
"4410","CR09","C","pico","E",10,0,0,0,0,0,0,0,0,0,1,0,26.94,2301.031624,-2.298519762,"concave",26.41773623,11.14435954,"high",236.3520098,"SW","concave.rugged"
"4411","CR09","C","psme","E",1,0,0,0,0,0,0,0,0,0,1,0,26.94,2301.031624,-2.298519762,"concave",26.41773623,11.14435954,"high",236.3520098,"SW","concave.rugged"
"4412","CR09","C","psme","E",2,0,0,0,0,0,0,0,0,0,1,0,26.94,2301.031624,-2.298519762,"concave",26.41773623,11.14435954,"high",236.3520098,"SW","concave.rugged"
"4413","CR09","C","psme","E",3,0,0,0,0,0,0,0,0,0,1,0,26.94,2301.031624,-2.298519762,"concave",26.41773623,11.14435954,"high",236.3520098,"SW","concave.rugged"
"4414","CR09","C","psme","E",4,0,0,0,0,0,0,1,0,1,0,0,26.94,2301.031624,-2.298519762,"concave",26.41773623,11.14435954,"high",236.3520098,"SW","concave.rugged"
"4415","CR09","C","psme","E",5,0,0,0,0,0,0,1,0,1,0,0,26.94,2301.031624,-2.298519762,"concave",26.41773623,11.14435954,"high",236.3520098,"SW","concave.rugged"
"4416","CR09","C","psme","E",6,0,0,0,0,0,0,1,0,1,0,0,26.94,2301.031624,-2.298519762,"concave",26.41773623,11.14435954,"high",236.3520098,"SW","concave.rugged"
"4417","CR09","C","psme","E",7,0,0,0,0,0,0,1,0,1,0,0,26.94,2301.031624,-2.298519762,"concave",26.41773623,11.14435954,"high",236.3520098,"SW","concave.rugged"
"4418","CR09","C","psme","E",8,0,0,0,0,0,0,1,0,1,0,0,26.94,2301.031624,-2.298519762,"concave",26.41773623,11.14435954,"high",236.3520098,"SW","concave.rugged"
"4419","CR09","C","psme","E",9,0,0,0,0,0,0,1,0,1,0,0,26.94,2301.031624,-2.298519762,"concave",26.41773623,11.14435954,"high",236.3520098,"SW","concave.rugged"
"4420","CR09","C","psme","E",10,0,0,0,0,0,0,0,0,0,1,0,26.94,2301.031624,-2.298519762,"concave",26.41773623,11.14435954,"high",236.3520098,"SW","concave.rugged"
"4421","CR09","E","pico","E",1,0,0,0,0,0,0,0,0,0,1,0,26.94,2301.031624,-2.298519762,"concave",26.41773623,11.14435954,"high",236.3520098,"SW","concave.rugged"
"4422","CR09","E","pico","E",2,0,0,0,0,0,0,0,0,0,1,0,26.94,2301.031624,-2.298519762,"concave",26.41773623,11.14435954,"high",236.3520098,"SW","concave.rugged"
"4423","CR09","E","pico","E",3,0,0,0,0,0,0,0,0,0,1,0,26.94,2301.031624,-2.298519762,"concave",26.41773623,11.14435954,"high",236.3520098,"SW","concave.rugged"
"4424","CR09","E","pico","E",4,0,0,0,0,0,0,0,0,0,1,0,26.94,2301.031624,-2.298519762,"concave",26.41773623,11.14435954,"high",236.3520098,"SW","concave.rugged"
"4425","CR09","E","pico","E",5,0,0,0,0,0,0,0,0,0,1,0,26.94,2301.031624,-2.298519762,"concave",26.41773623,11.14435954,"high",236.3520098,"SW","concave.rugged"
"4426","CR09","E","pico","E",6,0,0,0,0,0,0,0,0,0,1,0,26.94,2301.031624,-2.298519762,"concave",26.41773623,11.14435954,"high",236.3520098,"SW","concave.rugged"
"4427","CR09","E","pico","E",7,0,0,0,0,0,0,0,0,0,1,0,26.94,2301.031624,-2.298519762,"concave",26.41773623,11.14435954,"high",236.3520098,"SW","concave.rugged"
"4428","CR09","E","pico","E",8,0,0,0,0,0,0,0,0,0,1,0,26.94,2301.031624,-2.298519762,"concave",26.41773623,11.14435954,"high",236.3520098,"SW","concave.rugged"
"4429","CR09","E","pico","E",9,0,0,0,0,0,0,0,0,0,1,0,26.94,2301.031624,-2.298519762,"concave",26.41773623,11.14435954,"high",236.3520098,"SW","concave.rugged"
"4430","CR09","E","pico","E",10,0,0,0,0,0,0,0,0,0,1,0,26.94,2301.031624,-2.298519762,"concave",26.41773623,11.14435954,"high",236.3520098,"SW","concave.rugged"
"4431","CR09","E","psme","E",1,0,0,0,0,0,0,0,0,0,1,0,26.94,2301.031624,-2.298519762,"concave",26.41773623,11.14435954,"high",236.3520098,"SW","concave.rugged"
"4432","CR09","E","psme","E",2,0,0,0,0,0,0,0,0,0,1,0,26.94,2301.031624,-2.298519762,"concave",26.41773623,11.14435954,"high",236.3520098,"SW","concave.rugged"
"4433","CR09","E","psme","E",3,0,0,0,0,0,0,0,0,0,1,0,26.94,2301.031624,-2.298519762,"concave",26.41773623,11.14435954,"high",236.3520098,"SW","concave.rugged"
"4434","CR09","E","psme","E",4,0,0,0,0,0,0,0,0,0,1,0,26.94,2301.031624,-2.298519762,"concave",26.41773623,11.14435954,"high",236.3520098,"SW","concave.rugged"
"4435","CR09","E","psme","E",5,0,0,0,0,0,0,0,0,0,1,0,26.94,2301.031624,-2.298519762,"concave",26.41773623,11.14435954,"high",236.3520098,"SW","concave.rugged"
"4436","CR09","E","psme","E",6,0,0,0,0,0,0,0,0,0,1,0,26.94,2301.031624,-2.298519762,"concave",26.41773623,11.14435954,"high",236.3520098,"SW","concave.rugged"
"4437","CR09","E","psme","E",7,0,0,0,0,0,0,0,0,0,1,0,26.94,2301.031624,-2.298519762,"concave",26.41773623,11.14435954,"high",236.3520098,"SW","concave.rugged"
"4438","CR09","E","psme","E",8,0,0,0,0,0,0,0,0,0,1,0,26.94,2301.031624,-2.298519762,"concave",26.41773623,11.14435954,"high",236.3520098,"SW","concave.rugged"
"4439","CR09","E","psme","E",9,0,0,0,0,0,0,0,0,0,1,0,26.94,2301.031624,-2.298519762,"concave",26.41773623,11.14435954,"high",236.3520098,"SW","concave.rugged"
"4440","CR09","E","psme","E",10,0,0,0,0,0,0,0,0,0,1,0,26.94,2301.031624,-2.298519762,"concave",26.41773623,11.14435954,"high",236.3520098,"SW","concave.rugged"
"4441","CR09","N","pico","E",1,0,0,0,0,0,0,0,0,0,1,0,26.94,2301.031624,-2.298519762,"concave",26.41773623,11.14435954,"high",236.3520098,"SW","concave.rugged"
"4442","CR09","N","pico","E",2,0,0,0,0,0,0,0,0,0,1,0,26.94,2301.031624,-2.298519762,"concave",26.41773623,11.14435954,"high",236.3520098,"SW","concave.rugged"
"4443","CR09","N","pico","E",3,0,0,0,0,0,0,0,0,0,1,0,26.94,2301.031624,-2.298519762,"concave",26.41773623,11.14435954,"high",236.3520098,"SW","concave.rugged"
"4444","CR09","N","pico","E",4,0,0,0,0,0,0,0,0,0,1,0,26.94,2301.031624,-2.298519762,"concave",26.41773623,11.14435954,"high",236.3520098,"SW","concave.rugged"
"4445","CR09","N","pico","E",5,0,0,0,0,0,0,0,0,0,1,0,26.94,2301.031624,-2.298519762,"concave",26.41773623,11.14435954,"high",236.3520098,"SW","concave.rugged"
"4446","CR09","N","pico","E",6,0,0,0,0,0,0,0,0,0,1,0,26.94,2301.031624,-2.298519762,"concave",26.41773623,11.14435954,"high",236.3520098,"SW","concave.rugged"
"4447","CR09","N","pico","E",7,0,0,0,0,0,0,0,0,0,1,0,26.94,2301.031624,-2.298519762,"concave",26.41773623,11.14435954,"high",236.3520098,"SW","concave.rugged"
"4448","CR09","N","pico","E",8,0,0,0,0,0,0,0,0,0,1,0,26.94,2301.031624,-2.298519762,"concave",26.41773623,11.14435954,"high",236.3520098,"SW","concave.rugged"
"4449","CR09","N","pico","E",9,0,0,0,0,0,0,0,0,0,1,0,26.94,2301.031624,-2.298519762,"concave",26.41773623,11.14435954,"high",236.3520098,"SW","concave.rugged"
"4450","CR09","N","pico","E",10,0,0,0,0,0,0,1,0,1,0,0,26.94,2301.031624,-2.298519762,"concave",26.41773623,11.14435954,"high",236.3520098,"SW","concave.rugged"
"4451","CR09","N","psme","E",1,0,0,0,0,0,0,0,0,0,1,0,26.94,2301.031624,-2.298519762,"concave",26.41773623,11.14435954,"high",236.3520098,"SW","concave.rugged"
"4452","CR09","N","psme","E",2,0,0,0,0,0,0,0,0,0,1,0,26.94,2301.031624,-2.298519762,"concave",26.41773623,11.14435954,"high",236.3520098,"SW","concave.rugged"
"4453","CR09","N","psme","E",3,0,0,0,0,0,0,0,0,0,1,0,26.94,2301.031624,-2.298519762,"concave",26.41773623,11.14435954,"high",236.3520098,"SW","concave.rugged"
"4454","CR09","N","psme","E",4,0,0,0,0,0,0,0,0,0,1,0,26.94,2301.031624,-2.298519762,"concave",26.41773623,11.14435954,"high",236.3520098,"SW","concave.rugged"
"4455","CR09","N","psme","E",5,0,0,0,0,0,0,0,0,0,1,0,26.94,2301.031624,-2.298519762,"concave",26.41773623,11.14435954,"high",236.3520098,"SW","concave.rugged"
"4456","CR09","N","psme","E",6,0,0,0,0,0,0,0,0,0,1,0,26.94,2301.031624,-2.298519762,"concave",26.41773623,11.14435954,"high",236.3520098,"SW","concave.rugged"
"4457","CR09","N","psme","E",7,0,0,0,0,0,0,0,0,0,1,0,26.94,2301.031624,-2.298519762,"concave",26.41773623,11.14435954,"high",236.3520098,"SW","concave.rugged"
"4458","CR09","N","psme","E",8,0,0,0,0,0,0,0,0,0,1,0,26.94,2301.031624,-2.298519762,"concave",26.41773623,11.14435954,"high",236.3520098,"SW","concave.rugged"
"4459","CR09","N","psme","E",9,0,0,0,0,0,0,0,0,0,1,0,26.94,2301.031624,-2.298519762,"concave",26.41773623,11.14435954,"high",236.3520098,"SW","concave.rugged"
"4460","CR09","N","psme","E",10,0,0,0,0,0,0,0,0,0,1,0,26.94,2301.031624,-2.298519762,"concave",26.41773623,11.14435954,"high",236.3520098,"SW","concave.rugged"
"4461","CR09","S","pico","E",1,0,0,0,0,0,0,0,0,0,1,0,26.94,2301.031624,-2.298519762,"concave",26.41773623,11.14435954,"high",236.3520098,"SW","concave.rugged"
"4462","CR09","S","pico","E",2,0,0,0,0,0,0,0,0,0,1,0,26.94,2301.031624,-2.298519762,"concave",26.41773623,11.14435954,"high",236.3520098,"SW","concave.rugged"
"4463","CR09","S","pico","E",3,1,0,1,0,0,0,0,0,0,1,1,26.94,2301.031624,-2.298519762,"concave",26.41773623,11.14435954,"high",236.3520098,"SW","concave.rugged"
"4464","CR09","S","pico","E",4,0,0,0,0,0,0,0,0,0,1,0,26.94,2301.031624,-2.298519762,"concave",26.41773623,11.14435954,"high",236.3520098,"SW","concave.rugged"
"4465","CR09","S","pico","E",5,0,0,0,0,0,0,0,0,0,1,0,26.94,2301.031624,-2.298519762,"concave",26.41773623,11.14435954,"high",236.3520098,"SW","concave.rugged"
"4466","CR09","S","pico","E",6,0,0,0,0,0,0,0,0,0,1,0,26.94,2301.031624,-2.298519762,"concave",26.41773623,11.14435954,"high",236.3520098,"SW","concave.rugged"
"4467","CR09","S","pico","E",7,0,0,0,0,0,0,0,0,0,1,0,26.94,2301.031624,-2.298519762,"concave",26.41773623,11.14435954,"high",236.3520098,"SW","concave.rugged"
"4468","CR09","S","pico","E",8,0,0,0,0,0,0,0,0,0,1,0,26.94,2301.031624,-2.298519762,"concave",26.41773623,11.14435954,"high",236.3520098,"SW","concave.rugged"
"4469","CR09","S","pico","E",9,0,0,0,0,0,0,0,0,0,1,0,26.94,2301.031624,-2.298519762,"concave",26.41773623,11.14435954,"high",236.3520098,"SW","concave.rugged"
"4470","CR09","S","pico","E",10,0,0,0,0,0,0,0,0,0,1,0,26.94,2301.031624,-2.298519762,"concave",26.41773623,11.14435954,"high",236.3520098,"SW","concave.rugged"
"4471","CR09","S","psme","E",1,0,0,0,0,0,0,0,0,0,1,0,26.94,2301.031624,-2.298519762,"concave",26.41773623,11.14435954,"high",236.3520098,"SW","concave.rugged"
"4472","CR09","S","psme","E",2,0,0,0,0,0,0,0,0,0,1,0,26.94,2301.031624,-2.298519762,"concave",26.41773623,11.14435954,"high",236.3520098,"SW","concave.rugged"
"4473","CR09","S","psme","E",3,0,0,0,0,0,0,0,0,0,1,0,26.94,2301.031624,-2.298519762,"concave",26.41773623,11.14435954,"high",236.3520098,"SW","concave.rugged"
"4474","CR09","S","psme","E",4,0,0,0,0,0,0,0,0,0,1,0,26.94,2301.031624,-2.298519762,"concave",26.41773623,11.14435954,"high",236.3520098,"SW","concave.rugged"
"4475","CR09","S","psme","E",5,0,0,0,0,0,0,0,0,0,1,0,26.94,2301.031624,-2.298519762,"concave",26.41773623,11.14435954,"high",236.3520098,"SW","concave.rugged"
"4476","CR09","S","psme","E",6,0,0,0,0,0,0,0,0,0,1,0,26.94,2301.031624,-2.298519762,"concave",26.41773623,11.14435954,"high",236.3520098,"SW","concave.rugged"
"4477","CR09","S","psme","E",7,1,0,1,1,0,0,0,0,0,1,0,26.94,2301.031624,-2.298519762,"concave",26.41773623,11.14435954,"high",236.3520098,"SW","concave.rugged"
"4478","CR09","S","psme","E",8,0,0,0,0,0,0,0,0,0,1,0,26.94,2301.031624,-2.298519762,"concave",26.41773623,11.14435954,"high",236.3520098,"SW","concave.rugged"
"4479","CR09","S","psme","E",9,0,0,0,0,0,0,0,0,0,1,0,26.94,2301.031624,-2.298519762,"concave",26.41773623,11.14435954,"high",236.3520098,"SW","concave.rugged"
"4480","CR09","S","psme","E",10,0,0,0,0,0,0,0,0,0,1,0,26.94,2301.031624,-2.298519762,"concave",26.41773623,11.14435954,"high",236.3520098,"SW","concave.rugged"
"4481","CR09","W","pico","E",1,0,0,0,0,0,0,0,0,0,1,0,26.94,2301.031624,-2.298519762,"concave",26.41773623,11.14435954,"high",236.3520098,"SW","concave.rugged"
"4482","CR09","W","pico","E",2,0,0,0,0,0,0,0,0,0,1,0,26.94,2301.031624,-2.298519762,"concave",26.41773623,11.14435954,"high",236.3520098,"SW","concave.rugged"
"4483","CR09","W","pico","E",3,0,0,0,0,0,0,0,0,0,1,0,26.94,2301.031624,-2.298519762,"concave",26.41773623,11.14435954,"high",236.3520098,"SW","concave.rugged"
"4484","CR09","W","pico","E",4,0,0,0,0,0,0,0,0,0,1,0,26.94,2301.031624,-2.298519762,"concave",26.41773623,11.14435954,"high",236.3520098,"SW","concave.rugged"
"4485","CR09","W","pico","E",5,0,0,0,0,0,0,0,0,0,1,0,26.94,2301.031624,-2.298519762,"concave",26.41773623,11.14435954,"high",236.3520098,"SW","concave.rugged"
"4486","CR09","W","pico","E",6,0,0,0,0,0,0,0,0,0,1,0,26.94,2301.031624,-2.298519762,"concave",26.41773623,11.14435954,"high",236.3520098,"SW","concave.rugged"
"4487","CR09","W","pico","E",7,0,0,0,0,0,0,0,0,0,1,0,26.94,2301.031624,-2.298519762,"concave",26.41773623,11.14435954,"high",236.3520098,"SW","concave.rugged"
"4488","CR09","W","pico","E",8,0,1,1,0,0,0,0,0,0,1,1,26.94,2301.031624,-2.298519762,"concave",26.41773623,11.14435954,"high",236.3520098,"SW","concave.rugged"
"4489","CR09","W","pico","E",9,0,0,0,0,0,0,0,0,0,1,0,26.94,2301.031624,-2.298519762,"concave",26.41773623,11.14435954,"high",236.3520098,"SW","concave.rugged"
"4490","CR09","W","pico","E",10,0,0,0,0,0,0,0,0,0,1,0,26.94,2301.031624,-2.298519762,"concave",26.41773623,11.14435954,"high",236.3520098,"SW","concave.rugged"
"4491","CR09","W","psme","E",1,0,0,0,0,0,0,0,0,0,1,0,26.94,2301.031624,-2.298519762,"concave",26.41773623,11.14435954,"high",236.3520098,"SW","concave.rugged"
"4492","CR09","W","psme","E",2,0,0,0,0,0,0,0,0,0,1,0,26.94,2301.031624,-2.298519762,"concave",26.41773623,11.14435954,"high",236.3520098,"SW","concave.rugged"
"4493","CR09","W","psme","E",3,0,0,0,0,0,0,0,0,0,1,0,26.94,2301.031624,-2.298519762,"concave",26.41773623,11.14435954,"high",236.3520098,"SW","concave.rugged"
"4494","CR09","W","psme","E",4,0,0,0,0,0,0,0,0,0,1,0,26.94,2301.031624,-2.298519762,"concave",26.41773623,11.14435954,"high",236.3520098,"SW","concave.rugged"
"4495","CR09","W","psme","E",5,0,0,0,0,0,0,0,0,0,1,0,26.94,2301.031624,-2.298519762,"concave",26.41773623,11.14435954,"high",236.3520098,"SW","concave.rugged"
"4496","CR09","W","psme","E",6,0,0,0,0,0,0,0,0,0,1,0,26.94,2301.031624,-2.298519762,"concave",26.41773623,11.14435954,"high",236.3520098,"SW","concave.rugged"
"4497","CR09","W","psme","E",7,0,0,0,0,0,0,0,0,0,1,0,26.94,2301.031624,-2.298519762,"concave",26.41773623,11.14435954,"high",236.3520098,"SW","concave.rugged"
"4498","CR09","W","psme","E",8,0,0,0,0,0,0,0,0,0,1,0,26.94,2301.031624,-2.298519762,"concave",26.41773623,11.14435954,"high",236.3520098,"SW","concave.rugged"
"4499","CR09","W","psme","E",9,0,0,0,0,0,0,0,0,0,1,0,26.94,2301.031624,-2.298519762,"concave",26.41773623,11.14435954,"high",236.3520098,"SW","concave.rugged"
"4500","CR09","W","psme","E",10,0,0,0,0,0,0,0,0,0,1,0,26.94,2301.031624,-2.298519762,"concave",26.41773623,11.14435954,"high",236.3520098,"SW","concave.rugged"
"4501","CR10","C","pico","A",1,0,0,0,0,0,0,0,0,0,1,0,40.46,2291.218746,-1.13975491,"concave",7.469630928,3.324239502,"low",319.9211703,"NW","concave.gentle"
"4502","CR10","C","pico","A",2,0,0,0,0,0,0,0,0,0,1,0,40.46,2291.218746,-1.13975491,"concave",7.469630928,3.324239502,"low",319.9211703,"NW","concave.gentle"
"4503","CR10","C","pico","A",3,0,0,0,0,0,0,0,0,0,1,0,40.46,2291.218746,-1.13975491,"concave",7.469630928,3.324239502,"low",319.9211703,"NW","concave.gentle"
"4504","CR10","C","pico","A",4,1,0,1,1,1,0,0,0,0,1,0,40.46,2291.218746,-1.13975491,"concave",7.469630928,3.324239502,"low",319.9211703,"NW","concave.gentle"
"4505","CR10","C","pico","A",5,0,0,0,0,0,0,0,0,0,1,0,40.46,2291.218746,-1.13975491,"concave",7.469630928,3.324239502,"low",319.9211703,"NW","concave.gentle"
"4506","CR10","C","pico","A",6,0,0,0,0,0,0,0,0,0,1,0,40.46,2291.218746,-1.13975491,"concave",7.469630928,3.324239502,"low",319.9211703,"NW","concave.gentle"
"4507","CR10","C","pico","A",7,0,0,0,0,0,0,0,0,0,1,0,40.46,2291.218746,-1.13975491,"concave",7.469630928,3.324239502,"low",319.9211703,"NW","concave.gentle"
"4508","CR10","C","pico","A",8,0,0,0,0,0,0,0,0,0,1,0,40.46,2291.218746,-1.13975491,"concave",7.469630928,3.324239502,"low",319.9211703,"NW","concave.gentle"
"4509","CR10","C","pico","A",9,0,0,0,0,0,0,0,0,0,1,0,40.46,2291.218746,-1.13975491,"concave",7.469630928,3.324239502,"low",319.9211703,"NW","concave.gentle"
"4510","CR10","C","pico","A",10,0,0,0,0,0,0,0,0,0,1,0,40.46,2291.218746,-1.13975491,"concave",7.469630928,3.324239502,"low",319.9211703,"NW","concave.gentle"
"4511","CR10","C","psme","A",1,0,0,0,0,0,0,0,0,0,1,0,40.46,2291.218746,-1.13975491,"concave",7.469630928,3.324239502,"low",319.9211703,"NW","concave.gentle"
"4512","CR10","C","psme","A",2,0,0,0,0,0,0,0,0,0,1,0,40.46,2291.218746,-1.13975491,"concave",7.469630928,3.324239502,"low",319.9211703,"NW","concave.gentle"
"4513","CR10","C","psme","A",3,0,0,0,0,0,0,0,0,0,1,0,40.46,2291.218746,-1.13975491,"concave",7.469630928,3.324239502,"low",319.9211703,"NW","concave.gentle"
"4514","CR10","C","psme","A",4,0,0,0,0,0,0,0,0,0,1,0,40.46,2291.218746,-1.13975491,"concave",7.469630928,3.324239502,"low",319.9211703,"NW","concave.gentle"
"4515","CR10","C","psme","A",5,0,0,0,0,0,0,0,0,0,1,0,40.46,2291.218746,-1.13975491,"concave",7.469630928,3.324239502,"low",319.9211703,"NW","concave.gentle"
"4516","CR10","C","psme","A",6,0,0,0,0,0,0,0,0,0,1,0,40.46,2291.218746,-1.13975491,"concave",7.469630928,3.324239502,"low",319.9211703,"NW","concave.gentle"
"4517","CR10","C","psme","A",7,0,0,0,0,0,0,0,0,0,1,0,40.46,2291.218746,-1.13975491,"concave",7.469630928,3.324239502,"low",319.9211703,"NW","concave.gentle"
"4518","CR10","C","psme","A",8,0,0,0,0,0,0,0,0,0,1,0,40.46,2291.218746,-1.13975491,"concave",7.469630928,3.324239502,"low",319.9211703,"NW","concave.gentle"
"4519","CR10","C","psme","A",9,0,0,0,0,0,0,0,0,0,1,0,40.46,2291.218746,-1.13975491,"concave",7.469630928,3.324239502,"low",319.9211703,"NW","concave.gentle"
"4520","CR10","C","psme","A",10,0,0,0,0,0,0,0,0,0,1,0,40.46,2291.218746,-1.13975491,"concave",7.469630928,3.324239502,"low",319.9211703,"NW","concave.gentle"
"4521","CR10","E","pico","A",1,1,0,1,1,1,0,0,0,0,1,0,40.46,2291.218746,-1.13975491,"concave",7.469630928,3.324239502,"low",319.9211703,"NW","concave.gentle"
"4522","CR10","E","pico","A",2,0,0,0,0,0,0,0,0,0,1,0,40.46,2291.218746,-1.13975491,"concave",7.469630928,3.324239502,"low",319.9211703,"NW","concave.gentle"
"4523","CR10","E","pico","A",3,1,0,1,1,1,0,0,0,0,1,0,40.46,2291.218746,-1.13975491,"concave",7.469630928,3.324239502,"low",319.9211703,"NW","concave.gentle"
"4524","CR10","E","pico","A",4,0,0,0,0,0,0,0,0,0,1,0,40.46,2291.218746,-1.13975491,"concave",7.469630928,3.324239502,"low",319.9211703,"NW","concave.gentle"
"4525","CR10","E","pico","A",5,0,0,0,0,0,0,0,0,0,1,0,40.46,2291.218746,-1.13975491,"concave",7.469630928,3.324239502,"low",319.9211703,"NW","concave.gentle"
"4526","CR10","E","pico","A",6,0,0,0,0,0,0,0,0,0,1,0,40.46,2291.218746,-1.13975491,"concave",7.469630928,3.324239502,"low",319.9211703,"NW","concave.gentle"
"4527","CR10","E","pico","A",7,1,0,1,1,1,0,0,0,0,1,0,40.46,2291.218746,-1.13975491,"concave",7.469630928,3.324239502,"low",319.9211703,"NW","concave.gentle"
"4528","CR10","E","pico","A",8,0,0,0,0,0,0,0,0,0,1,0,40.46,2291.218746,-1.13975491,"concave",7.469630928,3.324239502,"low",319.9211703,"NW","concave.gentle"
"4529","CR10","E","pico","A",9,0,0,0,0,0,0,0,0,0,1,0,40.46,2291.218746,-1.13975491,"concave",7.469630928,3.324239502,"low",319.9211703,"NW","concave.gentle"
"4530","CR10","E","pico","A",10,0,0,0,0,0,0,0,0,0,1,0,40.46,2291.218746,-1.13975491,"concave",7.469630928,3.324239502,"low",319.9211703,"NW","concave.gentle"
"4531","CR10","E","psme","A",1,0,0,0,0,0,0,0,0,0,1,0,40.46,2291.218746,-1.13975491,"concave",7.469630928,3.324239502,"low",319.9211703,"NW","concave.gentle"
"4532","CR10","E","psme","A",2,0,0,0,0,0,0,0,0,0,1,0,40.46,2291.218746,-1.13975491,"concave",7.469630928,3.324239502,"low",319.9211703,"NW","concave.gentle"
"4533","CR10","E","psme","A",3,0,0,0,0,0,0,0,0,0,1,0,40.46,2291.218746,-1.13975491,"concave",7.469630928,3.324239502,"low",319.9211703,"NW","concave.gentle"
"4534","CR10","E","psme","A",4,1,0,1,1,1,0,0,0,0,1,0,40.46,2291.218746,-1.13975491,"concave",7.469630928,3.324239502,"low",319.9211703,"NW","concave.gentle"
"4535","CR10","E","psme","A",5,0,0,0,0,0,0,0,0,0,1,0,40.46,2291.218746,-1.13975491,"concave",7.469630928,3.324239502,"low",319.9211703,"NW","concave.gentle"
"4536","CR10","E","psme","A",6,0,1,1,0,0,0,0,0,0,1,1,40.46,2291.218746,-1.13975491,"concave",7.469630928,3.324239502,"low",319.9211703,"NW","concave.gentle"
"4537","CR10","E","psme","A",7,1,0,1,1,1,0,0,0,0,1,0,40.46,2291.218746,-1.13975491,"concave",7.469630928,3.324239502,"low",319.9211703,"NW","concave.gentle"
"4538","CR10","E","psme","A",8,0,1,1,0,0,0,0,0,0,1,1,40.46,2291.218746,-1.13975491,"concave",7.469630928,3.324239502,"low",319.9211703,"NW","concave.gentle"
"4539","CR10","E","psme","A",9,0,0,0,0,0,0,0,0,0,1,0,40.46,2291.218746,-1.13975491,"concave",7.469630928,3.324239502,"low",319.9211703,"NW","concave.gentle"
"4540","CR10","E","psme","A",10,0,0,0,0,0,0,0,0,0,1,0,40.46,2291.218746,-1.13975491,"concave",7.469630928,3.324239502,"low",319.9211703,"NW","concave.gentle"
"4541","CR10","N","pico","A",1,1,0,1,1,1,0,0,0,0,1,0,40.46,2291.218746,-1.13975491,"concave",7.469630928,3.324239502,"low",319.9211703,"NW","concave.gentle"
"4542","CR10","N","pico","A",2,0,0,0,0,0,0,0,0,0,1,0,40.46,2291.218746,-1.13975491,"concave",7.469630928,3.324239502,"low",319.9211703,"NW","concave.gentle"
"4543","CR10","N","pico","A",3,0,0,0,0,0,0,0,0,0,1,0,40.46,2291.218746,-1.13975491,"concave",7.469630928,3.324239502,"low",319.9211703,"NW","concave.gentle"
"4544","CR10","N","pico","A",4,0,0,0,0,0,0,0,0,0,1,0,40.46,2291.218746,-1.13975491,"concave",7.469630928,3.324239502,"low",319.9211703,"NW","concave.gentle"
"4545","CR10","N","pico","A",5,0,0,0,0,0,0,0,0,0,1,0,40.46,2291.218746,-1.13975491,"concave",7.469630928,3.324239502,"low",319.9211703,"NW","concave.gentle"
"4546","CR10","N","pico","A",6,0,0,0,0,0,0,0,0,0,1,0,40.46,2291.218746,-1.13975491,"concave",7.469630928,3.324239502,"low",319.9211703,"NW","concave.gentle"
"4547","CR10","N","pico","A",7,0,0,0,0,0,0,0,0,0,1,0,40.46,2291.218746,-1.13975491,"concave",7.469630928,3.324239502,"low",319.9211703,"NW","concave.gentle"
"4548","CR10","N","pico","A",8,0,0,0,0,0,0,0,0,0,1,0,40.46,2291.218746,-1.13975491,"concave",7.469630928,3.324239502,"low",319.9211703,"NW","concave.gentle"
"4549","CR10","N","pico","A",9,0,0,0,0,0,0,0,0,0,1,0,40.46,2291.218746,-1.13975491,"concave",7.469630928,3.324239502,"low",319.9211703,"NW","concave.gentle"
"4550","CR10","N","pico","A",10,0,0,0,0,0,0,0,0,0,1,0,40.46,2291.218746,-1.13975491,"concave",7.469630928,3.324239502,"low",319.9211703,"NW","concave.gentle"
"4551","CR10","N","psme","A",1,1,0,1,1,1,0,0,0,0,1,0,40.46,2291.218746,-1.13975491,"concave",7.469630928,3.324239502,"low",319.9211703,"NW","concave.gentle"
"4552","CR10","N","psme","A",2,0,0,0,0,0,0,0,0,0,1,0,40.46,2291.218746,-1.13975491,"concave",7.469630928,3.324239502,"low",319.9211703,"NW","concave.gentle"
"4553","CR10","N","psme","A",3,1,0,1,1,1,0,0,0,0,1,0,40.46,2291.218746,-1.13975491,"concave",7.469630928,3.324239502,"low",319.9211703,"NW","concave.gentle"
"4554","CR10","N","psme","A",4,0,0,0,0,0,0,0,0,0,1,0,40.46,2291.218746,-1.13975491,"concave",7.469630928,3.324239502,"low",319.9211703,"NW","concave.gentle"
"4555","CR10","N","psme","A",5,1,0,1,1,0,0,0,0,0,1,1,40.46,2291.218746,-1.13975491,"concave",7.469630928,3.324239502,"low",319.9211703,"NW","concave.gentle"
"4556","CR10","N","psme","A",6,0,0,0,0,0,0,0,0,0,1,0,40.46,2291.218746,-1.13975491,"concave",7.469630928,3.324239502,"low",319.9211703,"NW","concave.gentle"
"4557","CR10","N","psme","A",7,0,0,0,0,0,0,0,0,0,1,0,40.46,2291.218746,-1.13975491,"concave",7.469630928,3.324239502,"low",319.9211703,"NW","concave.gentle"
"4558","CR10","N","psme","A",8,0,0,0,0,0,0,0,0,0,1,0,40.46,2291.218746,-1.13975491,"concave",7.469630928,3.324239502,"low",319.9211703,"NW","concave.gentle"
"4559","CR10","N","psme","A",9,1,0,1,1,1,0,0,0,0,1,0,40.46,2291.218746,-1.13975491,"concave",7.469630928,3.324239502,"low",319.9211703,"NW","concave.gentle"
"4560","CR10","N","psme","A",10,1,0,1,1,1,0,0,0,0,1,0,40.46,2291.218746,-1.13975491,"concave",7.469630928,3.324239502,"low",319.9211703,"NW","concave.gentle"
"4561","CR10","S","pico","A",1,1,0,1,1,0,0,0,0,0,1,1,40.46,2291.218746,-1.13975491,"concave",7.469630928,3.324239502,"low",319.9211703,"NW","concave.gentle"
"4562","CR10","S","pico","A",2,0,0,0,0,0,0,0,0,0,1,0,40.46,2291.218746,-1.13975491,"concave",7.469630928,3.324239502,"low",319.9211703,"NW","concave.gentle"
"4563","CR10","S","pico","A",3,1,0,1,1,1,0,0,0,0,1,0,40.46,2291.218746,-1.13975491,"concave",7.469630928,3.324239502,"low",319.9211703,"NW","concave.gentle"
"4564","CR10","S","pico","A",4,1,0,1,1,0,0,0,0,0,1,0,40.46,2291.218746,-1.13975491,"concave",7.469630928,3.324239502,"low",319.9211703,"NW","concave.gentle"
"4565","CR10","S","pico","A",5,0,0,0,0,0,0,0,0,0,1,0,40.46,2291.218746,-1.13975491,"concave",7.469630928,3.324239502,"low",319.9211703,"NW","concave.gentle"
"4566","CR10","S","pico","A",6,0,0,0,0,0,0,0,0,0,1,0,40.46,2291.218746,-1.13975491,"concave",7.469630928,3.324239502,"low",319.9211703,"NW","concave.gentle"
"4567","CR10","S","pico","A",7,0,0,0,0,0,0,0,0,0,1,0,40.46,2291.218746,-1.13975491,"concave",7.469630928,3.324239502,"low",319.9211703,"NW","concave.gentle"
"4568","CR10","S","pico","A",8,0,0,0,0,0,0,0,0,0,1,0,40.46,2291.218746,-1.13975491,"concave",7.469630928,3.324239502,"low",319.9211703,"NW","concave.gentle"
"4569","CR10","S","pico","A",9,1,0,1,1,0,0,0,0,0,1,1,40.46,2291.218746,-1.13975491,"concave",7.469630928,3.324239502,"low",319.9211703,"NW","concave.gentle"
"4570","CR10","S","pico","A",10,0,0,0,0,0,0,0,0,0,1,0,40.46,2291.218746,-1.13975491,"concave",7.469630928,3.324239502,"low",319.9211703,"NW","concave.gentle"
"4571","CR10","S","psme","A",1,0,0,0,0,0,0,0,0,0,1,0,40.46,2291.218746,-1.13975491,"concave",7.469630928,3.324239502,"low",319.9211703,"NW","concave.gentle"
"4572","CR10","S","psme","A",2,0,0,0,0,0,0,0,0,0,1,0,40.46,2291.218746,-1.13975491,"concave",7.469630928,3.324239502,"low",319.9211703,"NW","concave.gentle"
"4573","CR10","S","psme","A",3,0,0,0,0,0,0,0,0,0,1,0,40.46,2291.218746,-1.13975491,"concave",7.469630928,3.324239502,"low",319.9211703,"NW","concave.gentle"
"4574","CR10","S","psme","A",4,0,0,0,0,0,0,0,0,0,1,0,40.46,2291.218746,-1.13975491,"concave",7.469630928,3.324239502,"low",319.9211703,"NW","concave.gentle"
"4575","CR10","S","psme","A",5,0,0,0,0,0,0,0,0,0,1,0,40.46,2291.218746,-1.13975491,"concave",7.469630928,3.324239502,"low",319.9211703,"NW","concave.gentle"
"4576","CR10","S","psme","A",6,0,0,0,0,0,0,0,0,0,1,0,40.46,2291.218746,-1.13975491,"concave",7.469630928,3.324239502,"low",319.9211703,"NW","concave.gentle"
"4577","CR10","S","psme","A",7,0,0,0,0,0,0,0,0,0,1,0,40.46,2291.218746,-1.13975491,"concave",7.469630928,3.324239502,"low",319.9211703,"NW","concave.gentle"
"4578","CR10","S","psme","A",8,0,0,0,0,0,0,0,0,0,1,0,40.46,2291.218746,-1.13975491,"concave",7.469630928,3.324239502,"low",319.9211703,"NW","concave.gentle"
"4579","CR10","S","psme","A",9,1,0,1,1,0,0,0,0,0,1,0,40.46,2291.218746,-1.13975491,"concave",7.469630928,3.324239502,"low",319.9211703,"NW","concave.gentle"
"4580","CR10","S","psme","A",10,0,0,0,0,0,0,0,0,0,1,0,40.46,2291.218746,-1.13975491,"concave",7.469630928,3.324239502,"low",319.9211703,"NW","concave.gentle"
"4581","CR10","W","pico","A",1,0,0,0,0,0,0,0,0,0,1,0,40.46,2291.218746,-1.13975491,"concave",7.469630928,3.324239502,"low",319.9211703,"NW","concave.gentle"
"4582","CR10","W","pico","A",2,0,0,0,0,0,0,0,0,0,1,0,40.46,2291.218746,-1.13975491,"concave",7.469630928,3.324239502,"low",319.9211703,"NW","concave.gentle"
"4583","CR10","W","pico","A",3,1,0,1,1,0,0,0,0,0,1,0,40.46,2291.218746,-1.13975491,"concave",7.469630928,3.324239502,"low",319.9211703,"NW","concave.gentle"
"4584","CR10","W","pico","A",4,0,0,0,0,0,0,0,0,0,1,0,40.46,2291.218746,-1.13975491,"concave",7.469630928,3.324239502,"low",319.9211703,"NW","concave.gentle"
"4585","CR10","W","pico","A",5,0,0,0,0,0,0,0,0,0,1,0,40.46,2291.218746,-1.13975491,"concave",7.469630928,3.324239502,"low",319.9211703,"NW","concave.gentle"
"4586","CR10","W","pico","A",6,0,0,0,0,0,0,0,0,0,1,0,40.46,2291.218746,-1.13975491,"concave",7.469630928,3.324239502,"low",319.9211703,"NW","concave.gentle"
"4587","CR10","W","pico","A",7,0,0,0,0,0,0,0,0,0,1,0,40.46,2291.218746,-1.13975491,"concave",7.469630928,3.324239502,"low",319.9211703,"NW","concave.gentle"
"4588","CR10","W","pico","A",8,0,0,0,0,0,0,0,0,0,1,0,40.46,2291.218746,-1.13975491,"concave",7.469630928,3.324239502,"low",319.9211703,"NW","concave.gentle"
"4589","CR10","W","pico","A",9,0,0,0,0,0,0,0,0,0,1,0,40.46,2291.218746,-1.13975491,"concave",7.469630928,3.324239502,"low",319.9211703,"NW","concave.gentle"
"4590","CR10","W","pico","A",10,1,0,1,1,0,0,0,0,0,1,0,40.46,2291.218746,-1.13975491,"concave",7.469630928,3.324239502,"low",319.9211703,"NW","concave.gentle"
"4591","CR10","W","psme","A",1,0,0,0,0,0,0,0,0,0,1,0,40.46,2291.218746,-1.13975491,"concave",7.469630928,3.324239502,"low",319.9211703,"NW","concave.gentle"
"4592","CR10","W","psme","A",2,0,0,0,0,0,0,0,0,0,1,0,40.46,2291.218746,-1.13975491,"concave",7.469630928,3.324239502,"low",319.9211703,"NW","concave.gentle"
"4593","CR10","W","psme","A",3,0,0,0,0,0,0,0,0,0,1,0,40.46,2291.218746,-1.13975491,"concave",7.469630928,3.324239502,"low",319.9211703,"NW","concave.gentle"
"4594","CR10","W","psme","A",4,0,0,0,0,0,0,0,0,0,1,0,40.46,2291.218746,-1.13975491,"concave",7.469630928,3.324239502,"low",319.9211703,"NW","concave.gentle"
"4595","CR10","W","psme","A",5,0,0,0,0,0,0,0,0,0,1,0,40.46,2291.218746,-1.13975491,"concave",7.469630928,3.324239502,"low",319.9211703,"NW","concave.gentle"
"4596","CR10","W","psme","A",6,0,0,0,0,0,0,0,0,0,1,0,40.46,2291.218746,-1.13975491,"concave",7.469630928,3.324239502,"low",319.9211703,"NW","concave.gentle"
"4597","CR10","W","psme","A",7,0,0,0,0,0,0,0,0,0,1,0,40.46,2291.218746,-1.13975491,"concave",7.469630928,3.324239502,"low",319.9211703,"NW","concave.gentle"
"4598","CR10","W","psme","A",8,0,0,0,0,0,0,0,0,0,1,0,40.46,2291.218746,-1.13975491,"concave",7.469630928,3.324239502,"low",319.9211703,"NW","concave.gentle"
"4599","CR10","W","psme","A",9,0,0,0,0,0,0,0,0,0,1,0,40.46,2291.218746,-1.13975491,"concave",7.469630928,3.324239502,"low",319.9211703,"NW","concave.gentle"
"4600","CR10","W","psme","A",10,0,0,0,0,0,0,0,0,0,1,0,40.46,2291.218746,-1.13975491,"concave",7.469630928,3.324239502,"low",319.9211703,"NW","concave.gentle"
"4601","CR10","C","pico","B",1,0,0,0,0,0,0,0,0,0,1,0,40.46,2291.218746,-1.13975491,"concave",7.469630928,3.324239502,"low",319.9211703,"NW","concave.gentle"
"4602","CR10","C","pico","B",2,0,0,0,0,0,0,0,0,0,1,0,40.46,2291.218746,-1.13975491,"concave",7.469630928,3.324239502,"low",319.9211703,"NW","concave.gentle"
"4603","CR10","C","pico","B",3,0,0,0,0,0,0,0,0,0,1,0,40.46,2291.218746,-1.13975491,"concave",7.469630928,3.324239502,"low",319.9211703,"NW","concave.gentle"
"4604","CR10","C","pico","B",4,1,0,1,1,0,0,0,0,0,1,1,40.46,2291.218746,-1.13975491,"concave",7.469630928,3.324239502,"low",319.9211703,"NW","concave.gentle"
"4605","CR10","C","pico","B",5,0,0,0,0,0,0,0,0,0,1,0,40.46,2291.218746,-1.13975491,"concave",7.469630928,3.324239502,"low",319.9211703,"NW","concave.gentle"
"4606","CR10","C","pico","B",6,0,0,0,0,0,0,0,0,0,1,0,40.46,2291.218746,-1.13975491,"concave",7.469630928,3.324239502,"low",319.9211703,"NW","concave.gentle"
"4607","CR10","C","pico","B",7,1,0,1,1,1,0,0,0,0,1,0,40.46,2291.218746,-1.13975491,"concave",7.469630928,3.324239502,"low",319.9211703,"NW","concave.gentle"
"4608","CR10","C","pico","B",8,0,0,0,0,0,0,0,0,0,1,0,40.46,2291.218746,-1.13975491,"concave",7.469630928,3.324239502,"low",319.9211703,"NW","concave.gentle"
"4609","CR10","C","pico","B",9,0,0,0,0,0,0,0,0,0,1,0,40.46,2291.218746,-1.13975491,"concave",7.469630928,3.324239502,"low",319.9211703,"NW","concave.gentle"
"4610","CR10","C","pico","B",10,0,0,0,0,0,0,0,0,0,1,0,40.46,2291.218746,-1.13975491,"concave",7.469630928,3.324239502,"low",319.9211703,"NW","concave.gentle"
"4611","CR10","C","psme","B",1,0,0,0,0,0,0,0,0,0,1,0,40.46,2291.218746,-1.13975491,"concave",7.469630928,3.324239502,"low",319.9211703,"NW","concave.gentle"
"4612","CR10","C","psme","B",2,0,0,0,0,0,0,0,0,0,1,0,40.46,2291.218746,-1.13975491,"concave",7.469630928,3.324239502,"low",319.9211703,"NW","concave.gentle"
"4613","CR10","C","psme","B",3,0,0,0,0,0,0,0,0,0,1,0,40.46,2291.218746,-1.13975491,"concave",7.469630928,3.324239502,"low",319.9211703,"NW","concave.gentle"
"4614","CR10","C","psme","B",4,0,0,0,0,0,0,0,0,0,1,0,40.46,2291.218746,-1.13975491,"concave",7.469630928,3.324239502,"low",319.9211703,"NW","concave.gentle"
"4615","CR10","C","psme","B",5,1,0,1,1,0,0,0,0,0,1,0,40.46,2291.218746,-1.13975491,"concave",7.469630928,3.324239502,"low",319.9211703,"NW","concave.gentle"
"4616","CR10","C","psme","B",6,0,0,0,0,0,0,0,0,0,1,0,40.46,2291.218746,-1.13975491,"concave",7.469630928,3.324239502,"low",319.9211703,"NW","concave.gentle"
"4617","CR10","C","psme","B",7,0,0,0,0,0,0,0,0,0,1,0,40.46,2291.218746,-1.13975491,"concave",7.469630928,3.324239502,"low",319.9211703,"NW","concave.gentle"
"4618","CR10","C","psme","B",8,0,0,0,0,0,0,0,0,0,1,0,40.46,2291.218746,-1.13975491,"concave",7.469630928,3.324239502,"low",319.9211703,"NW","concave.gentle"
"4619","CR10","C","psme","B",9,0,0,0,0,0,0,0,0,0,1,0,40.46,2291.218746,-1.13975491,"concave",7.469630928,3.324239502,"low",319.9211703,"NW","concave.gentle"
"4620","CR10","C","psme","B",10,0,0,0,0,0,0,0,0,0,1,0,40.46,2291.218746,-1.13975491,"concave",7.469630928,3.324239502,"low",319.9211703,"NW","concave.gentle"
"4621","CR10","E","pico","B",1,0,0,0,0,0,0,0,0,0,1,0,40.46,2291.218746,-1.13975491,"concave",7.469630928,3.324239502,"low",319.9211703,"NW","concave.gentle"
"4622","CR10","E","pico","B",2,0,0,0,0,0,0,0,0,0,1,0,40.46,2291.218746,-1.13975491,"concave",7.469630928,3.324239502,"low",319.9211703,"NW","concave.gentle"
"4623","CR10","E","pico","B",3,0,0,0,0,0,0,0,0,0,1,0,40.46,2291.218746,-1.13975491,"concave",7.469630928,3.324239502,"low",319.9211703,"NW","concave.gentle"
"4624","CR10","E","pico","B",4,0,0,0,0,0,0,0,0,0,1,0,40.46,2291.218746,-1.13975491,"concave",7.469630928,3.324239502,"low",319.9211703,"NW","concave.gentle"
"4625","CR10","E","pico","B",5,0,0,0,0,0,0,0,0,0,1,0,40.46,2291.218746,-1.13975491,"concave",7.469630928,3.324239502,"low",319.9211703,"NW","concave.gentle"
"4626","CR10","E","pico","B",6,1,0,1,1,1,0,0,0,0,1,0,40.46,2291.218746,-1.13975491,"concave",7.469630928,3.324239502,"low",319.9211703,"NW","concave.gentle"
"4627","CR10","E","pico","B",7,0,0,0,0,0,0,0,0,0,1,0,40.46,2291.218746,-1.13975491,"concave",7.469630928,3.324239502,"low",319.9211703,"NW","concave.gentle"
"4628","CR10","E","pico","B",8,0,0,0,0,0,0,0,0,0,1,0,40.46,2291.218746,-1.13975491,"concave",7.469630928,3.324239502,"low",319.9211703,"NW","concave.gentle"
"4629","CR10","E","pico","B",9,1,0,1,1,0,0,0,0,0,1,1,40.46,2291.218746,-1.13975491,"concave",7.469630928,3.324239502,"low",319.9211703,"NW","concave.gentle"
"4630","CR10","E","pico","B",10,0,0,0,0,0,0,0,0,0,1,0,40.46,2291.218746,-1.13975491,"concave",7.469630928,3.324239502,"low",319.9211703,"NW","concave.gentle"
"4631","CR10","E","psme","B",1,1,0,1,1,0,0,0,0,0,1,1,40.46,2291.218746,-1.13975491,"concave",7.469630928,3.324239502,"low",319.9211703,"NW","concave.gentle"
"4632","CR10","E","psme","B",2,0,0,0,0,0,0,0,0,0,1,0,40.46,2291.218746,-1.13975491,"concave",7.469630928,3.324239502,"low",319.9211703,"NW","concave.gentle"
"4633","CR10","E","psme","B",3,0,0,0,0,0,0,0,0,0,1,0,40.46,2291.218746,-1.13975491,"concave",7.469630928,3.324239502,"low",319.9211703,"NW","concave.gentle"
"4634","CR10","E","psme","B",4,1,0,1,1,0,0,0,0,0,1,0,40.46,2291.218746,-1.13975491,"concave",7.469630928,3.324239502,"low",319.9211703,"NW","concave.gentle"
"4635","CR10","E","psme","B",5,0,0,0,0,0,0,0,0,0,1,0,40.46,2291.218746,-1.13975491,"concave",7.469630928,3.324239502,"low",319.9211703,"NW","concave.gentle"
"4636","CR10","E","psme","B",6,0,0,0,0,0,0,0,0,0,1,0,40.46,2291.218746,-1.13975491,"concave",7.469630928,3.324239502,"low",319.9211703,"NW","concave.gentle"
"4637","CR10","E","psme","B",7,0,0,0,0,0,0,0,0,0,1,0,40.46,2291.218746,-1.13975491,"concave",7.469630928,3.324239502,"low",319.9211703,"NW","concave.gentle"
"4638","CR10","E","psme","B",8,1,0,1,1,0,0,0,0,0,1,1,40.46,2291.218746,-1.13975491,"concave",7.469630928,3.324239502,"low",319.9211703,"NW","concave.gentle"
"4639","CR10","E","psme","B",9,1,0,1,1,0,0,0,0,0,1,1,40.46,2291.218746,-1.13975491,"concave",7.469630928,3.324239502,"low",319.9211703,"NW","concave.gentle"
"4640","CR10","E","psme","B",10,0,0,0,0,0,0,0,0,0,1,0,40.46,2291.218746,-1.13975491,"concave",7.469630928,3.324239502,"low",319.9211703,"NW","concave.gentle"
"4641","CR10","N","pico","B",1,1,0,1,1,1,0,0,0,0,1,0,40.46,2291.218746,-1.13975491,"concave",7.469630928,3.324239502,"low",319.9211703,"NW","concave.gentle"
"4642","CR10","N","pico","B",2,1,0,1,1,1,0,0,0,0,1,0,40.46,2291.218746,-1.13975491,"concave",7.469630928,3.324239502,"low",319.9211703,"NW","concave.gentle"
"4643","CR10","N","pico","B",3,0,0,0,0,0,0,0,0,0,1,0,40.46,2291.218746,-1.13975491,"concave",7.469630928,3.324239502,"low",319.9211703,"NW","concave.gentle"
"4644","CR10","N","pico","B",4,0,0,0,0,0,0,0,0,0,1,0,40.46,2291.218746,-1.13975491,"concave",7.469630928,3.324239502,"low",319.9211703,"NW","concave.gentle"
"4645","CR10","N","pico","B",5,0,0,0,0,0,0,0,0,0,1,0,40.46,2291.218746,-1.13975491,"concave",7.469630928,3.324239502,"low",319.9211703,"NW","concave.gentle"
"4646","CR10","N","pico","B",6,0,0,0,0,0,0,0,0,0,1,0,40.46,2291.218746,-1.13975491,"concave",7.469630928,3.324239502,"low",319.9211703,"NW","concave.gentle"
"4647","CR10","N","pico","B",7,1,0,1,1,1,0,0,0,0,1,0,40.46,2291.218746,-1.13975491,"concave",7.469630928,3.324239502,"low",319.9211703,"NW","concave.gentle"
"4648","CR10","N","pico","B",8,0,0,0,0,0,0,0,0,0,1,0,40.46,2291.218746,-1.13975491,"concave",7.469630928,3.324239502,"low",319.9211703,"NW","concave.gentle"
"4649","CR10","N","pico","B",9,0,0,0,0,0,0,0,0,0,1,0,40.46,2291.218746,-1.13975491,"concave",7.469630928,3.324239502,"low",319.9211703,"NW","concave.gentle"
"4650","CR10","N","pico","B",10,0,0,0,0,0,0,0,0,0,1,0,40.46,2291.218746,-1.13975491,"concave",7.469630928,3.324239502,"low",319.9211703,"NW","concave.gentle"
"4651","CR10","N","psme","B",1,1,0,1,1,0,0,0,0,0,1,1,40.46,2291.218746,-1.13975491,"concave",7.469630928,3.324239502,"low",319.9211703,"NW","concave.gentle"
"4652","CR10","N","psme","B",2,0,0,0,0,0,0,0,0,0,1,0,40.46,2291.218746,-1.13975491,"concave",7.469630928,3.324239502,"low",319.9211703,"NW","concave.gentle"
"4653","CR10","N","psme","B",3,0,0,0,0,0,0,0,0,0,1,0,40.46,2291.218746,-1.13975491,"concave",7.469630928,3.324239502,"low",319.9211703,"NW","concave.gentle"
"4654","CR10","N","psme","B",4,1,0,1,1,1,0,0,0,0,1,0,40.46,2291.218746,-1.13975491,"concave",7.469630928,3.324239502,"low",319.9211703,"NW","concave.gentle"
"4655","CR10","N","psme","B",5,0,0,0,0,0,0,0,0,0,1,0,40.46,2291.218746,-1.13975491,"concave",7.469630928,3.324239502,"low",319.9211703,"NW","concave.gentle"
"4656","CR10","N","psme","B",6,0,0,0,0,0,0,0,0,0,1,0,40.46,2291.218746,-1.13975491,"concave",7.469630928,3.324239502,"low",319.9211703,"NW","concave.gentle"
"4657","CR10","N","psme","B",7,0,0,0,0,0,0,0,0,0,1,0,40.46,2291.218746,-1.13975491,"concave",7.469630928,3.324239502,"low",319.9211703,"NW","concave.gentle"
"4658","CR10","N","psme","B",8,0,0,0,0,0,0,0,0,0,1,0,40.46,2291.218746,-1.13975491,"concave",7.469630928,3.324239502,"low",319.9211703,"NW","concave.gentle"
"4659","CR10","N","psme","B",9,0,0,0,0,0,0,0,0,0,1,0,40.46,2291.218746,-1.13975491,"concave",7.469630928,3.324239502,"low",319.9211703,"NW","concave.gentle"
"4660","CR10","N","psme","B",10,0,0,0,0,0,0,0,0,0,1,0,40.46,2291.218746,-1.13975491,"concave",7.469630928,3.324239502,"low",319.9211703,"NW","concave.gentle"
"4661","CR10","S","pico","B",1,1,0,1,1,1,0,0,0,0,1,0,40.46,2291.218746,-1.13975491,"concave",7.469630928,3.324239502,"low",319.9211703,"NW","concave.gentle"
"4662","CR10","S","pico","B",2,1,0,1,1,1,0,0,0,0,1,0,40.46,2291.218746,-1.13975491,"concave",7.469630928,3.324239502,"low",319.9211703,"NW","concave.gentle"
"4663","CR10","S","pico","B",3,1,0,1,1,1,0,0,0,0,1,0,40.46,2291.218746,-1.13975491,"concave",7.469630928,3.324239502,"low",319.9211703,"NW","concave.gentle"
"4664","CR10","S","pico","B",4,1,0,1,1,1,0,0,0,0,1,0,40.46,2291.218746,-1.13975491,"concave",7.469630928,3.324239502,"low",319.9211703,"NW","concave.gentle"
"4665","CR10","S","pico","B",5,1,0,1,1,0,0,0,0,0,1,1,40.46,2291.218746,-1.13975491,"concave",7.469630928,3.324239502,"low",319.9211703,"NW","concave.gentle"
"4666","CR10","S","pico","B",6,1,0,1,1,0,0,0,0,0,1,0,40.46,2291.218746,-1.13975491,"concave",7.469630928,3.324239502,"low",319.9211703,"NW","concave.gentle"
"4667","CR10","S","pico","B",7,0,0,0,0,0,0,0,0,0,1,0,40.46,2291.218746,-1.13975491,"concave",7.469630928,3.324239502,"low",319.9211703,"NW","concave.gentle"
"4668","CR10","S","pico","B",8,0,0,0,0,0,0,0,0,0,1,0,40.46,2291.218746,-1.13975491,"concave",7.469630928,3.324239502,"low",319.9211703,"NW","concave.gentle"
"4669","CR10","S","pico","B",9,0,0,0,0,0,0,0,0,0,1,0,40.46,2291.218746,-1.13975491,"concave",7.469630928,3.324239502,"low",319.9211703,"NW","concave.gentle"
"4670","CR10","S","pico","B",10,0,0,0,0,0,0,0,0,0,1,0,40.46,2291.218746,-1.13975491,"concave",7.469630928,3.324239502,"low",319.9211703,"NW","concave.gentle"
"4671","CR10","S","psme","B",1,0,0,0,0,0,0,0,0,0,1,0,40.46,2291.218746,-1.13975491,"concave",7.469630928,3.324239502,"low",319.9211703,"NW","concave.gentle"
"4672","CR10","S","psme","B",2,0,0,0,0,0,0,0,0,0,1,0,40.46,2291.218746,-1.13975491,"concave",7.469630928,3.324239502,"low",319.9211703,"NW","concave.gentle"
"4673","CR10","S","psme","B",3,0,0,0,0,0,0,0,0,0,1,0,40.46,2291.218746,-1.13975491,"concave",7.469630928,3.324239502,"low",319.9211703,"NW","concave.gentle"
"4674","CR10","S","psme","B",4,0,0,0,0,0,0,0,0,0,1,0,40.46,2291.218746,-1.13975491,"concave",7.469630928,3.324239502,"low",319.9211703,"NW","concave.gentle"
"4675","CR10","S","psme","B",5,0,0,0,0,0,0,0,0,0,1,0,40.46,2291.218746,-1.13975491,"concave",7.469630928,3.324239502,"low",319.9211703,"NW","concave.gentle"
"4676","CR10","S","psme","B",6,1,0,1,0,0,0,0,0,0,1,0,40.46,2291.218746,-1.13975491,"concave",7.469630928,3.324239502,"low",319.9211703,"NW","concave.gentle"
"4677","CR10","S","psme","B",7,0,0,0,0,0,0,0,0,0,1,0,40.46,2291.218746,-1.13975491,"concave",7.469630928,3.324239502,"low",319.9211703,"NW","concave.gentle"
"4678","CR10","S","psme","B",8,0,0,0,0,0,0,0,0,0,1,0,40.46,2291.218746,-1.13975491,"concave",7.469630928,3.324239502,"low",319.9211703,"NW","concave.gentle"
"4679","CR10","S","psme","B",9,0,0,0,0,0,0,0,0,0,1,0,40.46,2291.218746,-1.13975491,"concave",7.469630928,3.324239502,"low",319.9211703,"NW","concave.gentle"
"4680","CR10","S","psme","B",10,0,0,0,0,0,0,0,0,0,1,0,40.46,2291.218746,-1.13975491,"concave",7.469630928,3.324239502,"low",319.9211703,"NW","concave.gentle"
"4681","CR10","W","pico","B",1,0,0,0,0,0,0,0,0,0,1,0,40.46,2291.218746,-1.13975491,"concave",7.469630928,3.324239502,"low",319.9211703,"NW","concave.gentle"
"4682","CR10","W","pico","B",2,0,0,0,0,0,0,0,0,0,1,0,40.46,2291.218746,-1.13975491,"concave",7.469630928,3.324239502,"low",319.9211703,"NW","concave.gentle"
"4683","CR10","W","pico","B",3,0,0,0,0,0,0,0,0,0,1,0,40.46,2291.218746,-1.13975491,"concave",7.469630928,3.324239502,"low",319.9211703,"NW","concave.gentle"
"4684","CR10","W","pico","B",4,0,0,0,0,0,0,0,0,0,1,0,40.46,2291.218746,-1.13975491,"concave",7.469630928,3.324239502,"low",319.9211703,"NW","concave.gentle"
"4685","CR10","W","pico","B",5,0,0,0,0,0,0,0,0,0,1,0,40.46,2291.218746,-1.13975491,"concave",7.469630928,3.324239502,"low",319.9211703,"NW","concave.gentle"
"4686","CR10","W","pico","B",6,1,0,1,1,0,0,0,0,0,1,0,40.46,2291.218746,-1.13975491,"concave",7.469630928,3.324239502,"low",319.9211703,"NW","concave.gentle"
"4687","CR10","W","pico","B",7,0,0,0,0,0,0,0,0,0,1,0,40.46,2291.218746,-1.13975491,"concave",7.469630928,3.324239502,"low",319.9211703,"NW","concave.gentle"
"4688","CR10","W","pico","B",8,0,0,0,0,0,0,0,0,0,1,0,40.46,2291.218746,-1.13975491,"concave",7.469630928,3.324239502,"low",319.9211703,"NW","concave.gentle"
"4689","CR10","W","pico","B",9,0,0,0,0,0,0,0,0,0,1,0,40.46,2291.218746,-1.13975491,"concave",7.469630928,3.324239502,"low",319.9211703,"NW","concave.gentle"
"4690","CR10","W","pico","B",10,0,0,0,0,0,0,0,0,0,1,0,40.46,2291.218746,-1.13975491,"concave",7.469630928,3.324239502,"low",319.9211703,"NW","concave.gentle"
"4691","CR10","W","psme","B",1,0,0,0,0,0,0,0,0,0,1,0,40.46,2291.218746,-1.13975491,"concave",7.469630928,3.324239502,"low",319.9211703,"NW","concave.gentle"
"4692","CR10","W","psme","B",2,0,0,0,0,0,0,0,0,0,1,0,40.46,2291.218746,-1.13975491,"concave",7.469630928,3.324239502,"low",319.9211703,"NW","concave.gentle"
"4693","CR10","W","psme","B",3,1,0,1,1,1,0,0,0,0,1,0,40.46,2291.218746,-1.13975491,"concave",7.469630928,3.324239502,"low",319.9211703,"NW","concave.gentle"
"4694","CR10","W","psme","B",4,0,0,0,0,0,0,0,0,0,1,0,40.46,2291.218746,-1.13975491,"concave",7.469630928,3.324239502,"low",319.9211703,"NW","concave.gentle"
"4695","CR10","W","psme","B",5,0,0,0,0,0,0,0,0,0,1,0,40.46,2291.218746,-1.13975491,"concave",7.469630928,3.324239502,"low",319.9211703,"NW","concave.gentle"
"4696","CR10","W","psme","B",6,0,0,0,0,0,0,0,0,0,1,0,40.46,2291.218746,-1.13975491,"concave",7.469630928,3.324239502,"low",319.9211703,"NW","concave.gentle"
"4697","CR10","W","psme","B",7,0,0,0,0,0,0,0,0,0,1,0,40.46,2291.218746,-1.13975491,"concave",7.469630928,3.324239502,"low",319.9211703,"NW","concave.gentle"
"4698","CR10","W","psme","B",8,0,0,0,0,0,0,0,0,0,1,0,40.46,2291.218746,-1.13975491,"concave",7.469630928,3.324239502,"low",319.9211703,"NW","concave.gentle"
"4699","CR10","W","psme","B",9,0,0,0,0,0,0,0,0,0,1,0,40.46,2291.218746,-1.13975491,"concave",7.469630928,3.324239502,"low",319.9211703,"NW","concave.gentle"
"4700","CR10","W","psme","B",10,0,0,0,0,0,0,0,0,0,1,0,40.46,2291.218746,-1.13975491,"concave",7.469630928,3.324239502,"low",319.9211703,"NW","concave.gentle"
"4701","CR10","C","pico","C",1,0,0,0,0,0,0,0,0,0,1,0,40.46,2291.218746,-1.13975491,"concave",7.469630928,3.324239502,"low",319.9211703,"NW","concave.gentle"
"4702","CR10","C","pico","C",2,0,0,0,0,0,0,0,0,0,1,0,40.46,2291.218746,-1.13975491,"concave",7.469630928,3.324239502,"low",319.9211703,"NW","concave.gentle"
"4703","CR10","C","pico","C",3,0,0,0,0,0,0,0,0,0,1,0,40.46,2291.218746,-1.13975491,"concave",7.469630928,3.324239502,"low",319.9211703,"NW","concave.gentle"
"4704","CR10","C","pico","C",4,1,0,1,1,1,0,0,0,0,1,0,40.46,2291.218746,-1.13975491,"concave",7.469630928,3.324239502,"low",319.9211703,"NW","concave.gentle"
"4705","CR10","C","pico","C",5,0,0,0,0,0,0,0,0,0,1,0,40.46,2291.218746,-1.13975491,"concave",7.469630928,3.324239502,"low",319.9211703,"NW","concave.gentle"
"4706","CR10","C","pico","C",6,0,0,0,0,0,0,0,0,0,1,0,40.46,2291.218746,-1.13975491,"concave",7.469630928,3.324239502,"low",319.9211703,"NW","concave.gentle"
"4707","CR10","C","pico","C",7,0,0,0,0,0,0,0,0,0,1,0,40.46,2291.218746,-1.13975491,"concave",7.469630928,3.324239502,"low",319.9211703,"NW","concave.gentle"
"4708","CR10","C","pico","C",8,1,0,1,1,1,0,0,0,0,1,0,40.46,2291.218746,-1.13975491,"concave",7.469630928,3.324239502,"low",319.9211703,"NW","concave.gentle"
"4709","CR10","C","pico","C",9,1,0,1,1,1,0,0,0,0,1,0,40.46,2291.218746,-1.13975491,"concave",7.469630928,3.324239502,"low",319.9211703,"NW","concave.gentle"
"4710","CR10","C","pico","C",10,0,0,0,0,0,0,0,0,0,1,0,40.46,2291.218746,-1.13975491,"concave",7.469630928,3.324239502,"low",319.9211703,"NW","concave.gentle"
"4711","CR10","C","psme","C",1,0,0,0,0,0,0,0,0,0,1,0,40.46,2291.218746,-1.13975491,"concave",7.469630928,3.324239502,"low",319.9211703,"NW","concave.gentle"
"4712","CR10","C","psme","C",2,0,0,0,0,0,0,0,0,0,1,0,40.46,2291.218746,-1.13975491,"concave",7.469630928,3.324239502,"low",319.9211703,"NW","concave.gentle"
"4713","CR10","C","psme","C",3,0,0,0,0,0,0,0,0,0,1,0,40.46,2291.218746,-1.13975491,"concave",7.469630928,3.324239502,"low",319.9211703,"NW","concave.gentle"
"4714","CR10","C","psme","C",4,0,0,0,0,0,0,0,0,0,1,0,40.46,2291.218746,-1.13975491,"concave",7.469630928,3.324239502,"low",319.9211703,"NW","concave.gentle"
"4715","CR10","C","psme","C",5,0,0,0,0,0,0,0,0,0,1,0,40.46,2291.218746,-1.13975491,"concave",7.469630928,3.324239502,"low",319.9211703,"NW","concave.gentle"
"4716","CR10","C","psme","C",6,0,0,0,0,0,0,0,0,0,1,0,40.46,2291.218746,-1.13975491,"concave",7.469630928,3.324239502,"low",319.9211703,"NW","concave.gentle"
"4717","CR10","C","psme","C",7,0,0,0,0,0,0,0,0,0,1,0,40.46,2291.218746,-1.13975491,"concave",7.469630928,3.324239502,"low",319.9211703,"NW","concave.gentle"
"4718","CR10","C","psme","C",8,0,0,0,0,0,0,0,0,0,1,0,40.46,2291.218746,-1.13975491,"concave",7.469630928,3.324239502,"low",319.9211703,"NW","concave.gentle"
"4719","CR10","C","psme","C",9,1,0,1,0,0,0,0,0,0,1,0,40.46,2291.218746,-1.13975491,"concave",7.469630928,3.324239502,"low",319.9211703,"NW","concave.gentle"
"4720","CR10","C","psme","C",10,1,0,1,1,0,0,0,0,0,1,0,40.46,2291.218746,-1.13975491,"concave",7.469630928,3.324239502,"low",319.9211703,"NW","concave.gentle"
"4721","CR10","E","pico","C",1,1,0,1,1,1,0,0,0,0,1,0,40.46,2291.218746,-1.13975491,"concave",7.469630928,3.324239502,"low",319.9211703,"NW","concave.gentle"
"4722","CR10","E","pico","C",2,0,0,0,0,0,0,0,0,0,1,0,40.46,2291.218746,-1.13975491,"concave",7.469630928,3.324239502,"low",319.9211703,"NW","concave.gentle"
"4723","CR10","E","pico","C",3,1,0,1,0,0,0,0,0,0,1,0,40.46,2291.218746,-1.13975491,"concave",7.469630928,3.324239502,"low",319.9211703,"NW","concave.gentle"
"4724","CR10","E","pico","C",4,0,0,0,0,0,0,0,0,0,1,0,40.46,2291.218746,-1.13975491,"concave",7.469630928,3.324239502,"low",319.9211703,"NW","concave.gentle"
"4725","CR10","E","pico","C",5,1,0,1,1,1,0,0,0,0,1,0,40.46,2291.218746,-1.13975491,"concave",7.469630928,3.324239502,"low",319.9211703,"NW","concave.gentle"
"4726","CR10","E","pico","C",6,0,0,0,0,0,0,0,0,0,1,0,40.46,2291.218746,-1.13975491,"concave",7.469630928,3.324239502,"low",319.9211703,"NW","concave.gentle"
"4727","CR10","E","pico","C",7,0,0,0,0,0,0,0,0,0,1,0,40.46,2291.218746,-1.13975491,"concave",7.469630928,3.324239502,"low",319.9211703,"NW","concave.gentle"
"4728","CR10","E","pico","C",8,0,0,0,0,0,0,0,0,0,1,0,40.46,2291.218746,-1.13975491,"concave",7.469630928,3.324239502,"low",319.9211703,"NW","concave.gentle"
"4729","CR10","E","pico","C",9,0,0,0,0,0,0,0,0,0,1,0,40.46,2291.218746,-1.13975491,"concave",7.469630928,3.324239502,"low",319.9211703,"NW","concave.gentle"
"4730","CR10","E","pico","C",10,0,0,0,0,0,0,0,0,0,1,0,40.46,2291.218746,-1.13975491,"concave",7.469630928,3.324239502,"low",319.9211703,"NW","concave.gentle"
"4731","CR10","E","psme","C",1,0,0,0,0,0,0,0,0,0,1,0,40.46,2291.218746,-1.13975491,"concave",7.469630928,3.324239502,"low",319.9211703,"NW","concave.gentle"
"4732","CR10","E","psme","C",2,0,0,0,0,0,0,0,0,0,1,0,40.46,2291.218746,-1.13975491,"concave",7.469630928,3.324239502,"low",319.9211703,"NW","concave.gentle"
"4733","CR10","E","psme","C",3,1,0,1,1,0,0,0,0,0,1,1,40.46,2291.218746,-1.13975491,"concave",7.469630928,3.324239502,"low",319.9211703,"NW","concave.gentle"
"4734","CR10","E","psme","C",4,1,0,1,0,0,0,0,0,0,1,0,40.46,2291.218746,-1.13975491,"concave",7.469630928,3.324239502,"low",319.9211703,"NW","concave.gentle"
"4735","CR10","E","psme","C",5,0,0,0,0,0,0,0,0,0,1,0,40.46,2291.218746,-1.13975491,"concave",7.469630928,3.324239502,"low",319.9211703,"NW","concave.gentle"
"4736","CR10","E","psme","C",6,1,0,1,1,1,0,0,0,0,1,0,40.46,2291.218746,-1.13975491,"concave",7.469630928,3.324239502,"low",319.9211703,"NW","concave.gentle"
"4737","CR10","E","psme","C",7,0,0,0,0,0,0,0,0,0,1,0,40.46,2291.218746,-1.13975491,"concave",7.469630928,3.324239502,"low",319.9211703,"NW","concave.gentle"
"4738","CR10","E","psme","C",8,0,0,0,0,0,0,0,0,0,1,0,40.46,2291.218746,-1.13975491,"concave",7.469630928,3.324239502,"low",319.9211703,"NW","concave.gentle"
"4739","CR10","E","psme","C",9,0,0,0,0,0,0,0,0,0,1,0,40.46,2291.218746,-1.13975491,"concave",7.469630928,3.324239502,"low",319.9211703,"NW","concave.gentle"
"4740","CR10","E","psme","C",10,0,0,0,0,0,0,0,0,0,1,0,40.46,2291.218746,-1.13975491,"concave",7.469630928,3.324239502,"low",319.9211703,"NW","concave.gentle"
"4741","CR10","N","pico","C",1,0,0,0,0,0,0,0,0,0,1,0,40.46,2291.218746,-1.13975491,"concave",7.469630928,3.324239502,"low",319.9211703,"NW","concave.gentle"
"4742","CR10","N","pico","C",2,0,0,0,0,0,0,0,0,0,1,0,40.46,2291.218746,-1.13975491,"concave",7.469630928,3.324239502,"low",319.9211703,"NW","concave.gentle"
"4743","CR10","N","pico","C",3,0,0,0,0,0,0,0,0,0,1,0,40.46,2291.218746,-1.13975491,"concave",7.469630928,3.324239502,"low",319.9211703,"NW","concave.gentle"
"4744","CR10","N","pico","C",4,1,0,1,1,1,0,0,0,0,1,0,40.46,2291.218746,-1.13975491,"concave",7.469630928,3.324239502,"low",319.9211703,"NW","concave.gentle"
"4745","CR10","N","pico","C",5,0,0,0,0,0,0,0,0,0,1,0,40.46,2291.218746,-1.13975491,"concave",7.469630928,3.324239502,"low",319.9211703,"NW","concave.gentle"
"4746","CR10","N","pico","C",6,0,0,0,0,0,0,0,0,0,1,0,40.46,2291.218746,-1.13975491,"concave",7.469630928,3.324239502,"low",319.9211703,"NW","concave.gentle"
"4747","CR10","N","pico","C",7,0,0,0,0,0,0,0,0,0,1,0,40.46,2291.218746,-1.13975491,"concave",7.469630928,3.324239502,"low",319.9211703,"NW","concave.gentle"
"4748","CR10","N","pico","C",8,1,0,1,1,1,0,0,0,0,1,0,40.46,2291.218746,-1.13975491,"concave",7.469630928,3.324239502,"low",319.9211703,"NW","concave.gentle"
"4749","CR10","N","pico","C",9,0,0,0,0,0,0,0,0,0,1,0,40.46,2291.218746,-1.13975491,"concave",7.469630928,3.324239502,"low",319.9211703,"NW","concave.gentle"
"4750","CR10","N","pico","C",10,0,0,0,0,0,0,0,0,0,1,0,40.46,2291.218746,-1.13975491,"concave",7.469630928,3.324239502,"low",319.9211703,"NW","concave.gentle"
"4751","CR10","N","psme","C",1,1,0,1,1,1,0,0,0,0,1,0,40.46,2291.218746,-1.13975491,"concave",7.469630928,3.324239502,"low",319.9211703,"NW","concave.gentle"
"4752","CR10","N","psme","C",2,0,0,0,0,0,0,0,0,0,1,0,40.46,2291.218746,-1.13975491,"concave",7.469630928,3.324239502,"low",319.9211703,"NW","concave.gentle"
"4753","CR10","N","psme","C",3,1,0,1,1,0,0,0,0,0,1,1,40.46,2291.218746,-1.13975491,"concave",7.469630928,3.324239502,"low",319.9211703,"NW","concave.gentle"
"4754","CR10","N","psme","C",4,0,0,0,0,0,0,0,0,0,1,0,40.46,2291.218746,-1.13975491,"concave",7.469630928,3.324239502,"low",319.9211703,"NW","concave.gentle"
"4755","CR10","N","psme","C",5,0,0,0,0,0,0,0,0,0,1,0,40.46,2291.218746,-1.13975491,"concave",7.469630928,3.324239502,"low",319.9211703,"NW","concave.gentle"
"4756","CR10","N","psme","C",6,0,0,0,0,0,0,0,0,0,1,0,40.46,2291.218746,-1.13975491,"concave",7.469630928,3.324239502,"low",319.9211703,"NW","concave.gentle"
"4757","CR10","N","psme","C",7,1,0,1,1,1,0,0,0,0,1,0,40.46,2291.218746,-1.13975491,"concave",7.469630928,3.324239502,"low",319.9211703,"NW","concave.gentle"
"4758","CR10","N","psme","C",8,0,0,0,0,0,0,0,0,0,1,0,40.46,2291.218746,-1.13975491,"concave",7.469630928,3.324239502,"low",319.9211703,"NW","concave.gentle"
"4759","CR10","N","psme","C",9,0,0,0,0,0,0,0,0,0,1,0,40.46,2291.218746,-1.13975491,"concave",7.469630928,3.324239502,"low",319.9211703,"NW","concave.gentle"
"4760","CR10","N","psme","C",10,0,0,0,0,0,0,0,0,0,1,0,40.46,2291.218746,-1.13975491,"concave",7.469630928,3.324239502,"low",319.9211703,"NW","concave.gentle"
"4761","CR10","S","pico","C",1,1,0,1,1,1,0,0,0,0,1,0,40.46,2291.218746,-1.13975491,"concave",7.469630928,3.324239502,"low",319.9211703,"NW","concave.gentle"
"4762","CR10","S","pico","C",2,1,0,1,1,1,0,0,0,0,1,0,40.46,2291.218746,-1.13975491,"concave",7.469630928,3.324239502,"low",319.9211703,"NW","concave.gentle"
"4763","CR10","S","pico","C",3,1,0,1,1,0,0,0,0,0,1,0,40.46,2291.218746,-1.13975491,"concave",7.469630928,3.324239502,"low",319.9211703,"NW","concave.gentle"
"4764","CR10","S","pico","C",4,1,0,1,1,1,0,0,0,0,1,0,40.46,2291.218746,-1.13975491,"concave",7.469630928,3.324239502,"low",319.9211703,"NW","concave.gentle"
"4765","CR10","S","pico","C",5,0,0,0,0,0,0,0,0,0,1,0,40.46,2291.218746,-1.13975491,"concave",7.469630928,3.324239502,"low",319.9211703,"NW","concave.gentle"
"4766","CR10","S","pico","C",6,1,0,1,1,1,0,0,0,0,1,0,40.46,2291.218746,-1.13975491,"concave",7.469630928,3.324239502,"low",319.9211703,"NW","concave.gentle"
"4767","CR10","S","pico","C",7,0,0,0,0,0,0,0,0,0,1,0,40.46,2291.218746,-1.13975491,"concave",7.469630928,3.324239502,"low",319.9211703,"NW","concave.gentle"
"4768","CR10","S","pico","C",8,0,0,0,0,0,0,0,0,0,1,0,40.46,2291.218746,-1.13975491,"concave",7.469630928,3.324239502,"low",319.9211703,"NW","concave.gentle"
"4769","CR10","S","pico","C",9,0,0,0,0,0,0,0,0,0,1,0,40.46,2291.218746,-1.13975491,"concave",7.469630928,3.324239502,"low",319.9211703,"NW","concave.gentle"
"4770","CR10","S","pico","C",10,1,0,1,1,0,0,0,0,0,1,0,40.46,2291.218746,-1.13975491,"concave",7.469630928,3.324239502,"low",319.9211703,"NW","concave.gentle"
"4771","CR10","S","psme","C",1,0,0,0,0,0,0,0,0,0,1,0,40.46,2291.218746,-1.13975491,"concave",7.469630928,3.324239502,"low",319.9211703,"NW","concave.gentle"
"4772","CR10","S","psme","C",2,0,0,0,0,0,0,0,0,0,1,0,40.46,2291.218746,-1.13975491,"concave",7.469630928,3.324239502,"low",319.9211703,"NW","concave.gentle"
"4773","CR10","S","psme","C",3,0,0,0,0,0,0,0,0,0,1,0,40.46,2291.218746,-1.13975491,"concave",7.469630928,3.324239502,"low",319.9211703,"NW","concave.gentle"
"4774","CR10","S","psme","C",4,1,0,1,1,0,0,0,0,0,1,0,40.46,2291.218746,-1.13975491,"concave",7.469630928,3.324239502,"low",319.9211703,"NW","concave.gentle"
"4775","CR10","S","psme","C",5,0,0,0,0,0,0,0,0,0,1,0,40.46,2291.218746,-1.13975491,"concave",7.469630928,3.324239502,"low",319.9211703,"NW","concave.gentle"
"4776","CR10","S","psme","C",6,0,0,0,0,0,0,0,0,0,1,0,40.46,2291.218746,-1.13975491,"concave",7.469630928,3.324239502,"low",319.9211703,"NW","concave.gentle"
"4777","CR10","S","psme","C",7,0,0,0,0,0,0,0,0,0,1,0,40.46,2291.218746,-1.13975491,"concave",7.469630928,3.324239502,"low",319.9211703,"NW","concave.gentle"
"4778","CR10","S","psme","C",8,0,0,0,0,0,0,0,0,0,1,0,40.46,2291.218746,-1.13975491,"concave",7.469630928,3.324239502,"low",319.9211703,"NW","concave.gentle"
"4779","CR10","S","psme","C",9,0,0,0,0,0,0,0,0,0,1,0,40.46,2291.218746,-1.13975491,"concave",7.469630928,3.324239502,"low",319.9211703,"NW","concave.gentle"
"4780","CR10","S","psme","C",10,0,0,0,0,0,0,0,0,0,1,0,40.46,2291.218746,-1.13975491,"concave",7.469630928,3.324239502,"low",319.9211703,"NW","concave.gentle"
"4781","CR10","W","pico","C",1,0,0,0,0,0,0,0,0,0,1,0,40.46,2291.218746,-1.13975491,"concave",7.469630928,3.324239502,"low",319.9211703,"NW","concave.gentle"
"4782","CR10","W","pico","C",2,0,0,0,0,0,0,0,0,0,1,0,40.46,2291.218746,-1.13975491,"concave",7.469630928,3.324239502,"low",319.9211703,"NW","concave.gentle"
"4783","CR10","W","pico","C",3,0,0,0,0,0,0,0,0,0,1,0,40.46,2291.218746,-1.13975491,"concave",7.469630928,3.324239502,"low",319.9211703,"NW","concave.gentle"
"4784","CR10","W","pico","C",4,0,0,0,0,0,0,0,0,0,1,0,40.46,2291.218746,-1.13975491,"concave",7.469630928,3.324239502,"low",319.9211703,"NW","concave.gentle"
"4785","CR10","W","pico","C",5,0,0,0,0,0,0,0,0,0,1,0,40.46,2291.218746,-1.13975491,"concave",7.469630928,3.324239502,"low",319.9211703,"NW","concave.gentle"
"4786","CR10","W","pico","C",6,0,0,0,0,0,0,0,0,0,1,0,40.46,2291.218746,-1.13975491,"concave",7.469630928,3.324239502,"low",319.9211703,"NW","concave.gentle"
"4787","CR10","W","pico","C",7,0,0,0,0,0,0,0,0,0,1,0,40.46,2291.218746,-1.13975491,"concave",7.469630928,3.324239502,"low",319.9211703,"NW","concave.gentle"
"4788","CR10","W","pico","C",8,0,0,0,0,0,0,0,0,0,1,0,40.46,2291.218746,-1.13975491,"concave",7.469630928,3.324239502,"low",319.9211703,"NW","concave.gentle"
"4789","CR10","W","pico","C",9,0,0,0,0,0,0,0,0,0,1,0,40.46,2291.218746,-1.13975491,"concave",7.469630928,3.324239502,"low",319.9211703,"NW","concave.gentle"
"4790","CR10","W","pico","C",10,1,0,1,1,0,0,0,0,0,1,0,40.46,2291.218746,-1.13975491,"concave",7.469630928,3.324239502,"low",319.9211703,"NW","concave.gentle"
"4791","CR10","W","psme","C",1,0,0,0,0,0,0,0,0,0,1,0,40.46,2291.218746,-1.13975491,"concave",7.469630928,3.324239502,"low",319.9211703,"NW","concave.gentle"
"4792","CR10","W","psme","C",2,0,0,0,0,0,0,0,0,0,1,0,40.46,2291.218746,-1.13975491,"concave",7.469630928,3.324239502,"low",319.9211703,"NW","concave.gentle"
"4793","CR10","W","psme","C",3,0,0,0,0,0,0,0,0,0,1,0,40.46,2291.218746,-1.13975491,"concave",7.469630928,3.324239502,"low",319.9211703,"NW","concave.gentle"
"4794","CR10","W","psme","C",4,0,0,0,0,0,0,0,0,0,1,0,40.46,2291.218746,-1.13975491,"concave",7.469630928,3.324239502,"low",319.9211703,"NW","concave.gentle"
"4795","CR10","W","psme","C",5,0,0,0,0,0,0,0,0,0,1,0,40.46,2291.218746,-1.13975491,"concave",7.469630928,3.324239502,"low",319.9211703,"NW","concave.gentle"
"4796","CR10","W","psme","C",6,0,0,0,0,0,0,0,0,0,1,0,40.46,2291.218746,-1.13975491,"concave",7.469630928,3.324239502,"low",319.9211703,"NW","concave.gentle"
"4797","CR10","W","psme","C",7,0,0,0,0,0,0,0,0,0,1,0,40.46,2291.218746,-1.13975491,"concave",7.469630928,3.324239502,"low",319.9211703,"NW","concave.gentle"
"4798","CR10","W","psme","C",8,0,0,0,0,0,0,0,0,0,1,0,40.46,2291.218746,-1.13975491,"concave",7.469630928,3.324239502,"low",319.9211703,"NW","concave.gentle"
"4799","CR10","W","psme","C",9,0,0,0,0,0,0,0,0,0,1,0,40.46,2291.218746,-1.13975491,"concave",7.469630928,3.324239502,"low",319.9211703,"NW","concave.gentle"
"4800","CR10","W","psme","C",10,0,0,0,0,0,0,0,0,0,1,0,40.46,2291.218746,-1.13975491,"concave",7.469630928,3.324239502,"low",319.9211703,"NW","concave.gentle"
"4801","CR10","C","pico","D",1,0,0,0,0,0,0,0,0,0,1,0,40.46,2291.218746,-1.13975491,"concave",7.469630928,3.324239502,"low",319.9211703,"NW","concave.gentle"
"4802","CR10","C","pico","D",2,0,0,0,0,0,0,0,0,0,1,0,40.46,2291.218746,-1.13975491,"concave",7.469630928,3.324239502,"low",319.9211703,"NW","concave.gentle"
"4803","CR10","C","pico","D",3,0,0,0,0,0,0,0,0,0,1,0,40.46,2291.218746,-1.13975491,"concave",7.469630928,3.324239502,"low",319.9211703,"NW","concave.gentle"
"4804","CR10","C","pico","D",4,0,0,0,0,0,0,0,0,0,1,0,40.46,2291.218746,-1.13975491,"concave",7.469630928,3.324239502,"low",319.9211703,"NW","concave.gentle"
"4805","CR10","C","pico","D",5,1,0,1,1,1,0,0,0,0,1,0,40.46,2291.218746,-1.13975491,"concave",7.469630928,3.324239502,"low",319.9211703,"NW","concave.gentle"
"4806","CR10","C","pico","D",6,1,0,1,1,1,0,0,0,0,1,0,40.46,2291.218746,-1.13975491,"concave",7.469630928,3.324239502,"low",319.9211703,"NW","concave.gentle"
"4807","CR10","C","pico","D",7,1,0,1,1,1,0,0,0,0,1,0,40.46,2291.218746,-1.13975491,"concave",7.469630928,3.324239502,"low",319.9211703,"NW","concave.gentle"
"4808","CR10","C","pico","D",8,0,0,0,0,0,0,0,0,0,1,0,40.46,2291.218746,-1.13975491,"concave",7.469630928,3.324239502,"low",319.9211703,"NW","concave.gentle"
"4809","CR10","C","pico","D",9,0,0,0,0,0,0,0,0,0,1,0,40.46,2291.218746,-1.13975491,"concave",7.469630928,3.324239502,"low",319.9211703,"NW","concave.gentle"
"4810","CR10","C","pico","D",10,0,0,0,0,0,0,0,0,0,1,0,40.46,2291.218746,-1.13975491,"concave",7.469630928,3.324239502,"low",319.9211703,"NW","concave.gentle"
"4811","CR10","C","psme","D",1,0,0,0,0,0,0,0,0,0,1,0,40.46,2291.218746,-1.13975491,"concave",7.469630928,3.324239502,"low",319.9211703,"NW","concave.gentle"
"4812","CR10","C","psme","D",2,0,0,0,0,0,0,0,0,0,1,0,40.46,2291.218746,-1.13975491,"concave",7.469630928,3.324239502,"low",319.9211703,"NW","concave.gentle"
"4813","CR10","C","psme","D",3,0,0,0,0,0,0,0,0,0,1,0,40.46,2291.218746,-1.13975491,"concave",7.469630928,3.324239502,"low",319.9211703,"NW","concave.gentle"
"4814","CR10","C","psme","D",4,0,0,0,0,0,0,0,0,0,1,0,40.46,2291.218746,-1.13975491,"concave",7.469630928,3.324239502,"low",319.9211703,"NW","concave.gentle"
"4815","CR10","C","psme","D",5,1,0,1,1,0,0,0,0,0,1,0,40.46,2291.218746,-1.13975491,"concave",7.469630928,3.324239502,"low",319.9211703,"NW","concave.gentle"
"4816","CR10","C","psme","D",6,0,0,0,0,0,0,0,0,0,1,0,40.46,2291.218746,-1.13975491,"concave",7.469630928,3.324239502,"low",319.9211703,"NW","concave.gentle"
"4817","CR10","C","psme","D",7,0,0,0,0,0,0,0,0,0,1,0,40.46,2291.218746,-1.13975491,"concave",7.469630928,3.324239502,"low",319.9211703,"NW","concave.gentle"
"4818","CR10","C","psme","D",8,0,0,0,0,0,0,0,0,0,1,0,40.46,2291.218746,-1.13975491,"concave",7.469630928,3.324239502,"low",319.9211703,"NW","concave.gentle"
"4819","CR10","C","psme","D",9,0,0,0,0,0,0,0,0,0,1,0,40.46,2291.218746,-1.13975491,"concave",7.469630928,3.324239502,"low",319.9211703,"NW","concave.gentle"
"4820","CR10","C","psme","D",10,0,0,0,0,0,0,0,0,0,1,0,40.46,2291.218746,-1.13975491,"concave",7.469630928,3.324239502,"low",319.9211703,"NW","concave.gentle"
"4821","CR10","E","pico","D",1,1,0,1,1,1,0,0,0,0,1,0,40.46,2291.218746,-1.13975491,"concave",7.469630928,3.324239502,"low",319.9211703,"NW","concave.gentle"
"4822","CR10","E","pico","D",2,0,0,0,0,0,0,0,0,0,1,0,40.46,2291.218746,-1.13975491,"concave",7.469630928,3.324239502,"low",319.9211703,"NW","concave.gentle"
"4823","CR10","E","pico","D",3,1,0,1,1,1,0,0,0,0,1,0,40.46,2291.218746,-1.13975491,"concave",7.469630928,3.324239502,"low",319.9211703,"NW","concave.gentle"
"4824","CR10","E","pico","D",4,0,0,0,0,0,0,0,0,0,1,0,40.46,2291.218746,-1.13975491,"concave",7.469630928,3.324239502,"low",319.9211703,"NW","concave.gentle"
"4825","CR10","E","pico","D",5,1,0,1,1,0,0,0,0,0,1,1,40.46,2291.218746,-1.13975491,"concave",7.469630928,3.324239502,"low",319.9211703,"NW","concave.gentle"
"4826","CR10","E","pico","D",6,0,0,0,0,0,0,0,0,0,1,0,40.46,2291.218746,-1.13975491,"concave",7.469630928,3.324239502,"low",319.9211703,"NW","concave.gentle"
"4827","CR10","E","pico","D",7,0,0,0,0,0,0,0,0,0,1,0,40.46,2291.218746,-1.13975491,"concave",7.469630928,3.324239502,"low",319.9211703,"NW","concave.gentle"
"4828","CR10","E","pico","D",8,0,0,0,0,0,0,0,0,0,1,0,40.46,2291.218746,-1.13975491,"concave",7.469630928,3.324239502,"low",319.9211703,"NW","concave.gentle"
"4829","CR10","E","pico","D",9,1,0,1,1,1,0,0,0,0,1,0,40.46,2291.218746,-1.13975491,"concave",7.469630928,3.324239502,"low",319.9211703,"NW","concave.gentle"
"4830","CR10","E","pico","D",10,0,0,0,0,0,0,0,0,0,1,0,40.46,2291.218746,-1.13975491,"concave",7.469630928,3.324239502,"low",319.9211703,"NW","concave.gentle"
"4831","CR10","E","psme","D",1,0,0,0,0,0,0,0,0,0,1,0,40.46,2291.218746,-1.13975491,"concave",7.469630928,3.324239502,"low",319.9211703,"NW","concave.gentle"
"4832","CR10","E","psme","D",2,0,0,0,0,0,0,0,0,0,1,0,40.46,2291.218746,-1.13975491,"concave",7.469630928,3.324239502,"low",319.9211703,"NW","concave.gentle"
"4833","CR10","E","psme","D",3,0,0,0,0,0,0,0,0,0,1,0,40.46,2291.218746,-1.13975491,"concave",7.469630928,3.324239502,"low",319.9211703,"NW","concave.gentle"
"4834","CR10","E","psme","D",4,0,0,0,0,0,0,0,0,0,1,0,40.46,2291.218746,-1.13975491,"concave",7.469630928,3.324239502,"low",319.9211703,"NW","concave.gentle"
"4835","CR10","E","psme","D",5,0,0,0,0,0,0,0,0,0,1,0,40.46,2291.218746,-1.13975491,"concave",7.469630928,3.324239502,"low",319.9211703,"NW","concave.gentle"
"4836","CR10","E","psme","D",6,0,0,0,0,0,0,0,0,0,1,0,40.46,2291.218746,-1.13975491,"concave",7.469630928,3.324239502,"low",319.9211703,"NW","concave.gentle"
"4837","CR10","E","psme","D",7,1,0,1,1,0,0,0,0,0,1,0,40.46,2291.218746,-1.13975491,"concave",7.469630928,3.324239502,"low",319.9211703,"NW","concave.gentle"
"4838","CR10","E","psme","D",8,0,0,0,0,0,0,0,0,0,1,0,40.46,2291.218746,-1.13975491,"concave",7.469630928,3.324239502,"low",319.9211703,"NW","concave.gentle"
"4839","CR10","E","psme","D",9,0,0,0,0,0,0,0,0,0,1,0,40.46,2291.218746,-1.13975491,"concave",7.469630928,3.324239502,"low",319.9211703,"NW","concave.gentle"
"4840","CR10","E","psme","D",10,0,0,0,0,0,0,0,0,0,1,0,40.46,2291.218746,-1.13975491,"concave",7.469630928,3.324239502,"low",319.9211703,"NW","concave.gentle"
"4841","CR10","N","pico","D",1,0,0,0,0,0,0,0,0,0,1,0,40.46,2291.218746,-1.13975491,"concave",7.469630928,3.324239502,"low",319.9211703,"NW","concave.gentle"
"4842","CR10","N","pico","D",2,1,0,1,1,1,0,0,0,0,1,0,40.46,2291.218746,-1.13975491,"concave",7.469630928,3.324239502,"low",319.9211703,"NW","concave.gentle"
"4843","CR10","N","pico","D",3,0,0,0,0,0,0,0,0,0,1,0,40.46,2291.218746,-1.13975491,"concave",7.469630928,3.324239502,"low",319.9211703,"NW","concave.gentle"
"4844","CR10","N","pico","D",4,1,0,1,1,1,0,0,0,0,1,0,40.46,2291.218746,-1.13975491,"concave",7.469630928,3.324239502,"low",319.9211703,"NW","concave.gentle"
"4845","CR10","N","pico","D",5,0,0,0,0,0,0,0,0,0,1,0,40.46,2291.218746,-1.13975491,"concave",7.469630928,3.324239502,"low",319.9211703,"NW","concave.gentle"
"4846","CR10","N","pico","D",6,0,0,0,0,0,0,0,0,0,1,0,40.46,2291.218746,-1.13975491,"concave",7.469630928,3.324239502,"low",319.9211703,"NW","concave.gentle"
"4847","CR10","N","pico","D",7,0,0,0,0,0,0,0,0,0,1,0,40.46,2291.218746,-1.13975491,"concave",7.469630928,3.324239502,"low",319.9211703,"NW","concave.gentle"
"4848","CR10","N","pico","D",8,0,0,0,0,0,0,0,0,0,1,0,40.46,2291.218746,-1.13975491,"concave",7.469630928,3.324239502,"low",319.9211703,"NW","concave.gentle"
"4849","CR10","N","pico","D",9,0,0,0,0,0,0,0,0,0,1,0,40.46,2291.218746,-1.13975491,"concave",7.469630928,3.324239502,"low",319.9211703,"NW","concave.gentle"
"4850","CR10","N","pico","D",10,0,0,0,0,0,0,0,0,0,1,0,40.46,2291.218746,-1.13975491,"concave",7.469630928,3.324239502,"low",319.9211703,"NW","concave.gentle"
"4851","CR10","N","psme","D",1,0,0,0,0,0,0,0,0,0,1,0,40.46,2291.218746,-1.13975491,"concave",7.469630928,3.324239502,"low",319.9211703,"NW","concave.gentle"
"4852","CR10","N","psme","D",2,0,0,0,0,0,0,0,0,0,1,0,40.46,2291.218746,-1.13975491,"concave",7.469630928,3.324239502,"low",319.9211703,"NW","concave.gentle"
"4853","CR10","N","psme","D",3,0,0,0,0,0,0,0,0,0,1,0,40.46,2291.218746,-1.13975491,"concave",7.469630928,3.324239502,"low",319.9211703,"NW","concave.gentle"
"4854","CR10","N","psme","D",4,1,0,1,1,0,0,0,0,0,1,1,40.46,2291.218746,-1.13975491,"concave",7.469630928,3.324239502,"low",319.9211703,"NW","concave.gentle"
"4855","CR10","N","psme","D",5,0,0,0,0,0,0,0,0,0,1,0,40.46,2291.218746,-1.13975491,"concave",7.469630928,3.324239502,"low",319.9211703,"NW","concave.gentle"
"4856","CR10","N","psme","D",6,0,0,0,0,0,0,0,0,0,1,0,40.46,2291.218746,-1.13975491,"concave",7.469630928,3.324239502,"low",319.9211703,"NW","concave.gentle"
"4857","CR10","N","psme","D",7,0,0,0,0,0,0,0,0,0,1,0,40.46,2291.218746,-1.13975491,"concave",7.469630928,3.324239502,"low",319.9211703,"NW","concave.gentle"
"4858","CR10","N","psme","D",8,1,0,1,1,0,0,0,0,0,1,1,40.46,2291.218746,-1.13975491,"concave",7.469630928,3.324239502,"low",319.9211703,"NW","concave.gentle"
"4859","CR10","N","psme","D",9,0,0,0,0,0,0,0,0,0,1,0,40.46,2291.218746,-1.13975491,"concave",7.469630928,3.324239502,"low",319.9211703,"NW","concave.gentle"
"4860","CR10","N","psme","D",10,0,0,0,0,0,0,0,0,0,1,0,40.46,2291.218746,-1.13975491,"concave",7.469630928,3.324239502,"low",319.9211703,"NW","concave.gentle"
"4861","CR10","S","pico","D",1,1,0,1,1,1,0,0,0,0,1,0,40.46,2291.218746,-1.13975491,"concave",7.469630928,3.324239502,"low",319.9211703,"NW","concave.gentle"
"4862","CR10","S","pico","D",2,0,0,0,0,0,0,0,0,0,1,0,40.46,2291.218746,-1.13975491,"concave",7.469630928,3.324239502,"low",319.9211703,"NW","concave.gentle"
"4863","CR10","S","pico","D",3,1,0,1,1,1,0,0,0,0,1,0,40.46,2291.218746,-1.13975491,"concave",7.469630928,3.324239502,"low",319.9211703,"NW","concave.gentle"
"4864","CR10","S","pico","D",4,1,0,1,1,1,0,0,0,0,1,0,40.46,2291.218746,-1.13975491,"concave",7.469630928,3.324239502,"low",319.9211703,"NW","concave.gentle"
"4865","CR10","S","pico","D",5,1,0,1,1,1,0,0,0,0,1,0,40.46,2291.218746,-1.13975491,"concave",7.469630928,3.324239502,"low",319.9211703,"NW","concave.gentle"
"4866","CR10","S","pico","D",6,0,0,0,0,0,0,0,0,0,1,0,40.46,2291.218746,-1.13975491,"concave",7.469630928,3.324239502,"low",319.9211703,"NW","concave.gentle"
"4867","CR10","S","pico","D",7,0,0,0,0,0,0,0,0,0,1,0,40.46,2291.218746,-1.13975491,"concave",7.469630928,3.324239502,"low",319.9211703,"NW","concave.gentle"
"4868","CR10","S","pico","D",8,1,0,1,1,0,0,0,0,0,1,0,40.46,2291.218746,-1.13975491,"concave",7.469630928,3.324239502,"low",319.9211703,"NW","concave.gentle"
"4869","CR10","S","pico","D",9,1,0,1,1,1,0,0,0,0,1,0,40.46,2291.218746,-1.13975491,"concave",7.469630928,3.324239502,"low",319.9211703,"NW","concave.gentle"
"4870","CR10","S","pico","D",10,0,0,0,0,0,0,0,0,0,1,0,40.46,2291.218746,-1.13975491,"concave",7.469630928,3.324239502,"low",319.9211703,"NW","concave.gentle"
"4871","CR10","S","psme","D",1,0,0,0,0,0,0,0,0,0,1,0,40.46,2291.218746,-1.13975491,"concave",7.469630928,3.324239502,"low",319.9211703,"NW","concave.gentle"
"4872","CR10","S","psme","D",2,0,0,0,0,0,0,0,0,0,1,0,40.46,2291.218746,-1.13975491,"concave",7.469630928,3.324239502,"low",319.9211703,"NW","concave.gentle"
"4873","CR10","S","psme","D",3,0,0,0,0,0,0,0,0,0,1,0,40.46,2291.218746,-1.13975491,"concave",7.469630928,3.324239502,"low",319.9211703,"NW","concave.gentle"
"4874","CR10","S","psme","D",4,0,0,0,0,0,0,0,0,0,1,0,40.46,2291.218746,-1.13975491,"concave",7.469630928,3.324239502,"low",319.9211703,"NW","concave.gentle"
"4875","CR10","S","psme","D",5,0,0,0,0,0,0,0,0,0,1,0,40.46,2291.218746,-1.13975491,"concave",7.469630928,3.324239502,"low",319.9211703,"NW","concave.gentle"
"4876","CR10","S","psme","D",6,1,0,1,0,0,0,0,0,0,1,0,40.46,2291.218746,-1.13975491,"concave",7.469630928,3.324239502,"low",319.9211703,"NW","concave.gentle"
"4877","CR10","S","psme","D",7,0,0,0,0,0,0,0,0,0,1,0,40.46,2291.218746,-1.13975491,"concave",7.469630928,3.324239502,"low",319.9211703,"NW","concave.gentle"
"4878","CR10","S","psme","D",8,0,0,0,0,0,0,0,0,0,1,0,40.46,2291.218746,-1.13975491,"concave",7.469630928,3.324239502,"low",319.9211703,"NW","concave.gentle"
"4879","CR10","S","psme","D",9,0,0,0,0,0,0,0,0,0,1,0,40.46,2291.218746,-1.13975491,"concave",7.469630928,3.324239502,"low",319.9211703,"NW","concave.gentle"
"4880","CR10","S","psme","D",10,0,0,0,0,0,0,0,0,0,1,0,40.46,2291.218746,-1.13975491,"concave",7.469630928,3.324239502,"low",319.9211703,"NW","concave.gentle"
"4881","CR10","W","pico","D",1,0,0,0,0,0,0,0,0,0,1,0,40.46,2291.218746,-1.13975491,"concave",7.469630928,3.324239502,"low",319.9211703,"NW","concave.gentle"
"4882","CR10","W","pico","D",2,0,0,0,0,0,0,0,0,0,1,0,40.46,2291.218746,-1.13975491,"concave",7.469630928,3.324239502,"low",319.9211703,"NW","concave.gentle"
"4883","CR10","W","pico","D",3,0,1,1,0,0,0,0,0,0,1,1,40.46,2291.218746,-1.13975491,"concave",7.469630928,3.324239502,"low",319.9211703,"NW","concave.gentle"
"4884","CR10","W","pico","D",4,0,0,0,0,0,0,0,0,0,1,0,40.46,2291.218746,-1.13975491,"concave",7.469630928,3.324239502,"low",319.9211703,"NW","concave.gentle"
"4885","CR10","W","pico","D",5,0,0,0,0,0,0,0,0,0,1,0,40.46,2291.218746,-1.13975491,"concave",7.469630928,3.324239502,"low",319.9211703,"NW","concave.gentle"
"4886","CR10","W","pico","D",6,0,0,0,0,0,0,0,0,0,1,0,40.46,2291.218746,-1.13975491,"concave",7.469630928,3.324239502,"low",319.9211703,"NW","concave.gentle"
"4887","CR10","W","pico","D",7,0,0,0,0,0,0,0,0,0,1,0,40.46,2291.218746,-1.13975491,"concave",7.469630928,3.324239502,"low",319.9211703,"NW","concave.gentle"
"4888","CR10","W","pico","D",8,0,0,0,0,0,0,0,0,0,1,0,40.46,2291.218746,-1.13975491,"concave",7.469630928,3.324239502,"low",319.9211703,"NW","concave.gentle"
"4889","CR10","W","pico","D",9,0,0,0,0,0,0,0,0,0,1,0,40.46,2291.218746,-1.13975491,"concave",7.469630928,3.324239502,"low",319.9211703,"NW","concave.gentle"
"4890","CR10","W","pico","D",10,0,0,0,0,0,0,0,0,0,1,0,40.46,2291.218746,-1.13975491,"concave",7.469630928,3.324239502,"low",319.9211703,"NW","concave.gentle"
"4891","CR10","W","psme","D",1,0,0,0,0,0,0,0,0,0,1,0,40.46,2291.218746,-1.13975491,"concave",7.469630928,3.324239502,"low",319.9211703,"NW","concave.gentle"
"4892","CR10","W","psme","D",2,0,0,0,0,0,0,0,0,0,1,0,40.46,2291.218746,-1.13975491,"concave",7.469630928,3.324239502,"low",319.9211703,"NW","concave.gentle"
"4893","CR10","W","psme","D",3,0,0,0,0,0,0,0,0,0,1,0,40.46,2291.218746,-1.13975491,"concave",7.469630928,3.324239502,"low",319.9211703,"NW","concave.gentle"
"4894","CR10","W","psme","D",4,0,0,0,0,0,0,0,0,0,1,0,40.46,2291.218746,-1.13975491,"concave",7.469630928,3.324239502,"low",319.9211703,"NW","concave.gentle"
"4895","CR10","W","psme","D",5,0,0,0,0,0,0,0,0,0,1,0,40.46,2291.218746,-1.13975491,"concave",7.469630928,3.324239502,"low",319.9211703,"NW","concave.gentle"
"4896","CR10","W","psme","D",6,1,0,1,0,0,0,0,0,0,1,0,40.46,2291.218746,-1.13975491,"concave",7.469630928,3.324239502,"low",319.9211703,"NW","concave.gentle"
"4897","CR10","W","psme","D",7,0,0,0,0,0,0,0,0,0,1,0,40.46,2291.218746,-1.13975491,"concave",7.469630928,3.324239502,"low",319.9211703,"NW","concave.gentle"
"4898","CR10","W","psme","D",8,0,0,0,0,0,0,0,0,0,1,0,40.46,2291.218746,-1.13975491,"concave",7.469630928,3.324239502,"low",319.9211703,"NW","concave.gentle"
"4899","CR10","W","psme","D",9,1,0,1,0,0,0,0,0,0,1,0,40.46,2291.218746,-1.13975491,"concave",7.469630928,3.324239502,"low",319.9211703,"NW","concave.gentle"
"4900","CR10","W","psme","D",10,0,0,0,0,0,0,0,0,0,1,0,40.46,2291.218746,-1.13975491,"concave",7.469630928,3.324239502,"low",319.9211703,"NW","concave.gentle"
"4901","CR10","C","pico","E",1,0,0,0,0,0,0,0,0,0,1,0,40.46,2291.218746,-1.13975491,"concave",7.469630928,3.324239502,"low",319.9211703,"NW","concave.gentle"
"4902","CR10","C","pico","E",2,1,0,1,1,0,0,0,0,0,1,0,40.46,2291.218746,-1.13975491,"concave",7.469630928,3.324239502,"low",319.9211703,"NW","concave.gentle"
"4903","CR10","C","pico","E",3,0,0,0,0,0,0,0,0,0,1,0,40.46,2291.218746,-1.13975491,"concave",7.469630928,3.324239502,"low",319.9211703,"NW","concave.gentle"
"4904","CR10","C","pico","E",4,0,0,0,0,0,0,0,0,0,1,0,40.46,2291.218746,-1.13975491,"concave",7.469630928,3.324239502,"low",319.9211703,"NW","concave.gentle"
"4905","CR10","C","pico","E",5,0,0,0,0,0,0,0,0,0,1,0,40.46,2291.218746,-1.13975491,"concave",7.469630928,3.324239502,"low",319.9211703,"NW","concave.gentle"
"4906","CR10","C","pico","E",6,0,0,0,0,0,0,0,0,0,1,0,40.46,2291.218746,-1.13975491,"concave",7.469630928,3.324239502,"low",319.9211703,"NW","concave.gentle"
"4907","CR10","C","pico","E",7,0,0,0,0,0,0,0,0,0,1,0,40.46,2291.218746,-1.13975491,"concave",7.469630928,3.324239502,"low",319.9211703,"NW","concave.gentle"
"4908","CR10","C","pico","E",8,0,0,0,0,0,0,0,0,0,1,0,40.46,2291.218746,-1.13975491,"concave",7.469630928,3.324239502,"low",319.9211703,"NW","concave.gentle"
"4909","CR10","C","pico","E",9,0,0,0,0,0,0,0,0,0,1,0,40.46,2291.218746,-1.13975491,"concave",7.469630928,3.324239502,"low",319.9211703,"NW","concave.gentle"
"4910","CR10","C","pico","E",10,0,0,0,0,0,0,0,0,0,1,0,40.46,2291.218746,-1.13975491,"concave",7.469630928,3.324239502,"low",319.9211703,"NW","concave.gentle"
"4911","CR10","C","psme","E",1,1,0,1,1,0,0,0,0,0,1,0,40.46,2291.218746,-1.13975491,"concave",7.469630928,3.324239502,"low",319.9211703,"NW","concave.gentle"
"4912","CR10","C","psme","E",2,1,0,1,1,0,0,0,0,0,1,0,40.46,2291.218746,-1.13975491,"concave",7.469630928,3.324239502,"low",319.9211703,"NW","concave.gentle"
"4913","CR10","C","psme","E",3,1,0,1,0,0,0,0,0,0,1,0,40.46,2291.218746,-1.13975491,"concave",7.469630928,3.324239502,"low",319.9211703,"NW","concave.gentle"
"4914","CR10","C","psme","E",4,1,0,1,1,0,0,0,0,0,1,0,40.46,2291.218746,-1.13975491,"concave",7.469630928,3.324239502,"low",319.9211703,"NW","concave.gentle"
"4915","CR10","C","psme","E",5,0,0,0,0,0,0,0,0,0,1,0,40.46,2291.218746,-1.13975491,"concave",7.469630928,3.324239502,"low",319.9211703,"NW","concave.gentle"
"4916","CR10","C","psme","E",6,0,0,0,0,0,0,0,0,0,1,0,40.46,2291.218746,-1.13975491,"concave",7.469630928,3.324239502,"low",319.9211703,"NW","concave.gentle"
"4917","CR10","C","psme","E",7,1,0,1,0,0,0,0,0,0,1,0,40.46,2291.218746,-1.13975491,"concave",7.469630928,3.324239502,"low",319.9211703,"NW","concave.gentle"
"4918","CR10","C","psme","E",8,1,0,1,0,0,0,0,0,0,1,0,40.46,2291.218746,-1.13975491,"concave",7.469630928,3.324239502,"low",319.9211703,"NW","concave.gentle"
"4919","CR10","C","psme","E",9,1,0,1,0,0,0,0,0,0,1,1,40.46,2291.218746,-1.13975491,"concave",7.469630928,3.324239502,"low",319.9211703,"NW","concave.gentle"
"4920","CR10","C","psme","E",10,0,0,0,0,0,0,0,0,0,1,0,40.46,2291.218746,-1.13975491,"concave",7.469630928,3.324239502,"low",319.9211703,"NW","concave.gentle"
"4921","CR10","E","pico","E",1,1,0,1,1,1,0,0,0,0,1,0,40.46,2291.218746,-1.13975491,"concave",7.469630928,3.324239502,"low",319.9211703,"NW","concave.gentle"
"4922","CR10","E","pico","E",2,1,0,1,0,0,0,0,0,0,1,0,40.46,2291.218746,-1.13975491,"concave",7.469630928,3.324239502,"low",319.9211703,"NW","concave.gentle"
"4923","CR10","E","pico","E",3,0,0,0,0,0,0,0,0,0,1,0,40.46,2291.218746,-1.13975491,"concave",7.469630928,3.324239502,"low",319.9211703,"NW","concave.gentle"
"4924","CR10","E","pico","E",4,0,0,0,0,0,0,0,0,0,1,0,40.46,2291.218746,-1.13975491,"concave",7.469630928,3.324239502,"low",319.9211703,"NW","concave.gentle"
"4925","CR10","E","pico","E",5,1,0,1,1,0,0,0,0,0,1,0,40.46,2291.218746,-1.13975491,"concave",7.469630928,3.324239502,"low",319.9211703,"NW","concave.gentle"
"4926","CR10","E","pico","E",6,0,0,0,0,0,0,0,0,0,1,0,40.46,2291.218746,-1.13975491,"concave",7.469630928,3.324239502,"low",319.9211703,"NW","concave.gentle"
"4927","CR10","E","pico","E",7,0,0,0,0,0,0,0,0,0,1,0,40.46,2291.218746,-1.13975491,"concave",7.469630928,3.324239502,"low",319.9211703,"NW","concave.gentle"
"4928","CR10","E","pico","E",8,0,0,0,0,0,0,0,0,0,1,0,40.46,2291.218746,-1.13975491,"concave",7.469630928,3.324239502,"low",319.9211703,"NW","concave.gentle"
"4929","CR10","E","pico","E",9,0,0,0,0,0,0,0,0,0,1,0,40.46,2291.218746,-1.13975491,"concave",7.469630928,3.324239502,"low",319.9211703,"NW","concave.gentle"
"4930","CR10","E","pico","E",10,1,0,1,0,0,0,0,0,0,1,0,40.46,2291.218746,-1.13975491,"concave",7.469630928,3.324239502,"low",319.9211703,"NW","concave.gentle"
"4931","CR10","E","psme","E",1,0,0,0,0,0,0,0,0,0,1,0,40.46,2291.218746,-1.13975491,"concave",7.469630928,3.324239502,"low",319.9211703,"NW","concave.gentle"
"4932","CR10","E","psme","E",2,1,0,1,1,0,0,0,0,0,1,1,40.46,2291.218746,-1.13975491,"concave",7.469630928,3.324239502,"low",319.9211703,"NW","concave.gentle"
"4933","CR10","E","psme","E",3,1,0,1,1,0,0,0,0,0,1,0,40.46,2291.218746,-1.13975491,"concave",7.469630928,3.324239502,"low",319.9211703,"NW","concave.gentle"
"4934","CR10","E","psme","E",4,0,0,0,0,0,0,0,0,0,1,0,40.46,2291.218746,-1.13975491,"concave",7.469630928,3.324239502,"low",319.9211703,"NW","concave.gentle"
"4935","CR10","E","psme","E",5,0,0,0,0,0,0,0,0,0,1,0,40.46,2291.218746,-1.13975491,"concave",7.469630928,3.324239502,"low",319.9211703,"NW","concave.gentle"
"4936","CR10","E","psme","E",6,0,0,0,0,0,0,0,0,0,1,0,40.46,2291.218746,-1.13975491,"concave",7.469630928,3.324239502,"low",319.9211703,"NW","concave.gentle"
"4937","CR10","E","psme","E",7,0,0,0,0,0,0,0,0,0,1,0,40.46,2291.218746,-1.13975491,"concave",7.469630928,3.324239502,"low",319.9211703,"NW","concave.gentle"
"4938","CR10","E","psme","E",8,0,0,0,0,0,0,0,0,0,1,0,40.46,2291.218746,-1.13975491,"concave",7.469630928,3.324239502,"low",319.9211703,"NW","concave.gentle"
"4939","CR10","E","psme","E",9,0,0,0,0,0,0,0,0,0,1,0,40.46,2291.218746,-1.13975491,"concave",7.469630928,3.324239502,"low",319.9211703,"NW","concave.gentle"
"4940","CR10","E","psme","E",10,1,0,1,1,0,0,0,0,0,1,0,40.46,2291.218746,-1.13975491,"concave",7.469630928,3.324239502,"low",319.9211703,"NW","concave.gentle"
"4941","CR10","N","pico","E",1,0,0,0,0,0,0,0,0,0,1,0,40.46,2291.218746,-1.13975491,"concave",7.469630928,3.324239502,"low",319.9211703,"NW","concave.gentle"
"4942","CR10","N","pico","E",2,0,0,0,0,0,0,0,0,0,1,0,40.46,2291.218746,-1.13975491,"concave",7.469630928,3.324239502,"low",319.9211703,"NW","concave.gentle"
"4943","CR10","N","pico","E",3,0,0,0,0,0,0,0,0,0,1,0,40.46,2291.218746,-1.13975491,"concave",7.469630928,3.324239502,"low",319.9211703,"NW","concave.gentle"
"4944","CR10","N","pico","E",4,0,0,0,0,0,0,0,0,0,1,0,40.46,2291.218746,-1.13975491,"concave",7.469630928,3.324239502,"low",319.9211703,"NW","concave.gentle"
"4945","CR10","N","pico","E",5,0,0,0,0,0,0,0,0,0,1,0,40.46,2291.218746,-1.13975491,"concave",7.469630928,3.324239502,"low",319.9211703,"NW","concave.gentle"
"4946","CR10","N","pico","E",6,0,0,0,0,0,0,0,0,0,1,0,40.46,2291.218746,-1.13975491,"concave",7.469630928,3.324239502,"low",319.9211703,"NW","concave.gentle"
"4947","CR10","N","pico","E",7,0,0,0,0,0,0,0,0,0,1,0,40.46,2291.218746,-1.13975491,"concave",7.469630928,3.324239502,"low",319.9211703,"NW","concave.gentle"
"4948","CR10","N","pico","E",8,0,0,0,0,0,0,0,0,0,1,0,40.46,2291.218746,-1.13975491,"concave",7.469630928,3.324239502,"low",319.9211703,"NW","concave.gentle"
"4949","CR10","N","pico","E",9,0,0,0,0,0,0,0,0,0,1,0,40.46,2291.218746,-1.13975491,"concave",7.469630928,3.324239502,"low",319.9211703,"NW","concave.gentle"
"4950","CR10","N","pico","E",10,1,0,1,1,0,0,0,0,0,1,1,40.46,2291.218746,-1.13975491,"concave",7.469630928,3.324239502,"low",319.9211703,"NW","concave.gentle"
"4951","CR10","N","psme","E",1,0,0,0,0,0,0,0,0,0,1,0,40.46,2291.218746,-1.13975491,"concave",7.469630928,3.324239502,"low",319.9211703,"NW","concave.gentle"
"4952","CR10","N","psme","E",2,0,0,0,0,0,0,0,0,0,1,0,40.46,2291.218746,-1.13975491,"concave",7.469630928,3.324239502,"low",319.9211703,"NW","concave.gentle"
"4953","CR10","N","psme","E",3,1,0,1,0,0,0,0,0,0,1,0,40.46,2291.218746,-1.13975491,"concave",7.469630928,3.324239502,"low",319.9211703,"NW","concave.gentle"
"4954","CR10","N","psme","E",4,0,0,0,0,0,0,0,0,0,1,0,40.46,2291.218746,-1.13975491,"concave",7.469630928,3.324239502,"low",319.9211703,"NW","concave.gentle"
"4955","CR10","N","psme","E",5,0,0,0,0,0,0,0,0,0,1,0,40.46,2291.218746,-1.13975491,"concave",7.469630928,3.324239502,"low",319.9211703,"NW","concave.gentle"
"4956","CR10","N","psme","E",6,0,0,0,0,0,0,0,0,0,1,0,40.46,2291.218746,-1.13975491,"concave",7.469630928,3.324239502,"low",319.9211703,"NW","concave.gentle"
"4957","CR10","N","psme","E",7,1,0,1,1,0,0,0,0,0,1,0,40.46,2291.218746,-1.13975491,"concave",7.469630928,3.324239502,"low",319.9211703,"NW","concave.gentle"
"4958","CR10","N","psme","E",8,0,0,0,0,0,0,0,0,0,1,0,40.46,2291.218746,-1.13975491,"concave",7.469630928,3.324239502,"low",319.9211703,"NW","concave.gentle"
"4959","CR10","N","psme","E",9,0,0,0,0,0,0,0,0,0,1,0,40.46,2291.218746,-1.13975491,"concave",7.469630928,3.324239502,"low",319.9211703,"NW","concave.gentle"
"4960","CR10","N","psme","E",10,0,0,0,0,0,0,0,0,0,1,0,40.46,2291.218746,-1.13975491,"concave",7.469630928,3.324239502,"low",319.9211703,"NW","concave.gentle"
"4961","CR10","S","pico","E",1,1,0,1,0,0,0,0,0,0,1,0,40.46,2291.218746,-1.13975491,"concave",7.469630928,3.324239502,"low",319.9211703,"NW","concave.gentle"
"4962","CR10","S","pico","E",2,0,0,0,0,0,0,0,0,0,1,0,40.46,2291.218746,-1.13975491,"concave",7.469630928,3.324239502,"low",319.9211703,"NW","concave.gentle"
"4963","CR10","S","pico","E",3,1,0,1,1,1,0,0,0,0,1,0,40.46,2291.218746,-1.13975491,"concave",7.469630928,3.324239502,"low",319.9211703,"NW","concave.gentle"
"4964","CR10","S","pico","E",4,1,0,1,0,0,0,0,0,0,1,0,40.46,2291.218746,-1.13975491,"concave",7.469630928,3.324239502,"low",319.9211703,"NW","concave.gentle"
"4965","CR10","S","pico","E",5,0,0,0,0,0,0,0,0,0,1,0,40.46,2291.218746,-1.13975491,"concave",7.469630928,3.324239502,"low",319.9211703,"NW","concave.gentle"
"4966","CR10","S","pico","E",6,0,0,0,0,0,0,0,0,0,1,0,40.46,2291.218746,-1.13975491,"concave",7.469630928,3.324239502,"low",319.9211703,"NW","concave.gentle"
"4967","CR10","S","pico","E",7,1,0,1,1,1,0,0,0,0,1,0,40.46,2291.218746,-1.13975491,"concave",7.469630928,3.324239502,"low",319.9211703,"NW","concave.gentle"
"4968","CR10","S","pico","E",8,0,0,0,0,0,0,0,0,0,1,0,40.46,2291.218746,-1.13975491,"concave",7.469630928,3.324239502,"low",319.9211703,"NW","concave.gentle"
"4969","CR10","S","pico","E",9,1,0,1,1,1,0,0,0,0,1,0,40.46,2291.218746,-1.13975491,"concave",7.469630928,3.324239502,"low",319.9211703,"NW","concave.gentle"
"4970","CR10","S","pico","E",10,0,0,0,0,0,0,0,0,0,1,0,40.46,2291.218746,-1.13975491,"concave",7.469630928,3.324239502,"low",319.9211703,"NW","concave.gentle"
"4971","CR10","S","psme","E",1,0,0,0,0,0,0,0,0,0,1,0,40.46,2291.218746,-1.13975491,"concave",7.469630928,3.324239502,"low",319.9211703,"NW","concave.gentle"
"4972","CR10","S","psme","E",2,0,0,0,0,0,0,0,0,0,1,0,40.46,2291.218746,-1.13975491,"concave",7.469630928,3.324239502,"low",319.9211703,"NW","concave.gentle"
"4973","CR10","S","psme","E",3,0,0,0,0,0,0,0,0,0,1,0,40.46,2291.218746,-1.13975491,"concave",7.469630928,3.324239502,"low",319.9211703,"NW","concave.gentle"
"4974","CR10","S","psme","E",4,0,0,0,0,0,0,0,0,0,1,0,40.46,2291.218746,-1.13975491,"concave",7.469630928,3.324239502,"low",319.9211703,"NW","concave.gentle"
"4975","CR10","S","psme","E",5,0,0,0,0,0,0,0,0,0,1,0,40.46,2291.218746,-1.13975491,"concave",7.469630928,3.324239502,"low",319.9211703,"NW","concave.gentle"
"4976","CR10","S","psme","E",6,0,0,0,0,0,0,0,0,0,1,0,40.46,2291.218746,-1.13975491,"concave",7.469630928,3.324239502,"low",319.9211703,"NW","concave.gentle"
"4977","CR10","S","psme","E",7,0,0,0,0,0,0,0,0,0,1,0,40.46,2291.218746,-1.13975491,"concave",7.469630928,3.324239502,"low",319.9211703,"NW","concave.gentle"
"4978","CR10","S","psme","E",8,0,0,0,0,0,0,0,0,0,1,0,40.46,2291.218746,-1.13975491,"concave",7.469630928,3.324239502,"low",319.9211703,"NW","concave.gentle"
"4979","CR10","S","psme","E",9,0,0,0,0,0,0,0,0,0,1,0,40.46,2291.218746,-1.13975491,"concave",7.469630928,3.324239502,"low",319.9211703,"NW","concave.gentle"
"4980","CR10","S","psme","E",10,0,0,0,0,0,0,0,0,0,1,0,40.46,2291.218746,-1.13975491,"concave",7.469630928,3.324239502,"low",319.9211703,"NW","concave.gentle"
"4981","CR10","W","pico","E",1,0,0,0,0,0,0,0,0,0,1,0,40.46,2291.218746,-1.13975491,"concave",7.469630928,3.324239502,"low",319.9211703,"NW","concave.gentle"
"4982","CR10","W","pico","E",2,0,0,0,0,0,0,0,0,0,1,0,40.46,2291.218746,-1.13975491,"concave",7.469630928,3.324239502,"low",319.9211703,"NW","concave.gentle"
"4983","CR10","W","pico","E",3,0,0,0,0,0,0,0,0,0,1,0,40.46,2291.218746,-1.13975491,"concave",7.469630928,3.324239502,"low",319.9211703,"NW","concave.gentle"
"4984","CR10","W","pico","E",4,0,0,0,0,0,0,0,0,0,1,0,40.46,2291.218746,-1.13975491,"concave",7.469630928,3.324239502,"low",319.9211703,"NW","concave.gentle"
"4985","CR10","W","pico","E",5,0,0,0,0,0,0,0,0,0,1,0,40.46,2291.218746,-1.13975491,"concave",7.469630928,3.324239502,"low",319.9211703,"NW","concave.gentle"
"4986","CR10","W","pico","E",6,0,0,0,0,0,0,0,0,0,1,0,40.46,2291.218746,-1.13975491,"concave",7.469630928,3.324239502,"low",319.9211703,"NW","concave.gentle"
"4987","CR10","W","pico","E",7,0,0,0,0,0,0,0,0,0,1,0,40.46,2291.218746,-1.13975491,"concave",7.469630928,3.324239502,"low",319.9211703,"NW","concave.gentle"
"4988","CR10","W","pico","E",8,0,0,0,0,0,0,0,0,0,1,0,40.46,2291.218746,-1.13975491,"concave",7.469630928,3.324239502,"low",319.9211703,"NW","concave.gentle"
"4989","CR10","W","pico","E",9,0,0,0,0,0,0,0,0,0,1,0,40.46,2291.218746,-1.13975491,"concave",7.469630928,3.324239502,"low",319.9211703,"NW","concave.gentle"
"4990","CR10","W","pico","E",10,0,0,0,0,0,0,0,0,0,1,0,40.46,2291.218746,-1.13975491,"concave",7.469630928,3.324239502,"low",319.9211703,"NW","concave.gentle"
"4991","CR10","W","psme","E",1,0,0,0,0,0,0,0,0,0,1,0,40.46,2291.218746,-1.13975491,"concave",7.469630928,3.324239502,"low",319.9211703,"NW","concave.gentle"
"4992","CR10","W","psme","E",2,0,0,0,0,0,0,0,0,0,1,0,40.46,2291.218746,-1.13975491,"concave",7.469630928,3.324239502,"low",319.9211703,"NW","concave.gentle"
"4993","CR10","W","psme","E",3,0,0,0,0,0,0,0,0,0,1,0,40.46,2291.218746,-1.13975491,"concave",7.469630928,3.324239502,"low",319.9211703,"NW","concave.gentle"
"4994","CR10","W","psme","E",4,0,0,0,0,0,0,0,0,0,1,0,40.46,2291.218746,-1.13975491,"concave",7.469630928,3.324239502,"low",319.9211703,"NW","concave.gentle"
"4995","CR10","W","psme","E",5,0,0,0,0,0,0,0,0,0,1,0,40.46,2291.218746,-1.13975491,"concave",7.469630928,3.324239502,"low",319.9211703,"NW","concave.gentle"
"4996","CR10","W","psme","E",6,0,0,0,0,0,0,0,0,0,1,0,40.46,2291.218746,-1.13975491,"concave",7.469630928,3.324239502,"low",319.9211703,"NW","concave.gentle"
"4997","CR10","W","psme","E",7,0,0,0,0,0,0,0,0,0,1,0,40.46,2291.218746,-1.13975491,"concave",7.469630928,3.324239502,"low",319.9211703,"NW","concave.gentle"
"4998","CR10","W","psme","E",8,0,0,0,0,0,0,0,0,0,1,0,40.46,2291.218746,-1.13975491,"concave",7.469630928,3.324239502,"low",319.9211703,"NW","concave.gentle"
"4999","CR10","W","psme","E",9,0,0,0,0,0,0,0,0,0,1,0,40.46,2291.218746,-1.13975491,"concave",7.469630928,3.324239502,"low",319.9211703,"NW","concave.gentle"
"5000","CR10","W","psme","E",10,0,0,0,0,0,0,0,0,0,1,0,40.46,2291.218746,-1.13975491,"concave",7.469630928,3.324239502,"low",319.9211703,"NW","concave.gentle"
"5001","CR11","C","pico","A",1,0,0,0,0,0,0,0,0,0,1,0,11.6,2296.530443,-3.232536723,"concave",8.715095104,4.441708408,"low",262.0325061,"W","concave.gentle"
"5002","CR11","C","pico","A",2,0,0,0,0,0,0,0,0,0,1,0,11.6,2296.530443,-3.232536723,"concave",8.715095104,4.441708408,"low",262.0325061,"W","concave.gentle"
"5003","CR11","C","pico","A",3,0,0,0,0,0,0,0,0,0,1,0,11.6,2296.530443,-3.232536723,"concave",8.715095104,4.441708408,"low",262.0325061,"W","concave.gentle"
"5004","CR11","C","pico","A",4,0,0,0,0,0,0,0,0,0,1,0,11.6,2296.530443,-3.232536723,"concave",8.715095104,4.441708408,"low",262.0325061,"W","concave.gentle"
"5005","CR11","C","pico","A",5,1,0,1,0,0,0,0,0,0,1,0,11.6,2296.530443,-3.232536723,"concave",8.715095104,4.441708408,"low",262.0325061,"W","concave.gentle"
"5006","CR11","C","pico","A",6,1,0,1,0,0,0,0,0,0,1,0,11.6,2296.530443,-3.232536723,"concave",8.715095104,4.441708408,"low",262.0325061,"W","concave.gentle"
"5007","CR11","C","pico","A",7,0,0,0,0,0,0,0,0,0,1,0,11.6,2296.530443,-3.232536723,"concave",8.715095104,4.441708408,"low",262.0325061,"W","concave.gentle"
"5008","CR11","C","pico","A",8,1,0,1,0,0,0,0,0,0,1,0,11.6,2296.530443,-3.232536723,"concave",8.715095104,4.441708408,"low",262.0325061,"W","concave.gentle"
"5009","CR11","C","pico","A",9,0,0,0,0,0,0,0,0,0,1,0,11.6,2296.530443,-3.232536723,"concave",8.715095104,4.441708408,"low",262.0325061,"W","concave.gentle"
"5010","CR11","C","pico","A",10,0,0,0,0,0,0,0,0,0,1,0,11.6,2296.530443,-3.232536723,"concave",8.715095104,4.441708408,"low",262.0325061,"W","concave.gentle"
"5011","CR11","C","psme","A",1,0,0,0,0,0,0,0,0,0,1,0,11.6,2296.530443,-3.232536723,"concave",8.715095104,4.441708408,"low",262.0325061,"W","concave.gentle"
"5012","CR11","C","psme","A",2,0,0,0,0,0,0,0,0,0,1,0,11.6,2296.530443,-3.232536723,"concave",8.715095104,4.441708408,"low",262.0325061,"W","concave.gentle"
"5013","CR11","C","psme","A",3,0,0,0,0,0,0,0,0,0,1,0,11.6,2296.530443,-3.232536723,"concave",8.715095104,4.441708408,"low",262.0325061,"W","concave.gentle"
"5014","CR11","C","psme","A",4,0,0,0,0,0,0,0,0,0,1,0,11.6,2296.530443,-3.232536723,"concave",8.715095104,4.441708408,"low",262.0325061,"W","concave.gentle"
"5015","CR11","C","psme","A",5,0,0,0,0,0,0,0,0,0,1,0,11.6,2296.530443,-3.232536723,"concave",8.715095104,4.441708408,"low",262.0325061,"W","concave.gentle"
"5016","CR11","C","psme","A",6,0,0,0,0,0,0,0,0,0,1,0,11.6,2296.530443,-3.232536723,"concave",8.715095104,4.441708408,"low",262.0325061,"W","concave.gentle"
"5017","CR11","C","psme","A",7,0,0,0,0,0,0,0,0,0,1,0,11.6,2296.530443,-3.232536723,"concave",8.715095104,4.441708408,"low",262.0325061,"W","concave.gentle"
"5018","CR11","C","psme","A",8,0,0,0,0,0,0,0,0,0,1,0,11.6,2296.530443,-3.232536723,"concave",8.715095104,4.441708408,"low",262.0325061,"W","concave.gentle"
"5019","CR11","C","psme","A",9,0,0,0,0,0,0,0,0,0,1,0,11.6,2296.530443,-3.232536723,"concave",8.715095104,4.441708408,"low",262.0325061,"W","concave.gentle"
"5020","CR11","C","psme","A",10,0,0,0,0,0,0,0,0,0,1,0,11.6,2296.530443,-3.232536723,"concave",8.715095104,4.441708408,"low",262.0325061,"W","concave.gentle"
"5021","CR11","E","pico","A",1,0,0,0,0,0,0,0,0,0,1,0,11.6,2296.530443,-3.232536723,"concave",8.715095104,4.441708408,"low",262.0325061,"W","concave.gentle"
"5022","CR11","E","pico","A",2,0,0,0,0,0,0,0,0,0,1,0,11.6,2296.530443,-3.232536723,"concave",8.715095104,4.441708408,"low",262.0325061,"W","concave.gentle"
"5023","CR11","E","pico","A",3,0,0,0,0,0,0,0,0,0,1,0,11.6,2296.530443,-3.232536723,"concave",8.715095104,4.441708408,"low",262.0325061,"W","concave.gentle"
"5024","CR11","E","pico","A",4,0,0,0,0,0,0,0,0,0,1,0,11.6,2296.530443,-3.232536723,"concave",8.715095104,4.441708408,"low",262.0325061,"W","concave.gentle"
"5025","CR11","E","pico","A",5,0,0,0,0,0,0,0,0,0,1,0,11.6,2296.530443,-3.232536723,"concave",8.715095104,4.441708408,"low",262.0325061,"W","concave.gentle"
"5026","CR11","E","pico","A",6,0,0,0,0,0,0,0,0,0,1,0,11.6,2296.530443,-3.232536723,"concave",8.715095104,4.441708408,"low",262.0325061,"W","concave.gentle"
"5027","CR11","E","pico","A",7,1,0,1,0,0,0,0,0,0,1,0,11.6,2296.530443,-3.232536723,"concave",8.715095104,4.441708408,"low",262.0325061,"W","concave.gentle"
"5028","CR11","E","pico","A",8,0,0,0,0,0,0,0,0,0,1,0,11.6,2296.530443,-3.232536723,"concave",8.715095104,4.441708408,"low",262.0325061,"W","concave.gentle"
"5029","CR11","E","pico","A",9,0,0,0,0,0,0,0,0,0,1,0,11.6,2296.530443,-3.232536723,"concave",8.715095104,4.441708408,"low",262.0325061,"W","concave.gentle"
"5030","CR11","E","pico","A",10,1,0,1,0,0,0,0,0,0,1,0,11.6,2296.530443,-3.232536723,"concave",8.715095104,4.441708408,"low",262.0325061,"W","concave.gentle"
"5031","CR11","E","psme","A",1,0,0,0,0,0,0,0,0,0,1,0,11.6,2296.530443,-3.232536723,"concave",8.715095104,4.441708408,"low",262.0325061,"W","concave.gentle"
"5032","CR11","E","psme","A",2,0,0,0,0,0,0,0,0,0,1,0,11.6,2296.530443,-3.232536723,"concave",8.715095104,4.441708408,"low",262.0325061,"W","concave.gentle"
"5033","CR11","E","psme","A",3,0,0,0,0,0,0,0,0,0,1,0,11.6,2296.530443,-3.232536723,"concave",8.715095104,4.441708408,"low",262.0325061,"W","concave.gentle"
"5034","CR11","E","psme","A",4,0,0,0,0,0,0,0,0,0,1,0,11.6,2296.530443,-3.232536723,"concave",8.715095104,4.441708408,"low",262.0325061,"W","concave.gentle"
"5035","CR11","E","psme","A",5,0,0,0,0,0,0,0,0,0,1,0,11.6,2296.530443,-3.232536723,"concave",8.715095104,4.441708408,"low",262.0325061,"W","concave.gentle"
"5036","CR11","E","psme","A",6,0,0,0,0,0,0,0,0,0,1,0,11.6,2296.530443,-3.232536723,"concave",8.715095104,4.441708408,"low",262.0325061,"W","concave.gentle"
"5037","CR11","E","psme","A",7,0,0,0,0,0,0,0,0,0,1,0,11.6,2296.530443,-3.232536723,"concave",8.715095104,4.441708408,"low",262.0325061,"W","concave.gentle"
"5038","CR11","E","psme","A",8,0,0,0,0,0,0,0,0,0,1,0,11.6,2296.530443,-3.232536723,"concave",8.715095104,4.441708408,"low",262.0325061,"W","concave.gentle"
"5039","CR11","E","psme","A",9,0,0,0,0,0,0,0,0,0,1,0,11.6,2296.530443,-3.232536723,"concave",8.715095104,4.441708408,"low",262.0325061,"W","concave.gentle"
"5040","CR11","E","psme","A",10,0,0,0,0,0,0,0,0,0,1,0,11.6,2296.530443,-3.232536723,"concave",8.715095104,4.441708408,"low",262.0325061,"W","concave.gentle"
"5041","CR11","N","pico","A",1,1,0,1,0,0,0,0,0,0,1,0,11.6,2296.530443,-3.232536723,"concave",8.715095104,4.441708408,"low",262.0325061,"W","concave.gentle"
"5042","CR11","N","pico","A",2,0,0,0,0,0,0,0,0,0,1,0,11.6,2296.530443,-3.232536723,"concave",8.715095104,4.441708408,"low",262.0325061,"W","concave.gentle"
"5043","CR11","N","pico","A",3,0,0,0,0,0,0,0,0,0,1,0,11.6,2296.530443,-3.232536723,"concave",8.715095104,4.441708408,"low",262.0325061,"W","concave.gentle"
"5044","CR11","N","pico","A",4,0,0,0,0,0,0,0,0,0,1,0,11.6,2296.530443,-3.232536723,"concave",8.715095104,4.441708408,"low",262.0325061,"W","concave.gentle"
"5045","CR11","N","pico","A",5,0,0,0,0,0,0,0,0,0,1,0,11.6,2296.530443,-3.232536723,"concave",8.715095104,4.441708408,"low",262.0325061,"W","concave.gentle"
"5046","CR11","N","pico","A",6,0,0,0,0,0,0,0,0,0,1,0,11.6,2296.530443,-3.232536723,"concave",8.715095104,4.441708408,"low",262.0325061,"W","concave.gentle"
"5047","CR11","N","pico","A",7,0,0,0,0,0,0,0,0,0,1,0,11.6,2296.530443,-3.232536723,"concave",8.715095104,4.441708408,"low",262.0325061,"W","concave.gentle"
"5048","CR11","N","pico","A",8,0,0,0,0,0,0,0,0,0,1,0,11.6,2296.530443,-3.232536723,"concave",8.715095104,4.441708408,"low",262.0325061,"W","concave.gentle"
"5049","CR11","N","pico","A",9,0,0,0,0,0,0,0,0,0,1,0,11.6,2296.530443,-3.232536723,"concave",8.715095104,4.441708408,"low",262.0325061,"W","concave.gentle"
"5050","CR11","N","pico","A",10,0,0,0,0,0,0,0,0,0,1,0,11.6,2296.530443,-3.232536723,"concave",8.715095104,4.441708408,"low",262.0325061,"W","concave.gentle"
"5051","CR11","N","psme","A",1,0,0,0,0,0,0,0,0,0,1,0,11.6,2296.530443,-3.232536723,"concave",8.715095104,4.441708408,"low",262.0325061,"W","concave.gentle"
"5052","CR11","N","psme","A",2,0,0,0,0,0,0,0,0,0,1,0,11.6,2296.530443,-3.232536723,"concave",8.715095104,4.441708408,"low",262.0325061,"W","concave.gentle"
"5053","CR11","N","psme","A",3,0,0,0,0,0,0,0,0,0,1,0,11.6,2296.530443,-3.232536723,"concave",8.715095104,4.441708408,"low",262.0325061,"W","concave.gentle"
"5054","CR11","N","psme","A",4,0,0,0,0,0,0,0,0,0,1,0,11.6,2296.530443,-3.232536723,"concave",8.715095104,4.441708408,"low",262.0325061,"W","concave.gentle"
"5055","CR11","N","psme","A",5,0,0,0,0,0,0,0,0,0,1,0,11.6,2296.530443,-3.232536723,"concave",8.715095104,4.441708408,"low",262.0325061,"W","concave.gentle"
"5056","CR11","N","psme","A",6,0,0,0,0,0,0,0,0,0,1,0,11.6,2296.530443,-3.232536723,"concave",8.715095104,4.441708408,"low",262.0325061,"W","concave.gentle"
"5057","CR11","N","psme","A",7,0,0,0,0,0,0,0,0,0,1,0,11.6,2296.530443,-3.232536723,"concave",8.715095104,4.441708408,"low",262.0325061,"W","concave.gentle"
"5058","CR11","N","psme","A",8,0,0,0,0,0,0,0,0,0,1,0,11.6,2296.530443,-3.232536723,"concave",8.715095104,4.441708408,"low",262.0325061,"W","concave.gentle"
"5059","CR11","N","psme","A",9,0,0,0,0,0,0,0,0,0,1,0,11.6,2296.530443,-3.232536723,"concave",8.715095104,4.441708408,"low",262.0325061,"W","concave.gentle"
"5060","CR11","N","psme","A",10,0,0,0,0,0,0,0,0,0,1,0,11.6,2296.530443,-3.232536723,"concave",8.715095104,4.441708408,"low",262.0325061,"W","concave.gentle"
"5061","CR11","S","pico","A",1,0,0,0,0,0,0,0,0,0,1,0,11.6,2296.530443,-3.232536723,"concave",8.715095104,4.441708408,"low",262.0325061,"W","concave.gentle"
"5062","CR11","S","pico","A",2,0,0,0,0,0,0,0,0,0,1,0,11.6,2296.530443,-3.232536723,"concave",8.715095104,4.441708408,"low",262.0325061,"W","concave.gentle"
"5063","CR11","S","pico","A",3,0,0,0,0,0,0,0,0,0,1,0,11.6,2296.530443,-3.232536723,"concave",8.715095104,4.441708408,"low",262.0325061,"W","concave.gentle"
"5064","CR11","S","pico","A",4,0,0,0,0,0,0,0,0,0,1,0,11.6,2296.530443,-3.232536723,"concave",8.715095104,4.441708408,"low",262.0325061,"W","concave.gentle"
"5065","CR11","S","pico","A",5,0,0,0,0,0,0,0,0,0,1,0,11.6,2296.530443,-3.232536723,"concave",8.715095104,4.441708408,"low",262.0325061,"W","concave.gentle"
"5066","CR11","S","pico","A",6,0,0,0,0,0,0,0,0,0,1,0,11.6,2296.530443,-3.232536723,"concave",8.715095104,4.441708408,"low",262.0325061,"W","concave.gentle"
"5067","CR11","S","pico","A",7,0,0,0,0,0,0,0,0,0,1,0,11.6,2296.530443,-3.232536723,"concave",8.715095104,4.441708408,"low",262.0325061,"W","concave.gentle"
"5068","CR11","S","pico","A",8,0,0,0,0,0,0,0,0,0,1,0,11.6,2296.530443,-3.232536723,"concave",8.715095104,4.441708408,"low",262.0325061,"W","concave.gentle"
"5069","CR11","S","pico","A",9,0,0,0,0,0,0,0,0,0,1,0,11.6,2296.530443,-3.232536723,"concave",8.715095104,4.441708408,"low",262.0325061,"W","concave.gentle"
"5070","CR11","S","pico","A",10,0,0,0,0,0,0,0,0,0,1,0,11.6,2296.530443,-3.232536723,"concave",8.715095104,4.441708408,"low",262.0325061,"W","concave.gentle"
"5071","CR11","S","psme","A",1,0,0,0,0,0,0,0,0,0,1,0,11.6,2296.530443,-3.232536723,"concave",8.715095104,4.441708408,"low",262.0325061,"W","concave.gentle"
"5072","CR11","S","psme","A",2,0,0,0,0,0,0,0,0,0,1,0,11.6,2296.530443,-3.232536723,"concave",8.715095104,4.441708408,"low",262.0325061,"W","concave.gentle"
"5073","CR11","S","psme","A",3,0,0,0,0,0,0,0,0,0,1,0,11.6,2296.530443,-3.232536723,"concave",8.715095104,4.441708408,"low",262.0325061,"W","concave.gentle"
"5074","CR11","S","psme","A",4,0,0,0,0,0,0,0,0,0,1,0,11.6,2296.530443,-3.232536723,"concave",8.715095104,4.441708408,"low",262.0325061,"W","concave.gentle"
"5075","CR11","S","psme","A",5,1,0,1,1,0,0,0,0,0,1,1,11.6,2296.530443,-3.232536723,"concave",8.715095104,4.441708408,"low",262.0325061,"W","concave.gentle"
"5076","CR11","S","psme","A",6,0,0,0,0,0,0,0,0,0,1,0,11.6,2296.530443,-3.232536723,"concave",8.715095104,4.441708408,"low",262.0325061,"W","concave.gentle"
"5077","CR11","S","psme","A",7,0,0,0,0,0,0,0,0,0,1,0,11.6,2296.530443,-3.232536723,"concave",8.715095104,4.441708408,"low",262.0325061,"W","concave.gentle"
"5078","CR11","S","psme","A",8,0,0,0,0,0,0,0,0,0,1,0,11.6,2296.530443,-3.232536723,"concave",8.715095104,4.441708408,"low",262.0325061,"W","concave.gentle"
"5079","CR11","S","psme","A",9,0,0,0,0,0,0,0,0,0,1,0,11.6,2296.530443,-3.232536723,"concave",8.715095104,4.441708408,"low",262.0325061,"W","concave.gentle"
"5080","CR11","S","psme","A",10,0,0,0,0,0,0,0,0,0,1,0,11.6,2296.530443,-3.232536723,"concave",8.715095104,4.441708408,"low",262.0325061,"W","concave.gentle"
"5081","CR11","W","pico","A",1,0,0,0,0,0,0,0,0,0,1,0,11.6,2296.530443,-3.232536723,"concave",8.715095104,4.441708408,"low",262.0325061,"W","concave.gentle"
"5082","CR11","W","pico","A",2,0,0,0,0,0,0,0,0,0,1,0,11.6,2296.530443,-3.232536723,"concave",8.715095104,4.441708408,"low",262.0325061,"W","concave.gentle"
"5083","CR11","W","pico","A",3,0,0,0,0,0,0,0,0,0,1,0,11.6,2296.530443,-3.232536723,"concave",8.715095104,4.441708408,"low",262.0325061,"W","concave.gentle"
"5084","CR11","W","pico","A",4,0,0,0,0,0,0,0,0,0,1,0,11.6,2296.530443,-3.232536723,"concave",8.715095104,4.441708408,"low",262.0325061,"W","concave.gentle"
"5085","CR11","W","pico","A",5,0,0,0,0,0,0,0,0,0,1,0,11.6,2296.530443,-3.232536723,"concave",8.715095104,4.441708408,"low",262.0325061,"W","concave.gentle"
"5086","CR11","W","pico","A",6,0,0,0,0,0,0,0,0,0,1,0,11.6,2296.530443,-3.232536723,"concave",8.715095104,4.441708408,"low",262.0325061,"W","concave.gentle"
"5087","CR11","W","pico","A",7,0,0,0,0,0,0,0,0,0,1,0,11.6,2296.530443,-3.232536723,"concave",8.715095104,4.441708408,"low",262.0325061,"W","concave.gentle"
"5088","CR11","W","pico","A",8,0,0,0,0,0,0,0,0,0,1,0,11.6,2296.530443,-3.232536723,"concave",8.715095104,4.441708408,"low",262.0325061,"W","concave.gentle"
"5089","CR11","W","pico","A",9,0,0,0,0,0,0,0,0,0,1,0,11.6,2296.530443,-3.232536723,"concave",8.715095104,4.441708408,"low",262.0325061,"W","concave.gentle"
"5090","CR11","W","pico","A",10,0,0,0,0,0,0,0,0,0,1,0,11.6,2296.530443,-3.232536723,"concave",8.715095104,4.441708408,"low",262.0325061,"W","concave.gentle"
"5091","CR11","W","psme","A",1,0,0,0,0,0,0,0,0,0,1,0,11.6,2296.530443,-3.232536723,"concave",8.715095104,4.441708408,"low",262.0325061,"W","concave.gentle"
"5092","CR11","W","psme","A",2,0,0,0,0,0,0,0,0,0,1,0,11.6,2296.530443,-3.232536723,"concave",8.715095104,4.441708408,"low",262.0325061,"W","concave.gentle"
"5093","CR11","W","psme","A",3,0,0,0,0,0,0,0,0,0,1,0,11.6,2296.530443,-3.232536723,"concave",8.715095104,4.441708408,"low",262.0325061,"W","concave.gentle"
"5094","CR11","W","psme","A",4,0,0,0,0,0,0,0,0,0,1,0,11.6,2296.530443,-3.232536723,"concave",8.715095104,4.441708408,"low",262.0325061,"W","concave.gentle"
"5095","CR11","W","psme","A",5,0,0,0,0,0,0,0,0,0,1,0,11.6,2296.530443,-3.232536723,"concave",8.715095104,4.441708408,"low",262.0325061,"W","concave.gentle"
"5096","CR11","W","psme","A",6,0,0,0,0,0,0,0,0,0,1,0,11.6,2296.530443,-3.232536723,"concave",8.715095104,4.441708408,"low",262.0325061,"W","concave.gentle"
"5097","CR11","W","psme","A",7,0,0,0,0,0,0,0,0,0,1,0,11.6,2296.530443,-3.232536723,"concave",8.715095104,4.441708408,"low",262.0325061,"W","concave.gentle"
"5098","CR11","W","psme","A",8,0,0,0,0,0,0,0,0,0,1,0,11.6,2296.530443,-3.232536723,"concave",8.715095104,4.441708408,"low",262.0325061,"W","concave.gentle"
"5099","CR11","W","psme","A",9,0,0,0,0,0,0,0,0,0,1,0,11.6,2296.530443,-3.232536723,"concave",8.715095104,4.441708408,"low",262.0325061,"W","concave.gentle"
"5100","CR11","W","psme","A",10,0,0,0,0,0,0,0,0,0,1,0,11.6,2296.530443,-3.232536723,"concave",8.715095104,4.441708408,"low",262.0325061,"W","concave.gentle"
"5101","CR11","C","pico","B",1,1,0,1,0,0,0,0,0,0,1,0,11.6,2296.530443,-3.232536723,"concave",8.715095104,4.441708408,"low",262.0325061,"W","concave.gentle"
"5102","CR11","C","pico","B",2,0,0,0,0,0,0,0,0,0,1,0,11.6,2296.530443,-3.232536723,"concave",8.715095104,4.441708408,"low",262.0325061,"W","concave.gentle"
"5103","CR11","C","pico","B",3,0,0,0,0,0,0,0,0,0,1,0,11.6,2296.530443,-3.232536723,"concave",8.715095104,4.441708408,"low",262.0325061,"W","concave.gentle"
"5104","CR11","C","pico","B",4,0,0,0,0,0,0,0,0,0,1,0,11.6,2296.530443,-3.232536723,"concave",8.715095104,4.441708408,"low",262.0325061,"W","concave.gentle"
"5105","CR11","C","pico","B",5,0,0,0,0,0,0,0,0,0,1,0,11.6,2296.530443,-3.232536723,"concave",8.715095104,4.441708408,"low",262.0325061,"W","concave.gentle"
"5106","CR11","C","pico","B",6,0,0,0,0,0,0,0,0,0,1,0,11.6,2296.530443,-3.232536723,"concave",8.715095104,4.441708408,"low",262.0325061,"W","concave.gentle"
"5107","CR11","C","pico","B",7,0,0,0,0,0,0,0,0,0,1,0,11.6,2296.530443,-3.232536723,"concave",8.715095104,4.441708408,"low",262.0325061,"W","concave.gentle"
"5108","CR11","C","pico","B",8,0,0,0,0,0,0,0,0,0,1,0,11.6,2296.530443,-3.232536723,"concave",8.715095104,4.441708408,"low",262.0325061,"W","concave.gentle"
"5109","CR11","C","pico","B",9,0,0,0,0,0,0,0,0,0,1,0,11.6,2296.530443,-3.232536723,"concave",8.715095104,4.441708408,"low",262.0325061,"W","concave.gentle"
"5110","CR11","C","pico","B",10,1,0,1,1,0,0,0,0,0,1,0,11.6,2296.530443,-3.232536723,"concave",8.715095104,4.441708408,"low",262.0325061,"W","concave.gentle"
"5111","CR11","C","psme","B",1,0,0,0,0,0,0,0,0,0,1,0,11.6,2296.530443,-3.232536723,"concave",8.715095104,4.441708408,"low",262.0325061,"W","concave.gentle"
"5112","CR11","C","psme","B",2,0,0,0,0,0,0,0,0,0,1,0,11.6,2296.530443,-3.232536723,"concave",8.715095104,4.441708408,"low",262.0325061,"W","concave.gentle"
"5113","CR11","C","psme","B",3,0,0,0,0,0,0,0,0,0,1,0,11.6,2296.530443,-3.232536723,"concave",8.715095104,4.441708408,"low",262.0325061,"W","concave.gentle"
"5114","CR11","C","psme","B",4,0,0,0,0,0,0,0,0,0,1,0,11.6,2296.530443,-3.232536723,"concave",8.715095104,4.441708408,"low",262.0325061,"W","concave.gentle"
"5115","CR11","C","psme","B",5,0,0,0,0,0,0,0,0,0,1,0,11.6,2296.530443,-3.232536723,"concave",8.715095104,4.441708408,"low",262.0325061,"W","concave.gentle"
"5116","CR11","C","psme","B",6,1,0,1,1,0,0,0,0,0,1,0,11.6,2296.530443,-3.232536723,"concave",8.715095104,4.441708408,"low",262.0325061,"W","concave.gentle"
"5117","CR11","C","psme","B",7,0,0,0,0,0,0,0,0,0,1,0,11.6,2296.530443,-3.232536723,"concave",8.715095104,4.441708408,"low",262.0325061,"W","concave.gentle"
"5118","CR11","C","psme","B",8,0,0,0,0,0,0,0,0,0,1,0,11.6,2296.530443,-3.232536723,"concave",8.715095104,4.441708408,"low",262.0325061,"W","concave.gentle"
"5119","CR11","C","psme","B",9,0,0,0,0,0,0,0,0,0,1,0,11.6,2296.530443,-3.232536723,"concave",8.715095104,4.441708408,"low",262.0325061,"W","concave.gentle"
"5120","CR11","C","psme","B",10,0,0,0,0,0,0,0,0,0,1,0,11.6,2296.530443,-3.232536723,"concave",8.715095104,4.441708408,"low",262.0325061,"W","concave.gentle"
"5121","CR11","E","pico","B",1,0,0,0,0,0,0,0,0,0,1,0,11.6,2296.530443,-3.232536723,"concave",8.715095104,4.441708408,"low",262.0325061,"W","concave.gentle"
"5122","CR11","E","pico","B",2,0,0,0,0,0,0,0,0,0,1,0,11.6,2296.530443,-3.232536723,"concave",8.715095104,4.441708408,"low",262.0325061,"W","concave.gentle"
"5123","CR11","E","pico","B",3,0,0,0,0,0,0,0,0,0,1,0,11.6,2296.530443,-3.232536723,"concave",8.715095104,4.441708408,"low",262.0325061,"W","concave.gentle"
"5124","CR11","E","pico","B",4,0,0,0,0,0,0,0,0,0,1,0,11.6,2296.530443,-3.232536723,"concave",8.715095104,4.441708408,"low",262.0325061,"W","concave.gentle"
"5125","CR11","E","pico","B",5,1,0,1,0,0,0,0,0,0,1,0,11.6,2296.530443,-3.232536723,"concave",8.715095104,4.441708408,"low",262.0325061,"W","concave.gentle"
"5126","CR11","E","pico","B",6,0,0,0,0,0,0,0,0,0,1,0,11.6,2296.530443,-3.232536723,"concave",8.715095104,4.441708408,"low",262.0325061,"W","concave.gentle"
"5127","CR11","E","pico","B",7,0,0,0,0,0,0,0,0,0,1,0,11.6,2296.530443,-3.232536723,"concave",8.715095104,4.441708408,"low",262.0325061,"W","concave.gentle"
"5128","CR11","E","pico","B",8,0,0,0,0,0,0,0,0,0,1,0,11.6,2296.530443,-3.232536723,"concave",8.715095104,4.441708408,"low",262.0325061,"W","concave.gentle"
"5129","CR11","E","pico","B",9,1,0,1,0,0,0,0,0,0,1,0,11.6,2296.530443,-3.232536723,"concave",8.715095104,4.441708408,"low",262.0325061,"W","concave.gentle"
"5130","CR11","E","pico","B",10,0,0,0,0,0,0,0,0,0,1,0,11.6,2296.530443,-3.232536723,"concave",8.715095104,4.441708408,"low",262.0325061,"W","concave.gentle"
"5131","CR11","E","psme","B",1,0,0,0,0,0,0,0,0,0,1,0,11.6,2296.530443,-3.232536723,"concave",8.715095104,4.441708408,"low",262.0325061,"W","concave.gentle"
"5132","CR11","E","psme","B",2,1,0,1,1,0,0,0,0,0,1,1,11.6,2296.530443,-3.232536723,"concave",8.715095104,4.441708408,"low",262.0325061,"W","concave.gentle"
"5133","CR11","E","psme","B",3,1,0,1,1,0,0,0,0,0,1,1,11.6,2296.530443,-3.232536723,"concave",8.715095104,4.441708408,"low",262.0325061,"W","concave.gentle"
"5134","CR11","E","psme","B",4,0,0,0,0,0,0,0,0,0,1,0,11.6,2296.530443,-3.232536723,"concave",8.715095104,4.441708408,"low",262.0325061,"W","concave.gentle"
"5135","CR11","E","psme","B",5,0,0,0,0,0,0,0,0,0,1,0,11.6,2296.530443,-3.232536723,"concave",8.715095104,4.441708408,"low",262.0325061,"W","concave.gentle"
"5136","CR11","E","psme","B",6,0,0,0,0,0,0,0,0,0,1,0,11.6,2296.530443,-3.232536723,"concave",8.715095104,4.441708408,"low",262.0325061,"W","concave.gentle"
"5137","CR11","E","psme","B",7,0,0,0,0,0,0,0,0,0,1,0,11.6,2296.530443,-3.232536723,"concave",8.715095104,4.441708408,"low",262.0325061,"W","concave.gentle"
"5138","CR11","E","psme","B",8,0,0,0,0,0,0,0,0,0,1,0,11.6,2296.530443,-3.232536723,"concave",8.715095104,4.441708408,"low",262.0325061,"W","concave.gentle"
"5139","CR11","E","psme","B",9,0,0,0,0,0,0,0,0,0,1,0,11.6,2296.530443,-3.232536723,"concave",8.715095104,4.441708408,"low",262.0325061,"W","concave.gentle"
"5140","CR11","E","psme","B",10,0,0,0,0,0,0,0,0,0,1,0,11.6,2296.530443,-3.232536723,"concave",8.715095104,4.441708408,"low",262.0325061,"W","concave.gentle"
"5141","CR11","N","pico","B",1,0,0,0,0,0,0,0,0,0,1,0,11.6,2296.530443,-3.232536723,"concave",8.715095104,4.441708408,"low",262.0325061,"W","concave.gentle"
"5142","CR11","N","pico","B",2,0,0,0,0,0,0,0,0,0,1,0,11.6,2296.530443,-3.232536723,"concave",8.715095104,4.441708408,"low",262.0325061,"W","concave.gentle"
"5143","CR11","N","pico","B",3,0,0,0,0,0,0,0,0,0,1,0,11.6,2296.530443,-3.232536723,"concave",8.715095104,4.441708408,"low",262.0325061,"W","concave.gentle"
"5144","CR11","N","pico","B",4,0,0,0,0,0,0,0,0,0,1,0,11.6,2296.530443,-3.232536723,"concave",8.715095104,4.441708408,"low",262.0325061,"W","concave.gentle"
"5145","CR11","N","pico","B",5,0,0,0,0,0,0,0,0,0,1,0,11.6,2296.530443,-3.232536723,"concave",8.715095104,4.441708408,"low",262.0325061,"W","concave.gentle"
"5146","CR11","N","pico","B",6,0,0,0,0,0,0,0,0,0,1,0,11.6,2296.530443,-3.232536723,"concave",8.715095104,4.441708408,"low",262.0325061,"W","concave.gentle"
"5147","CR11","N","pico","B",7,0,0,0,0,0,0,0,0,0,1,0,11.6,2296.530443,-3.232536723,"concave",8.715095104,4.441708408,"low",262.0325061,"W","concave.gentle"
"5148","CR11","N","pico","B",8,1,0,1,1,0,0,0,0,0,1,0,11.6,2296.530443,-3.232536723,"concave",8.715095104,4.441708408,"low",262.0325061,"W","concave.gentle"
"5149","CR11","N","pico","B",9,1,0,1,0,0,0,0,0,0,1,1,11.6,2296.530443,-3.232536723,"concave",8.715095104,4.441708408,"low",262.0325061,"W","concave.gentle"
"5150","CR11","N","pico","B",10,0,0,0,0,0,0,0,0,0,1,0,11.6,2296.530443,-3.232536723,"concave",8.715095104,4.441708408,"low",262.0325061,"W","concave.gentle"
"5151","CR11","N","psme","B",1,0,0,0,0,0,0,0,0,0,1,0,11.6,2296.530443,-3.232536723,"concave",8.715095104,4.441708408,"low",262.0325061,"W","concave.gentle"
"5152","CR11","N","psme","B",2,0,0,0,0,0,0,0,0,0,1,0,11.6,2296.530443,-3.232536723,"concave",8.715095104,4.441708408,"low",262.0325061,"W","concave.gentle"
"5153","CR11","N","psme","B",3,0,0,0,0,0,0,0,0,0,1,0,11.6,2296.530443,-3.232536723,"concave",8.715095104,4.441708408,"low",262.0325061,"W","concave.gentle"
"5154","CR11","N","psme","B",4,0,0,0,0,0,0,0,0,0,1,0,11.6,2296.530443,-3.232536723,"concave",8.715095104,4.441708408,"low",262.0325061,"W","concave.gentle"
"5155","CR11","N","psme","B",5,0,0,0,0,0,0,0,0,0,1,0,11.6,2296.530443,-3.232536723,"concave",8.715095104,4.441708408,"low",262.0325061,"W","concave.gentle"
"5156","CR11","N","psme","B",6,0,0,0,0,0,0,0,0,0,1,0,11.6,2296.530443,-3.232536723,"concave",8.715095104,4.441708408,"low",262.0325061,"W","concave.gentle"
"5157","CR11","N","psme","B",7,0,0,0,0,0,0,0,0,0,1,0,11.6,2296.530443,-3.232536723,"concave",8.715095104,4.441708408,"low",262.0325061,"W","concave.gentle"
"5158","CR11","N","psme","B",8,0,0,0,0,0,0,0,0,0,1,0,11.6,2296.530443,-3.232536723,"concave",8.715095104,4.441708408,"low",262.0325061,"W","concave.gentle"
"5159","CR11","N","psme","B",9,0,0,0,0,0,0,0,0,0,1,0,11.6,2296.530443,-3.232536723,"concave",8.715095104,4.441708408,"low",262.0325061,"W","concave.gentle"
"5160","CR11","N","psme","B",10,0,0,0,0,0,0,0,0,0,1,0,11.6,2296.530443,-3.232536723,"concave",8.715095104,4.441708408,"low",262.0325061,"W","concave.gentle"
"5161","CR11","S","pico","B",1,0,0,0,0,0,0,0,0,0,1,0,11.6,2296.530443,-3.232536723,"concave",8.715095104,4.441708408,"low",262.0325061,"W","concave.gentle"
"5162","CR11","S","pico","B",2,0,0,0,0,0,0,0,0,0,1,0,11.6,2296.530443,-3.232536723,"concave",8.715095104,4.441708408,"low",262.0325061,"W","concave.gentle"
"5163","CR11","S","pico","B",3,0,0,0,0,0,0,0,0,0,1,0,11.6,2296.530443,-3.232536723,"concave",8.715095104,4.441708408,"low",262.0325061,"W","concave.gentle"
"5164","CR11","S","pico","B",4,0,0,0,0,0,0,0,0,0,1,0,11.6,2296.530443,-3.232536723,"concave",8.715095104,4.441708408,"low",262.0325061,"W","concave.gentle"
"5165","CR11","S","pico","B",5,0,0,0,0,0,0,0,0,0,1,0,11.6,2296.530443,-3.232536723,"concave",8.715095104,4.441708408,"low",262.0325061,"W","concave.gentle"
"5166","CR11","S","pico","B",6,0,0,0,0,0,0,0,0,0,1,0,11.6,2296.530443,-3.232536723,"concave",8.715095104,4.441708408,"low",262.0325061,"W","concave.gentle"
"5167","CR11","S","pico","B",7,0,0,0,0,0,0,0,0,0,1,0,11.6,2296.530443,-3.232536723,"concave",8.715095104,4.441708408,"low",262.0325061,"W","concave.gentle"
"5168","CR11","S","pico","B",8,0,0,0,0,0,0,0,0,0,1,0,11.6,2296.530443,-3.232536723,"concave",8.715095104,4.441708408,"low",262.0325061,"W","concave.gentle"
"5169","CR11","S","pico","B",9,0,0,0,0,0,0,0,0,0,1,0,11.6,2296.530443,-3.232536723,"concave",8.715095104,4.441708408,"low",262.0325061,"W","concave.gentle"
"5170","CR11","S","pico","B",10,0,0,0,0,0,0,0,0,0,1,0,11.6,2296.530443,-3.232536723,"concave",8.715095104,4.441708408,"low",262.0325061,"W","concave.gentle"
"5171","CR11","S","psme","B",1,0,0,0,0,0,0,0,0,0,1,0,11.6,2296.530443,-3.232536723,"concave",8.715095104,4.441708408,"low",262.0325061,"W","concave.gentle"
"5172","CR11","S","psme","B",2,0,0,0,0,0,0,0,0,0,1,0,11.6,2296.530443,-3.232536723,"concave",8.715095104,4.441708408,"low",262.0325061,"W","concave.gentle"
"5173","CR11","S","psme","B",3,0,0,0,0,0,0,0,0,0,1,0,11.6,2296.530443,-3.232536723,"concave",8.715095104,4.441708408,"low",262.0325061,"W","concave.gentle"
"5174","CR11","S","psme","B",4,0,0,0,0,0,0,0,0,0,1,0,11.6,2296.530443,-3.232536723,"concave",8.715095104,4.441708408,"low",262.0325061,"W","concave.gentle"
"5175","CR11","S","psme","B",5,0,0,0,0,0,0,0,0,0,1,0,11.6,2296.530443,-3.232536723,"concave",8.715095104,4.441708408,"low",262.0325061,"W","concave.gentle"
"5176","CR11","S","psme","B",6,0,0,0,0,0,0,0,0,0,1,0,11.6,2296.530443,-3.232536723,"concave",8.715095104,4.441708408,"low",262.0325061,"W","concave.gentle"
"5177","CR11","S","psme","B",7,0,0,0,0,0,0,0,0,0,1,0,11.6,2296.530443,-3.232536723,"concave",8.715095104,4.441708408,"low",262.0325061,"W","concave.gentle"
"5178","CR11","S","psme","B",8,0,0,0,0,0,0,0,0,0,1,0,11.6,2296.530443,-3.232536723,"concave",8.715095104,4.441708408,"low",262.0325061,"W","concave.gentle"
"5179","CR11","S","psme","B",9,0,0,0,0,0,0,0,0,0,1,0,11.6,2296.530443,-3.232536723,"concave",8.715095104,4.441708408,"low",262.0325061,"W","concave.gentle"
"5180","CR11","S","psme","B",10,0,0,0,0,0,0,0,0,0,1,0,11.6,2296.530443,-3.232536723,"concave",8.715095104,4.441708408,"low",262.0325061,"W","concave.gentle"
"5181","CR11","W","pico","B",1,0,0,0,0,0,0,0,0,0,1,0,11.6,2296.530443,-3.232536723,"concave",8.715095104,4.441708408,"low",262.0325061,"W","concave.gentle"
"5182","CR11","W","pico","B",2,0,0,0,0,0,0,0,0,0,1,0,11.6,2296.530443,-3.232536723,"concave",8.715095104,4.441708408,"low",262.0325061,"W","concave.gentle"
"5183","CR11","W","pico","B",3,1,0,1,0,0,0,0,0,0,1,0,11.6,2296.530443,-3.232536723,"concave",8.715095104,4.441708408,"low",262.0325061,"W","concave.gentle"
"5184","CR11","W","pico","B",4,1,0,1,0,0,0,0,0,0,1,0,11.6,2296.530443,-3.232536723,"concave",8.715095104,4.441708408,"low",262.0325061,"W","concave.gentle"
"5185","CR11","W","pico","B",5,0,0,0,0,0,0,0,0,0,1,0,11.6,2296.530443,-3.232536723,"concave",8.715095104,4.441708408,"low",262.0325061,"W","concave.gentle"
"5186","CR11","W","pico","B",6,1,0,1,1,0,0,0,0,0,1,0,11.6,2296.530443,-3.232536723,"concave",8.715095104,4.441708408,"low",262.0325061,"W","concave.gentle"
"5187","CR11","W","pico","B",7,0,0,0,0,0,0,0,0,0,1,0,11.6,2296.530443,-3.232536723,"concave",8.715095104,4.441708408,"low",262.0325061,"W","concave.gentle"
"5188","CR11","W","pico","B",8,0,0,0,0,0,0,0,0,0,1,0,11.6,2296.530443,-3.232536723,"concave",8.715095104,4.441708408,"low",262.0325061,"W","concave.gentle"
"5189","CR11","W","pico","B",9,0,0,0,0,0,0,0,0,0,1,0,11.6,2296.530443,-3.232536723,"concave",8.715095104,4.441708408,"low",262.0325061,"W","concave.gentle"
"5190","CR11","W","pico","B",10,0,0,0,0,0,0,0,0,0,1,0,11.6,2296.530443,-3.232536723,"concave",8.715095104,4.441708408,"low",262.0325061,"W","concave.gentle"
"5191","CR11","W","psme","B",1,0,0,0,0,0,0,0,0,0,1,0,11.6,2296.530443,-3.232536723,"concave",8.715095104,4.441708408,"low",262.0325061,"W","concave.gentle"
"5192","CR11","W","psme","B",2,0,0,0,0,0,0,0,0,0,1,0,11.6,2296.530443,-3.232536723,"concave",8.715095104,4.441708408,"low",262.0325061,"W","concave.gentle"
"5193","CR11","W","psme","B",3,0,0,0,0,0,0,0,0,0,1,0,11.6,2296.530443,-3.232536723,"concave",8.715095104,4.441708408,"low",262.0325061,"W","concave.gentle"
"5194","CR11","W","psme","B",4,1,0,1,0,0,0,0,0,0,1,0,11.6,2296.530443,-3.232536723,"concave",8.715095104,4.441708408,"low",262.0325061,"W","concave.gentle"
"5195","CR11","W","psme","B",5,0,0,0,0,0,0,0,0,0,1,0,11.6,2296.530443,-3.232536723,"concave",8.715095104,4.441708408,"low",262.0325061,"W","concave.gentle"
"5196","CR11","W","psme","B",6,0,0,0,0,0,0,0,0,0,1,0,11.6,2296.530443,-3.232536723,"concave",8.715095104,4.441708408,"low",262.0325061,"W","concave.gentle"
"5197","CR11","W","psme","B",7,0,0,0,0,0,0,0,0,0,1,0,11.6,2296.530443,-3.232536723,"concave",8.715095104,4.441708408,"low",262.0325061,"W","concave.gentle"
"5198","CR11","W","psme","B",8,0,0,0,0,0,0,0,0,0,1,0,11.6,2296.530443,-3.232536723,"concave",8.715095104,4.441708408,"low",262.0325061,"W","concave.gentle"
"5199","CR11","W","psme","B",9,0,0,0,0,0,0,0,0,0,1,0,11.6,2296.530443,-3.232536723,"concave",8.715095104,4.441708408,"low",262.0325061,"W","concave.gentle"
"5200","CR11","W","psme","B",10,0,0,0,0,0,0,0,0,0,1,0,11.6,2296.530443,-3.232536723,"concave",8.715095104,4.441708408,"low",262.0325061,"W","concave.gentle"
"5201","CR11","C","pico","C",1,0,0,0,0,0,0,0,0,0,1,0,11.6,2296.530443,-3.232536723,"concave",8.715095104,4.441708408,"low",262.0325061,"W","concave.gentle"
"5202","CR11","C","pico","C",2,1,0,1,0,0,0,0,0,0,1,0,11.6,2296.530443,-3.232536723,"concave",8.715095104,4.441708408,"low",262.0325061,"W","concave.gentle"
"5203","CR11","C","pico","C",3,0,0,0,0,0,0,0,0,0,1,0,11.6,2296.530443,-3.232536723,"concave",8.715095104,4.441708408,"low",262.0325061,"W","concave.gentle"
"5204","CR11","C","pico","C",4,0,0,0,0,0,0,0,0,0,1,0,11.6,2296.530443,-3.232536723,"concave",8.715095104,4.441708408,"low",262.0325061,"W","concave.gentle"
"5205","CR11","C","pico","C",5,0,0,0,0,0,0,0,0,0,1,0,11.6,2296.530443,-3.232536723,"concave",8.715095104,4.441708408,"low",262.0325061,"W","concave.gentle"
"5206","CR11","C","pico","C",6,0,0,0,0,0,0,0,0,0,1,0,11.6,2296.530443,-3.232536723,"concave",8.715095104,4.441708408,"low",262.0325061,"W","concave.gentle"
"5207","CR11","C","pico","C",7,0,0,0,0,0,0,0,0,0,1,0,11.6,2296.530443,-3.232536723,"concave",8.715095104,4.441708408,"low",262.0325061,"W","concave.gentle"
"5208","CR11","C","pico","C",8,1,0,1,0,0,0,0,0,0,1,0,11.6,2296.530443,-3.232536723,"concave",8.715095104,4.441708408,"low",262.0325061,"W","concave.gentle"
"5209","CR11","C","pico","C",9,0,1,1,0,0,0,0,0,0,1,1,11.6,2296.530443,-3.232536723,"concave",8.715095104,4.441708408,"low",262.0325061,"W","concave.gentle"
"5210","CR11","C","pico","C",10,0,0,0,0,0,0,0,0,0,1,0,11.6,2296.530443,-3.232536723,"concave",8.715095104,4.441708408,"low",262.0325061,"W","concave.gentle"
"5211","CR11","C","psme","C",1,0,0,0,0,0,0,0,0,0,1,0,11.6,2296.530443,-3.232536723,"concave",8.715095104,4.441708408,"low",262.0325061,"W","concave.gentle"
"5212","CR11","C","psme","C",2,0,0,0,0,0,0,0,0,0,1,0,11.6,2296.530443,-3.232536723,"concave",8.715095104,4.441708408,"low",262.0325061,"W","concave.gentle"
"5213","CR11","C","psme","C",3,0,0,0,0,0,0,0,0,0,1,0,11.6,2296.530443,-3.232536723,"concave",8.715095104,4.441708408,"low",262.0325061,"W","concave.gentle"
"5214","CR11","C","psme","C",4,0,0,0,0,0,0,0,0,0,1,0,11.6,2296.530443,-3.232536723,"concave",8.715095104,4.441708408,"low",262.0325061,"W","concave.gentle"
"5215","CR11","C","psme","C",5,0,0,0,0,0,0,0,0,0,1,0,11.6,2296.530443,-3.232536723,"concave",8.715095104,4.441708408,"low",262.0325061,"W","concave.gentle"
"5216","CR11","C","psme","C",6,0,0,0,0,0,0,0,0,0,1,0,11.6,2296.530443,-3.232536723,"concave",8.715095104,4.441708408,"low",262.0325061,"W","concave.gentle"
"5217","CR11","C","psme","C",7,0,0,0,0,0,0,0,0,0,1,0,11.6,2296.530443,-3.232536723,"concave",8.715095104,4.441708408,"low",262.0325061,"W","concave.gentle"
"5218","CR11","C","psme","C",8,0,0,0,0,0,0,0,0,0,1,0,11.6,2296.530443,-3.232536723,"concave",8.715095104,4.441708408,"low",262.0325061,"W","concave.gentle"
"5219","CR11","C","psme","C",9,0,0,0,0,0,0,0,0,0,1,0,11.6,2296.530443,-3.232536723,"concave",8.715095104,4.441708408,"low",262.0325061,"W","concave.gentle"
"5220","CR11","C","psme","C",10,0,0,0,0,0,0,0,0,0,1,0,11.6,2296.530443,-3.232536723,"concave",8.715095104,4.441708408,"low",262.0325061,"W","concave.gentle"
"5221","CR11","E","pico","C",1,0,0,0,0,0,0,0,0,0,1,0,11.6,2296.530443,-3.232536723,"concave",8.715095104,4.441708408,"low",262.0325061,"W","concave.gentle"
"5222","CR11","E","pico","C",2,0,0,0,0,0,0,0,0,0,1,0,11.6,2296.530443,-3.232536723,"concave",8.715095104,4.441708408,"low",262.0325061,"W","concave.gentle"
"5223","CR11","E","pico","C",3,0,0,0,0,0,0,0,0,0,1,0,11.6,2296.530443,-3.232536723,"concave",8.715095104,4.441708408,"low",262.0325061,"W","concave.gentle"
"5224","CR11","E","pico","C",4,0,0,0,0,0,0,0,0,0,1,0,11.6,2296.530443,-3.232536723,"concave",8.715095104,4.441708408,"low",262.0325061,"W","concave.gentle"
"5225","CR11","E","pico","C",5,0,0,0,0,0,0,0,0,0,1,0,11.6,2296.530443,-3.232536723,"concave",8.715095104,4.441708408,"low",262.0325061,"W","concave.gentle"
"5226","CR11","E","pico","C",6,1,0,1,0,0,0,0,0,0,1,0,11.6,2296.530443,-3.232536723,"concave",8.715095104,4.441708408,"low",262.0325061,"W","concave.gentle"
"5227","CR11","E","pico","C",7,0,0,0,0,0,0,0,0,0,1,0,11.6,2296.530443,-3.232536723,"concave",8.715095104,4.441708408,"low",262.0325061,"W","concave.gentle"
"5228","CR11","E","pico","C",8,0,0,0,0,0,0,0,0,0,1,0,11.6,2296.530443,-3.232536723,"concave",8.715095104,4.441708408,"low",262.0325061,"W","concave.gentle"
"5229","CR11","E","pico","C",9,1,0,1,0,0,0,0,0,0,1,0,11.6,2296.530443,-3.232536723,"concave",8.715095104,4.441708408,"low",262.0325061,"W","concave.gentle"
"5230","CR11","E","pico","C",10,1,0,1,0,0,0,0,0,0,1,0,11.6,2296.530443,-3.232536723,"concave",8.715095104,4.441708408,"low",262.0325061,"W","concave.gentle"
"5231","CR11","E","psme","C",1,0,0,0,0,0,0,0,0,0,1,0,11.6,2296.530443,-3.232536723,"concave",8.715095104,4.441708408,"low",262.0325061,"W","concave.gentle"
"5232","CR11","E","psme","C",2,1,0,1,1,0,0,0,0,0,1,0,11.6,2296.530443,-3.232536723,"concave",8.715095104,4.441708408,"low",262.0325061,"W","concave.gentle"
"5233","CR11","E","psme","C",3,1,0,1,1,0,0,0,0,0,1,1,11.6,2296.530443,-3.232536723,"concave",8.715095104,4.441708408,"low",262.0325061,"W","concave.gentle"
"5234","CR11","E","psme","C",4,1,0,1,0,0,0,0,0,0,1,0,11.6,2296.530443,-3.232536723,"concave",8.715095104,4.441708408,"low",262.0325061,"W","concave.gentle"
"5235","CR11","E","psme","C",5,1,0,1,1,0,0,0,0,0,1,0,11.6,2296.530443,-3.232536723,"concave",8.715095104,4.441708408,"low",262.0325061,"W","concave.gentle"
"5236","CR11","E","psme","C",6,0,0,0,0,0,0,0,0,0,1,0,11.6,2296.530443,-3.232536723,"concave",8.715095104,4.441708408,"low",262.0325061,"W","concave.gentle"
"5237","CR11","E","psme","C",7,0,0,0,0,0,0,0,0,0,1,0,11.6,2296.530443,-3.232536723,"concave",8.715095104,4.441708408,"low",262.0325061,"W","concave.gentle"
"5238","CR11","E","psme","C",8,0,0,0,0,0,0,0,0,0,1,0,11.6,2296.530443,-3.232536723,"concave",8.715095104,4.441708408,"low",262.0325061,"W","concave.gentle"
"5239","CR11","E","psme","C",9,0,0,0,0,0,0,0,0,0,1,0,11.6,2296.530443,-3.232536723,"concave",8.715095104,4.441708408,"low",262.0325061,"W","concave.gentle"
"5240","CR11","E","psme","C",10,0,0,0,0,0,0,0,0,0,1,0,11.6,2296.530443,-3.232536723,"concave",8.715095104,4.441708408,"low",262.0325061,"W","concave.gentle"
"5241","CR11","N","pico","C",1,0,0,0,0,0,0,0,0,0,1,0,11.6,2296.530443,-3.232536723,"concave",8.715095104,4.441708408,"low",262.0325061,"W","concave.gentle"
"5242","CR11","N","pico","C",2,0,0,0,0,0,0,0,0,0,1,0,11.6,2296.530443,-3.232536723,"concave",8.715095104,4.441708408,"low",262.0325061,"W","concave.gentle"
"5243","CR11","N","pico","C",3,0,0,0,0,0,0,0,0,0,1,0,11.6,2296.530443,-3.232536723,"concave",8.715095104,4.441708408,"low",262.0325061,"W","concave.gentle"
"5244","CR11","N","pico","C",4,0,0,0,0,0,0,0,0,0,1,0,11.6,2296.530443,-3.232536723,"concave",8.715095104,4.441708408,"low",262.0325061,"W","concave.gentle"
"5245","CR11","N","pico","C",5,0,0,0,0,0,0,0,0,0,1,0,11.6,2296.530443,-3.232536723,"concave",8.715095104,4.441708408,"low",262.0325061,"W","concave.gentle"
"5246","CR11","N","pico","C",6,1,0,1,0,0,0,0,0,0,1,0,11.6,2296.530443,-3.232536723,"concave",8.715095104,4.441708408,"low",262.0325061,"W","concave.gentle"
"5247","CR11","N","pico","C",7,0,0,0,0,0,0,0,0,0,1,0,11.6,2296.530443,-3.232536723,"concave",8.715095104,4.441708408,"low",262.0325061,"W","concave.gentle"
"5248","CR11","N","pico","C",8,0,0,0,0,0,0,0,0,0,1,0,11.6,2296.530443,-3.232536723,"concave",8.715095104,4.441708408,"low",262.0325061,"W","concave.gentle"
"5249","CR11","N","pico","C",9,0,0,0,0,0,0,0,0,0,1,0,11.6,2296.530443,-3.232536723,"concave",8.715095104,4.441708408,"low",262.0325061,"W","concave.gentle"
"5250","CR11","N","pico","C",10,1,0,1,0,0,0,0,0,0,1,0,11.6,2296.530443,-3.232536723,"concave",8.715095104,4.441708408,"low",262.0325061,"W","concave.gentle"
"5251","CR11","N","psme","C",1,0,0,0,0,0,0,0,0,0,1,0,11.6,2296.530443,-3.232536723,"concave",8.715095104,4.441708408,"low",262.0325061,"W","concave.gentle"
"5252","CR11","N","psme","C",2,0,0,0,0,0,0,0,0,0,1,0,11.6,2296.530443,-3.232536723,"concave",8.715095104,4.441708408,"low",262.0325061,"W","concave.gentle"
"5253","CR11","N","psme","C",3,0,0,0,0,0,0,0,0,0,1,0,11.6,2296.530443,-3.232536723,"concave",8.715095104,4.441708408,"low",262.0325061,"W","concave.gentle"
"5254","CR11","N","psme","C",4,0,0,0,0,0,0,0,0,0,1,0,11.6,2296.530443,-3.232536723,"concave",8.715095104,4.441708408,"low",262.0325061,"W","concave.gentle"
"5255","CR11","N","psme","C",5,0,0,0,0,0,0,0,0,0,1,0,11.6,2296.530443,-3.232536723,"concave",8.715095104,4.441708408,"low",262.0325061,"W","concave.gentle"
"5256","CR11","N","psme","C",6,0,0,0,0,0,0,0,0,0,1,0,11.6,2296.530443,-3.232536723,"concave",8.715095104,4.441708408,"low",262.0325061,"W","concave.gentle"
"5257","CR11","N","psme","C",7,0,0,0,0,0,0,0,0,0,1,0,11.6,2296.530443,-3.232536723,"concave",8.715095104,4.441708408,"low",262.0325061,"W","concave.gentle"
"5258","CR11","N","psme","C",8,0,0,0,0,0,0,0,0,0,1,0,11.6,2296.530443,-3.232536723,"concave",8.715095104,4.441708408,"low",262.0325061,"W","concave.gentle"
"5259","CR11","N","psme","C",9,0,0,0,0,0,0,0,0,0,1,0,11.6,2296.530443,-3.232536723,"concave",8.715095104,4.441708408,"low",262.0325061,"W","concave.gentle"
"5260","CR11","N","psme","C",10,0,0,0,0,0,0,0,0,0,1,0,11.6,2296.530443,-3.232536723,"concave",8.715095104,4.441708408,"low",262.0325061,"W","concave.gentle"
"5261","CR11","S","pico","C",1,0,0,0,0,0,0,0,0,0,1,0,11.6,2296.530443,-3.232536723,"concave",8.715095104,4.441708408,"low",262.0325061,"W","concave.gentle"
"5262","CR11","S","pico","C",2,0,0,0,0,0,0,0,0,0,1,0,11.6,2296.530443,-3.232536723,"concave",8.715095104,4.441708408,"low",262.0325061,"W","concave.gentle"
"5263","CR11","S","pico","C",3,0,0,0,0,0,0,0,0,0,1,0,11.6,2296.530443,-3.232536723,"concave",8.715095104,4.441708408,"low",262.0325061,"W","concave.gentle"
"5264","CR11","S","pico","C",4,0,0,0,0,0,0,0,0,0,1,0,11.6,2296.530443,-3.232536723,"concave",8.715095104,4.441708408,"low",262.0325061,"W","concave.gentle"
"5265","CR11","S","pico","C",5,0,0,0,0,0,0,0,0,0,1,0,11.6,2296.530443,-3.232536723,"concave",8.715095104,4.441708408,"low",262.0325061,"W","concave.gentle"
"5266","CR11","S","pico","C",6,0,0,0,0,0,0,0,0,0,1,0,11.6,2296.530443,-3.232536723,"concave",8.715095104,4.441708408,"low",262.0325061,"W","concave.gentle"
"5267","CR11","S","pico","C",7,0,0,0,0,0,0,0,0,0,1,0,11.6,2296.530443,-3.232536723,"concave",8.715095104,4.441708408,"low",262.0325061,"W","concave.gentle"
"5268","CR11","S","pico","C",8,0,0,0,0,0,0,0,0,0,1,0,11.6,2296.530443,-3.232536723,"concave",8.715095104,4.441708408,"low",262.0325061,"W","concave.gentle"
"5269","CR11","S","pico","C",9,0,0,0,0,0,0,0,0,0,1,0,11.6,2296.530443,-3.232536723,"concave",8.715095104,4.441708408,"low",262.0325061,"W","concave.gentle"
"5270","CR11","S","pico","C",10,0,0,0,0,0,0,0,0,0,1,0,11.6,2296.530443,-3.232536723,"concave",8.715095104,4.441708408,"low",262.0325061,"W","concave.gentle"
"5271","CR11","S","psme","C",1,0,0,0,0,0,0,0,0,0,1,0,11.6,2296.530443,-3.232536723,"concave",8.715095104,4.441708408,"low",262.0325061,"W","concave.gentle"
"5272","CR11","S","psme","C",2,0,0,0,0,0,0,0,0,0,1,0,11.6,2296.530443,-3.232536723,"concave",8.715095104,4.441708408,"low",262.0325061,"W","concave.gentle"
"5273","CR11","S","psme","C",3,0,0,0,0,0,0,0,0,0,1,0,11.6,2296.530443,-3.232536723,"concave",8.715095104,4.441708408,"low",262.0325061,"W","concave.gentle"
"5274","CR11","S","psme","C",4,0,0,0,0,0,0,0,0,0,1,0,11.6,2296.530443,-3.232536723,"concave",8.715095104,4.441708408,"low",262.0325061,"W","concave.gentle"
"5275","CR11","S","psme","C",5,0,0,0,0,0,0,0,0,0,1,0,11.6,2296.530443,-3.232536723,"concave",8.715095104,4.441708408,"low",262.0325061,"W","concave.gentle"
"5276","CR11","S","psme","C",6,0,0,0,0,0,0,0,0,0,1,0,11.6,2296.530443,-3.232536723,"concave",8.715095104,4.441708408,"low",262.0325061,"W","concave.gentle"
"5277","CR11","S","psme","C",7,0,0,0,0,0,0,0,0,0,1,0,11.6,2296.530443,-3.232536723,"concave",8.715095104,4.441708408,"low",262.0325061,"W","concave.gentle"
"5278","CR11","S","psme","C",8,0,0,0,0,0,0,0,0,0,1,0,11.6,2296.530443,-3.232536723,"concave",8.715095104,4.441708408,"low",262.0325061,"W","concave.gentle"
"5279","CR11","S","psme","C",9,0,0,0,0,0,0,0,0,0,1,0,11.6,2296.530443,-3.232536723,"concave",8.715095104,4.441708408,"low",262.0325061,"W","concave.gentle"
"5280","CR11","S","psme","C",10,0,0,0,0,0,0,0,0,0,1,0,11.6,2296.530443,-3.232536723,"concave",8.715095104,4.441708408,"low",262.0325061,"W","concave.gentle"
"5281","CR11","W","pico","C",1,0,0,0,0,0,0,0,0,0,1,0,11.6,2296.530443,-3.232536723,"concave",8.715095104,4.441708408,"low",262.0325061,"W","concave.gentle"
"5282","CR11","W","pico","C",2,0,0,0,0,0,0,0,0,0,1,0,11.6,2296.530443,-3.232536723,"concave",8.715095104,4.441708408,"low",262.0325061,"W","concave.gentle"
"5283","CR11","W","pico","C",3,0,0,0,0,0,0,0,0,0,1,0,11.6,2296.530443,-3.232536723,"concave",8.715095104,4.441708408,"low",262.0325061,"W","concave.gentle"
"5284","CR11","W","pico","C",4,1,0,1,1,0,0,0,0,0,1,1,11.6,2296.530443,-3.232536723,"concave",8.715095104,4.441708408,"low",262.0325061,"W","concave.gentle"
"5285","CR11","W","pico","C",5,0,0,0,0,0,0,0,0,0,1,0,11.6,2296.530443,-3.232536723,"concave",8.715095104,4.441708408,"low",262.0325061,"W","concave.gentle"
"5286","CR11","W","pico","C",6,0,0,0,0,0,0,0,0,0,1,0,11.6,2296.530443,-3.232536723,"concave",8.715095104,4.441708408,"low",262.0325061,"W","concave.gentle"
"5287","CR11","W","pico","C",7,0,0,0,0,0,0,0,0,0,1,0,11.6,2296.530443,-3.232536723,"concave",8.715095104,4.441708408,"low",262.0325061,"W","concave.gentle"
"5288","CR11","W","pico","C",8,1,0,1,1,0,0,0,0,0,1,0,11.6,2296.530443,-3.232536723,"concave",8.715095104,4.441708408,"low",262.0325061,"W","concave.gentle"
"5289","CR11","W","pico","C",9,0,0,0,0,0,0,0,0,0,1,0,11.6,2296.530443,-3.232536723,"concave",8.715095104,4.441708408,"low",262.0325061,"W","concave.gentle"
"5290","CR11","W","pico","C",10,0,0,0,0,0,0,0,0,0,1,0,11.6,2296.530443,-3.232536723,"concave",8.715095104,4.441708408,"low",262.0325061,"W","concave.gentle"
"5291","CR11","W","psme","C",1,0,0,0,0,0,0,0,0,0,1,0,11.6,2296.530443,-3.232536723,"concave",8.715095104,4.441708408,"low",262.0325061,"W","concave.gentle"
"5292","CR11","W","psme","C",2,0,0,0,0,0,0,0,0,0,1,0,11.6,2296.530443,-3.232536723,"concave",8.715095104,4.441708408,"low",262.0325061,"W","concave.gentle"
"5293","CR11","W","psme","C",3,0,0,0,0,0,0,0,0,0,1,0,11.6,2296.530443,-3.232536723,"concave",8.715095104,4.441708408,"low",262.0325061,"W","concave.gentle"
"5294","CR11","W","psme","C",4,0,0,0,0,0,0,0,0,0,1,0,11.6,2296.530443,-3.232536723,"concave",8.715095104,4.441708408,"low",262.0325061,"W","concave.gentle"
"5295","CR11","W","psme","C",5,0,0,0,0,0,0,0,0,0,1,0,11.6,2296.530443,-3.232536723,"concave",8.715095104,4.441708408,"low",262.0325061,"W","concave.gentle"
"5296","CR11","W","psme","C",6,0,0,0,0,0,0,0,0,0,1,0,11.6,2296.530443,-3.232536723,"concave",8.715095104,4.441708408,"low",262.0325061,"W","concave.gentle"
"5297","CR11","W","psme","C",7,0,0,0,0,0,0,0,0,0,1,0,11.6,2296.530443,-3.232536723,"concave",8.715095104,4.441708408,"low",262.0325061,"W","concave.gentle"
"5298","CR11","W","psme","C",8,0,0,0,0,0,0,0,0,0,1,0,11.6,2296.530443,-3.232536723,"concave",8.715095104,4.441708408,"low",262.0325061,"W","concave.gentle"
"5299","CR11","W","psme","C",9,0,0,0,0,0,0,0,0,0,1,0,11.6,2296.530443,-3.232536723,"concave",8.715095104,4.441708408,"low",262.0325061,"W","concave.gentle"
"5300","CR11","W","psme","C",10,0,0,0,0,0,0,0,0,0,1,0,11.6,2296.530443,-3.232536723,"concave",8.715095104,4.441708408,"low",262.0325061,"W","concave.gentle"
"5301","CR11","C","pico","D",1,0,0,0,0,0,0,0,0,0,1,0,11.6,2296.530443,-3.232536723,"concave",8.715095104,4.441708408,"low",262.0325061,"W","concave.gentle"
"5302","CR11","C","pico","D",2,0,0,0,0,0,0,0,0,0,1,0,11.6,2296.530443,-3.232536723,"concave",8.715095104,4.441708408,"low",262.0325061,"W","concave.gentle"
"5303","CR11","C","pico","D",3,0,0,0,0,0,0,0,0,0,1,0,11.6,2296.530443,-3.232536723,"concave",8.715095104,4.441708408,"low",262.0325061,"W","concave.gentle"
"5304","CR11","C","pico","D",4,0,0,0,0,0,0,0,0,0,1,0,11.6,2296.530443,-3.232536723,"concave",8.715095104,4.441708408,"low",262.0325061,"W","concave.gentle"
"5305","CR11","C","pico","D",5,0,0,0,0,0,0,0,0,0,1,0,11.6,2296.530443,-3.232536723,"concave",8.715095104,4.441708408,"low",262.0325061,"W","concave.gentle"
"5306","CR11","C","pico","D",6,0,0,0,0,0,0,0,0,0,1,0,11.6,2296.530443,-3.232536723,"concave",8.715095104,4.441708408,"low",262.0325061,"W","concave.gentle"
"5307","CR11","C","pico","D",7,0,0,0,0,0,0,0,0,0,1,0,11.6,2296.530443,-3.232536723,"concave",8.715095104,4.441708408,"low",262.0325061,"W","concave.gentle"
"5308","CR11","C","pico","D",8,0,0,0,0,0,0,0,0,0,1,0,11.6,2296.530443,-3.232536723,"concave",8.715095104,4.441708408,"low",262.0325061,"W","concave.gentle"
"5309","CR11","C","pico","D",9,0,0,0,0,0,0,0,0,0,1,0,11.6,2296.530443,-3.232536723,"concave",8.715095104,4.441708408,"low",262.0325061,"W","concave.gentle"
"5310","CR11","C","pico","D",10,0,0,0,0,0,0,0,0,0,1,0,11.6,2296.530443,-3.232536723,"concave",8.715095104,4.441708408,"low",262.0325061,"W","concave.gentle"
"5311","CR11","C","psme","D",1,0,0,0,0,0,0,0,0,0,1,0,11.6,2296.530443,-3.232536723,"concave",8.715095104,4.441708408,"low",262.0325061,"W","concave.gentle"
"5312","CR11","C","psme","D",2,0,0,0,0,0,0,0,0,0,1,0,11.6,2296.530443,-3.232536723,"concave",8.715095104,4.441708408,"low",262.0325061,"W","concave.gentle"
"5313","CR11","C","psme","D",3,0,0,0,0,0,0,0,0,0,1,0,11.6,2296.530443,-3.232536723,"concave",8.715095104,4.441708408,"low",262.0325061,"W","concave.gentle"
"5314","CR11","C","psme","D",4,0,0,0,0,0,0,0,0,0,1,0,11.6,2296.530443,-3.232536723,"concave",8.715095104,4.441708408,"low",262.0325061,"W","concave.gentle"
"5315","CR11","C","psme","D",5,0,0,0,0,0,0,0,0,0,1,0,11.6,2296.530443,-3.232536723,"concave",8.715095104,4.441708408,"low",262.0325061,"W","concave.gentle"
"5316","CR11","C","psme","D",6,0,0,0,0,0,0,0,0,0,1,0,11.6,2296.530443,-3.232536723,"concave",8.715095104,4.441708408,"low",262.0325061,"W","concave.gentle"
"5317","CR11","C","psme","D",7,0,0,0,0,0,0,0,0,0,1,0,11.6,2296.530443,-3.232536723,"concave",8.715095104,4.441708408,"low",262.0325061,"W","concave.gentle"
"5318","CR11","C","psme","D",8,0,0,0,0,0,0,0,0,0,1,0,11.6,2296.530443,-3.232536723,"concave",8.715095104,4.441708408,"low",262.0325061,"W","concave.gentle"
"5319","CR11","C","psme","D",9,0,0,0,0,0,0,0,0,0,1,0,11.6,2296.530443,-3.232536723,"concave",8.715095104,4.441708408,"low",262.0325061,"W","concave.gentle"
"5320","CR11","C","psme","D",10,0,0,0,0,0,0,0,0,0,1,0,11.6,2296.530443,-3.232536723,"concave",8.715095104,4.441708408,"low",262.0325061,"W","concave.gentle"
"5321","CR11","E","pico","D",1,1,0,1,0,0,0,0,0,0,1,0,11.6,2296.530443,-3.232536723,"concave",8.715095104,4.441708408,"low",262.0325061,"W","concave.gentle"
"5322","CR11","E","pico","D",2,0,0,0,0,0,0,0,0,0,1,0,11.6,2296.530443,-3.232536723,"concave",8.715095104,4.441708408,"low",262.0325061,"W","concave.gentle"
"5323","CR11","E","pico","D",3,0,0,0,0,0,0,0,0,0,1,0,11.6,2296.530443,-3.232536723,"concave",8.715095104,4.441708408,"low",262.0325061,"W","concave.gentle"
"5324","CR11","E","pico","D",4,0,0,0,0,0,0,0,0,0,1,0,11.6,2296.530443,-3.232536723,"concave",8.715095104,4.441708408,"low",262.0325061,"W","concave.gentle"
"5325","CR11","E","pico","D",5,0,0,0,0,0,0,0,0,0,1,0,11.6,2296.530443,-3.232536723,"concave",8.715095104,4.441708408,"low",262.0325061,"W","concave.gentle"
"5326","CR11","E","pico","D",6,0,0,0,0,0,0,0,0,0,1,0,11.6,2296.530443,-3.232536723,"concave",8.715095104,4.441708408,"low",262.0325061,"W","concave.gentle"
"5327","CR11","E","pico","D",7,0,0,0,0,0,0,0,0,0,1,0,11.6,2296.530443,-3.232536723,"concave",8.715095104,4.441708408,"low",262.0325061,"W","concave.gentle"
"5328","CR11","E","pico","D",8,0,0,0,0,0,0,0,0,0,1,0,11.6,2296.530443,-3.232536723,"concave",8.715095104,4.441708408,"low",262.0325061,"W","concave.gentle"
"5329","CR11","E","pico","D",9,0,0,0,0,0,0,0,0,0,1,0,11.6,2296.530443,-3.232536723,"concave",8.715095104,4.441708408,"low",262.0325061,"W","concave.gentle"
"5330","CR11","E","pico","D",10,0,0,0,0,0,0,0,0,0,1,0,11.6,2296.530443,-3.232536723,"concave",8.715095104,4.441708408,"low",262.0325061,"W","concave.gentle"
"5331","CR11","E","psme","D",1,0,0,0,0,0,0,0,0,0,1,0,11.6,2296.530443,-3.232536723,"concave",8.715095104,4.441708408,"low",262.0325061,"W","concave.gentle"
"5332","CR11","E","psme","D",2,0,0,0,0,0,0,0,0,0,1,0,11.6,2296.530443,-3.232536723,"concave",8.715095104,4.441708408,"low",262.0325061,"W","concave.gentle"
"5333","CR11","E","psme","D",3,1,0,1,1,0,0,0,0,0,1,0,11.6,2296.530443,-3.232536723,"concave",8.715095104,4.441708408,"low",262.0325061,"W","concave.gentle"
"5334","CR11","E","psme","D",4,0,0,0,0,0,0,0,0,0,1,0,11.6,2296.530443,-3.232536723,"concave",8.715095104,4.441708408,"low",262.0325061,"W","concave.gentle"
"5335","CR11","E","psme","D",5,0,0,0,0,0,0,0,0,0,1,0,11.6,2296.530443,-3.232536723,"concave",8.715095104,4.441708408,"low",262.0325061,"W","concave.gentle"
"5336","CR11","E","psme","D",6,0,0,0,0,0,0,0,0,0,1,0,11.6,2296.530443,-3.232536723,"concave",8.715095104,4.441708408,"low",262.0325061,"W","concave.gentle"
"5337","CR11","E","psme","D",7,0,0,0,0,0,0,0,0,0,1,0,11.6,2296.530443,-3.232536723,"concave",8.715095104,4.441708408,"low",262.0325061,"W","concave.gentle"
"5338","CR11","E","psme","D",8,0,0,0,0,0,0,0,0,0,1,0,11.6,2296.530443,-3.232536723,"concave",8.715095104,4.441708408,"low",262.0325061,"W","concave.gentle"
"5339","CR11","E","psme","D",9,0,0,0,0,0,0,0,0,0,1,0,11.6,2296.530443,-3.232536723,"concave",8.715095104,4.441708408,"low",262.0325061,"W","concave.gentle"
"5340","CR11","E","psme","D",10,0,0,0,0,0,0,0,0,0,1,0,11.6,2296.530443,-3.232536723,"concave",8.715095104,4.441708408,"low",262.0325061,"W","concave.gentle"
"5341","CR11","N","pico","D",1,0,0,0,0,0,0,0,0,0,1,0,11.6,2296.530443,-3.232536723,"concave",8.715095104,4.441708408,"low",262.0325061,"W","concave.gentle"
"5342","CR11","N","pico","D",2,0,0,0,0,0,0,0,0,0,1,0,11.6,2296.530443,-3.232536723,"concave",8.715095104,4.441708408,"low",262.0325061,"W","concave.gentle"
"5343","CR11","N","pico","D",3,0,0,0,0,0,0,0,0,0,1,0,11.6,2296.530443,-3.232536723,"concave",8.715095104,4.441708408,"low",262.0325061,"W","concave.gentle"
"5344","CR11","N","pico","D",4,0,0,0,0,0,0,0,0,0,1,0,11.6,2296.530443,-3.232536723,"concave",8.715095104,4.441708408,"low",262.0325061,"W","concave.gentle"
"5345","CR11","N","pico","D",5,0,0,0,0,0,0,0,0,0,1,0,11.6,2296.530443,-3.232536723,"concave",8.715095104,4.441708408,"low",262.0325061,"W","concave.gentle"
"5346","CR11","N","pico","D",6,0,0,0,0,0,0,0,0,0,1,0,11.6,2296.530443,-3.232536723,"concave",8.715095104,4.441708408,"low",262.0325061,"W","concave.gentle"
"5347","CR11","N","pico","D",7,0,0,0,0,0,0,0,0,0,1,0,11.6,2296.530443,-3.232536723,"concave",8.715095104,4.441708408,"low",262.0325061,"W","concave.gentle"
"5348","CR11","N","pico","D",8,0,0,0,0,0,0,0,0,0,1,0,11.6,2296.530443,-3.232536723,"concave",8.715095104,4.441708408,"low",262.0325061,"W","concave.gentle"
"5349","CR11","N","pico","D",9,0,0,0,0,0,0,0,0,0,1,0,11.6,2296.530443,-3.232536723,"concave",8.715095104,4.441708408,"low",262.0325061,"W","concave.gentle"
"5350","CR11","N","pico","D",10,0,0,0,0,0,0,0,0,0,1,0,11.6,2296.530443,-3.232536723,"concave",8.715095104,4.441708408,"low",262.0325061,"W","concave.gentle"
"5351","CR11","N","psme","D",1,0,0,0,0,0,0,0,0,0,1,0,11.6,2296.530443,-3.232536723,"concave",8.715095104,4.441708408,"low",262.0325061,"W","concave.gentle"
"5352","CR11","N","psme","D",2,0,0,0,0,0,0,0,0,0,1,0,11.6,2296.530443,-3.232536723,"concave",8.715095104,4.441708408,"low",262.0325061,"W","concave.gentle"
"5353","CR11","N","psme","D",3,0,0,0,0,0,0,0,0,0,1,0,11.6,2296.530443,-3.232536723,"concave",8.715095104,4.441708408,"low",262.0325061,"W","concave.gentle"
"5354","CR11","N","psme","D",4,0,0,0,0,0,0,0,0,0,1,0,11.6,2296.530443,-3.232536723,"concave",8.715095104,4.441708408,"low",262.0325061,"W","concave.gentle"
"5355","CR11","N","psme","D",5,0,0,0,0,0,0,0,0,0,1,0,11.6,2296.530443,-3.232536723,"concave",8.715095104,4.441708408,"low",262.0325061,"W","concave.gentle"
"5356","CR11","N","psme","D",6,0,0,0,0,0,0,0,0,0,1,0,11.6,2296.530443,-3.232536723,"concave",8.715095104,4.441708408,"low",262.0325061,"W","concave.gentle"
"5357","CR11","N","psme","D",7,0,0,0,0,0,0,0,0,0,1,0,11.6,2296.530443,-3.232536723,"concave",8.715095104,4.441708408,"low",262.0325061,"W","concave.gentle"
"5358","CR11","N","psme","D",8,0,0,0,0,0,0,0,0,0,1,0,11.6,2296.530443,-3.232536723,"concave",8.715095104,4.441708408,"low",262.0325061,"W","concave.gentle"
"5359","CR11","N","psme","D",9,0,0,0,0,0,0,0,0,0,1,0,11.6,2296.530443,-3.232536723,"concave",8.715095104,4.441708408,"low",262.0325061,"W","concave.gentle"
"5360","CR11","N","psme","D",10,0,0,0,0,0,0,0,0,0,1,0,11.6,2296.530443,-3.232536723,"concave",8.715095104,4.441708408,"low",262.0325061,"W","concave.gentle"
"5361","CR11","S","pico","D",1,0,0,0,0,0,0,0,0,0,1,0,11.6,2296.530443,-3.232536723,"concave",8.715095104,4.441708408,"low",262.0325061,"W","concave.gentle"
"5362","CR11","S","pico","D",2,0,0,0,0,0,0,0,0,0,1,0,11.6,2296.530443,-3.232536723,"concave",8.715095104,4.441708408,"low",262.0325061,"W","concave.gentle"
"5363","CR11","S","pico","D",3,0,0,0,0,0,0,0,0,0,1,0,11.6,2296.530443,-3.232536723,"concave",8.715095104,4.441708408,"low",262.0325061,"W","concave.gentle"
"5364","CR11","S","pico","D",4,0,0,0,0,0,0,0,0,0,1,0,11.6,2296.530443,-3.232536723,"concave",8.715095104,4.441708408,"low",262.0325061,"W","concave.gentle"
"5365","CR11","S","pico","D",5,0,0,0,0,0,0,0,0,0,1,0,11.6,2296.530443,-3.232536723,"concave",8.715095104,4.441708408,"low",262.0325061,"W","concave.gentle"
"5366","CR11","S","pico","D",6,0,0,0,0,0,0,0,0,0,1,0,11.6,2296.530443,-3.232536723,"concave",8.715095104,4.441708408,"low",262.0325061,"W","concave.gentle"
"5367","CR11","S","pico","D",7,1,0,1,1,0,0,0,0,0,1,0,11.6,2296.530443,-3.232536723,"concave",8.715095104,4.441708408,"low",262.0325061,"W","concave.gentle"
"5368","CR11","S","pico","D",8,0,0,0,0,0,0,0,0,0,1,0,11.6,2296.530443,-3.232536723,"concave",8.715095104,4.441708408,"low",262.0325061,"W","concave.gentle"
"5369","CR11","S","pico","D",9,0,0,0,0,0,0,0,0,0,1,0,11.6,2296.530443,-3.232536723,"concave",8.715095104,4.441708408,"low",262.0325061,"W","concave.gentle"
"5370","CR11","S","pico","D",10,0,0,0,0,0,0,0,0,0,1,0,11.6,2296.530443,-3.232536723,"concave",8.715095104,4.441708408,"low",262.0325061,"W","concave.gentle"
"5371","CR11","S","psme","D",1,0,0,0,0,0,0,0,0,0,1,0,11.6,2296.530443,-3.232536723,"concave",8.715095104,4.441708408,"low",262.0325061,"W","concave.gentle"
"5372","CR11","S","psme","D",2,0,0,0,0,0,0,0,0,0,1,0,11.6,2296.530443,-3.232536723,"concave",8.715095104,4.441708408,"low",262.0325061,"W","concave.gentle"
"5373","CR11","S","psme","D",3,0,0,0,0,0,0,0,0,0,1,0,11.6,2296.530443,-3.232536723,"concave",8.715095104,4.441708408,"low",262.0325061,"W","concave.gentle"
"5374","CR11","S","psme","D",4,0,0,0,0,0,0,0,0,0,1,0,11.6,2296.530443,-3.232536723,"concave",8.715095104,4.441708408,"low",262.0325061,"W","concave.gentle"
"5375","CR11","S","psme","D",5,0,0,0,0,0,0,0,0,0,1,0,11.6,2296.530443,-3.232536723,"concave",8.715095104,4.441708408,"low",262.0325061,"W","concave.gentle"
"5376","CR11","S","psme","D",6,0,0,0,0,0,0,0,0,0,1,0,11.6,2296.530443,-3.232536723,"concave",8.715095104,4.441708408,"low",262.0325061,"W","concave.gentle"
"5377","CR11","S","psme","D",7,0,0,0,0,0,0,0,0,0,1,0,11.6,2296.530443,-3.232536723,"concave",8.715095104,4.441708408,"low",262.0325061,"W","concave.gentle"
"5378","CR11","S","psme","D",8,0,0,0,0,0,0,0,0,0,1,0,11.6,2296.530443,-3.232536723,"concave",8.715095104,4.441708408,"low",262.0325061,"W","concave.gentle"
"5379","CR11","S","psme","D",9,0,0,0,0,0,0,0,0,0,1,0,11.6,2296.530443,-3.232536723,"concave",8.715095104,4.441708408,"low",262.0325061,"W","concave.gentle"
"5380","CR11","S","psme","D",10,0,0,0,0,0,0,0,0,0,1,0,11.6,2296.530443,-3.232536723,"concave",8.715095104,4.441708408,"low",262.0325061,"W","concave.gentle"
"5381","CR11","W","pico","D",1,0,0,0,0,0,0,0,0,0,1,0,11.6,2296.530443,-3.232536723,"concave",8.715095104,4.441708408,"low",262.0325061,"W","concave.gentle"
"5382","CR11","W","pico","D",2,0,0,0,0,0,0,0,0,0,1,0,11.6,2296.530443,-3.232536723,"concave",8.715095104,4.441708408,"low",262.0325061,"W","concave.gentle"
"5383","CR11","W","pico","D",3,0,0,0,0,0,0,0,0,0,1,0,11.6,2296.530443,-3.232536723,"concave",8.715095104,4.441708408,"low",262.0325061,"W","concave.gentle"
"5384","CR11","W","pico","D",4,0,0,0,0,0,0,0,0,0,1,0,11.6,2296.530443,-3.232536723,"concave",8.715095104,4.441708408,"low",262.0325061,"W","concave.gentle"
"5385","CR11","W","pico","D",5,0,0,0,0,0,0,0,0,0,1,0,11.6,2296.530443,-3.232536723,"concave",8.715095104,4.441708408,"low",262.0325061,"W","concave.gentle"
"5386","CR11","W","pico","D",6,0,0,0,0,0,0,0,0,0,1,0,11.6,2296.530443,-3.232536723,"concave",8.715095104,4.441708408,"low",262.0325061,"W","concave.gentle"
"5387","CR11","W","pico","D",7,0,0,0,0,0,0,0,0,0,1,0,11.6,2296.530443,-3.232536723,"concave",8.715095104,4.441708408,"low",262.0325061,"W","concave.gentle"
"5388","CR11","W","pico","D",8,0,0,0,0,0,0,0,0,0,1,0,11.6,2296.530443,-3.232536723,"concave",8.715095104,4.441708408,"low",262.0325061,"W","concave.gentle"
"5389","CR11","W","pico","D",9,0,0,0,0,0,0,0,0,0,1,0,11.6,2296.530443,-3.232536723,"concave",8.715095104,4.441708408,"low",262.0325061,"W","concave.gentle"
"5390","CR11","W","pico","D",10,0,0,0,0,0,0,0,0,0,1,0,11.6,2296.530443,-3.232536723,"concave",8.715095104,4.441708408,"low",262.0325061,"W","concave.gentle"
"5391","CR11","W","psme","D",1,0,0,0,0,0,0,0,0,0,1,0,11.6,2296.530443,-3.232536723,"concave",8.715095104,4.441708408,"low",262.0325061,"W","concave.gentle"
"5392","CR11","W","psme","D",2,0,0,0,0,0,0,0,0,0,1,0,11.6,2296.530443,-3.232536723,"concave",8.715095104,4.441708408,"low",262.0325061,"W","concave.gentle"
"5393","CR11","W","psme","D",3,0,0,0,0,0,0,0,0,0,1,0,11.6,2296.530443,-3.232536723,"concave",8.715095104,4.441708408,"low",262.0325061,"W","concave.gentle"
"5394","CR11","W","psme","D",4,0,0,0,0,0,0,0,0,0,1,0,11.6,2296.530443,-3.232536723,"concave",8.715095104,4.441708408,"low",262.0325061,"W","concave.gentle"
"5395","CR11","W","psme","D",5,0,0,0,0,0,0,0,0,0,1,0,11.6,2296.530443,-3.232536723,"concave",8.715095104,4.441708408,"low",262.0325061,"W","concave.gentle"
"5396","CR11","W","psme","D",6,0,0,0,0,0,0,0,0,0,1,0,11.6,2296.530443,-3.232536723,"concave",8.715095104,4.441708408,"low",262.0325061,"W","concave.gentle"
"5397","CR11","W","psme","D",7,0,0,0,0,0,0,0,0,0,1,0,11.6,2296.530443,-3.232536723,"concave",8.715095104,4.441708408,"low",262.0325061,"W","concave.gentle"
"5398","CR11","W","psme","D",8,0,0,0,0,0,0,0,0,0,1,0,11.6,2296.530443,-3.232536723,"concave",8.715095104,4.441708408,"low",262.0325061,"W","concave.gentle"
"5399","CR11","W","psme","D",9,0,0,0,0,0,0,0,0,0,1,0,11.6,2296.530443,-3.232536723,"concave",8.715095104,4.441708408,"low",262.0325061,"W","concave.gentle"
"5400","CR11","W","psme","D",10,0,0,0,0,0,0,0,0,0,1,0,11.6,2296.530443,-3.232536723,"concave",8.715095104,4.441708408,"low",262.0325061,"W","concave.gentle"
"5401","CR11","C","pico","E",1,0,0,0,0,0,0,0,0,0,1,0,11.6,2296.530443,-3.232536723,"concave",8.715095104,4.441708408,"low",262.0325061,"W","concave.gentle"
"5402","CR11","C","pico","E",2,0,0,0,0,0,0,0,0,0,1,0,11.6,2296.530443,-3.232536723,"concave",8.715095104,4.441708408,"low",262.0325061,"W","concave.gentle"
"5403","CR11","C","pico","E",3,0,0,0,0,0,0,0,0,0,1,0,11.6,2296.530443,-3.232536723,"concave",8.715095104,4.441708408,"low",262.0325061,"W","concave.gentle"
"5404","CR11","C","pico","E",4,0,0,0,0,0,0,0,0,0,1,0,11.6,2296.530443,-3.232536723,"concave",8.715095104,4.441708408,"low",262.0325061,"W","concave.gentle"
"5405","CR11","C","pico","E",5,0,0,0,0,0,0,0,0,0,1,0,11.6,2296.530443,-3.232536723,"concave",8.715095104,4.441708408,"low",262.0325061,"W","concave.gentle"
"5406","CR11","C","pico","E",6,0,0,0,0,0,0,0,0,0,1,0,11.6,2296.530443,-3.232536723,"concave",8.715095104,4.441708408,"low",262.0325061,"W","concave.gentle"
"5407","CR11","C","pico","E",7,0,0,0,0,0,0,0,0,0,1,0,11.6,2296.530443,-3.232536723,"concave",8.715095104,4.441708408,"low",262.0325061,"W","concave.gentle"
"5408","CR11","C","pico","E",8,0,0,0,0,0,0,0,0,0,1,0,11.6,2296.530443,-3.232536723,"concave",8.715095104,4.441708408,"low",262.0325061,"W","concave.gentle"
"5409","CR11","C","pico","E",9,0,0,0,0,0,0,0,0,0,1,0,11.6,2296.530443,-3.232536723,"concave",8.715095104,4.441708408,"low",262.0325061,"W","concave.gentle"
"5410","CR11","C","pico","E",10,0,0,0,0,0,0,0,0,0,1,0,11.6,2296.530443,-3.232536723,"concave",8.715095104,4.441708408,"low",262.0325061,"W","concave.gentle"
"5411","CR11","C","psme","E",1,0,0,0,0,0,0,0,0,0,1,0,11.6,2296.530443,-3.232536723,"concave",8.715095104,4.441708408,"low",262.0325061,"W","concave.gentle"
"5412","CR11","C","psme","E",2,0,0,0,0,0,0,0,0,0,1,0,11.6,2296.530443,-3.232536723,"concave",8.715095104,4.441708408,"low",262.0325061,"W","concave.gentle"
"5413","CR11","C","psme","E",3,0,0,0,0,0,0,0,0,0,1,0,11.6,2296.530443,-3.232536723,"concave",8.715095104,4.441708408,"low",262.0325061,"W","concave.gentle"
"5414","CR11","C","psme","E",4,0,0,0,0,0,0,0,0,0,1,0,11.6,2296.530443,-3.232536723,"concave",8.715095104,4.441708408,"low",262.0325061,"W","concave.gentle"
"5415","CR11","C","psme","E",5,0,0,0,0,0,0,0,0,0,1,0,11.6,2296.530443,-3.232536723,"concave",8.715095104,4.441708408,"low",262.0325061,"W","concave.gentle"
"5416","CR11","C","psme","E",6,0,0,0,0,0,0,0,0,0,1,0,11.6,2296.530443,-3.232536723,"concave",8.715095104,4.441708408,"low",262.0325061,"W","concave.gentle"
"5417","CR11","C","psme","E",7,0,0,0,0,0,0,0,0,0,1,0,11.6,2296.530443,-3.232536723,"concave",8.715095104,4.441708408,"low",262.0325061,"W","concave.gentle"
"5418","CR11","C","psme","E",8,0,0,0,0,0,0,0,0,0,1,0,11.6,2296.530443,-3.232536723,"concave",8.715095104,4.441708408,"low",262.0325061,"W","concave.gentle"
"5419","CR11","C","psme","E",9,0,0,0,0,0,0,0,0,0,1,0,11.6,2296.530443,-3.232536723,"concave",8.715095104,4.441708408,"low",262.0325061,"W","concave.gentle"
"5420","CR11","C","psme","E",10,0,0,0,0,0,0,0,0,0,1,0,11.6,2296.530443,-3.232536723,"concave",8.715095104,4.441708408,"low",262.0325061,"W","concave.gentle"
"5421","CR11","E","pico","E",1,0,0,0,0,0,0,0,0,0,1,0,11.6,2296.530443,-3.232536723,"concave",8.715095104,4.441708408,"low",262.0325061,"W","concave.gentle"
"5422","CR11","E","pico","E",2,0,0,0,0,0,0,0,0,0,1,0,11.6,2296.530443,-3.232536723,"concave",8.715095104,4.441708408,"low",262.0325061,"W","concave.gentle"
"5423","CR11","E","pico","E",3,1,0,1,0,0,0,0,0,0,1,0,11.6,2296.530443,-3.232536723,"concave",8.715095104,4.441708408,"low",262.0325061,"W","concave.gentle"
"5424","CR11","E","pico","E",4,1,0,1,0,0,0,0,0,0,1,0,11.6,2296.530443,-3.232536723,"concave",8.715095104,4.441708408,"low",262.0325061,"W","concave.gentle"
"5425","CR11","E","pico","E",5,0,0,0,0,0,0,0,0,0,1,0,11.6,2296.530443,-3.232536723,"concave",8.715095104,4.441708408,"low",262.0325061,"W","concave.gentle"
"5426","CR11","E","pico","E",6,0,0,0,0,0,0,0,0,0,1,0,11.6,2296.530443,-3.232536723,"concave",8.715095104,4.441708408,"low",262.0325061,"W","concave.gentle"
"5427","CR11","E","pico","E",7,0,0,0,0,0,0,0,0,0,1,0,11.6,2296.530443,-3.232536723,"concave",8.715095104,4.441708408,"low",262.0325061,"W","concave.gentle"
"5428","CR11","E","pico","E",8,0,0,0,0,0,0,0,0,0,1,0,11.6,2296.530443,-3.232536723,"concave",8.715095104,4.441708408,"low",262.0325061,"W","concave.gentle"
"5429","CR11","E","pico","E",9,0,0,0,0,0,0,0,0,0,1,0,11.6,2296.530443,-3.232536723,"concave",8.715095104,4.441708408,"low",262.0325061,"W","concave.gentle"
"5430","CR11","E","pico","E",10,0,0,0,0,0,0,0,0,0,1,0,11.6,2296.530443,-3.232536723,"concave",8.715095104,4.441708408,"low",262.0325061,"W","concave.gentle"
"5431","CR11","E","psme","E",1,0,0,0,0,0,0,0,0,0,1,0,11.6,2296.530443,-3.232536723,"concave",8.715095104,4.441708408,"low",262.0325061,"W","concave.gentle"
"5432","CR11","E","psme","E",2,0,0,0,0,0,0,0,0,0,1,0,11.6,2296.530443,-3.232536723,"concave",8.715095104,4.441708408,"low",262.0325061,"W","concave.gentle"
"5433","CR11","E","psme","E",3,0,0,0,0,0,0,0,0,0,1,0,11.6,2296.530443,-3.232536723,"concave",8.715095104,4.441708408,"low",262.0325061,"W","concave.gentle"
"5434","CR11","E","psme","E",4,0,0,0,0,0,0,0,0,0,1,0,11.6,2296.530443,-3.232536723,"concave",8.715095104,4.441708408,"low",262.0325061,"W","concave.gentle"
"5435","CR11","E","psme","E",5,0,0,0,0,0,0,0,0,0,1,0,11.6,2296.530443,-3.232536723,"concave",8.715095104,4.441708408,"low",262.0325061,"W","concave.gentle"
"5436","CR11","E","psme","E",6,0,0,0,0,0,0,0,0,0,1,0,11.6,2296.530443,-3.232536723,"concave",8.715095104,4.441708408,"low",262.0325061,"W","concave.gentle"
"5437","CR11","E","psme","E",7,0,0,0,0,0,0,0,0,0,1,0,11.6,2296.530443,-3.232536723,"concave",8.715095104,4.441708408,"low",262.0325061,"W","concave.gentle"
"5438","CR11","E","psme","E",8,0,0,0,0,0,0,0,0,0,1,0,11.6,2296.530443,-3.232536723,"concave",8.715095104,4.441708408,"low",262.0325061,"W","concave.gentle"
"5439","CR11","E","psme","E",9,1,0,1,0,0,0,0,0,0,1,0,11.6,2296.530443,-3.232536723,"concave",8.715095104,4.441708408,"low",262.0325061,"W","concave.gentle"
"5440","CR11","E","psme","E",10,1,0,1,0,0,0,0,0,0,1,0,11.6,2296.530443,-3.232536723,"concave",8.715095104,4.441708408,"low",262.0325061,"W","concave.gentle"
"5441","CR11","N","pico","E",1,0,0,0,0,0,0,0,0,0,1,0,11.6,2296.530443,-3.232536723,"concave",8.715095104,4.441708408,"low",262.0325061,"W","concave.gentle"
"5442","CR11","N","pico","E",2,0,0,0,0,0,0,0,0,0,1,0,11.6,2296.530443,-3.232536723,"concave",8.715095104,4.441708408,"low",262.0325061,"W","concave.gentle"
"5443","CR11","N","pico","E",3,1,0,1,0,0,0,0,0,0,1,0,11.6,2296.530443,-3.232536723,"concave",8.715095104,4.441708408,"low",262.0325061,"W","concave.gentle"
"5444","CR11","N","pico","E",4,0,0,0,0,0,0,0,0,0,1,0,11.6,2296.530443,-3.232536723,"concave",8.715095104,4.441708408,"low",262.0325061,"W","concave.gentle"
"5445","CR11","N","pico","E",5,0,0,0,0,0,0,0,0,0,1,0,11.6,2296.530443,-3.232536723,"concave",8.715095104,4.441708408,"low",262.0325061,"W","concave.gentle"
"5446","CR11","N","pico","E",6,0,0,0,0,0,0,0,0,0,1,0,11.6,2296.530443,-3.232536723,"concave",8.715095104,4.441708408,"low",262.0325061,"W","concave.gentle"
"5447","CR11","N","pico","E",7,1,0,1,0,0,0,0,0,0,1,0,11.6,2296.530443,-3.232536723,"concave",8.715095104,4.441708408,"low",262.0325061,"W","concave.gentle"
"5448","CR11","N","pico","E",8,0,0,0,0,0,0,0,0,0,1,0,11.6,2296.530443,-3.232536723,"concave",8.715095104,4.441708408,"low",262.0325061,"W","concave.gentle"
"5449","CR11","N","pico","E",9,0,0,0,0,0,0,0,0,0,1,0,11.6,2296.530443,-3.232536723,"concave",8.715095104,4.441708408,"low",262.0325061,"W","concave.gentle"
"5450","CR11","N","pico","E",10,0,0,0,0,0,0,0,0,0,1,0,11.6,2296.530443,-3.232536723,"concave",8.715095104,4.441708408,"low",262.0325061,"W","concave.gentle"
"5451","CR11","N","psme","E",1,0,0,0,0,0,0,0,0,0,1,0,11.6,2296.530443,-3.232536723,"concave",8.715095104,4.441708408,"low",262.0325061,"W","concave.gentle"
"5452","CR11","N","psme","E",2,0,0,0,0,0,0,0,0,0,1,0,11.6,2296.530443,-3.232536723,"concave",8.715095104,4.441708408,"low",262.0325061,"W","concave.gentle"
"5453","CR11","N","psme","E",3,0,0,0,0,0,0,0,0,0,1,0,11.6,2296.530443,-3.232536723,"concave",8.715095104,4.441708408,"low",262.0325061,"W","concave.gentle"
"5454","CR11","N","psme","E",4,0,0,0,0,0,0,0,0,0,1,0,11.6,2296.530443,-3.232536723,"concave",8.715095104,4.441708408,"low",262.0325061,"W","concave.gentle"
"5455","CR11","N","psme","E",5,0,0,0,0,0,0,0,0,0,1,0,11.6,2296.530443,-3.232536723,"concave",8.715095104,4.441708408,"low",262.0325061,"W","concave.gentle"
"5456","CR11","N","psme","E",6,0,0,0,0,0,0,0,0,0,1,0,11.6,2296.530443,-3.232536723,"concave",8.715095104,4.441708408,"low",262.0325061,"W","concave.gentle"
"5457","CR11","N","psme","E",7,0,0,0,0,0,0,0,0,0,1,0,11.6,2296.530443,-3.232536723,"concave",8.715095104,4.441708408,"low",262.0325061,"W","concave.gentle"
"5458","CR11","N","psme","E",8,0,0,0,0,0,0,0,0,0,1,0,11.6,2296.530443,-3.232536723,"concave",8.715095104,4.441708408,"low",262.0325061,"W","concave.gentle"
"5459","CR11","N","psme","E",9,0,0,0,0,0,0,0,0,0,1,0,11.6,2296.530443,-3.232536723,"concave",8.715095104,4.441708408,"low",262.0325061,"W","concave.gentle"
"5460","CR11","N","psme","E",10,0,0,0,0,0,0,0,0,0,1,0,11.6,2296.530443,-3.232536723,"concave",8.715095104,4.441708408,"low",262.0325061,"W","concave.gentle"
"5461","CR11","S","pico","E",1,0,0,0,0,0,0,0,0,0,1,0,11.6,2296.530443,-3.232536723,"concave",8.715095104,4.441708408,"low",262.0325061,"W","concave.gentle"
"5462","CR11","S","pico","E",2,0,0,0,0,0,0,0,0,0,1,0,11.6,2296.530443,-3.232536723,"concave",8.715095104,4.441708408,"low",262.0325061,"W","concave.gentle"
"5463","CR11","S","pico","E",3,0,0,0,0,0,0,0,0,0,1,0,11.6,2296.530443,-3.232536723,"concave",8.715095104,4.441708408,"low",262.0325061,"W","concave.gentle"
"5464","CR11","S","pico","E",4,0,0,0,0,0,0,0,0,0,1,0,11.6,2296.530443,-3.232536723,"concave",8.715095104,4.441708408,"low",262.0325061,"W","concave.gentle"
"5465","CR11","S","pico","E",5,0,0,0,0,0,0,0,0,0,1,0,11.6,2296.530443,-3.232536723,"concave",8.715095104,4.441708408,"low",262.0325061,"W","concave.gentle"
"5466","CR11","S","pico","E",6,0,0,0,0,0,0,0,0,0,1,0,11.6,2296.530443,-3.232536723,"concave",8.715095104,4.441708408,"low",262.0325061,"W","concave.gentle"
"5467","CR11","S","pico","E",7,0,0,0,0,0,0,0,0,0,1,0,11.6,2296.530443,-3.232536723,"concave",8.715095104,4.441708408,"low",262.0325061,"W","concave.gentle"
"5468","CR11","S","pico","E",8,0,0,0,0,0,0,0,0,0,1,0,11.6,2296.530443,-3.232536723,"concave",8.715095104,4.441708408,"low",262.0325061,"W","concave.gentle"
"5469","CR11","S","pico","E",9,0,0,0,0,0,0,0,0,0,1,0,11.6,2296.530443,-3.232536723,"concave",8.715095104,4.441708408,"low",262.0325061,"W","concave.gentle"
"5470","CR11","S","pico","E",10,0,0,0,0,0,0,0,0,0,1,0,11.6,2296.530443,-3.232536723,"concave",8.715095104,4.441708408,"low",262.0325061,"W","concave.gentle"
"5471","CR11","S","psme","E",1,0,0,0,0,0,0,0,0,0,1,0,11.6,2296.530443,-3.232536723,"concave",8.715095104,4.441708408,"low",262.0325061,"W","concave.gentle"
"5472","CR11","S","psme","E",2,0,0,0,0,0,0,0,0,0,1,0,11.6,2296.530443,-3.232536723,"concave",8.715095104,4.441708408,"low",262.0325061,"W","concave.gentle"
"5473","CR11","S","psme","E",3,0,0,0,0,0,0,0,0,0,1,0,11.6,2296.530443,-3.232536723,"concave",8.715095104,4.441708408,"low",262.0325061,"W","concave.gentle"
"5474","CR11","S","psme","E",4,0,0,0,0,0,0,0,0,0,1,0,11.6,2296.530443,-3.232536723,"concave",8.715095104,4.441708408,"low",262.0325061,"W","concave.gentle"
"5475","CR11","S","psme","E",5,0,0,0,0,0,0,0,0,0,1,0,11.6,2296.530443,-3.232536723,"concave",8.715095104,4.441708408,"low",262.0325061,"W","concave.gentle"
"5476","CR11","S","psme","E",6,0,0,0,0,0,0,0,0,0,1,0,11.6,2296.530443,-3.232536723,"concave",8.715095104,4.441708408,"low",262.0325061,"W","concave.gentle"
"5477","CR11","S","psme","E",7,0,0,0,0,0,0,0,0,0,1,0,11.6,2296.530443,-3.232536723,"concave",8.715095104,4.441708408,"low",262.0325061,"W","concave.gentle"
"5478","CR11","S","psme","E",8,0,0,0,0,0,0,0,0,0,1,0,11.6,2296.530443,-3.232536723,"concave",8.715095104,4.441708408,"low",262.0325061,"W","concave.gentle"
"5479","CR11","S","psme","E",9,0,0,0,0,0,0,0,0,0,1,0,11.6,2296.530443,-3.232536723,"concave",8.715095104,4.441708408,"low",262.0325061,"W","concave.gentle"
"5480","CR11","S","psme","E",10,0,0,0,0,0,0,0,0,0,1,0,11.6,2296.530443,-3.232536723,"concave",8.715095104,4.441708408,"low",262.0325061,"W","concave.gentle"
"5481","CR11","W","pico","E",1,0,0,0,0,0,0,0,0,0,1,0,11.6,2296.530443,-3.232536723,"concave",8.715095104,4.441708408,"low",262.0325061,"W","concave.gentle"
"5482","CR11","W","pico","E",2,0,0,0,0,0,0,0,0,0,1,0,11.6,2296.530443,-3.232536723,"concave",8.715095104,4.441708408,"low",262.0325061,"W","concave.gentle"
"5483","CR11","W","pico","E",3,0,0,0,0,0,0,0,0,0,1,0,11.6,2296.530443,-3.232536723,"concave",8.715095104,4.441708408,"low",262.0325061,"W","concave.gentle"
"5484","CR11","W","pico","E",4,1,0,1,1,0,0,0,0,0,1,0,11.6,2296.530443,-3.232536723,"concave",8.715095104,4.441708408,"low",262.0325061,"W","concave.gentle"
"5485","CR11","W","pico","E",5,0,0,0,0,0,0,0,0,0,1,0,11.6,2296.530443,-3.232536723,"concave",8.715095104,4.441708408,"low",262.0325061,"W","concave.gentle"
"5486","CR11","W","pico","E",6,0,0,0,0,0,0,0,0,0,1,0,11.6,2296.530443,-3.232536723,"concave",8.715095104,4.441708408,"low",262.0325061,"W","concave.gentle"
"5487","CR11","W","pico","E",7,0,0,0,0,0,0,0,0,0,1,0,11.6,2296.530443,-3.232536723,"concave",8.715095104,4.441708408,"low",262.0325061,"W","concave.gentle"
"5488","CR11","W","pico","E",8,0,0,0,0,0,0,0,0,0,1,0,11.6,2296.530443,-3.232536723,"concave",8.715095104,4.441708408,"low",262.0325061,"W","concave.gentle"
"5489","CR11","W","pico","E",9,0,0,0,0,0,0,0,0,0,1,0,11.6,2296.530443,-3.232536723,"concave",8.715095104,4.441708408,"low",262.0325061,"W","concave.gentle"
"5490","CR11","W","pico","E",10,0,0,0,0,0,0,0,0,0,1,0,11.6,2296.530443,-3.232536723,"concave",8.715095104,4.441708408,"low",262.0325061,"W","concave.gentle"
"5491","CR11","W","psme","E",1,0,0,0,0,0,0,0,0,0,1,0,11.6,2296.530443,-3.232536723,"concave",8.715095104,4.441708408,"low",262.0325061,"W","concave.gentle"
"5492","CR11","W","psme","E",2,0,0,0,0,0,0,0,0,0,1,0,11.6,2296.530443,-3.232536723,"concave",8.715095104,4.441708408,"low",262.0325061,"W","concave.gentle"
"5493","CR11","W","psme","E",3,0,0,0,0,0,0,0,0,0,1,0,11.6,2296.530443,-3.232536723,"concave",8.715095104,4.441708408,"low",262.0325061,"W","concave.gentle"
"5494","CR11","W","psme","E",4,0,0,0,0,0,0,0,0,0,1,0,11.6,2296.530443,-3.232536723,"concave",8.715095104,4.441708408,"low",262.0325061,"W","concave.gentle"
"5495","CR11","W","psme","E",5,0,0,0,0,0,0,0,0,0,1,0,11.6,2296.530443,-3.232536723,"concave",8.715095104,4.441708408,"low",262.0325061,"W","concave.gentle"
"5496","CR11","W","psme","E",6,0,0,0,0,0,0,0,0,0,1,0,11.6,2296.530443,-3.232536723,"concave",8.715095104,4.441708408,"low",262.0325061,"W","concave.gentle"
"5497","CR11","W","psme","E",7,0,0,0,0,0,0,0,0,0,1,0,11.6,2296.530443,-3.232536723,"concave",8.715095104,4.441708408,"low",262.0325061,"W","concave.gentle"
"5498","CR11","W","psme","E",8,0,0,0,0,0,0,0,0,0,1,0,11.6,2296.530443,-3.232536723,"concave",8.715095104,4.441708408,"low",262.0325061,"W","concave.gentle"
"5499","CR11","W","psme","E",9,0,0,0,0,0,0,0,0,0,1,0,11.6,2296.530443,-3.232536723,"concave",8.715095104,4.441708408,"low",262.0325061,"W","concave.gentle"
"5500","CR11","W","psme","E",10,0,0,0,0,0,0,0,0,0,1,0,11.6,2296.530443,-3.232536723,"concave",8.715095104,4.441708408,"low",262.0325061,"W","concave.gentle"
"5501","CR12","C","pico","A",1,1,0,1,1,0,0,0,0,0,1,1,18.88,2449.109532,-2.135958828,"concave",10.44058353,5.190922004,"low",274.5211319,"W","concave.gentle"
"5502","CR12","C","pico","A",2,1,0,1,1,0,0,0,0,0,1,1,18.88,2449.109532,-2.135958828,"concave",10.44058353,5.190922004,"low",274.5211319,"W","concave.gentle"
"5503","CR12","C","pico","A",3,0,0,0,0,0,0,0,0,0,1,0,18.88,2449.109532,-2.135958828,"concave",10.44058353,5.190922004,"low",274.5211319,"W","concave.gentle"
"5504","CR12","C","pico","A",4,0,0,0,0,0,0,0,0,0,1,0,18.88,2449.109532,-2.135958828,"concave",10.44058353,5.190922004,"low",274.5211319,"W","concave.gentle"
"5505","CR12","C","pico","A",5,1,0,1,1,0,0,0,0,0,1,0,18.88,2449.109532,-2.135958828,"concave",10.44058353,5.190922004,"low",274.5211319,"W","concave.gentle"
"5506","CR12","C","pico","A",6,1,0,1,1,0,0,0,0,0,1,0,18.88,2449.109532,-2.135958828,"concave",10.44058353,5.190922004,"low",274.5211319,"W","concave.gentle"
"5507","CR12","C","pico","A",7,1,0,1,1,0,0,0,0,0,1,1,18.88,2449.109532,-2.135958828,"concave",10.44058353,5.190922004,"low",274.5211319,"W","concave.gentle"
"5508","CR12","C","pico","A",8,0,0,0,0,0,0,0,0,0,1,0,18.88,2449.109532,-2.135958828,"concave",10.44058353,5.190922004,"low",274.5211319,"W","concave.gentle"
"5509","CR12","C","pico","A",9,0,0,0,0,0,0,0,0,0,1,0,18.88,2449.109532,-2.135958828,"concave",10.44058353,5.190922004,"low",274.5211319,"W","concave.gentle"
"5510","CR12","C","pico","A",10,0,0,0,0,0,0,0,0,0,1,0,18.88,2449.109532,-2.135958828,"concave",10.44058353,5.190922004,"low",274.5211319,"W","concave.gentle"
"5511","CR12","C","psme","A",1,0,0,0,0,0,0,0,0,0,1,0,18.88,2449.109532,-2.135958828,"concave",10.44058353,5.190922004,"low",274.5211319,"W","concave.gentle"
"5512","CR12","C","psme","A",2,0,0,0,0,0,0,0,0,0,1,0,18.88,2449.109532,-2.135958828,"concave",10.44058353,5.190922004,"low",274.5211319,"W","concave.gentle"
"5513","CR12","C","psme","A",3,0,0,0,0,0,0,0,0,0,1,0,18.88,2449.109532,-2.135958828,"concave",10.44058353,5.190922004,"low",274.5211319,"W","concave.gentle"
"5514","CR12","C","psme","A",4,0,0,0,0,0,0,0,0,0,1,0,18.88,2449.109532,-2.135958828,"concave",10.44058353,5.190922004,"low",274.5211319,"W","concave.gentle"
"5515","CR12","C","psme","A",5,0,0,0,0,0,0,0,0,0,1,0,18.88,2449.109532,-2.135958828,"concave",10.44058353,5.190922004,"low",274.5211319,"W","concave.gentle"
"5516","CR12","C","psme","A",6,1,0,1,1,1,0,0,0,0,1,0,18.88,2449.109532,-2.135958828,"concave",10.44058353,5.190922004,"low",274.5211319,"W","concave.gentle"
"5517","CR12","C","psme","A",7,0,0,0,0,0,0,0,0,0,1,0,18.88,2449.109532,-2.135958828,"concave",10.44058353,5.190922004,"low",274.5211319,"W","concave.gentle"
"5518","CR12","C","psme","A",8,0,0,0,0,0,0,0,0,0,1,0,18.88,2449.109532,-2.135958828,"concave",10.44058353,5.190922004,"low",274.5211319,"W","concave.gentle"
"5519","CR12","C","psme","A",9,0,0,0,0,0,0,0,0,0,1,0,18.88,2449.109532,-2.135958828,"concave",10.44058353,5.190922004,"low",274.5211319,"W","concave.gentle"
"5520","CR12","C","psme","A",10,0,0,0,0,0,0,0,0,0,1,0,18.88,2449.109532,-2.135958828,"concave",10.44058353,5.190922004,"low",274.5211319,"W","concave.gentle"
"5521","CR12","E","pico","A",1,0,0,0,0,0,0,0,1,1,0,0,18.88,2449.109532,-2.135958828,"concave",10.44058353,5.190922004,"low",274.5211319,"W","concave.gentle"
"5522","CR12","E","pico","A",2,0,0,0,0,0,0,0,0,0,1,0,18.88,2449.109532,-2.135958828,"concave",10.44058353,5.190922004,"low",274.5211319,"W","concave.gentle"
"5523","CR12","E","pico","A",3,0,0,0,0,0,0,0,0,0,1,0,18.88,2449.109532,-2.135958828,"concave",10.44058353,5.190922004,"low",274.5211319,"W","concave.gentle"
"5524","CR12","E","pico","A",4,0,0,0,0,0,0,0,0,0,1,0,18.88,2449.109532,-2.135958828,"concave",10.44058353,5.190922004,"low",274.5211319,"W","concave.gentle"
"5525","CR12","E","pico","A",5,0,0,0,0,0,0,0,0,0,1,0,18.88,2449.109532,-2.135958828,"concave",10.44058353,5.190922004,"low",274.5211319,"W","concave.gentle"
"5526","CR12","E","pico","A",6,0,0,0,0,0,0,0,0,0,1,0,18.88,2449.109532,-2.135958828,"concave",10.44058353,5.190922004,"low",274.5211319,"W","concave.gentle"
"5527","CR12","E","pico","A",7,0,0,0,0,0,0,0,0,0,1,0,18.88,2449.109532,-2.135958828,"concave",10.44058353,5.190922004,"low",274.5211319,"W","concave.gentle"
"5528","CR12","E","pico","A",8,0,0,0,0,0,0,0,0,0,1,0,18.88,2449.109532,-2.135958828,"concave",10.44058353,5.190922004,"low",274.5211319,"W","concave.gentle"
"5529","CR12","E","pico","A",9,0,0,0,0,0,0,0,0,0,1,0,18.88,2449.109532,-2.135958828,"concave",10.44058353,5.190922004,"low",274.5211319,"W","concave.gentle"
"5530","CR12","E","pico","A",10,1,0,1,1,0,0,0,0,0,1,0,18.88,2449.109532,-2.135958828,"concave",10.44058353,5.190922004,"low",274.5211319,"W","concave.gentle"
"5531","CR12","E","psme","A",1,0,0,0,0,0,0,0,0,0,1,0,18.88,2449.109532,-2.135958828,"concave",10.44058353,5.190922004,"low",274.5211319,"W","concave.gentle"
"5532","CR12","E","psme","A",2,0,0,0,0,0,0,0,0,0,1,0,18.88,2449.109532,-2.135958828,"concave",10.44058353,5.190922004,"low",274.5211319,"W","concave.gentle"
"5533","CR12","E","psme","A",3,0,0,0,0,0,0,0,0,0,1,0,18.88,2449.109532,-2.135958828,"concave",10.44058353,5.190922004,"low",274.5211319,"W","concave.gentle"
"5534","CR12","E","psme","A",4,0,0,0,0,0,0,0,0,0,1,0,18.88,2449.109532,-2.135958828,"concave",10.44058353,5.190922004,"low",274.5211319,"W","concave.gentle"
"5535","CR12","E","psme","A",5,0,0,0,0,0,0,0,0,0,1,0,18.88,2449.109532,-2.135958828,"concave",10.44058353,5.190922004,"low",274.5211319,"W","concave.gentle"
"5536","CR12","E","psme","A",6,0,0,0,0,0,0,0,0,0,1,0,18.88,2449.109532,-2.135958828,"concave",10.44058353,5.190922004,"low",274.5211319,"W","concave.gentle"
"5537","CR12","E","psme","A",7,0,0,0,0,0,0,0,0,0,1,0,18.88,2449.109532,-2.135958828,"concave",10.44058353,5.190922004,"low",274.5211319,"W","concave.gentle"
"5538","CR12","E","psme","A",8,0,0,0,0,0,0,0,0,0,1,0,18.88,2449.109532,-2.135958828,"concave",10.44058353,5.190922004,"low",274.5211319,"W","concave.gentle"
"5539","CR12","E","psme","A",9,0,0,0,0,0,0,0,0,0,1,0,18.88,2449.109532,-2.135958828,"concave",10.44058353,5.190922004,"low",274.5211319,"W","concave.gentle"
"5540","CR12","E","psme","A",10,0,0,0,0,0,0,0,0,0,1,0,18.88,2449.109532,-2.135958828,"concave",10.44058353,5.190922004,"low",274.5211319,"W","concave.gentle"
"5541","CR12","N","pico","A",1,0,0,0,0,0,0,0,0,0,1,0,18.88,2449.109532,-2.135958828,"concave",10.44058353,5.190922004,"low",274.5211319,"W","concave.gentle"
"5542","CR12","N","pico","A",2,1,0,1,1,1,0,0,0,0,1,0,18.88,2449.109532,-2.135958828,"concave",10.44058353,5.190922004,"low",274.5211319,"W","concave.gentle"
"5543","CR12","N","pico","A",3,0,0,0,0,0,0,0,0,0,1,0,18.88,2449.109532,-2.135958828,"concave",10.44058353,5.190922004,"low",274.5211319,"W","concave.gentle"
"5544","CR12","N","pico","A",4,1,0,1,1,0,0,0,0,0,1,0,18.88,2449.109532,-2.135958828,"concave",10.44058353,5.190922004,"low",274.5211319,"W","concave.gentle"
"5545","CR12","N","pico","A",5,0,0,0,0,0,0,0,0,0,1,0,18.88,2449.109532,-2.135958828,"concave",10.44058353,5.190922004,"low",274.5211319,"W","concave.gentle"
"5546","CR12","N","pico","A",6,0,0,0,0,0,0,0,0,0,1,0,18.88,2449.109532,-2.135958828,"concave",10.44058353,5.190922004,"low",274.5211319,"W","concave.gentle"
"5547","CR12","N","pico","A",7,1,0,1,1,0,0,0,0,0,1,0,18.88,2449.109532,-2.135958828,"concave",10.44058353,5.190922004,"low",274.5211319,"W","concave.gentle"
"5548","CR12","N","pico","A",8,1,0,1,1,0,0,0,0,0,1,1,18.88,2449.109532,-2.135958828,"concave",10.44058353,5.190922004,"low",274.5211319,"W","concave.gentle"
"5549","CR12","N","pico","A",9,0,0,0,0,0,0,0,0,0,1,0,18.88,2449.109532,-2.135958828,"concave",10.44058353,5.190922004,"low",274.5211319,"W","concave.gentle"
"5550","CR12","N","pico","A",10,1,0,1,1,1,0,0,0,0,1,0,18.88,2449.109532,-2.135958828,"concave",10.44058353,5.190922004,"low",274.5211319,"W","concave.gentle"
"5551","CR12","N","psme","A",1,0,0,0,0,0,0,0,0,0,1,0,18.88,2449.109532,-2.135958828,"concave",10.44058353,5.190922004,"low",274.5211319,"W","concave.gentle"
"5552","CR12","N","psme","A",2,0,0,0,0,0,0,0,0,0,1,0,18.88,2449.109532,-2.135958828,"concave",10.44058353,5.190922004,"low",274.5211319,"W","concave.gentle"
"5553","CR12","N","psme","A",3,0,0,0,0,0,0,0,0,0,1,0,18.88,2449.109532,-2.135958828,"concave",10.44058353,5.190922004,"low",274.5211319,"W","concave.gentle"
"5554","CR12","N","psme","A",4,0,0,0,0,0,0,0,0,0,1,0,18.88,2449.109532,-2.135958828,"concave",10.44058353,5.190922004,"low",274.5211319,"W","concave.gentle"
"5555","CR12","N","psme","A",5,0,0,0,0,0,0,0,0,0,1,0,18.88,2449.109532,-2.135958828,"concave",10.44058353,5.190922004,"low",274.5211319,"W","concave.gentle"
"5556","CR12","N","psme","A",6,0,0,0,0,0,0,0,0,0,1,0,18.88,2449.109532,-2.135958828,"concave",10.44058353,5.190922004,"low",274.5211319,"W","concave.gentle"
"5557","CR12","N","psme","A",7,0,0,0,0,0,0,0,0,0,1,0,18.88,2449.109532,-2.135958828,"concave",10.44058353,5.190922004,"low",274.5211319,"W","concave.gentle"
"5558","CR12","N","psme","A",8,0,0,0,0,0,0,0,0,0,1,0,18.88,2449.109532,-2.135958828,"concave",10.44058353,5.190922004,"low",274.5211319,"W","concave.gentle"
"5559","CR12","N","psme","A",9,0,0,0,0,0,0,0,0,0,1,0,18.88,2449.109532,-2.135958828,"concave",10.44058353,5.190922004,"low",274.5211319,"W","concave.gentle"
"5560","CR12","N","psme","A",10,1,0,1,1,0,0,0,0,0,1,0,18.88,2449.109532,-2.135958828,"concave",10.44058353,5.190922004,"low",274.5211319,"W","concave.gentle"
"5561","CR12","S","pico","A",1,0,0,0,0,0,0,0,0,0,1,0,18.88,2449.109532,-2.135958828,"concave",10.44058353,5.190922004,"low",274.5211319,"W","concave.gentle"
"5562","CR12","S","pico","A",2,1,0,1,0,0,0,0,0,0,1,0,18.88,2449.109532,-2.135958828,"concave",10.44058353,5.190922004,"low",274.5211319,"W","concave.gentle"
"5563","CR12","S","pico","A",3,1,0,1,0,0,0,0,0,0,1,0,18.88,2449.109532,-2.135958828,"concave",10.44058353,5.190922004,"low",274.5211319,"W","concave.gentle"
"5564","CR12","S","pico","A",4,0,0,0,0,0,0,0,0,0,1,0,18.88,2449.109532,-2.135958828,"concave",10.44058353,5.190922004,"low",274.5211319,"W","concave.gentle"
"5565","CR12","S","pico","A",5,0,0,0,0,0,0,0,0,0,1,0,18.88,2449.109532,-2.135958828,"concave",10.44058353,5.190922004,"low",274.5211319,"W","concave.gentle"
"5566","CR12","S","pico","A",6,0,0,0,0,0,0,0,0,0,1,0,18.88,2449.109532,-2.135958828,"concave",10.44058353,5.190922004,"low",274.5211319,"W","concave.gentle"
"5567","CR12","S","pico","A",7,0,0,0,0,0,0,0,0,0,1,0,18.88,2449.109532,-2.135958828,"concave",10.44058353,5.190922004,"low",274.5211319,"W","concave.gentle"
"5568","CR12","S","pico","A",8,0,0,0,0,0,0,0,0,0,1,0,18.88,2449.109532,-2.135958828,"concave",10.44058353,5.190922004,"low",274.5211319,"W","concave.gentle"
"5569","CR12","S","pico","A",9,0,0,0,0,0,0,0,0,0,1,0,18.88,2449.109532,-2.135958828,"concave",10.44058353,5.190922004,"low",274.5211319,"W","concave.gentle"
"5570","CR12","S","pico","A",10,0,0,0,0,0,0,0,0,0,1,0,18.88,2449.109532,-2.135958828,"concave",10.44058353,5.190922004,"low",274.5211319,"W","concave.gentle"
"5571","CR12","S","psme","A",1,0,0,0,0,0,0,0,0,0,1,0,18.88,2449.109532,-2.135958828,"concave",10.44058353,5.190922004,"low",274.5211319,"W","concave.gentle"
"5572","CR12","S","psme","A",2,0,0,0,0,0,0,0,0,0,1,0,18.88,2449.109532,-2.135958828,"concave",10.44058353,5.190922004,"low",274.5211319,"W","concave.gentle"
"5573","CR12","S","psme","A",3,0,0,0,0,0,0,0,0,0,1,0,18.88,2449.109532,-2.135958828,"concave",10.44058353,5.190922004,"low",274.5211319,"W","concave.gentle"
"5574","CR12","S","psme","A",4,0,0,0,0,0,0,0,0,0,1,0,18.88,2449.109532,-2.135958828,"concave",10.44058353,5.190922004,"low",274.5211319,"W","concave.gentle"
"5575","CR12","S","psme","A",5,0,0,0,0,0,0,0,0,0,1,0,18.88,2449.109532,-2.135958828,"concave",10.44058353,5.190922004,"low",274.5211319,"W","concave.gentle"
"5576","CR12","S","psme","A",6,0,0,0,0,0,0,0,0,0,1,0,18.88,2449.109532,-2.135958828,"concave",10.44058353,5.190922004,"low",274.5211319,"W","concave.gentle"
"5577","CR12","S","psme","A",7,0,0,0,0,0,0,0,0,0,1,0,18.88,2449.109532,-2.135958828,"concave",10.44058353,5.190922004,"low",274.5211319,"W","concave.gentle"
"5578","CR12","S","psme","A",8,0,0,0,0,0,0,0,0,0,1,0,18.88,2449.109532,-2.135958828,"concave",10.44058353,5.190922004,"low",274.5211319,"W","concave.gentle"
"5579","CR12","S","psme","A",9,0,0,0,0,0,0,0,0,0,1,0,18.88,2449.109532,-2.135958828,"concave",10.44058353,5.190922004,"low",274.5211319,"W","concave.gentle"
"5580","CR12","S","psme","A",10,0,0,0,0,0,0,0,0,0,1,0,18.88,2449.109532,-2.135958828,"concave",10.44058353,5.190922004,"low",274.5211319,"W","concave.gentle"
"5581","CR12","W","pico","A",1,1,0,1,1,1,0,0,0,0,1,0,18.88,2449.109532,-2.135958828,"concave",10.44058353,5.190922004,"low",274.5211319,"W","concave.gentle"
"5582","CR12","W","pico","A",2,0,0,0,0,0,0,0,0,0,1,0,18.88,2449.109532,-2.135958828,"concave",10.44058353,5.190922004,"low",274.5211319,"W","concave.gentle"
"5583","CR12","W","pico","A",3,0,0,0,0,0,0,0,0,0,1,0,18.88,2449.109532,-2.135958828,"concave",10.44058353,5.190922004,"low",274.5211319,"W","concave.gentle"
"5584","CR12","W","pico","A",4,1,0,1,1,1,0,0,0,0,1,0,18.88,2449.109532,-2.135958828,"concave",10.44058353,5.190922004,"low",274.5211319,"W","concave.gentle"
"5585","CR12","W","pico","A",5,0,0,0,0,0,0,0,0,0,1,0,18.88,2449.109532,-2.135958828,"concave",10.44058353,5.190922004,"low",274.5211319,"W","concave.gentle"
"5586","CR12","W","pico","A",6,1,0,1,1,0,0,0,0,0,1,0,18.88,2449.109532,-2.135958828,"concave",10.44058353,5.190922004,"low",274.5211319,"W","concave.gentle"
"5587","CR12","W","pico","A",7,1,0,1,1,0,0,0,0,0,1,0,18.88,2449.109532,-2.135958828,"concave",10.44058353,5.190922004,"low",274.5211319,"W","concave.gentle"
"5588","CR12","W","pico","A",8,0,0,0,0,0,0,0,0,0,1,0,18.88,2449.109532,-2.135958828,"concave",10.44058353,5.190922004,"low",274.5211319,"W","concave.gentle"
"5589","CR12","W","pico","A",9,0,0,0,0,0,0,0,0,0,1,0,18.88,2449.109532,-2.135958828,"concave",10.44058353,5.190922004,"low",274.5211319,"W","concave.gentle"
"5590","CR12","W","pico","A",10,0,0,0,0,0,0,0,0,0,1,0,18.88,2449.109532,-2.135958828,"concave",10.44058353,5.190922004,"low",274.5211319,"W","concave.gentle"
"5591","CR12","W","psme","A",1,0,0,0,0,0,0,0,0,0,1,0,18.88,2449.109532,-2.135958828,"concave",10.44058353,5.190922004,"low",274.5211319,"W","concave.gentle"
"5592","CR12","W","psme","A",2,0,0,0,0,0,0,0,0,0,1,0,18.88,2449.109532,-2.135958828,"concave",10.44058353,5.190922004,"low",274.5211319,"W","concave.gentle"
"5593","CR12","W","psme","A",3,0,0,0,0,0,0,0,0,0,1,0,18.88,2449.109532,-2.135958828,"concave",10.44058353,5.190922004,"low",274.5211319,"W","concave.gentle"
"5594","CR12","W","psme","A",4,0,0,0,0,0,0,0,0,0,1,0,18.88,2449.109532,-2.135958828,"concave",10.44058353,5.190922004,"low",274.5211319,"W","concave.gentle"
"5595","CR12","W","psme","A",5,0,0,0,0,0,0,0,0,0,1,0,18.88,2449.109532,-2.135958828,"concave",10.44058353,5.190922004,"low",274.5211319,"W","concave.gentle"
"5596","CR12","W","psme","A",6,0,0,0,0,0,0,0,0,0,1,0,18.88,2449.109532,-2.135958828,"concave",10.44058353,5.190922004,"low",274.5211319,"W","concave.gentle"
"5597","CR12","W","psme","A",7,0,0,0,0,0,0,0,0,0,1,0,18.88,2449.109532,-2.135958828,"concave",10.44058353,5.190922004,"low",274.5211319,"W","concave.gentle"
"5598","CR12","W","psme","A",8,0,0,0,0,0,0,0,0,0,1,0,18.88,2449.109532,-2.135958828,"concave",10.44058353,5.190922004,"low",274.5211319,"W","concave.gentle"
"5599","CR12","W","psme","A",9,0,0,0,0,0,0,0,0,0,1,0,18.88,2449.109532,-2.135958828,"concave",10.44058353,5.190922004,"low",274.5211319,"W","concave.gentle"
"5600","CR12","W","psme","A",10,0,0,0,0,0,0,0,0,0,1,0,18.88,2449.109532,-2.135958828,"concave",10.44058353,5.190922004,"low",274.5211319,"W","concave.gentle"
"5601","CR12","C","pico","B",1,0,0,0,0,0,0,0,0,0,1,0,18.88,2449.109532,-2.135958828,"concave",10.44058353,5.190922004,"low",274.5211319,"W","concave.gentle"
"5602","CR12","C","pico","B",2,0,0,0,0,0,0,0,0,0,1,0,18.88,2449.109532,-2.135958828,"concave",10.44058353,5.190922004,"low",274.5211319,"W","concave.gentle"
"5603","CR12","C","pico","B",3,1,0,1,1,1,0,0,0,0,1,0,18.88,2449.109532,-2.135958828,"concave",10.44058353,5.190922004,"low",274.5211319,"W","concave.gentle"
"5604","CR12","C","pico","B",4,0,0,0,0,0,0,0,0,0,1,0,18.88,2449.109532,-2.135958828,"concave",10.44058353,5.190922004,"low",274.5211319,"W","concave.gentle"
"5605","CR12","C","pico","B",5,0,0,0,0,0,0,0,0,0,1,0,18.88,2449.109532,-2.135958828,"concave",10.44058353,5.190922004,"low",274.5211319,"W","concave.gentle"
"5606","CR12","C","pico","B",6,0,0,0,0,0,0,0,0,0,1,0,18.88,2449.109532,-2.135958828,"concave",10.44058353,5.190922004,"low",274.5211319,"W","concave.gentle"
"5607","CR12","C","pico","B",7,1,0,1,1,1,0,0,0,0,1,0,18.88,2449.109532,-2.135958828,"concave",10.44058353,5.190922004,"low",274.5211319,"W","concave.gentle"
"5608","CR12","C","pico","B",8,1,0,1,1,1,0,0,0,0,1,0,18.88,2449.109532,-2.135958828,"concave",10.44058353,5.190922004,"low",274.5211319,"W","concave.gentle"
"5609","CR12","C","pico","B",9,0,0,0,0,0,0,0,0,0,1,0,18.88,2449.109532,-2.135958828,"concave",10.44058353,5.190922004,"low",274.5211319,"W","concave.gentle"
"5610","CR12","C","pico","B",10,0,0,0,0,0,0,0,0,0,1,0,18.88,2449.109532,-2.135958828,"concave",10.44058353,5.190922004,"low",274.5211319,"W","concave.gentle"
"5611","CR12","C","psme","B",1,0,0,0,0,0,0,0,0,0,1,0,18.88,2449.109532,-2.135958828,"concave",10.44058353,5.190922004,"low",274.5211319,"W","concave.gentle"
"5612","CR12","C","psme","B",2,0,0,0,0,0,0,0,0,0,1,0,18.88,2449.109532,-2.135958828,"concave",10.44058353,5.190922004,"low",274.5211319,"W","concave.gentle"
"5613","CR12","C","psme","B",3,0,0,0,0,0,0,0,0,0,1,0,18.88,2449.109532,-2.135958828,"concave",10.44058353,5.190922004,"low",274.5211319,"W","concave.gentle"
"5614","CR12","C","psme","B",4,1,0,1,1,0,0,0,0,0,1,0,18.88,2449.109532,-2.135958828,"concave",10.44058353,5.190922004,"low",274.5211319,"W","concave.gentle"
"5615","CR12","C","psme","B",5,0,0,0,0,0,0,0,0,0,1,0,18.88,2449.109532,-2.135958828,"concave",10.44058353,5.190922004,"low",274.5211319,"W","concave.gentle"
"5616","CR12","C","psme","B",6,0,0,0,0,0,0,0,0,0,1,0,18.88,2449.109532,-2.135958828,"concave",10.44058353,5.190922004,"low",274.5211319,"W","concave.gentle"
"5617","CR12","C","psme","B",7,0,0,0,0,0,0,0,0,0,1,0,18.88,2449.109532,-2.135958828,"concave",10.44058353,5.190922004,"low",274.5211319,"W","concave.gentle"
"5618","CR12","C","psme","B",8,0,0,0,0,0,0,0,0,0,1,0,18.88,2449.109532,-2.135958828,"concave",10.44058353,5.190922004,"low",274.5211319,"W","concave.gentle"
"5619","CR12","C","psme","B",9,0,0,0,0,0,0,0,0,0,1,0,18.88,2449.109532,-2.135958828,"concave",10.44058353,5.190922004,"low",274.5211319,"W","concave.gentle"
"5620","CR12","C","psme","B",10,0,0,0,0,0,0,0,0,0,1,0,18.88,2449.109532,-2.135958828,"concave",10.44058353,5.190922004,"low",274.5211319,"W","concave.gentle"
"5621","CR12","E","pico","B",1,1,0,1,1,0,0,0,0,0,1,0,18.88,2449.109532,-2.135958828,"concave",10.44058353,5.190922004,"low",274.5211319,"W","concave.gentle"
"5622","CR12","E","pico","B",2,0,0,0,0,0,0,0,0,0,1,0,18.88,2449.109532,-2.135958828,"concave",10.44058353,5.190922004,"low",274.5211319,"W","concave.gentle"
"5623","CR12","E","pico","B",3,0,0,0,0,0,0,0,0,0,1,0,18.88,2449.109532,-2.135958828,"concave",10.44058353,5.190922004,"low",274.5211319,"W","concave.gentle"
"5624","CR12","E","pico","B",4,0,0,0,0,0,0,0,0,0,1,0,18.88,2449.109532,-2.135958828,"concave",10.44058353,5.190922004,"low",274.5211319,"W","concave.gentle"
"5625","CR12","E","pico","B",5,0,0,0,0,0,0,0,0,0,1,0,18.88,2449.109532,-2.135958828,"concave",10.44058353,5.190922004,"low",274.5211319,"W","concave.gentle"
"5626","CR12","E","pico","B",6,0,0,0,0,0,0,0,1,1,0,0,18.88,2449.109532,-2.135958828,"concave",10.44058353,5.190922004,"low",274.5211319,"W","concave.gentle"
"5627","CR12","E","pico","B",7,1,0,1,1,0,0,0,1,1,0,0,18.88,2449.109532,-2.135958828,"concave",10.44058353,5.190922004,"low",274.5211319,"W","concave.gentle"
"5628","CR12","E","pico","B",8,0,0,0,0,0,0,0,1,1,0,0,18.88,2449.109532,-2.135958828,"concave",10.44058353,5.190922004,"low",274.5211319,"W","concave.gentle"
"5629","CR12","E","pico","B",9,0,0,0,0,0,0,0,1,1,0,0,18.88,2449.109532,-2.135958828,"concave",10.44058353,5.190922004,"low",274.5211319,"W","concave.gentle"
"5630","CR12","E","pico","B",10,1,0,1,1,0,0,0,1,1,0,0,18.88,2449.109532,-2.135958828,"concave",10.44058353,5.190922004,"low",274.5211319,"W","concave.gentle"
"5631","CR12","E","psme","B",1,0,0,0,0,0,0,0,0,0,1,0,18.88,2449.109532,-2.135958828,"concave",10.44058353,5.190922004,"low",274.5211319,"W","concave.gentle"
"5632","CR12","E","psme","B",2,0,0,0,0,0,0,0,0,0,1,0,18.88,2449.109532,-2.135958828,"concave",10.44058353,5.190922004,"low",274.5211319,"W","concave.gentle"
"5633","CR12","E","psme","B",3,0,0,0,0,0,0,0,0,0,1,0,18.88,2449.109532,-2.135958828,"concave",10.44058353,5.190922004,"low",274.5211319,"W","concave.gentle"
"5634","CR12","E","psme","B",4,0,0,0,0,0,0,0,0,0,1,0,18.88,2449.109532,-2.135958828,"concave",10.44058353,5.190922004,"low",274.5211319,"W","concave.gentle"
"5635","CR12","E","psme","B",5,0,0,0,0,0,0,0,0,0,1,0,18.88,2449.109532,-2.135958828,"concave",10.44058353,5.190922004,"low",274.5211319,"W","concave.gentle"
"5636","CR12","E","psme","B",6,0,0,0,0,0,0,0,0,0,1,0,18.88,2449.109532,-2.135958828,"concave",10.44058353,5.190922004,"low",274.5211319,"W","concave.gentle"
"5637","CR12","E","psme","B",7,0,0,0,0,0,0,0,0,0,1,0,18.88,2449.109532,-2.135958828,"concave",10.44058353,5.190922004,"low",274.5211319,"W","concave.gentle"
"5638","CR12","E","psme","B",8,0,0,0,0,0,0,0,0,0,1,0,18.88,2449.109532,-2.135958828,"concave",10.44058353,5.190922004,"low",274.5211319,"W","concave.gentle"
"5639","CR12","E","psme","B",9,0,0,0,0,0,0,0,0,0,1,0,18.88,2449.109532,-2.135958828,"concave",10.44058353,5.190922004,"low",274.5211319,"W","concave.gentle"
"5640","CR12","E","psme","B",10,0,0,0,0,0,0,0,0,0,1,0,18.88,2449.109532,-2.135958828,"concave",10.44058353,5.190922004,"low",274.5211319,"W","concave.gentle"
"5641","CR12","N","pico","B",1,0,0,0,0,0,0,0,0,0,1,0,18.88,2449.109532,-2.135958828,"concave",10.44058353,5.190922004,"low",274.5211319,"W","concave.gentle"
"5642","CR12","N","pico","B",2,0,0,0,0,0,0,0,0,0,1,0,18.88,2449.109532,-2.135958828,"concave",10.44058353,5.190922004,"low",274.5211319,"W","concave.gentle"
"5643","CR12","N","pico","B",3,1,0,1,1,0,0,0,0,0,1,1,18.88,2449.109532,-2.135958828,"concave",10.44058353,5.190922004,"low",274.5211319,"W","concave.gentle"
"5644","CR12","N","pico","B",4,1,0,1,0,0,0,0,0,0,1,0,18.88,2449.109532,-2.135958828,"concave",10.44058353,5.190922004,"low",274.5211319,"W","concave.gentle"
"5645","CR12","N","pico","B",5,0,0,0,0,0,0,0,0,0,1,0,18.88,2449.109532,-2.135958828,"concave",10.44058353,5.190922004,"low",274.5211319,"W","concave.gentle"
"5646","CR12","N","pico","B",6,1,0,1,1,1,0,0,0,0,1,0,18.88,2449.109532,-2.135958828,"concave",10.44058353,5.190922004,"low",274.5211319,"W","concave.gentle"
"5647","CR12","N","pico","B",7,0,0,0,0,0,0,0,0,0,1,0,18.88,2449.109532,-2.135958828,"concave",10.44058353,5.190922004,"low",274.5211319,"W","concave.gentle"
"5648","CR12","N","pico","B",8,0,0,0,0,0,0,0,0,0,1,0,18.88,2449.109532,-2.135958828,"concave",10.44058353,5.190922004,"low",274.5211319,"W","concave.gentle"
"5649","CR12","N","pico","B",9,0,0,0,0,0,0,0,0,0,1,0,18.88,2449.109532,-2.135958828,"concave",10.44058353,5.190922004,"low",274.5211319,"W","concave.gentle"
"5650","CR12","N","pico","B",10,0,0,0,0,0,0,0,0,0,1,0,18.88,2449.109532,-2.135958828,"concave",10.44058353,5.190922004,"low",274.5211319,"W","concave.gentle"
"5651","CR12","N","psme","B",1,0,0,0,0,0,0,0,0,0,1,0,18.88,2449.109532,-2.135958828,"concave",10.44058353,5.190922004,"low",274.5211319,"W","concave.gentle"
"5652","CR12","N","psme","B",2,0,0,0,0,0,0,0,0,0,1,0,18.88,2449.109532,-2.135958828,"concave",10.44058353,5.190922004,"low",274.5211319,"W","concave.gentle"
"5653","CR12","N","psme","B",3,0,0,0,0,0,0,0,0,0,1,0,18.88,2449.109532,-2.135958828,"concave",10.44058353,5.190922004,"low",274.5211319,"W","concave.gentle"
"5654","CR12","N","psme","B",4,0,0,0,0,0,0,0,0,0,1,0,18.88,2449.109532,-2.135958828,"concave",10.44058353,5.190922004,"low",274.5211319,"W","concave.gentle"
"5655","CR12","N","psme","B",5,0,0,0,0,0,0,0,0,0,1,0,18.88,2449.109532,-2.135958828,"concave",10.44058353,5.190922004,"low",274.5211319,"W","concave.gentle"
"5656","CR12","N","psme","B",6,1,0,1,1,0,0,0,0,0,1,0,18.88,2449.109532,-2.135958828,"concave",10.44058353,5.190922004,"low",274.5211319,"W","concave.gentle"
"5657","CR12","N","psme","B",7,0,0,0,0,0,0,0,0,0,1,0,18.88,2449.109532,-2.135958828,"concave",10.44058353,5.190922004,"low",274.5211319,"W","concave.gentle"
"5658","CR12","N","psme","B",8,0,0,0,0,0,0,0,0,0,1,0,18.88,2449.109532,-2.135958828,"concave",10.44058353,5.190922004,"low",274.5211319,"W","concave.gentle"
"5659","CR12","N","psme","B",9,0,0,0,0,0,0,0,0,0,1,0,18.88,2449.109532,-2.135958828,"concave",10.44058353,5.190922004,"low",274.5211319,"W","concave.gentle"
"5660","CR12","N","psme","B",10,0,0,0,0,0,0,0,0,0,1,0,18.88,2449.109532,-2.135958828,"concave",10.44058353,5.190922004,"low",274.5211319,"W","concave.gentle"
"5661","CR12","S","pico","B",1,0,0,0,0,0,0,0,0,0,1,0,18.88,2449.109532,-2.135958828,"concave",10.44058353,5.190922004,"low",274.5211319,"W","concave.gentle"
"5662","CR12","S","pico","B",2,1,0,1,1,0,0,0,0,0,1,0,18.88,2449.109532,-2.135958828,"concave",10.44058353,5.190922004,"low",274.5211319,"W","concave.gentle"
"5663","CR12","S","pico","B",3,0,0,0,0,0,0,0,0,0,1,0,18.88,2449.109532,-2.135958828,"concave",10.44058353,5.190922004,"low",274.5211319,"W","concave.gentle"
"5664","CR12","S","pico","B",4,1,0,1,1,0,0,0,0,0,1,0,18.88,2449.109532,-2.135958828,"concave",10.44058353,5.190922004,"low",274.5211319,"W","concave.gentle"
"5665","CR12","S","pico","B",5,1,0,1,1,0,0,0,0,0,1,1,18.88,2449.109532,-2.135958828,"concave",10.44058353,5.190922004,"low",274.5211319,"W","concave.gentle"
"5666","CR12","S","pico","B",6,0,0,0,0,0,0,0,0,0,1,0,18.88,2449.109532,-2.135958828,"concave",10.44058353,5.190922004,"low",274.5211319,"W","concave.gentle"
"5667","CR12","S","pico","B",7,0,0,0,0,0,0,0,0,0,1,0,18.88,2449.109532,-2.135958828,"concave",10.44058353,5.190922004,"low",274.5211319,"W","concave.gentle"
"5668","CR12","S","pico","B",8,1,0,1,1,0,0,0,0,0,1,1,18.88,2449.109532,-2.135958828,"concave",10.44058353,5.190922004,"low",274.5211319,"W","concave.gentle"
"5669","CR12","S","pico","B",9,0,0,0,0,0,0,0,0,0,1,0,18.88,2449.109532,-2.135958828,"concave",10.44058353,5.190922004,"low",274.5211319,"W","concave.gentle"
"5670","CR12","S","pico","B",10,1,0,1,1,1,0,0,0,0,1,0,18.88,2449.109532,-2.135958828,"concave",10.44058353,5.190922004,"low",274.5211319,"W","concave.gentle"
"5671","CR12","S","psme","B",1,0,0,0,0,0,0,0,0,0,1,0,18.88,2449.109532,-2.135958828,"concave",10.44058353,5.190922004,"low",274.5211319,"W","concave.gentle"
"5672","CR12","S","psme","B",2,0,0,0,0,0,0,0,0,0,1,0,18.88,2449.109532,-2.135958828,"concave",10.44058353,5.190922004,"low",274.5211319,"W","concave.gentle"
"5673","CR12","S","psme","B",3,0,0,0,0,0,0,0,0,0,1,0,18.88,2449.109532,-2.135958828,"concave",10.44058353,5.190922004,"low",274.5211319,"W","concave.gentle"
"5674","CR12","S","psme","B",4,0,0,0,0,0,0,0,0,0,1,0,18.88,2449.109532,-2.135958828,"concave",10.44058353,5.190922004,"low",274.5211319,"W","concave.gentle"
"5675","CR12","S","psme","B",5,0,0,0,0,0,0,0,0,0,1,0,18.88,2449.109532,-2.135958828,"concave",10.44058353,5.190922004,"low",274.5211319,"W","concave.gentle"
"5676","CR12","S","psme","B",6,0,0,0,0,0,0,0,0,0,1,0,18.88,2449.109532,-2.135958828,"concave",10.44058353,5.190922004,"low",274.5211319,"W","concave.gentle"
"5677","CR12","S","psme","B",7,0,0,0,0,0,0,0,0,0,1,0,18.88,2449.109532,-2.135958828,"concave",10.44058353,5.190922004,"low",274.5211319,"W","concave.gentle"
"5678","CR12","S","psme","B",8,0,0,0,0,0,0,0,0,0,1,0,18.88,2449.109532,-2.135958828,"concave",10.44058353,5.190922004,"low",274.5211319,"W","concave.gentle"
"5679","CR12","S","psme","B",9,0,0,0,0,0,0,0,0,0,1,0,18.88,2449.109532,-2.135958828,"concave",10.44058353,5.190922004,"low",274.5211319,"W","concave.gentle"
"5680","CR12","S","psme","B",10,0,0,0,0,0,0,0,0,0,1,0,18.88,2449.109532,-2.135958828,"concave",10.44058353,5.190922004,"low",274.5211319,"W","concave.gentle"
"5681","CR12","W","pico","B",1,0,0,0,0,0,0,0,0,0,1,0,18.88,2449.109532,-2.135958828,"concave",10.44058353,5.190922004,"low",274.5211319,"W","concave.gentle"
"5682","CR12","W","pico","B",2,1,0,1,1,0,0,0,0,0,1,1,18.88,2449.109532,-2.135958828,"concave",10.44058353,5.190922004,"low",274.5211319,"W","concave.gentle"
"5683","CR12","W","pico","B",3,1,0,1,1,1,0,0,0,0,1,0,18.88,2449.109532,-2.135958828,"concave",10.44058353,5.190922004,"low",274.5211319,"W","concave.gentle"
"5684","CR12","W","pico","B",4,1,0,1,1,1,0,0,0,0,1,0,18.88,2449.109532,-2.135958828,"concave",10.44058353,5.190922004,"low",274.5211319,"W","concave.gentle"
"5685","CR12","W","pico","B",5,1,0,1,1,1,0,0,0,0,1,0,18.88,2449.109532,-2.135958828,"concave",10.44058353,5.190922004,"low",274.5211319,"W","concave.gentle"
"5686","CR12","W","pico","B",6,1,0,1,1,0,0,0,0,0,1,0,18.88,2449.109532,-2.135958828,"concave",10.44058353,5.190922004,"low",274.5211319,"W","concave.gentle"
"5687","CR12","W","pico","B",7,0,0,0,0,0,0,0,0,0,1,0,18.88,2449.109532,-2.135958828,"concave",10.44058353,5.190922004,"low",274.5211319,"W","concave.gentle"
"5688","CR12","W","pico","B",8,0,0,0,0,0,0,0,0,0,1,0,18.88,2449.109532,-2.135958828,"concave",10.44058353,5.190922004,"low",274.5211319,"W","concave.gentle"
"5689","CR12","W","pico","B",9,0,0,0,0,0,0,0,0,0,1,0,18.88,2449.109532,-2.135958828,"concave",10.44058353,5.190922004,"low",274.5211319,"W","concave.gentle"
"5690","CR12","W","pico","B",10,0,0,0,0,0,0,0,0,0,1,0,18.88,2449.109532,-2.135958828,"concave",10.44058353,5.190922004,"low",274.5211319,"W","concave.gentle"
"5691","CR12","W","psme","B",1,0,0,0,0,0,0,0,0,0,1,0,18.88,2449.109532,-2.135958828,"concave",10.44058353,5.190922004,"low",274.5211319,"W","concave.gentle"
"5692","CR12","W","psme","B",2,0,0,0,0,0,0,0,0,0,1,0,18.88,2449.109532,-2.135958828,"concave",10.44058353,5.190922004,"low",274.5211319,"W","concave.gentle"
"5693","CR12","W","psme","B",3,0,0,0,0,0,0,0,0,0,1,0,18.88,2449.109532,-2.135958828,"concave",10.44058353,5.190922004,"low",274.5211319,"W","concave.gentle"
"5694","CR12","W","psme","B",4,0,0,0,0,0,0,0,0,0,1,0,18.88,2449.109532,-2.135958828,"concave",10.44058353,5.190922004,"low",274.5211319,"W","concave.gentle"
"5695","CR12","W","psme","B",5,0,0,0,0,0,0,0,0,0,1,0,18.88,2449.109532,-2.135958828,"concave",10.44058353,5.190922004,"low",274.5211319,"W","concave.gentle"
"5696","CR12","W","psme","B",6,0,0,0,0,0,0,0,0,0,1,0,18.88,2449.109532,-2.135958828,"concave",10.44058353,5.190922004,"low",274.5211319,"W","concave.gentle"
"5697","CR12","W","psme","B",7,0,0,0,0,0,0,0,0,0,1,0,18.88,2449.109532,-2.135958828,"concave",10.44058353,5.190922004,"low",274.5211319,"W","concave.gentle"
"5698","CR12","W","psme","B",8,0,0,0,0,0,0,0,0,0,1,0,18.88,2449.109532,-2.135958828,"concave",10.44058353,5.190922004,"low",274.5211319,"W","concave.gentle"
"5699","CR12","W","psme","B",9,0,0,0,0,0,0,0,0,0,1,0,18.88,2449.109532,-2.135958828,"concave",10.44058353,5.190922004,"low",274.5211319,"W","concave.gentle"
"5700","CR12","W","psme","B",10,0,0,0,0,0,0,0,0,0,1,0,18.88,2449.109532,-2.135958828,"concave",10.44058353,5.190922004,"low",274.5211319,"W","concave.gentle"
"5701","CR12","C","pico","C",1,0,0,0,0,0,0,0,0,0,1,0,18.88,2449.109532,-2.135958828,"concave",10.44058353,5.190922004,"low",274.5211319,"W","concave.gentle"
"5702","CR12","C","pico","C",2,1,0,1,1,0,0,0,0,0,1,1,18.88,2449.109532,-2.135958828,"concave",10.44058353,5.190922004,"low",274.5211319,"W","concave.gentle"
"5703","CR12","C","pico","C",3,0,0,0,0,0,0,0,0,0,1,0,18.88,2449.109532,-2.135958828,"concave",10.44058353,5.190922004,"low",274.5211319,"W","concave.gentle"
"5704","CR12","C","pico","C",4,0,0,0,0,0,0,0,0,0,1,0,18.88,2449.109532,-2.135958828,"concave",10.44058353,5.190922004,"low",274.5211319,"W","concave.gentle"
"5705","CR12","C","pico","C",5,0,0,0,0,0,0,0,0,0,1,0,18.88,2449.109532,-2.135958828,"concave",10.44058353,5.190922004,"low",274.5211319,"W","concave.gentle"
"5706","CR12","C","pico","C",6,0,0,0,0,0,0,0,0,0,1,0,18.88,2449.109532,-2.135958828,"concave",10.44058353,5.190922004,"low",274.5211319,"W","concave.gentle"
"5707","CR12","C","pico","C",7,0,0,0,0,0,0,0,0,0,1,0,18.88,2449.109532,-2.135958828,"concave",10.44058353,5.190922004,"low",274.5211319,"W","concave.gentle"
"5708","CR12","C","pico","C",8,0,0,0,0,0,0,0,0,0,1,0,18.88,2449.109532,-2.135958828,"concave",10.44058353,5.190922004,"low",274.5211319,"W","concave.gentle"
"5709","CR12","C","pico","C",9,0,0,0,0,0,0,0,0,0,1,0,18.88,2449.109532,-2.135958828,"concave",10.44058353,5.190922004,"low",274.5211319,"W","concave.gentle"
"5710","CR12","C","pico","C",10,1,0,1,1,1,0,0,0,0,1,0,18.88,2449.109532,-2.135958828,"concave",10.44058353,5.190922004,"low",274.5211319,"W","concave.gentle"
"5711","CR12","C","psme","C",1,0,0,0,0,0,0,0,0,0,1,0,18.88,2449.109532,-2.135958828,"concave",10.44058353,5.190922004,"low",274.5211319,"W","concave.gentle"
"5712","CR12","C","psme","C",2,0,0,0,0,0,0,0,0,0,1,0,18.88,2449.109532,-2.135958828,"concave",10.44058353,5.190922004,"low",274.5211319,"W","concave.gentle"
"5713","CR12","C","psme","C",3,0,0,0,0,0,0,0,0,0,1,0,18.88,2449.109532,-2.135958828,"concave",10.44058353,5.190922004,"low",274.5211319,"W","concave.gentle"
"5714","CR12","C","psme","C",4,0,0,0,0,0,0,0,0,0,1,0,18.88,2449.109532,-2.135958828,"concave",10.44058353,5.190922004,"low",274.5211319,"W","concave.gentle"
"5715","CR12","C","psme","C",5,0,0,0,0,0,0,0,0,0,1,0,18.88,2449.109532,-2.135958828,"concave",10.44058353,5.190922004,"low",274.5211319,"W","concave.gentle"
"5716","CR12","C","psme","C",6,0,0,0,0,0,0,0,0,0,1,0,18.88,2449.109532,-2.135958828,"concave",10.44058353,5.190922004,"low",274.5211319,"W","concave.gentle"
"5717","CR12","C","psme","C",7,0,0,0,0,0,0,0,0,0,1,0,18.88,2449.109532,-2.135958828,"concave",10.44058353,5.190922004,"low",274.5211319,"W","concave.gentle"
"5718","CR12","C","psme","C",8,0,0,0,0,0,0,0,0,0,1,0,18.88,2449.109532,-2.135958828,"concave",10.44058353,5.190922004,"low",274.5211319,"W","concave.gentle"
"5719","CR12","C","psme","C",9,1,0,1,0,0,0,0,0,0,1,0,18.88,2449.109532,-2.135958828,"concave",10.44058353,5.190922004,"low",274.5211319,"W","concave.gentle"
"5720","CR12","C","psme","C",10,0,0,0,0,0,0,0,0,0,1,0,18.88,2449.109532,-2.135958828,"concave",10.44058353,5.190922004,"low",274.5211319,"W","concave.gentle"
"5721","CR12","E","pico","C",1,1,0,1,1,0,0,0,0,0,1,0,18.88,2449.109532,-2.135958828,"concave",10.44058353,5.190922004,"low",274.5211319,"W","concave.gentle"
"5722","CR12","E","pico","C",2,0,0,0,0,0,0,0,0,0,1,0,18.88,2449.109532,-2.135958828,"concave",10.44058353,5.190922004,"low",274.5211319,"W","concave.gentle"
"5723","CR12","E","pico","C",3,0,0,0,0,0,0,0,0,0,1,0,18.88,2449.109532,-2.135958828,"concave",10.44058353,5.190922004,"low",274.5211319,"W","concave.gentle"
"5724","CR12","E","pico","C",4,0,0,0,0,0,0,0,0,0,1,0,18.88,2449.109532,-2.135958828,"concave",10.44058353,5.190922004,"low",274.5211319,"W","concave.gentle"
"5725","CR12","E","pico","C",5,0,0,0,0,0,0,0,0,0,1,0,18.88,2449.109532,-2.135958828,"concave",10.44058353,5.190922004,"low",274.5211319,"W","concave.gentle"
"5726","CR12","E","pico","C",6,1,0,1,1,0,0,0,0,0,1,0,18.88,2449.109532,-2.135958828,"concave",10.44058353,5.190922004,"low",274.5211319,"W","concave.gentle"
"5727","CR12","E","pico","C",7,0,0,0,0,0,0,0,0,0,1,0,18.88,2449.109532,-2.135958828,"concave",10.44058353,5.190922004,"low",274.5211319,"W","concave.gentle"
"5728","CR12","E","pico","C",8,0,0,0,0,0,0,0,0,0,1,0,18.88,2449.109532,-2.135958828,"concave",10.44058353,5.190922004,"low",274.5211319,"W","concave.gentle"
"5729","CR12","E","pico","C",9,1,0,1,1,1,0,0,0,0,1,0,18.88,2449.109532,-2.135958828,"concave",10.44058353,5.190922004,"low",274.5211319,"W","concave.gentle"
"5730","CR12","E","pico","C",10,0,0,0,0,0,0,0,0,0,1,0,18.88,2449.109532,-2.135958828,"concave",10.44058353,5.190922004,"low",274.5211319,"W","concave.gentle"
"5731","CR12","E","psme","C",1,0,0,0,0,0,0,0,0,0,1,0,18.88,2449.109532,-2.135958828,"concave",10.44058353,5.190922004,"low",274.5211319,"W","concave.gentle"
"5732","CR12","E","psme","C",2,0,0,0,0,0,0,0,0,0,1,0,18.88,2449.109532,-2.135958828,"concave",10.44058353,5.190922004,"low",274.5211319,"W","concave.gentle"
"5733","CR12","E","psme","C",3,0,0,0,0,0,0,0,0,0,1,0,18.88,2449.109532,-2.135958828,"concave",10.44058353,5.190922004,"low",274.5211319,"W","concave.gentle"
"5734","CR12","E","psme","C",4,0,0,0,0,0,0,0,0,0,1,0,18.88,2449.109532,-2.135958828,"concave",10.44058353,5.190922004,"low",274.5211319,"W","concave.gentle"
"5735","CR12","E","psme","C",5,0,0,0,0,0,0,0,0,0,1,0,18.88,2449.109532,-2.135958828,"concave",10.44058353,5.190922004,"low",274.5211319,"W","concave.gentle"
"5736","CR12","E","psme","C",6,0,0,0,0,0,0,0,0,0,1,0,18.88,2449.109532,-2.135958828,"concave",10.44058353,5.190922004,"low",274.5211319,"W","concave.gentle"
"5737","CR12","E","psme","C",7,1,0,1,0,0,0,0,0,0,1,0,18.88,2449.109532,-2.135958828,"concave",10.44058353,5.190922004,"low",274.5211319,"W","concave.gentle"
"5738","CR12","E","psme","C",8,0,0,0,0,0,0,0,0,0,1,0,18.88,2449.109532,-2.135958828,"concave",10.44058353,5.190922004,"low",274.5211319,"W","concave.gentle"
"5739","CR12","E","psme","C",9,0,0,0,0,0,0,0,0,0,1,0,18.88,2449.109532,-2.135958828,"concave",10.44058353,5.190922004,"low",274.5211319,"W","concave.gentle"
"5740","CR12","E","psme","C",10,0,0,0,0,0,0,0,0,0,1,0,18.88,2449.109532,-2.135958828,"concave",10.44058353,5.190922004,"low",274.5211319,"W","concave.gentle"
"5741","CR12","N","pico","C",1,0,0,0,0,0,0,0,0,0,1,0,18.88,2449.109532,-2.135958828,"concave",10.44058353,5.190922004,"low",274.5211319,"W","concave.gentle"
"5742","CR12","N","pico","C",2,0,0,0,0,0,0,0,0,0,1,0,18.88,2449.109532,-2.135958828,"concave",10.44058353,5.190922004,"low",274.5211319,"W","concave.gentle"
"5743","CR12","N","pico","C",3,0,0,0,0,0,0,0,0,0,1,0,18.88,2449.109532,-2.135958828,"concave",10.44058353,5.190922004,"low",274.5211319,"W","concave.gentle"
"5744","CR12","N","pico","C",4,0,0,0,0,0,0,0,0,0,1,0,18.88,2449.109532,-2.135958828,"concave",10.44058353,5.190922004,"low",274.5211319,"W","concave.gentle"
"5745","CR12","N","pico","C",5,1,0,1,1,1,0,0,0,0,1,0,18.88,2449.109532,-2.135958828,"concave",10.44058353,5.190922004,"low",274.5211319,"W","concave.gentle"
"5746","CR12","N","pico","C",6,0,0,0,0,0,0,0,0,0,1,0,18.88,2449.109532,-2.135958828,"concave",10.44058353,5.190922004,"low",274.5211319,"W","concave.gentle"
"5747","CR12","N","pico","C",7,1,0,1,1,0,0,0,0,0,1,1,18.88,2449.109532,-2.135958828,"concave",10.44058353,5.190922004,"low",274.5211319,"W","concave.gentle"
"5748","CR12","N","pico","C",8,0,0,0,0,0,0,0,0,0,1,0,18.88,2449.109532,-2.135958828,"concave",10.44058353,5.190922004,"low",274.5211319,"W","concave.gentle"
"5749","CR12","N","pico","C",9,0,0,0,0,0,0,0,0,0,1,0,18.88,2449.109532,-2.135958828,"concave",10.44058353,5.190922004,"low",274.5211319,"W","concave.gentle"
"5750","CR12","N","pico","C",10,0,0,0,0,0,0,0,0,0,1,0,18.88,2449.109532,-2.135958828,"concave",10.44058353,5.190922004,"low",274.5211319,"W","concave.gentle"
"5751","CR12","N","psme","C",1,0,0,0,0,0,0,0,0,0,1,0,18.88,2449.109532,-2.135958828,"concave",10.44058353,5.190922004,"low",274.5211319,"W","concave.gentle"
"5752","CR12","N","psme","C",2,0,0,0,0,0,0,0,0,0,1,0,18.88,2449.109532,-2.135958828,"concave",10.44058353,5.190922004,"low",274.5211319,"W","concave.gentle"
"5753","CR12","N","psme","C",3,0,0,0,0,0,0,0,0,0,1,0,18.88,2449.109532,-2.135958828,"concave",10.44058353,5.190922004,"low",274.5211319,"W","concave.gentle"
"5754","CR12","N","psme","C",4,0,0,0,0,0,0,0,0,0,1,0,18.88,2449.109532,-2.135958828,"concave",10.44058353,5.190922004,"low",274.5211319,"W","concave.gentle"
"5755","CR12","N","psme","C",5,0,0,0,0,0,0,0,0,0,1,0,18.88,2449.109532,-2.135958828,"concave",10.44058353,5.190922004,"low",274.5211319,"W","concave.gentle"
"5756","CR12","N","psme","C",6,0,0,0,0,0,0,0,0,0,1,0,18.88,2449.109532,-2.135958828,"concave",10.44058353,5.190922004,"low",274.5211319,"W","concave.gentle"
"5757","CR12","N","psme","C",7,0,0,0,0,0,0,0,0,0,1,0,18.88,2449.109532,-2.135958828,"concave",10.44058353,5.190922004,"low",274.5211319,"W","concave.gentle"
"5758","CR12","N","psme","C",8,0,0,0,0,0,0,0,0,0,1,0,18.88,2449.109532,-2.135958828,"concave",10.44058353,5.190922004,"low",274.5211319,"W","concave.gentle"
"5759","CR12","N","psme","C",9,0,0,0,0,0,0,0,0,0,1,0,18.88,2449.109532,-2.135958828,"concave",10.44058353,5.190922004,"low",274.5211319,"W","concave.gentle"
"5760","CR12","N","psme","C",10,0,0,0,0,0,0,0,0,0,1,0,18.88,2449.109532,-2.135958828,"concave",10.44058353,5.190922004,"low",274.5211319,"W","concave.gentle"
"5761","CR12","S","pico","C",1,0,0,0,0,0,0,0,0,0,1,0,18.88,2449.109532,-2.135958828,"concave",10.44058353,5.190922004,"low",274.5211319,"W","concave.gentle"
"5762","CR12","S","pico","C",2,0,0,0,0,0,0,0,0,0,1,0,18.88,2449.109532,-2.135958828,"concave",10.44058353,5.190922004,"low",274.5211319,"W","concave.gentle"
"5763","CR12","S","pico","C",3,0,0,0,0,0,0,0,0,0,1,0,18.88,2449.109532,-2.135958828,"concave",10.44058353,5.190922004,"low",274.5211319,"W","concave.gentle"
"5764","CR12","S","pico","C",4,0,0,0,0,0,0,0,0,0,1,0,18.88,2449.109532,-2.135958828,"concave",10.44058353,5.190922004,"low",274.5211319,"W","concave.gentle"
"5765","CR12","S","pico","C",5,0,0,0,0,0,0,0,0,0,1,0,18.88,2449.109532,-2.135958828,"concave",10.44058353,5.190922004,"low",274.5211319,"W","concave.gentle"
"5766","CR12","S","pico","C",6,1,0,1,0,0,0,0,0,0,1,0,18.88,2449.109532,-2.135958828,"concave",10.44058353,5.190922004,"low",274.5211319,"W","concave.gentle"
"5767","CR12","S","pico","C",7,0,0,0,0,0,0,0,0,0,1,0,18.88,2449.109532,-2.135958828,"concave",10.44058353,5.190922004,"low",274.5211319,"W","concave.gentle"
"5768","CR12","S","pico","C",8,1,0,1,1,0,0,0,0,0,1,1,18.88,2449.109532,-2.135958828,"concave",10.44058353,5.190922004,"low",274.5211319,"W","concave.gentle"
"5769","CR12","S","pico","C",9,0,0,0,0,0,0,0,0,0,1,0,18.88,2449.109532,-2.135958828,"concave",10.44058353,5.190922004,"low",274.5211319,"W","concave.gentle"
"5770","CR12","S","pico","C",10,0,0,0,0,0,0,0,0,0,1,0,18.88,2449.109532,-2.135958828,"concave",10.44058353,5.190922004,"low",274.5211319,"W","concave.gentle"
"5771","CR12","S","psme","C",1,0,0,0,0,0,0,0,0,0,1,0,18.88,2449.109532,-2.135958828,"concave",10.44058353,5.190922004,"low",274.5211319,"W","concave.gentle"
"5772","CR12","S","psme","C",2,0,0,0,0,0,0,0,0,0,1,0,18.88,2449.109532,-2.135958828,"concave",10.44058353,5.190922004,"low",274.5211319,"W","concave.gentle"
"5773","CR12","S","psme","C",3,0,0,0,0,0,0,0,0,0,1,0,18.88,2449.109532,-2.135958828,"concave",10.44058353,5.190922004,"low",274.5211319,"W","concave.gentle"
"5774","CR12","S","psme","C",4,0,0,0,0,0,0,0,0,0,1,0,18.88,2449.109532,-2.135958828,"concave",10.44058353,5.190922004,"low",274.5211319,"W","concave.gentle"
"5775","CR12","S","psme","C",5,0,0,0,0,0,0,0,0,0,1,0,18.88,2449.109532,-2.135958828,"concave",10.44058353,5.190922004,"low",274.5211319,"W","concave.gentle"
"5776","CR12","S","psme","C",6,0,0,0,0,0,0,0,0,0,1,0,18.88,2449.109532,-2.135958828,"concave",10.44058353,5.190922004,"low",274.5211319,"W","concave.gentle"
"5777","CR12","S","psme","C",7,0,0,0,0,0,0,0,0,0,1,0,18.88,2449.109532,-2.135958828,"concave",10.44058353,5.190922004,"low",274.5211319,"W","concave.gentle"
"5778","CR12","S","psme","C",8,0,0,0,0,0,0,0,0,0,1,0,18.88,2449.109532,-2.135958828,"concave",10.44058353,5.190922004,"low",274.5211319,"W","concave.gentle"
"5779","CR12","S","psme","C",9,0,0,0,0,0,0,0,0,0,1,0,18.88,2449.109532,-2.135958828,"concave",10.44058353,5.190922004,"low",274.5211319,"W","concave.gentle"
"5780","CR12","S","psme","C",10,0,0,0,0,0,0,0,0,0,1,0,18.88,2449.109532,-2.135958828,"concave",10.44058353,5.190922004,"low",274.5211319,"W","concave.gentle"
"5781","CR12","W","pico","C",1,0,0,0,0,0,0,0,0,0,1,0,18.88,2449.109532,-2.135958828,"concave",10.44058353,5.190922004,"low",274.5211319,"W","concave.gentle"
"5782","CR12","W","pico","C",2,1,0,1,1,1,0,0,0,0,1,0,18.88,2449.109532,-2.135958828,"concave",10.44058353,5.190922004,"low",274.5211319,"W","concave.gentle"
"5783","CR12","W","pico","C",3,0,0,0,0,0,0,0,0,0,1,0,18.88,2449.109532,-2.135958828,"concave",10.44058353,5.190922004,"low",274.5211319,"W","concave.gentle"
"5784","CR12","W","pico","C",4,1,0,1,1,1,0,0,0,0,1,0,18.88,2449.109532,-2.135958828,"concave",10.44058353,5.190922004,"low",274.5211319,"W","concave.gentle"
"5785","CR12","W","pico","C",5,0,0,0,0,0,0,0,0,0,1,0,18.88,2449.109532,-2.135958828,"concave",10.44058353,5.190922004,"low",274.5211319,"W","concave.gentle"
"5786","CR12","W","pico","C",6,1,0,1,1,0,0,0,0,0,1,1,18.88,2449.109532,-2.135958828,"concave",10.44058353,5.190922004,"low",274.5211319,"W","concave.gentle"
"5787","CR12","W","pico","C",7,0,0,0,0,0,0,0,0,0,1,0,18.88,2449.109532,-2.135958828,"concave",10.44058353,5.190922004,"low",274.5211319,"W","concave.gentle"
"5788","CR12","W","pico","C",8,0,0,0,0,0,0,0,0,0,1,0,18.88,2449.109532,-2.135958828,"concave",10.44058353,5.190922004,"low",274.5211319,"W","concave.gentle"
"5789","CR12","W","pico","C",9,0,0,0,0,0,0,0,0,0,1,0,18.88,2449.109532,-2.135958828,"concave",10.44058353,5.190922004,"low",274.5211319,"W","concave.gentle"
"5790","CR12","W","pico","C",10,0,0,0,0,0,0,0,0,0,1,0,18.88,2449.109532,-2.135958828,"concave",10.44058353,5.190922004,"low",274.5211319,"W","concave.gentle"
"5791","CR12","W","psme","C",1,0,0,0,0,0,0,0,0,0,1,0,18.88,2449.109532,-2.135958828,"concave",10.44058353,5.190922004,"low",274.5211319,"W","concave.gentle"
"5792","CR12","W","psme","C",2,0,0,0,0,0,0,0,0,0,1,0,18.88,2449.109532,-2.135958828,"concave",10.44058353,5.190922004,"low",274.5211319,"W","concave.gentle"
"5793","CR12","W","psme","C",3,0,0,0,0,0,0,0,0,0,1,0,18.88,2449.109532,-2.135958828,"concave",10.44058353,5.190922004,"low",274.5211319,"W","concave.gentle"
"5794","CR12","W","psme","C",4,0,0,0,0,0,0,0,0,0,1,0,18.88,2449.109532,-2.135958828,"concave",10.44058353,5.190922004,"low",274.5211319,"W","concave.gentle"
"5795","CR12","W","psme","C",5,0,0,0,0,0,0,0,0,0,1,0,18.88,2449.109532,-2.135958828,"concave",10.44058353,5.190922004,"low",274.5211319,"W","concave.gentle"
"5796","CR12","W","psme","C",6,0,0,0,0,0,0,0,0,0,1,0,18.88,2449.109532,-2.135958828,"concave",10.44058353,5.190922004,"low",274.5211319,"W","concave.gentle"
"5797","CR12","W","psme","C",7,0,0,0,0,0,0,0,0,0,1,0,18.88,2449.109532,-2.135958828,"concave",10.44058353,5.190922004,"low",274.5211319,"W","concave.gentle"
"5798","CR12","W","psme","C",8,0,0,0,0,0,0,0,0,0,1,0,18.88,2449.109532,-2.135958828,"concave",10.44058353,5.190922004,"low",274.5211319,"W","concave.gentle"
"5799","CR12","W","psme","C",9,0,0,0,0,0,0,0,0,0,1,0,18.88,2449.109532,-2.135958828,"concave",10.44058353,5.190922004,"low",274.5211319,"W","concave.gentle"
"5800","CR12","W","psme","C",10,0,0,0,0,0,0,0,0,0,1,0,18.88,2449.109532,-2.135958828,"concave",10.44058353,5.190922004,"low",274.5211319,"W","concave.gentle"
"5801","CR12","C","pico","D",1,0,0,0,0,0,0,0,0,0,1,0,18.88,2449.109532,-2.135958828,"concave",10.44058353,5.190922004,"low",274.5211319,"W","concave.gentle"
"5802","CR12","C","pico","D",2,0,0,0,0,0,0,0,0,0,1,0,18.88,2449.109532,-2.135958828,"concave",10.44058353,5.190922004,"low",274.5211319,"W","concave.gentle"
"5803","CR12","C","pico","D",3,0,0,0,0,0,0,0,0,0,1,0,18.88,2449.109532,-2.135958828,"concave",10.44058353,5.190922004,"low",274.5211319,"W","concave.gentle"
"5804","CR12","C","pico","D",4,1,0,1,1,0,0,0,0,0,1,1,18.88,2449.109532,-2.135958828,"concave",10.44058353,5.190922004,"low",274.5211319,"W","concave.gentle"
"5805","CR12","C","pico","D",5,0,0,0,0,0,0,0,0,0,1,0,18.88,2449.109532,-2.135958828,"concave",10.44058353,5.190922004,"low",274.5211319,"W","concave.gentle"
"5806","CR12","C","pico","D",6,0,0,0,0,0,0,0,0,0,1,0,18.88,2449.109532,-2.135958828,"concave",10.44058353,5.190922004,"low",274.5211319,"W","concave.gentle"
"5807","CR12","C","pico","D",7,0,0,0,0,0,0,0,0,0,1,0,18.88,2449.109532,-2.135958828,"concave",10.44058353,5.190922004,"low",274.5211319,"W","concave.gentle"
"5808","CR12","C","pico","D",8,0,0,0,0,0,0,0,0,0,1,0,18.88,2449.109532,-2.135958828,"concave",10.44058353,5.190922004,"low",274.5211319,"W","concave.gentle"
"5809","CR12","C","pico","D",9,0,0,0,0,0,0,0,0,0,1,0,18.88,2449.109532,-2.135958828,"concave",10.44058353,5.190922004,"low",274.5211319,"W","concave.gentle"
"5810","CR12","C","pico","D",10,0,0,0,0,0,0,0,0,0,1,0,18.88,2449.109532,-2.135958828,"concave",10.44058353,5.190922004,"low",274.5211319,"W","concave.gentle"
"5811","CR12","C","psme","D",1,0,0,0,0,0,0,0,0,0,1,0,18.88,2449.109532,-2.135958828,"concave",10.44058353,5.190922004,"low",274.5211319,"W","concave.gentle"
"5812","CR12","C","psme","D",2,0,0,0,0,0,0,0,0,0,1,0,18.88,2449.109532,-2.135958828,"concave",10.44058353,5.190922004,"low",274.5211319,"W","concave.gentle"
"5813","CR12","C","psme","D",3,0,0,0,0,0,0,0,0,0,1,0,18.88,2449.109532,-2.135958828,"concave",10.44058353,5.190922004,"low",274.5211319,"W","concave.gentle"
"5814","CR12","C","psme","D",4,0,0,0,0,0,0,0,0,0,1,0,18.88,2449.109532,-2.135958828,"concave",10.44058353,5.190922004,"low",274.5211319,"W","concave.gentle"
"5815","CR12","C","psme","D",5,0,0,0,0,0,0,0,0,0,1,0,18.88,2449.109532,-2.135958828,"concave",10.44058353,5.190922004,"low",274.5211319,"W","concave.gentle"
"5816","CR12","C","psme","D",6,0,0,0,0,0,0,0,0,0,1,0,18.88,2449.109532,-2.135958828,"concave",10.44058353,5.190922004,"low",274.5211319,"W","concave.gentle"
"5817","CR12","C","psme","D",7,0,0,0,0,0,0,0,0,0,1,0,18.88,2449.109532,-2.135958828,"concave",10.44058353,5.190922004,"low",274.5211319,"W","concave.gentle"
"5818","CR12","C","psme","D",8,0,0,0,0,0,0,0,0,0,1,0,18.88,2449.109532,-2.135958828,"concave",10.44058353,5.190922004,"low",274.5211319,"W","concave.gentle"
"5819","CR12","C","psme","D",9,0,0,0,0,0,0,0,0,0,1,0,18.88,2449.109532,-2.135958828,"concave",10.44058353,5.190922004,"low",274.5211319,"W","concave.gentle"
"5820","CR12","C","psme","D",10,0,0,0,0,0,0,0,0,0,1,0,18.88,2449.109532,-2.135958828,"concave",10.44058353,5.190922004,"low",274.5211319,"W","concave.gentle"
"5821","CR12","E","pico","D",1,0,0,0,0,0,0,0,0,0,1,0,18.88,2449.109532,-2.135958828,"concave",10.44058353,5.190922004,"low",274.5211319,"W","concave.gentle"
"5822","CR12","E","pico","D",2,1,0,1,0,0,0,0,0,0,1,0,18.88,2449.109532,-2.135958828,"concave",10.44058353,5.190922004,"low",274.5211319,"W","concave.gentle"
"5823","CR12","E","pico","D",3,0,0,0,0,0,0,0,0,0,1,0,18.88,2449.109532,-2.135958828,"concave",10.44058353,5.190922004,"low",274.5211319,"W","concave.gentle"
"5824","CR12","E","pico","D",4,0,0,0,0,0,0,0,0,0,1,0,18.88,2449.109532,-2.135958828,"concave",10.44058353,5.190922004,"low",274.5211319,"W","concave.gentle"
"5825","CR12","E","pico","D",5,0,0,0,0,0,0,0,0,0,1,0,18.88,2449.109532,-2.135958828,"concave",10.44058353,5.190922004,"low",274.5211319,"W","concave.gentle"
"5826","CR12","E","pico","D",6,0,0,0,0,0,0,0,0,0,1,0,18.88,2449.109532,-2.135958828,"concave",10.44058353,5.190922004,"low",274.5211319,"W","concave.gentle"
"5827","CR12","E","pico","D",7,1,0,1,0,0,0,0,0,0,1,0,18.88,2449.109532,-2.135958828,"concave",10.44058353,5.190922004,"low",274.5211319,"W","concave.gentle"
"5828","CR12","E","pico","D",8,0,0,0,0,0,0,0,0,0,1,0,18.88,2449.109532,-2.135958828,"concave",10.44058353,5.190922004,"low",274.5211319,"W","concave.gentle"
"5829","CR12","E","pico","D",9,0,0,0,0,0,0,0,0,0,1,0,18.88,2449.109532,-2.135958828,"concave",10.44058353,5.190922004,"low",274.5211319,"W","concave.gentle"
"5830","CR12","E","pico","D",10,0,0,0,0,0,0,0,0,0,1,0,18.88,2449.109532,-2.135958828,"concave",10.44058353,5.190922004,"low",274.5211319,"W","concave.gentle"
"5831","CR12","E","psme","D",1,0,0,0,0,0,0,0,0,0,1,0,18.88,2449.109532,-2.135958828,"concave",10.44058353,5.190922004,"low",274.5211319,"W","concave.gentle"
"5832","CR12","E","psme","D",2,0,0,0,0,0,0,0,0,0,1,0,18.88,2449.109532,-2.135958828,"concave",10.44058353,5.190922004,"low",274.5211319,"W","concave.gentle"
"5833","CR12","E","psme","D",3,0,0,0,0,0,0,0,0,0,1,0,18.88,2449.109532,-2.135958828,"concave",10.44058353,5.190922004,"low",274.5211319,"W","concave.gentle"
"5834","CR12","E","psme","D",4,0,0,0,0,0,0,0,0,0,1,0,18.88,2449.109532,-2.135958828,"concave",10.44058353,5.190922004,"low",274.5211319,"W","concave.gentle"
"5835","CR12","E","psme","D",5,0,0,0,0,0,0,0,0,0,1,0,18.88,2449.109532,-2.135958828,"concave",10.44058353,5.190922004,"low",274.5211319,"W","concave.gentle"
"5836","CR12","E","psme","D",6,0,0,0,0,0,0,0,0,0,1,0,18.88,2449.109532,-2.135958828,"concave",10.44058353,5.190922004,"low",274.5211319,"W","concave.gentle"
"5837","CR12","E","psme","D",7,0,0,0,0,0,0,0,0,0,1,0,18.88,2449.109532,-2.135958828,"concave",10.44058353,5.190922004,"low",274.5211319,"W","concave.gentle"
"5838","CR12","E","psme","D",8,0,0,0,0,0,0,0,0,0,1,0,18.88,2449.109532,-2.135958828,"concave",10.44058353,5.190922004,"low",274.5211319,"W","concave.gentle"
"5839","CR12","E","psme","D",9,0,0,0,0,0,0,0,0,0,1,0,18.88,2449.109532,-2.135958828,"concave",10.44058353,5.190922004,"low",274.5211319,"W","concave.gentle"
"5840","CR12","E","psme","D",10,0,0,0,0,0,0,0,0,0,1,0,18.88,2449.109532,-2.135958828,"concave",10.44058353,5.190922004,"low",274.5211319,"W","concave.gentle"
"5841","CR12","N","pico","D",1,0,0,0,0,0,0,0,0,0,1,0,18.88,2449.109532,-2.135958828,"concave",10.44058353,5.190922004,"low",274.5211319,"W","concave.gentle"
"5842","CR12","N","pico","D",2,1,0,1,1,0,0,0,0,0,1,0,18.88,2449.109532,-2.135958828,"concave",10.44058353,5.190922004,"low",274.5211319,"W","concave.gentle"
"5843","CR12","N","pico","D",3,0,0,0,0,0,0,0,0,0,1,0,18.88,2449.109532,-2.135958828,"concave",10.44058353,5.190922004,"low",274.5211319,"W","concave.gentle"
"5844","CR12","N","pico","D",4,1,0,1,1,0,0,0,0,0,1,1,18.88,2449.109532,-2.135958828,"concave",10.44058353,5.190922004,"low",274.5211319,"W","concave.gentle"
"5845","CR12","N","pico","D",5,0,0,0,0,0,0,0,0,0,1,0,18.88,2449.109532,-2.135958828,"concave",10.44058353,5.190922004,"low",274.5211319,"W","concave.gentle"
"5846","CR12","N","pico","D",6,1,0,1,1,0,0,0,0,0,1,0,18.88,2449.109532,-2.135958828,"concave",10.44058353,5.190922004,"low",274.5211319,"W","concave.gentle"
"5847","CR12","N","pico","D",7,0,0,0,0,0,0,0,0,0,1,0,18.88,2449.109532,-2.135958828,"concave",10.44058353,5.190922004,"low",274.5211319,"W","concave.gentle"
"5848","CR12","N","pico","D",8,2,0,1,2,0,1,0,0,0,1,0,18.88,2449.109532,-2.135958828,"concave",10.44058353,5.190922004,"low",274.5211319,"W","concave.gentle"
"5849","CR12","N","pico","D",9,0,0,0,0,0,0,0,0,0,1,0,18.88,2449.109532,-2.135958828,"concave",10.44058353,5.190922004,"low",274.5211319,"W","concave.gentle"
"5850","CR12","N","pico","D",10,0,0,0,0,0,0,0,0,0,1,0,18.88,2449.109532,-2.135958828,"concave",10.44058353,5.190922004,"low",274.5211319,"W","concave.gentle"
"5851","CR12","N","psme","D",1,0,0,0,0,0,0,0,0,0,1,0,18.88,2449.109532,-2.135958828,"concave",10.44058353,5.190922004,"low",274.5211319,"W","concave.gentle"
"5852","CR12","N","psme","D",2,0,0,0,0,0,0,0,0,0,1,0,18.88,2449.109532,-2.135958828,"concave",10.44058353,5.190922004,"low",274.5211319,"W","concave.gentle"
"5853","CR12","N","psme","D",3,0,0,0,0,0,0,0,0,0,1,0,18.88,2449.109532,-2.135958828,"concave",10.44058353,5.190922004,"low",274.5211319,"W","concave.gentle"
"5854","CR12","N","psme","D",4,0,0,0,0,0,0,0,0,0,1,0,18.88,2449.109532,-2.135958828,"concave",10.44058353,5.190922004,"low",274.5211319,"W","concave.gentle"
"5855","CR12","N","psme","D",5,0,0,0,0,0,0,0,0,0,1,0,18.88,2449.109532,-2.135958828,"concave",10.44058353,5.190922004,"low",274.5211319,"W","concave.gentle"
"5856","CR12","N","psme","D",6,0,0,0,0,0,0,0,0,0,1,0,18.88,2449.109532,-2.135958828,"concave",10.44058353,5.190922004,"low",274.5211319,"W","concave.gentle"
"5857","CR12","N","psme","D",7,0,0,0,0,0,0,0,0,0,1,0,18.88,2449.109532,-2.135958828,"concave",10.44058353,5.190922004,"low",274.5211319,"W","concave.gentle"
"5858","CR12","N","psme","D",8,0,0,0,0,0,0,0,0,0,1,0,18.88,2449.109532,-2.135958828,"concave",10.44058353,5.190922004,"low",274.5211319,"W","concave.gentle"
"5859","CR12","N","psme","D",9,0,0,0,0,0,0,0,0,0,1,0,18.88,2449.109532,-2.135958828,"concave",10.44058353,5.190922004,"low",274.5211319,"W","concave.gentle"
"5860","CR12","N","psme","D",10,0,0,0,0,0,0,0,0,0,1,0,18.88,2449.109532,-2.135958828,"concave",10.44058353,5.190922004,"low",274.5211319,"W","concave.gentle"
"5861","CR12","S","pico","D",1,0,0,0,0,0,0,0,0,0,1,0,18.88,2449.109532,-2.135958828,"concave",10.44058353,5.190922004,"low",274.5211319,"W","concave.gentle"
"5862","CR12","S","pico","D",2,0,0,0,0,0,0,0,0,0,1,0,18.88,2449.109532,-2.135958828,"concave",10.44058353,5.190922004,"low",274.5211319,"W","concave.gentle"
"5863","CR12","S","pico","D",3,0,0,0,0,0,0,0,0,0,1,0,18.88,2449.109532,-2.135958828,"concave",10.44058353,5.190922004,"low",274.5211319,"W","concave.gentle"
"5864","CR12","S","pico","D",4,0,0,0,0,0,0,0,0,0,1,0,18.88,2449.109532,-2.135958828,"concave",10.44058353,5.190922004,"low",274.5211319,"W","concave.gentle"
"5865","CR12","S","pico","D",5,0,0,0,0,0,0,0,0,0,1,0,18.88,2449.109532,-2.135958828,"concave",10.44058353,5.190922004,"low",274.5211319,"W","concave.gentle"
"5866","CR12","S","pico","D",6,1,0,1,0,0,0,0,0,0,1,0,18.88,2449.109532,-2.135958828,"concave",10.44058353,5.190922004,"low",274.5211319,"W","concave.gentle"
"5867","CR12","S","pico","D",7,1,0,1,0,0,0,0,0,0,1,0,18.88,2449.109532,-2.135958828,"concave",10.44058353,5.190922004,"low",274.5211319,"W","concave.gentle"
"5868","CR12","S","pico","D",8,0,0,0,0,0,0,0,0,0,1,0,18.88,2449.109532,-2.135958828,"concave",10.44058353,5.190922004,"low",274.5211319,"W","concave.gentle"
"5869","CR12","S","pico","D",9,0,0,0,0,0,0,0,0,0,1,0,18.88,2449.109532,-2.135958828,"concave",10.44058353,5.190922004,"low",274.5211319,"W","concave.gentle"
"5870","CR12","S","pico","D",10,1,0,1,0,0,0,0,0,0,1,1,18.88,2449.109532,-2.135958828,"concave",10.44058353,5.190922004,"low",274.5211319,"W","concave.gentle"
"5871","CR12","S","psme","D",1,0,0,0,0,0,0,0,0,0,1,0,18.88,2449.109532,-2.135958828,"concave",10.44058353,5.190922004,"low",274.5211319,"W","concave.gentle"
"5872","CR12","S","psme","D",2,0,0,0,0,0,0,0,0,0,1,0,18.88,2449.109532,-2.135958828,"concave",10.44058353,5.190922004,"low",274.5211319,"W","concave.gentle"
"5873","CR12","S","psme","D",3,0,0,0,0,0,0,0,0,0,1,0,18.88,2449.109532,-2.135958828,"concave",10.44058353,5.190922004,"low",274.5211319,"W","concave.gentle"
"5874","CR12","S","psme","D",4,0,0,0,0,0,0,0,0,0,1,0,18.88,2449.109532,-2.135958828,"concave",10.44058353,5.190922004,"low",274.5211319,"W","concave.gentle"
"5875","CR12","S","psme","D",5,0,0,0,0,0,0,0,0,0,1,0,18.88,2449.109532,-2.135958828,"concave",10.44058353,5.190922004,"low",274.5211319,"W","concave.gentle"
"5876","CR12","S","psme","D",6,0,0,0,0,0,0,0,0,0,1,0,18.88,2449.109532,-2.135958828,"concave",10.44058353,5.190922004,"low",274.5211319,"W","concave.gentle"
"5877","CR12","S","psme","D",7,0,0,0,0,0,0,0,0,0,1,0,18.88,2449.109532,-2.135958828,"concave",10.44058353,5.190922004,"low",274.5211319,"W","concave.gentle"
"5878","CR12","S","psme","D",8,0,0,0,0,0,0,0,0,0,1,0,18.88,2449.109532,-2.135958828,"concave",10.44058353,5.190922004,"low",274.5211319,"W","concave.gentle"
"5879","CR12","S","psme","D",9,0,0,0,0,0,0,0,0,0,1,0,18.88,2449.109532,-2.135958828,"concave",10.44058353,5.190922004,"low",274.5211319,"W","concave.gentle"
"5880","CR12","S","psme","D",10,0,0,0,0,0,0,0,0,0,1,0,18.88,2449.109532,-2.135958828,"concave",10.44058353,5.190922004,"low",274.5211319,"W","concave.gentle"
"5881","CR12","W","pico","D",1,0,0,0,0,0,0,0,0,0,1,0,18.88,2449.109532,-2.135958828,"concave",10.44058353,5.190922004,"low",274.5211319,"W","concave.gentle"
"5882","CR12","W","pico","D",2,0,0,0,0,0,0,0,0,0,1,0,18.88,2449.109532,-2.135958828,"concave",10.44058353,5.190922004,"low",274.5211319,"W","concave.gentle"
"5883","CR12","W","pico","D",3,1,0,1,1,0,0,0,0,0,1,1,18.88,2449.109532,-2.135958828,"concave",10.44058353,5.190922004,"low",274.5211319,"W","concave.gentle"
"5884","CR12","W","pico","D",4,1,0,1,1,1,0,0,0,0,1,0,18.88,2449.109532,-2.135958828,"concave",10.44058353,5.190922004,"low",274.5211319,"W","concave.gentle"
"5885","CR12","W","pico","D",5,0,0,0,0,0,0,0,0,0,1,0,18.88,2449.109532,-2.135958828,"concave",10.44058353,5.190922004,"low",274.5211319,"W","concave.gentle"
"5886","CR12","W","pico","D",6,0,0,0,0,0,0,0,0,0,1,0,18.88,2449.109532,-2.135958828,"concave",10.44058353,5.190922004,"low",274.5211319,"W","concave.gentle"
"5887","CR12","W","pico","D",7,1,0,1,1,1,0,0,0,0,1,0,18.88,2449.109532,-2.135958828,"concave",10.44058353,5.190922004,"low",274.5211319,"W","concave.gentle"
"5888","CR12","W","pico","D",8,1,0,1,1,0,0,0,0,0,1,0,18.88,2449.109532,-2.135958828,"concave",10.44058353,5.190922004,"low",274.5211319,"W","concave.gentle"
"5889","CR12","W","pico","D",9,0,0,0,0,0,0,0,0,0,1,0,18.88,2449.109532,-2.135958828,"concave",10.44058353,5.190922004,"low",274.5211319,"W","concave.gentle"
"5890","CR12","W","pico","D",10,1,0,1,1,0,0,0,0,0,1,0,18.88,2449.109532,-2.135958828,"concave",10.44058353,5.190922004,"low",274.5211319,"W","concave.gentle"
"5891","CR12","W","psme","D",1,0,0,0,0,0,0,0,0,0,1,0,18.88,2449.109532,-2.135958828,"concave",10.44058353,5.190922004,"low",274.5211319,"W","concave.gentle"
"5892","CR12","W","psme","D",2,0,0,0,0,0,0,0,0,0,1,0,18.88,2449.109532,-2.135958828,"concave",10.44058353,5.190922004,"low",274.5211319,"W","concave.gentle"
"5893","CR12","W","psme","D",3,0,0,0,0,0,0,0,0,0,1,0,18.88,2449.109532,-2.135958828,"concave",10.44058353,5.190922004,"low",274.5211319,"W","concave.gentle"
"5894","CR12","W","psme","D",4,0,0,0,0,0,0,0,0,0,1,0,18.88,2449.109532,-2.135958828,"concave",10.44058353,5.190922004,"low",274.5211319,"W","concave.gentle"
"5895","CR12","W","psme","D",5,0,0,0,0,0,0,0,0,0,1,0,18.88,2449.109532,-2.135958828,"concave",10.44058353,5.190922004,"low",274.5211319,"W","concave.gentle"
"5896","CR12","W","psme","D",6,0,0,0,0,0,0,0,0,0,1,0,18.88,2449.109532,-2.135958828,"concave",10.44058353,5.190922004,"low",274.5211319,"W","concave.gentle"
"5897","CR12","W","psme","D",7,0,0,0,0,0,0,0,0,0,1,0,18.88,2449.109532,-2.135958828,"concave",10.44058353,5.190922004,"low",274.5211319,"W","concave.gentle"
"5898","CR12","W","psme","D",8,0,0,0,0,0,0,0,0,0,1,0,18.88,2449.109532,-2.135958828,"concave",10.44058353,5.190922004,"low",274.5211319,"W","concave.gentle"
"5899","CR12","W","psme","D",9,0,0,0,0,0,0,0,0,0,1,0,18.88,2449.109532,-2.135958828,"concave",10.44058353,5.190922004,"low",274.5211319,"W","concave.gentle"
"5900","CR12","W","psme","D",10,0,0,0,0,0,0,0,0,0,1,0,18.88,2449.109532,-2.135958828,"concave",10.44058353,5.190922004,"low",274.5211319,"W","concave.gentle"
"5901","CR12","C","pico","E",1,0,0,0,0,0,0,0,0,0,1,0,18.88,2449.109532,-2.135958828,"concave",10.44058353,5.190922004,"low",274.5211319,"W","concave.gentle"
"5902","CR12","C","pico","E",2,0,0,0,0,0,0,0,0,0,1,0,18.88,2449.109532,-2.135958828,"concave",10.44058353,5.190922004,"low",274.5211319,"W","concave.gentle"
"5903","CR12","C","pico","E",3,0,0,0,0,0,0,0,0,0,1,0,18.88,2449.109532,-2.135958828,"concave",10.44058353,5.190922004,"low",274.5211319,"W","concave.gentle"
"5904","CR12","C","pico","E",4,0,0,0,0,0,0,0,0,0,1,0,18.88,2449.109532,-2.135958828,"concave",10.44058353,5.190922004,"low",274.5211319,"W","concave.gentle"
"5905","CR12","C","pico","E",5,0,0,0,0,0,0,0,0,0,1,0,18.88,2449.109532,-2.135958828,"concave",10.44058353,5.190922004,"low",274.5211319,"W","concave.gentle"
"5906","CR12","C","pico","E",6,0,0,0,0,0,0,0,0,0,1,0,18.88,2449.109532,-2.135958828,"concave",10.44058353,5.190922004,"low",274.5211319,"W","concave.gentle"
"5907","CR12","C","pico","E",7,1,0,1,1,0,0,0,0,0,1,0,18.88,2449.109532,-2.135958828,"concave",10.44058353,5.190922004,"low",274.5211319,"W","concave.gentle"
"5908","CR12","C","pico","E",8,1,0,1,1,0,0,0,0,0,1,0,18.88,2449.109532,-2.135958828,"concave",10.44058353,5.190922004,"low",274.5211319,"W","concave.gentle"
"5909","CR12","C","pico","E",9,1,0,1,1,0,0,0,0,0,1,0,18.88,2449.109532,-2.135958828,"concave",10.44058353,5.190922004,"low",274.5211319,"W","concave.gentle"
"5910","CR12","C","pico","E",10,1,0,1,1,0,0,0,0,0,1,1,18.88,2449.109532,-2.135958828,"concave",10.44058353,5.190922004,"low",274.5211319,"W","concave.gentle"
"5911","CR12","C","psme","E",1,0,0,0,0,0,0,0,0,0,1,0,18.88,2449.109532,-2.135958828,"concave",10.44058353,5.190922004,"low",274.5211319,"W","concave.gentle"
"5912","CR12","C","psme","E",2,0,0,0,0,0,0,0,0,0,1,0,18.88,2449.109532,-2.135958828,"concave",10.44058353,5.190922004,"low",274.5211319,"W","concave.gentle"
"5913","CR12","C","psme","E",3,0,0,0,0,0,0,0,0,0,1,0,18.88,2449.109532,-2.135958828,"concave",10.44058353,5.190922004,"low",274.5211319,"W","concave.gentle"
"5914","CR12","C","psme","E",4,0,0,0,0,0,0,0,0,0,1,0,18.88,2449.109532,-2.135958828,"concave",10.44058353,5.190922004,"low",274.5211319,"W","concave.gentle"
"5915","CR12","C","psme","E",5,0,0,0,0,0,0,0,0,0,1,0,18.88,2449.109532,-2.135958828,"concave",10.44058353,5.190922004,"low",274.5211319,"W","concave.gentle"
"5916","CR12","C","psme","E",6,0,0,0,0,0,0,0,0,0,1,0,18.88,2449.109532,-2.135958828,"concave",10.44058353,5.190922004,"low",274.5211319,"W","concave.gentle"
"5917","CR12","C","psme","E",7,0,0,0,0,0,0,0,0,0,1,0,18.88,2449.109532,-2.135958828,"concave",10.44058353,5.190922004,"low",274.5211319,"W","concave.gentle"
"5918","CR12","C","psme","E",8,0,0,0,0,0,0,0,0,0,1,0,18.88,2449.109532,-2.135958828,"concave",10.44058353,5.190922004,"low",274.5211319,"W","concave.gentle"
"5919","CR12","C","psme","E",9,0,0,0,0,0,0,0,0,0,1,0,18.88,2449.109532,-2.135958828,"concave",10.44058353,5.190922004,"low",274.5211319,"W","concave.gentle"
"5920","CR12","C","psme","E",10,0,0,0,0,0,0,0,0,0,1,0,18.88,2449.109532,-2.135958828,"concave",10.44058353,5.190922004,"low",274.5211319,"W","concave.gentle"
"5921","CR12","E","pico","E",1,0,0,0,0,0,0,0,0,0,1,0,18.88,2449.109532,-2.135958828,"concave",10.44058353,5.190922004,"low",274.5211319,"W","concave.gentle"
"5922","CR12","E","pico","E",2,0,0,0,0,0,0,0,0,0,1,0,18.88,2449.109532,-2.135958828,"concave",10.44058353,5.190922004,"low",274.5211319,"W","concave.gentle"
"5923","CR12","E","pico","E",3,0,0,0,0,0,0,0,0,0,1,0,18.88,2449.109532,-2.135958828,"concave",10.44058353,5.190922004,"low",274.5211319,"W","concave.gentle"
"5924","CR12","E","pico","E",4,0,0,0,0,0,0,0,0,0,1,0,18.88,2449.109532,-2.135958828,"concave",10.44058353,5.190922004,"low",274.5211319,"W","concave.gentle"
"5925","CR12","E","pico","E",5,0,0,0,0,0,0,0,0,0,1,0,18.88,2449.109532,-2.135958828,"concave",10.44058353,5.190922004,"low",274.5211319,"W","concave.gentle"
"5926","CR12","E","pico","E",6,0,0,0,0,0,0,0,0,0,1,0,18.88,2449.109532,-2.135958828,"concave",10.44058353,5.190922004,"low",274.5211319,"W","concave.gentle"
"5927","CR12","E","pico","E",7,0,0,0,0,0,0,0,0,0,1,0,18.88,2449.109532,-2.135958828,"concave",10.44058353,5.190922004,"low",274.5211319,"W","concave.gentle"
"5928","CR12","E","pico","E",8,0,0,0,0,0,0,0,0,0,1,0,18.88,2449.109532,-2.135958828,"concave",10.44058353,5.190922004,"low",274.5211319,"W","concave.gentle"
"5929","CR12","E","pico","E",9,0,0,0,0,0,0,0,0,0,1,0,18.88,2449.109532,-2.135958828,"concave",10.44058353,5.190922004,"low",274.5211319,"W","concave.gentle"
"5930","CR12","E","pico","E",10,0,0,0,0,0,0,0,0,0,1,0,18.88,2449.109532,-2.135958828,"concave",10.44058353,5.190922004,"low",274.5211319,"W","concave.gentle"
"5931","CR12","E","psme","E",1,0,0,0,0,0,0,0,0,0,1,0,18.88,2449.109532,-2.135958828,"concave",10.44058353,5.190922004,"low",274.5211319,"W","concave.gentle"
"5932","CR12","E","psme","E",2,0,0,0,0,0,0,0,0,0,1,0,18.88,2449.109532,-2.135958828,"concave",10.44058353,5.190922004,"low",274.5211319,"W","concave.gentle"
"5933","CR12","E","psme","E",3,0,0,0,0,0,0,0,0,0,1,0,18.88,2449.109532,-2.135958828,"concave",10.44058353,5.190922004,"low",274.5211319,"W","concave.gentle"
"5934","CR12","E","psme","E",4,0,0,0,0,0,0,0,0,0,1,0,18.88,2449.109532,-2.135958828,"concave",10.44058353,5.190922004,"low",274.5211319,"W","concave.gentle"
"5935","CR12","E","psme","E",5,0,0,0,0,0,0,0,0,0,1,0,18.88,2449.109532,-2.135958828,"concave",10.44058353,5.190922004,"low",274.5211319,"W","concave.gentle"
"5936","CR12","E","psme","E",6,0,0,0,0,0,0,0,0,0,1,0,18.88,2449.109532,-2.135958828,"concave",10.44058353,5.190922004,"low",274.5211319,"W","concave.gentle"
"5937","CR12","E","psme","E",7,0,0,0,0,0,0,0,0,0,1,0,18.88,2449.109532,-2.135958828,"concave",10.44058353,5.190922004,"low",274.5211319,"W","concave.gentle"
"5938","CR12","E","psme","E",8,0,0,0,0,0,0,0,0,0,1,0,18.88,2449.109532,-2.135958828,"concave",10.44058353,5.190922004,"low",274.5211319,"W","concave.gentle"
"5939","CR12","E","psme","E",9,0,0,0,0,0,0,0,0,0,1,0,18.88,2449.109532,-2.135958828,"concave",10.44058353,5.190922004,"low",274.5211319,"W","concave.gentle"
"5940","CR12","E","psme","E",10,0,0,0,0,0,0,0,0,0,1,0,18.88,2449.109532,-2.135958828,"concave",10.44058353,5.190922004,"low",274.5211319,"W","concave.gentle"
"5941","CR12","N","pico","E",1,0,0,0,0,0,0,0,0,0,1,0,18.88,2449.109532,-2.135958828,"concave",10.44058353,5.190922004,"low",274.5211319,"W","concave.gentle"
"5942","CR12","N","pico","E",2,0,0,0,0,0,0,0,0,0,1,0,18.88,2449.109532,-2.135958828,"concave",10.44058353,5.190922004,"low",274.5211319,"W","concave.gentle"
"5943","CR12","N","pico","E",3,0,0,0,0,0,0,0,0,0,1,0,18.88,2449.109532,-2.135958828,"concave",10.44058353,5.190922004,"low",274.5211319,"W","concave.gentle"
"5944","CR12","N","pico","E",4,0,0,0,0,0,0,0,0,0,1,0,18.88,2449.109532,-2.135958828,"concave",10.44058353,5.190922004,"low",274.5211319,"W","concave.gentle"
"5945","CR12","N","pico","E",5,0,0,0,0,0,0,0,0,0,1,0,18.88,2449.109532,-2.135958828,"concave",10.44058353,5.190922004,"low",274.5211319,"W","concave.gentle"
"5946","CR12","N","pico","E",6,0,0,0,0,0,0,0,0,0,1,0,18.88,2449.109532,-2.135958828,"concave",10.44058353,5.190922004,"low",274.5211319,"W","concave.gentle"
"5947","CR12","N","pico","E",7,1,0,1,1,0,0,0,0,0,1,0,18.88,2449.109532,-2.135958828,"concave",10.44058353,5.190922004,"low",274.5211319,"W","concave.gentle"
"5948","CR12","N","pico","E",8,1,0,1,1,0,0,0,0,0,1,0,18.88,2449.109532,-2.135958828,"concave",10.44058353,5.190922004,"low",274.5211319,"W","concave.gentle"
"5949","CR12","N","pico","E",9,0,0,0,0,0,0,0,0,0,1,0,18.88,2449.109532,-2.135958828,"concave",10.44058353,5.190922004,"low",274.5211319,"W","concave.gentle"
"5950","CR12","N","pico","E",10,0,0,0,0,0,0,0,0,0,1,0,18.88,2449.109532,-2.135958828,"concave",10.44058353,5.190922004,"low",274.5211319,"W","concave.gentle"
"5951","CR12","N","psme","E",1,0,0,0,0,0,0,0,0,0,1,0,18.88,2449.109532,-2.135958828,"concave",10.44058353,5.190922004,"low",274.5211319,"W","concave.gentle"
"5952","CR12","N","psme","E",2,0,0,0,0,0,0,0,0,0,1,0,18.88,2449.109532,-2.135958828,"concave",10.44058353,5.190922004,"low",274.5211319,"W","concave.gentle"
"5953","CR12","N","psme","E",3,0,0,0,0,0,0,0,0,0,1,0,18.88,2449.109532,-2.135958828,"concave",10.44058353,5.190922004,"low",274.5211319,"W","concave.gentle"
"5954","CR12","N","psme","E",4,0,0,0,0,0,0,0,0,0,1,0,18.88,2449.109532,-2.135958828,"concave",10.44058353,5.190922004,"low",274.5211319,"W","concave.gentle"
"5955","CR12","N","psme","E",5,0,0,0,0,0,0,0,0,0,1,0,18.88,2449.109532,-2.135958828,"concave",10.44058353,5.190922004,"low",274.5211319,"W","concave.gentle"
"5956","CR12","N","psme","E",6,0,0,0,0,0,0,0,0,0,1,0,18.88,2449.109532,-2.135958828,"concave",10.44058353,5.190922004,"low",274.5211319,"W","concave.gentle"
"5957","CR12","N","psme","E",7,0,0,0,0,0,0,0,0,0,1,0,18.88,2449.109532,-2.135958828,"concave",10.44058353,5.190922004,"low",274.5211319,"W","concave.gentle"
"5958","CR12","N","psme","E",8,0,0,0,0,0,0,0,0,0,1,0,18.88,2449.109532,-2.135958828,"concave",10.44058353,5.190922004,"low",274.5211319,"W","concave.gentle"
"5959","CR12","N","psme","E",9,0,0,0,0,0,0,0,0,0,1,0,18.88,2449.109532,-2.135958828,"concave",10.44058353,5.190922004,"low",274.5211319,"W","concave.gentle"
"5960","CR12","N","psme","E",10,0,0,0,0,0,0,0,0,0,1,0,18.88,2449.109532,-2.135958828,"concave",10.44058353,5.190922004,"low",274.5211319,"W","concave.gentle"
"5961","CR12","S","pico","E",1,0,0,0,0,0,0,0,0,0,1,0,18.88,2449.109532,-2.135958828,"concave",10.44058353,5.190922004,"low",274.5211319,"W","concave.gentle"
"5962","CR12","S","pico","E",2,0,0,0,0,0,0,0,0,0,1,0,18.88,2449.109532,-2.135958828,"concave",10.44058353,5.190922004,"low",274.5211319,"W","concave.gentle"
"5963","CR12","S","pico","E",3,1,0,1,0,0,0,0,0,0,1,0,18.88,2449.109532,-2.135958828,"concave",10.44058353,5.190922004,"low",274.5211319,"W","concave.gentle"
"5964","CR12","S","pico","E",4,0,0,0,0,0,0,0,0,0,1,0,18.88,2449.109532,-2.135958828,"concave",10.44058353,5.190922004,"low",274.5211319,"W","concave.gentle"
"5965","CR12","S","pico","E",5,0,0,0,0,0,0,0,0,0,1,0,18.88,2449.109532,-2.135958828,"concave",10.44058353,5.190922004,"low",274.5211319,"W","concave.gentle"
"5966","CR12","S","pico","E",6,0,0,0,0,0,0,0,0,0,1,0,18.88,2449.109532,-2.135958828,"concave",10.44058353,5.190922004,"low",274.5211319,"W","concave.gentle"
"5967","CR12","S","pico","E",7,0,0,0,0,0,0,0,0,0,1,0,18.88,2449.109532,-2.135958828,"concave",10.44058353,5.190922004,"low",274.5211319,"W","concave.gentle"
"5968","CR12","S","pico","E",8,0,0,0,0,0,0,0,0,0,1,0,18.88,2449.109532,-2.135958828,"concave",10.44058353,5.190922004,"low",274.5211319,"W","concave.gentle"
"5969","CR12","S","pico","E",9,0,0,0,0,0,0,0,0,0,1,0,18.88,2449.109532,-2.135958828,"concave",10.44058353,5.190922004,"low",274.5211319,"W","concave.gentle"
"5970","CR12","S","pico","E",10,0,0,0,0,0,0,0,0,0,1,0,18.88,2449.109532,-2.135958828,"concave",10.44058353,5.190922004,"low",274.5211319,"W","concave.gentle"
"5971","CR12","S","psme","E",1,0,0,0,0,0,0,0,0,0,1,0,18.88,2449.109532,-2.135958828,"concave",10.44058353,5.190922004,"low",274.5211319,"W","concave.gentle"
"5972","CR12","S","psme","E",2,0,0,0,0,0,0,0,0,0,1,0,18.88,2449.109532,-2.135958828,"concave",10.44058353,5.190922004,"low",274.5211319,"W","concave.gentle"
"5973","CR12","S","psme","E",3,0,0,0,0,0,0,0,0,0,1,0,18.88,2449.109532,-2.135958828,"concave",10.44058353,5.190922004,"low",274.5211319,"W","concave.gentle"
"5974","CR12","S","psme","E",4,0,0,0,0,0,0,0,0,0,1,0,18.88,2449.109532,-2.135958828,"concave",10.44058353,5.190922004,"low",274.5211319,"W","concave.gentle"
"5975","CR12","S","psme","E",5,0,0,0,0,0,0,0,0,0,1,0,18.88,2449.109532,-2.135958828,"concave",10.44058353,5.190922004,"low",274.5211319,"W","concave.gentle"
"5976","CR12","S","psme","E",6,0,0,0,0,0,0,0,0,0,1,0,18.88,2449.109532,-2.135958828,"concave",10.44058353,5.190922004,"low",274.5211319,"W","concave.gentle"
"5977","CR12","S","psme","E",7,0,0,0,0,0,0,0,0,0,1,0,18.88,2449.109532,-2.135958828,"concave",10.44058353,5.190922004,"low",274.5211319,"W","concave.gentle"
"5978","CR12","S","psme","E",8,0,0,0,0,0,0,0,0,0,1,0,18.88,2449.109532,-2.135958828,"concave",10.44058353,5.190922004,"low",274.5211319,"W","concave.gentle"
"5979","CR12","S","psme","E",9,0,0,0,0,0,0,0,0,0,1,0,18.88,2449.109532,-2.135958828,"concave",10.44058353,5.190922004,"low",274.5211319,"W","concave.gentle"
"5980","CR12","S","psme","E",10,0,0,0,0,0,0,0,0,0,1,0,18.88,2449.109532,-2.135958828,"concave",10.44058353,5.190922004,"low",274.5211319,"W","concave.gentle"
"5981","CR12","W","pico","E",1,1,0,1,1,0,0,0,0,0,1,1,18.88,2449.109532,-2.135958828,"concave",10.44058353,5.190922004,"low",274.5211319,"W","concave.gentle"
"5982","CR12","W","pico","E",2,0,0,0,0,0,0,0,0,0,1,0,18.88,2449.109532,-2.135958828,"concave",10.44058353,5.190922004,"low",274.5211319,"W","concave.gentle"
"5983","CR12","W","pico","E",3,0,0,0,0,0,0,0,0,0,1,0,18.88,2449.109532,-2.135958828,"concave",10.44058353,5.190922004,"low",274.5211319,"W","concave.gentle"
"5984","CR12","W","pico","E",4,0,0,0,0,0,0,0,0,0,1,0,18.88,2449.109532,-2.135958828,"concave",10.44058353,5.190922004,"low",274.5211319,"W","concave.gentle"
"5985","CR12","W","pico","E",5,1,0,1,1,1,0,0,0,0,1,0,18.88,2449.109532,-2.135958828,"concave",10.44058353,5.190922004,"low",274.5211319,"W","concave.gentle"
"5986","CR12","W","pico","E",6,0,0,0,0,0,0,0,0,0,1,0,18.88,2449.109532,-2.135958828,"concave",10.44058353,5.190922004,"low",274.5211319,"W","concave.gentle"
"5987","CR12","W","pico","E",7,0,0,0,0,0,0,0,0,0,1,0,18.88,2449.109532,-2.135958828,"concave",10.44058353,5.190922004,"low",274.5211319,"W","concave.gentle"
"5988","CR12","W","pico","E",8,1,0,1,1,1,0,0,0,0,1,0,18.88,2449.109532,-2.135958828,"concave",10.44058353,5.190922004,"low",274.5211319,"W","concave.gentle"
"5989","CR12","W","pico","E",9,0,0,0,0,0,0,0,0,0,1,0,18.88,2449.109532,-2.135958828,"concave",10.44058353,5.190922004,"low",274.5211319,"W","concave.gentle"
"5990","CR12","W","pico","E",10,0,0,0,0,0,0,0,0,0,1,0,18.88,2449.109532,-2.135958828,"concave",10.44058353,5.190922004,"low",274.5211319,"W","concave.gentle"
"5991","CR12","W","psme","E",1,0,0,0,0,0,0,0,0,0,1,0,18.88,2449.109532,-2.135958828,"concave",10.44058353,5.190922004,"low",274.5211319,"W","concave.gentle"
"5992","CR12","W","psme","E",2,0,0,0,0,0,0,0,0,0,1,0,18.88,2449.109532,-2.135958828,"concave",10.44058353,5.190922004,"low",274.5211319,"W","concave.gentle"
"5993","CR12","W","psme","E",3,0,0,0,0,0,0,0,0,0,1,0,18.88,2449.109532,-2.135958828,"concave",10.44058353,5.190922004,"low",274.5211319,"W","concave.gentle"
"5994","CR12","W","psme","E",4,0,0,0,0,0,0,0,0,0,1,0,18.88,2449.109532,-2.135958828,"concave",10.44058353,5.190922004,"low",274.5211319,"W","concave.gentle"
"5995","CR12","W","psme","E",5,0,0,0,0,0,0,0,0,0,1,0,18.88,2449.109532,-2.135958828,"concave",10.44058353,5.190922004,"low",274.5211319,"W","concave.gentle"
"5996","CR12","W","psme","E",6,0,0,0,0,0,0,0,0,0,1,0,18.88,2449.109532,-2.135958828,"concave",10.44058353,5.190922004,"low",274.5211319,"W","concave.gentle"
"5997","CR12","W","psme","E",7,0,0,0,0,0,0,0,0,0,1,0,18.88,2449.109532,-2.135958828,"concave",10.44058353,5.190922004,"low",274.5211319,"W","concave.gentle"
"5998","CR12","W","psme","E",8,0,0,0,0,0,0,0,0,0,1,0,18.88,2449.109532,-2.135958828,"concave",10.44058353,5.190922004,"low",274.5211319,"W","concave.gentle"
"5999","CR12","W","psme","E",9,0,0,0,0,0,0,0,0,0,1,0,18.88,2449.109532,-2.135958828,"concave",10.44058353,5.190922004,"low",274.5211319,"W","concave.gentle"
"6000","CR12","W","psme","E",10,0,0,0,0,0,0,0,0,0,1,0,18.88,2449.109532,-2.135958828,"concave",10.44058353,5.190922004,"low",274.5211319,"W","concave.gentle"
