"","site.type","TPI.gen","TRI.gen","SiteID","month","day","n","temp.soil.mean.daily","temp.soil.min.daily","temp.soil.med.daily","temp.soil.max.daily","temp.soil.se.daily","temp.ground.mean.daily","temp.ground.min.daily","temp.ground.med.daily","temp.ground.max.daily","temp.ground.se.daily","temp.air.mean.daily","temp.air.min.daily","temp.air.med.daily","temp.air.max.daily","temp.air.se.daily","moisture.soil.mean.daily","moisture.soil.min.daily","moisture.soil.med.daily","moisture.soil.max.daily","moisture.soil.se.daily","date"
"1","concave.gentle","concave","gentle","CR10",6,26,95,14.646,8.31,14.38,23.38,0.465333903404141,13.6068421052632,-1.25,12.81,34,1.2472897046146,12.4263157894737,-2.12,12.12,30.75,1.19186263979143,2.28842105263158,1.4,2.1,3.6,0.0754065228656891,2025-06-26
"2","concave.gentle","concave","gentle","CR10",6,27,96,15.5338541666667,8.88,14.38,24.75,0.530620713356348,15.816875,0.25,14.06,36.06,1.32267630828642,14.6378125,-0.5,13.97,32.88,1.24566530172763,2.359375,1.4,2.2,3.7,0.0811590668611458,2025-06-27
"3","concave.gentle","concave","gentle","CR10",6,28,96,16.8247916666667,10,15.965,26.12,0.525799933167138,16.8798958333333,1.62,15.785,36.75,1.26715301571541,15.5061458333333,0.88,15.56,32.88,1.16872894830268,2.32916666666667,1.4,2.15,3.8,0.0834549551085119,2025-06-28
"4","concave.gentle","concave","gentle","CR10",6,29,96,17.5139583333333,10.12,16.345,26.88,0.562624108709379,17.2230208333333,1.19,15.12,36.38,1.31853813355722,15.8445833333333,0.38,15.31,32.88,1.21111447258976,2.26145833333333,1.3,2.1,3.6,0.0886344972599956,2025-06-29
"5","concave.gentle","concave","gentle","CR10",6,30,96,17.6611458333333,10.06,16.38,27.5,0.592648047048896,17.1038541666667,0.38,15.63,39.5,1.44828154650055,15.6630208333333,-0.62,16,35.94,1.35255783609997,2.09375,1,1.95,3.8,0.100631912424666,2025-06-30
"6","concave.gentle","concave","gentle","CR10",7,1,96,17.9708333333333,11.38,17.345,27.12,0.493005388272276,17.768125,2.81,17.185,38,1.23971999449384,16.7907291666667,2.12,16.565,36.06,1.19066380244633,1.9,0.9,1.85,3.5,0.0885556619486179,2025-07-01
"7","concave.gentle","concave","gentle","CR10",7,2,96,15.5736458333333,10.31,15.625,22.5,0.36372304626102,14.628125,4,13.595,30.75,0.858092837784222,14.0139583333333,3.38,13.685,29.06,0.836053745743178,2.775,1.9,2.6,4,0.043879819923186,2025-07-02
"8","concave.gentle","concave","gentle","CR10",7,3,96,14.7315625,12,14.5,19.62,0.238356779983588,14.1788541666667,6.38,13.875,27.38,0.569377042426896,13.4677083333333,5.81,13.47,25,0.531764760498513,2.17291666666667,1.6,2.1,3.4,0.0506206905609307,2025-07-03
"9","concave.gentle","concave","gentle","CR10",7,4,96,14.789375,10.62,14.56,19.38,0.283722352099972,14.1369791666667,4.31,12.56,27.75,0.655818778452455,13.5161458333333,3.81,12.31,26.19,0.625710637570687,4.315625,1.7,2.8,18.1,0.38120402548511,2025-07-04
"10","concave.gentle","concave","gentle","CR10",7,5,96,14.288125,9.12,13.685,21.38,0.392776422735096,14.6616666666667,3.88,11.31,30.5,0.918753716625335,13.7730208333333,3.19,10.91,28.81,0.88180486911131,19.8927083333333,9.6,20,45.7,0.440230812645796,2025-07-05
"11","concave.gentle","concave","gentle","CR10",7,6,96,15.328125,8.62,14.47,25,0.511562842611531,15.791875,2,14.31,34.88,1.15033705312853,14.6260416666667,1,13.69,30.5,1.08672908225893,16.871875,16.1,16.8,18.3,0.0380068993332766,2025-07-06
"12","concave.gentle","concave","gentle","CR10",7,7,96,16.6575,9,15.405,26.62,0.593390366616263,16.6247916666667,1,12.94,37.62,1.33082854896343,15.2320833333333,0,12.595,34.62,1.26201328916623,15.1395833333333,14.7,15.05,16.5,0.0406762778044328,2025-07-07
"13","concave.gentle","concave","gentle","CR10",7,8,96,17.0821875,10.25,16.685,26.12,0.489443633367489,16.9522916666667,2.38,14.905,35.12,1.20459322390151,15.9321875,1.44,14.63,32.5,1.17569974687646,13.4010416666667,12.6,13.3,15,0.060125869284059,2025-07-08
"14","concave.gentle","concave","gentle","CR10",7,9,96,17.0838541666667,9.62,15.875,27.38,0.584129307245537,18.0698958333333,1.5,14.935,41.12,1.47154517709077,16.8184375,0.5,15,37.44,1.39384835289924,12.1052083333333,11.1,12,13.8,0.0740490856593672,2025-07-09
"15","concave.gentle","concave","gentle","CR10",7,10,96,18.6970833333333,12.31,17.31,27.5,0.531598960037419,19.1909375,5.5,16.715,37.25,1.18988871547807,17.69875,4.62,16.63,32.62,1.07185175733073,10.55,9.7,10.55,12.4,0.0691901777838039,2025-07-10
"16","concave.gentle","concave","gentle","CR10",7,11,96,17.9247916666667,10.5,16.935,26.88,0.556748253669629,16.9082291666667,1.12,13.875,38.12,1.34213724716836,15.2447916666667,0.06,13.75,33.12,1.24341463546296,9.21041666666667,8.1,9.2,10.9,0.0824179438639441,2025-07-11
"17","concave.gentle","concave","gentle","CR10",7,12,96,18.2454166666667,11.12,17.095,27.25,0.554214255640335,18.0221875,2.62,15.19,39.75,1.31864069101418,16.4319791666667,1.81,14.88,34.94,1.20837341391292,8.47916666666667,7.3,8.4,10.1,0.0906593376165744,2025-07-12
"18","concave.gentle","concave","gentle","CR10",7,13,96,18.7334375,11.31,17.53,28.12,0.572344896405426,18.9154166666667,2.75,15.38,40.81,1.40308154685317,17.5069791666667,1.88,15.25,37.19,1.31880382670387,8.03958333333333,6.8,7.85,9.7,0.101214978420811,2025-07-13
"19","concave.gentle","concave","gentle","CR10",7,14,96,18.9741666666667,11.5,17.845,28.25,0.576296967235161,18.9710416666667,2.56,15.59,41,1.4118985404689,17.4666666666667,1.75,15.685,36.06,1.30423770054855,7.80416666666667,6.5,7.6,9.5,0.103628434028414,2025-07-14
"20","concave.gentle","concave","gentle","CR10",7,15,96,18.57375,12.12,18.405,27.62,0.459267395500895,17.400625,3.88,14.845,38.12,1.1094668766007,16.3792708333333,3.06,14.5,35.12,1.04538616893966,7.41458333333333,6.3,7.4,9,0.0838359295576504,2025-07-15
"21","concave.gentle","concave","gentle","CR10",7,16,96,16.1715625,9.75,15.06,26.38,0.523789002821198,15.9627083333333,3.12,11.565,36.38,1.16076198580976,14.8315625,2.38,11.53,32.75,1.07785414996614,9.48020833333333,7.4,9.5,10.3,0.0645262728972149,2025-07-16
"22","concave.gentle","concave","gentle","CR10",7,17,96,17.196875,10.06,16.405,25.88,0.555131134983896,16.6710416666667,1.69,13.84,36,1.33889139366,15.3353125,0.62,13.78,33.19,1.26572586789409,8.43229166666667,7.4,8.4,10.1,0.0812389640503297,2025-07-17
"23","concave.gentle","concave","gentle","CR10",7,18,96,17.2096875,11.19,16.625,25.69,0.456185977318313,16.2042708333333,3.12,15,36.62,1.09995632633388,15.18125,2.38,15.13,33.25,1.03518435566777,7.634375,6.6,7.65,9.4,0.081714470322506,2025-07-18
"24","concave.gentle","concave","gentle","CR10",7,19,96,15.3076041666667,10.38,15.06,22.12,0.36491054974556,14.1285416666667,3.38,12.25,33.62,0.922933288383449,13.3695833333333,2.75,12.285,30.75,0.885467736401278,7.42395833333333,6.5,7.15,9.4,0.0855675683518877,2025-07-19
"25","concave.gentle","concave","gentle","CR10",7,20,96,15.5866666666667,9.38,14.535,24.25,0.486694941800579,15.9095833333333,1.75,12.19,37.12,1.22589037563919,14.8027083333333,1,12.185,34.25,1.15331422202215,7.63958333333333,6.6,7.4,9.2,0.0870505898317667,2025-07-20
"26","concave.gentle","concave","gentle","CR10",7,21,96,17.215625,11.25,15.905,25.5,0.494469541495839,17.8794791666667,4.38,14.5,38.75,1.23737822695024,16.5604166666667,3.62,13.94,34.88,1.14802777982949,7.48229166666667,6.4,7.15,9.4,0.0968131994913929,2025-07-21
"27","concave.gentle","concave","gentle","CR10",7,22,96,18.0705208333333,13.25,17.44,24.88,0.374635652527298,18.5098958333333,7.69,14.375,34.62,0.871082464508098,17.385625,7.12,14.25,30.69,0.790563545562511,7.57604166666667,6.6,7.35,8.9,0.0698485955300078,2025-07-22
"28","concave.gentle","concave","gentle","CR10",7,23,96,16.5535416666667,11.25,15.44,25,0.458662720058213,15.7591666666667,2.62,11.59,37,1.12681169587168,14.475,1.75,10.875,32,1.03980230703692,7.28645833333333,6.2,6.95,8.9,0.0862170327494,2025-07-23
"29","concave.gentle","concave","gentle","CR10",7,24,96,16.0836458333333,10,15.88,23.5,0.431999079144153,14.0279166666667,1.12,12.905,34.62,1.09891484469535,13.0775,0.19,12.25,31.88,1.06497480614299,7.10416666666667,6,6.95,8.7,0.0940897838604202,2025-07-24
"30","concave.gentle","concave","gentle","CR10",7,25,96,14.8477083333333,8.38,13.88,25.19,0.52995848644035,15.0963541666667,0.62,13.72,38.62,1.25704868012578,14.1671875,-0.12,13.75,35.12,1.19061112038348,8.39166666666667,7.7,8.35,9.6,0.0595610159406557,2025-07-25
"31","concave.gentle","concave","gentle","CR10",7,26,96,15.42,9.69,14.97,23.81,0.438747544602516,14.3928125,1.44,12.25,32.25,1.10087589433035,13.3653125,0.44,11.815,29.62,1.06643919881141,7.46145833333333,6.4,7.35,9.1,0.0798486752966975,2025-07-26
"32","concave.gentle","concave","gentle","CR10",7,27,96,15.41625,8.69,14.125,25.88,0.558509004505778,15.6315625,-0.06,11,39.5,1.432391237169,14.348125,-0.88,10.06,34.56,1.34285791328574,7.28958333333333,6.1,7.05,9.1,0.105822583719857,2025-07-27
"33","concave.gentle","concave","gentle","CR10",7,28,96,16.6430208333333,8.88,15.565,26.44,0.597011198427687,16.52875,-0.88,13.19,40.75,1.53114566418618,15.238125,-1.88,13.25,36.81,1.44323205992068,6.98229166666667,5.6,6.85,8.8,0.116151696709053,2025-07-28
"34","concave.gentle","concave","gentle","CR10",7,29,96,16.4197916666667,10.62,16.28,25.88,0.435451393624817,15.99,2.62,13,37.19,1.13837777006072,15.2028125,1.88,13.435,33.25,1.09514745765851,6.63020833333333,5.6,6.5,8.5,0.0869578415658722,2025-07-29
"35","concave.gentle","concave","gentle","CR10",7,30,96,15.6032291666667,10.06,15.12,22.5,0.423059670182476,15.2163541666667,2.5,12.44,34.5,1.14259211229693,14.4898958333333,1.88,12.56,31.56,1.09755077705731,6.39583333333333,5.4,6.25,8,0.0889746251362075,2025-07-30
"36","concave.gentle","concave","gentle","CR10",7,31,96,16.29125,10.75,14.62,26.25,0.485748433420197,18.7622916666667,4.12,14.815,40.88,1.15959269996249,18.1241666666667,3.81,15.905,35.88,1.01955157268121,6.79270833333333,5.7,6.5,8.6,0.0893107721207966,2025-07-31
"37","concave.gentle","concave","gentle","CR10",8,1,96,16.6770833333333,11.38,16.25,25.62,0.413884728333812,16.1609375,4.31,14.435,36.62,1.04005835571482,15.3505208333333,3.38,14.815,32,0.990244723981211,6.29479166666667,5.4,6.25,8.1,0.0822433513505759,2025-08-01
"38","concave.gentle","concave","gentle","CR10",8,2,96,15.3378125,9.38,14.565,24.25,0.466617287561216,14.7627083333333,0.88,11.155,40.62,1.23960402809645,13.7903125,0.06,11,36.12,1.18300195619365,6.11145833333333,5,5.85,8.3,0.0977024415610393,2025-08-02
"39","concave.gentle","concave","gentle","CR10",8,3,96,15.5580208333333,9,14.595,24.62,0.510816460751196,14.9142708333333,-0.12,11.595,37.38,1.29677898657302,13.7838541666667,-1,11.78,33.25,1.21821322970232,6.04375,4.9,5.75,7.9,0.103404889980744,2025-08-03
"40","concave.gentle","concave","gentle","CR10",8,4,96,17.3420833333333,11.12,16.095,25.75,0.495112934943083,18.42625,2.75,13.06,39,1.25638185133328,17.2215625,1.81,12.81,35.25,1.16619345661359,6.06458333333333,4.9,5.7,7.6,0.0928588247309288,2025-08-04
"41","concave.gentle","concave","gentle","CR10",8,5,96,16.7425,10.06,15.905,25.62,0.524448185355624,15.7634375,0.88,13.345,38.12,1.27523722275543,14.549375,0,12.905,33.12,1.18518053081588,5.546875,4.3,5.35,7.5,0.102896144253286,2025-08-05
"42","concave.gentle","concave","gentle","CR10",8,6,96,16.8659375,9.81,15.69,26.25,0.562564042711462,16.6583333333333,0.69,11.75,40.62,1.45387048207706,15.38125,-0.19,11.405,36,1.36207848179544,5.45520833333333,4.2,5.1,7.5,0.117090737341597,2025-08-06
"43","concave.gentle","concave","gentle","CR10",8,7,96,16.751875,9.88,16,24.69,0.527259076779198,15.99375,0.75,12.095,39.38,1.33327091890649,14.9052083333333,-0.06,12.62,35.25,1.25200983141674,5.23020833333333,4,4.95,7.2,0.109114455758205,2025-08-07
"44","concave.gentle","concave","gentle","CR10",8,8,96,17.023125,12.12,15.5,25.25,0.4293417368816,17.0096875,6.25,12.69,35,0.892660723809269,16.023125,6.12,13.28,29.5,0.741163977767936,5.25,4.4,4.9,6.9,0.0780940728258318,2025-08-08
"45","concave.gentle","concave","gentle","CR10",8,9,96,14.31625,8.38,14.095,23.06,0.448212268839884,10.7653125,-2.81,7.715,31.62,1.1525209587576,9.4815625,-3.94,7.06,27.81,1.11839358801901,4.63229166666667,3.5,4.4,6.3,0.0935472344296957,2025-08-09
"46","concave.gentle","concave","gentle","CR10",8,10,96,13.8390625,7.5,12.88,22.12,0.504412766051151,12.0353125,-2.25,8.03,35.12,1.32518319614988,10.7169791666667,-3.25,7.715,31.56,1.26335737883708,4.71979166666667,3.5,4.4,6.7,0.109530695365907,2025-08-10
"47","concave.gentle","concave","gentle","CR10",8,11,96,15.2011458333333,8.56,14.125,24.5,0.533503931112954,14.7490625,-0.12,9.375,38.38,1.37200914814387,13.6570833333333,-0.94,9.56,34.5,1.29928933777671,4.875,3.6,4.5,7,0.114937053711105,2025-08-11
"48","concave.gentle","concave","gentle","CR10",8,12,96,16.6097916666667,9.88,15.56,26.19,0.543995391878676,17.0523958333333,2.12,12.185,41.38,1.38536931981983,16.0502083333333,1.44,12.53,37.19,1.29854960402155,4.99583333333333,3.7,4.6,7.2,0.117865860668436,2025-08-12
"49","concave.gentle","concave","gentle","CR10",8,13,96,16.8975,10.62,16.38,24.44,0.479735101429799,17.1833333333333,2.94,13.065,37.88,1.26569268590215,16.3890625,2.38,13.215,34.62,1.20879551727762,4.69479166666667,3.3,4.45,6.3,0.094675922202443,2025-08-13
"50","concave.gentle","concave","gentle","CR10",8,14,96,16.1664583333333,11.12,15.59,23.25,0.40931618143586,16.6471875,4.81,12.595,37.12,1.11603613747775,16.1817708333333,4.38,12.965,33.75,1.07122385528488,4.43645833333333,3.4,4.1,6.2,0.0927305069087283,2025-08-14
"51","concave.gentle","concave","gentle","CR10",8,15,96,16.2570833333333,11.12,16.44,22.62,0.34976367073425,16.2185416666667,3.44,15.905,39.12,0.942815724715705,15.8370833333333,2.81,16.125,35.12,0.908925900187779,4.35416666666667,3.3,4.3,6.3,0.0780929027632365,2025-08-15
"52","concave.gentle","concave","gentle","CR10",8,16,96,15.0788541666667,11.12,14.53,20.56,0.315877081279867,15.6226041666667,6.75,12.84,34.19,0.817419321690833,15.1677083333333,6.38,13,30.44,0.772197869708098,5.059375,4.2,5,6.4,0.0522850261387841,2025-08-16
"53","concave.gentle","concave","gentle","CR10",8,17,96,13.8790625,10.31,14.06,20.25,0.271102002155861,11.9780208333333,3.25,11.5,26.62,0.655753243395335,11.7465625,2.75,11.63,25.94,0.672324535710642,4.68125,3.7,4.55,6.7,0.0862639831024615,2025-08-17
"54","concave.gentle","concave","gentle","CR10",8,18,96,12.7626041666667,7.25,11.715,23.12,0.481992876048206,13.4229166666667,0.81,8.345,38.81,1.21718615967128,12.8941666666667,0.25,8.405,34.12,1.16602528735883,6.18854166666667,5.7,5.9,7.6,0.0576755480370518,2025-08-18
"55","concave.gentle","concave","gentle","CR10",8,19,96,14.700625,7.69,13.595,24.88,0.560817968804292,15.4717708333333,-0.12,9.535,41.06,1.45745968313225,14.8196875,-0.88,10.215,37.12,1.406084642934,5.47291666666667,4.2,5.2,7.3,0.105376093017022,2025-08-19
"56","concave.gentle","concave","gentle","CR10",8,20,96,16.1995833333333,11.25,14.97,23.88,0.452027326953654,18.0563541666667,4.62,11.38,38.5,1.22544808417696,17.6908333333333,4.06,11.59,36.25,1.18375404246023,5.109375,4,4.8,6.7,0.0959838039723369,2025-08-20
"57","concave.gentle","concave","gentle","CR10",8,21,96,16.9054166666667,12.5,16.22,23.5,0.336661398582198,17.914375,6.88,15.595,35.38,0.852523200441881,17.3888541666667,6.5,15.655,33,0.810122687667972,4.9125,4,4.7,6.4,0.0724455330793963,2025-08-21
"58","concave.gentle","concave","gentle","CR10",8,22,96,15.7034375,9.62,14.97,24,0.484240244766855,16.2491666666667,1.12,11.405,39.88,1.33922029609097,15.5002083333333,0.5,11.685,37,1.28357281297548,4.71666666666667,3.5,4.3,6.7,0.106947956956064,2025-08-22
"59","concave.gentle","concave","gentle","CR10",8,23,96,16.3376041666667,10.31,15.375,24.38,0.486777101102457,17.2195833333333,3.5,11.91,39.25,1.32397557151255,16.5377083333333,3.31,12.25,36,1.24256715091907,4.584375,3.4,4.15,6.4,0.109847662906648,2025-08-23
"60","concave.gentle","concave","gentle","CR10",8,24,96,15.99875,11.31,16.5,24.06,0.33704329886087,15.1798958333333,4.69,14,34.62,0.83857470316038,14.849375,4.12,14.12,33,0.834756593534643,4.33229166666667,3.4,4.2,5.9,0.0717802260996587,2025-08-24
"61","concave.gentle","concave","gentle","CR10",8,25,96,14.5135416666667,12,14.25,18.12,0.182202652452352,14.3769791666667,8.5,13.185,26.75,0.525387891788093,14.0214583333333,8,12.905,25.75,0.508601474702389,4.928125,4,4.4,7.7,0.11791967907317,2025-08-25
"62","concave.gentle","concave","gentle","CR10",8,26,96,12.514375,9.69,12.12,17,0.22191860826703,11.20625,5.25,10.38,23.5,0.495123040928106,10.6926041666667,4.75,9.94,21.69,0.48109825574827,10.8020833333333,6.7,7,42.9,0.659354048543277,2025-08-26
"63","concave.gentle","concave","gentle","CR10",8,27,96,14.4744791666667,12.44,13.97,17.69,0.170618127378565,14.4115625,11.19,13,23.12,0.343392336358003,13.8145833333333,10.88,12.53,21.12,0.306721769339168,18.96875,14.9,17,48.1,0.590746094752147,2025-08-27
"64","concave.gentle","concave","gentle","CR10",8,28,96,12.8041666666667,11,12.345,16.12,0.167886087285676,11.7890625,6.81,10.25,25.12,0.410216114365583,11.0340625,6.25,9.78,22.5,0.376298528901746,26.665625,24.7,25.1,47.9,0.480119749602465,2025-08-28
"65","concave.gentle","concave","gentle","CR10",8,29,96,12.696875,8.62,12.06,18.88,0.326741666308711,12.74125,3.12,8.44,28.62,0.867289868503473,11.8201041666667,2.5,7.97,25.62,0.807623632580998,20.1604166666667,15.6,23.5,24.6,0.408144816400957,2025-08-29
"66","concave.gentle","concave","gentle","CR10",8,30,96,12.2308333333333,7.38,11.56,18.62,0.383445187723492,11.8495833333333,1.19,6.84,30.19,1.03492112290196,11.0563541666667,0.5,7,27.25,0.990035476058853,15.9510416666667,14.9,15.8,17.2,0.0684572281573561,2025-08-30
"67","concave.gentle","concave","gentle","CR10",8,31,96,11.7695833333333,6.44,10.94,19.19,0.42582200992601,11.7563541666667,-0.56,6.125,33.12,1.19264161246575,11.12875,-1.31,6.095,30.25,1.1587346703125,15.378125,14.2,15.25,16.8,0.0723842561423457,2025-08-31
"68","concave.gentle","concave","gentle","CR10",9,1,96,12.1135416666667,7,11.655,18.5,0.388222726676377,12.6409375,0.44,7.81,32.5,1.14130849879976,12.31625,-0.19,7.69,31.69,1.13522117261158,14.7864583333333,13.7,14.6,16.3,0.0673042938019655,2025-09-01
"69","concave.gentle","concave","gentle","CR10",9,2,96,13.0953125,7.75,12.53,20.75,0.415116897326191,14.6739583333333,1.56,10.72,35.69,1.18511235013304,14.270625,1,10.94,32.62,1.14853538325552,14.221875,13.2,14.3,15.4,0.0563938827441852,2025-09-02
"70","concave.gentle","concave","gentle","CR10",9,3,96,13.3253125,7.69,12.47,21.44,0.459820163004378,14.0664583333333,1.12,8.5,35.75,1.2553814334308,13.4389583333333,0.5,8.47,32.88,1.20179955964407,14.0302083333333,13.1,14,15.3,0.0576042112797645,2025-09-03
"71","concave.gentle","concave","gentle","CR10",9,4,96,13.4516666666667,8,12.815,20.56,0.429376324193333,13.5390625,1.38,8.87,33.5,1.14351072492962,13.0316666666667,0.81,8.75,31,1.10485717568153,13.4572916666667,12.7,13.45,14.6,0.0524560131449053,2025-09-04
"72","concave.gentle","concave","gentle","CR10",9,5,96,12.9825,8,12.315,19.56,0.397002143261703,12.8183333333333,1.5,8.405,33.5,1.05990755624148,12.089375,0.88,8.31,30.25,1.00728782769275,13.0083333333333,12.2,13,14,0.0508408823845282,2025-09-05
"73","concave.gentle","concave","gentle","CR10",9,6,96,12.4048958333333,7.31,11.815,18.75,0.389042261797776,11.4903125,-0.06,7.19,30.62,1.05858789022946,10.9479166666667,-0.75,6.935,28.38,1.03726373252134,12.6614583333333,11.9,12.65,13.7,0.0535447384605889,2025-09-06
"74","concave.gentle","concave","gentle","CR10",9,7,96,12.5844791666667,8.62,12.44,17.62,0.265400304645563,12.1557291666667,2,11.215,29.5,0.747449313906613,11.639375,1.38,10.685,26,0.708488256729246,13.4854166666667,11.5,11.9,48.2,0.622027984870447,2025-09-07
"75","concave.gentle","concave","gentle","CR10",9,8,96,11.9747916666667,8.06,10.94,18.62,0.323665308612568,12.9064583333333,2.88,8.94,30,0.884206391362099,12.0642708333333,2.38,8.44,26.94,0.817127923062809,18.815625,17.8,18.7,20.3,0.0508335804926405,2025-09-08
"76","concave.gentle","concave","gentle","CR10",9,9,96,12.219375,8.88,11.47,17.75,0.295832078543175,12.0335416666667,3.06,8.5,28.25,0.75240028160126,11.6069791666667,2.5,8.66,25.12,0.720769525415275,17.1614583333333,16.5,17.2,17.6,0.0297419380078365,2025-09-09
"77","concave.gentle","concave","gentle","CR10",9,10,96,11.8758333333333,8.12,10.94,17.44,0.322638405859675,12.7546875,3.75,8.12,31.25,0.93744617334512,12.2066666666667,3.25,7.97,28.5,0.901378642748063,16.5802083333333,16,16.65,17.2,0.0318858913854458,2025-09-10
"78","concave.gentle","concave","gentle","CR10",9,11,96,11.6428125,7.62,11.38,16.75,0.29294615483043,12.2757291666667,2.62,11.28,31,0.850747694172701,12.0148958333333,2.25,11.44,26.81,0.823456171071209,15.5385416666667,15,15.5,16.3,0.0343603770066764,2025-09-11
"79","concave.gentle","concave","gentle","CR10",9,12,96,11.88875,9.25,11.06,15.69,0.223618774613513,13.01,6.75,10.5,28.25,0.596199090290448,12.8554166666667,6.44,10.97,25,0.537081720493543,15.3666666666667,14.3,14.6,46.5,0.374012344606603,2025-09-12
"80","concave.gentle","concave","gentle","CR11",6,26,95,18.4515789473684,11.25,18.25,28.25,0.557641416003035,16.7065263157895,-0.06,12.5,40.62,1.46774746301746,13.6870526315789,-1.5,12.5,33.38,1.27732710033379,1.92526315789474,0.2,1.4,4.4,0.142996005559389,2025-06-26
"81","concave.gentle","concave","gentle","CR11",6,27,96,19.31,11.88,18.09,29.62,0.611335592077176,18.7534375,1.38,14.5,41.94,1.50573415552281,15.5785416666667,-0.25,13.595,34.5,1.27559087597727,2.63958333333333,1.1,2.05,5.1,0.150776347430373,2025-06-27
"82","concave.gentle","concave","gentle","CR11",6,28,96,20.27125,12.94,19.5,30.44,0.585689357105211,19.2913541666667,3,15.905,41.12,1.41344778495171,16.2765625,1.81,15.38,33.25,1.19827697780148,3.07083333333333,1.6,2.55,5.4,0.139476752972971,2025-06-28
"83","concave.gentle","concave","gentle","CR11",6,29,96,20.9942708333333,12.81,19.965,31.5,0.643306899024992,19.9484375,2.25,14.87,41.5,1.5327509691765,16.6052083333333,0.75,14.375,33,1.27606314446658,3.3,1.7,2.7,5.5,0.146351835140947,2025-06-29
"84","concave.gentle","concave","gentle","CR11",6,30,96,21.435625,13,20.25,32.62,0.682844312810234,20.0823958333333,1.5,15.44,43.56,1.63856241646418,16.9066666666667,0,15.655,36.38,1.42309829759574,3.36666666666667,1.7,2.75,5.8,0.155764010286667,2025-06-30
"85","concave.gentle","concave","gentle","CR11",7,1,96,22.1203125,14.56,21.435,32.38,0.591936467762188,20.7409375,4.5,17.655,42.88,1.40786859931648,18.2342708333333,3.31,17.22,37.69,1.26286660253838,3.375,1.9,2.95,5.5,0.130946286028132,2025-07-01
"86","concave.gentle","concave","gentle","CR11",7,2,96,18.3477083333333,13.12,18.375,28.38,0.388458053888509,15.2296875,4.5,13.56,32.88,0.861882774994192,14.1182291666667,3.44,13.72,31,0.831701344882143,3.65,2.7,3.3,5.3,0.0874091006542968,2025-07-02
"87","concave.gentle","concave","gentle","CR11",7,3,96,16.8019791666667,13.94,16.59,22.62,0.251120018301852,15.4565625,6.44,15.12,31.62,0.686212300088111,14.13875,5.5,14.28,27.5,0.606994108363269,4.10729166666667,3.3,4,5.8,0.0696206007723331,2025-07-03
"88","concave.gentle","concave","gentle","CR11",7,4,96,17.1235416666667,12.75,16.715,23.38,0.332682774562341,15.6741666666667,4.88,13.125,34.25,0.810556659310881,14.2127083333333,4.12,11.935,31.25,0.7240137496145,4.94166666666667,3.4,4.75,7.4,0.125443657117891,2025-07-04
"89","concave.gentle","concave","gentle","CR11",7,5,96,16.2783333333333,10.31,15.155,25.75,0.488849519115219,16.24375,4.25,11.62,35.62,1.1120279429193,14.3144791666667,3.38,11.37,29.75,0.965006225207078,7.14375,6.3,6.9,8.4,0.0581666635248579,2025-07-05
"90","concave.gentle","concave","gentle","CR11",7,6,96,18.1692708333333,10.31,17,29.62,0.644338642384572,18.1558333333333,2.38,14.185,39.94,1.42266320916974,15.4291666666667,1.25,13.565,32.44,1.20458567043897,6.71770833333333,5.7,6.3,8.4,0.106024603976586,2025-07-06
"91","concave.gentle","concave","gentle","CR11",7,7,96,19.7176041666667,11.25,18.69,30.75,0.672816428275731,19.244375,1.5,13.875,42.94,1.58120478447593,16.0959375,0,12.185,35.19,1.35961163812974,6.04479166666667,4.6,5.6,8,0.131237946745351,2025-07-07
"92","concave.gentle","concave","gentle","CR11",7,8,96,20.2710416666667,12.88,20.035,30.25,0.560483275161812,19.7365625,3.25,15.405,42.38,1.43880675790104,17.3470833333333,1.88,14.06,36.38,1.30050370569383,5.46041666666667,4.2,5.05,7.3,0.11647677999403,2025-07-08
"93","concave.gentle","concave","gentle","CR11",7,9,96,20.6722916666667,12.56,19.53,32,0.664141750602991,21.0210416666667,2.81,14.84,46.25,1.68643437100322,18.2578125,1.5,14.53,38.56,1.47680756923838,5.23854166666667,3.7,4.65,7.4,0.143272909986889,2025-07-09
"94","concave.gentle","concave","gentle","CR11",7,10,96,22.4246875,15.25,21,32.38,0.608556891506546,22.1434375,6.88,16.435,42.38,1.40698126077096,18.9834375,5.19,15.875,34.38,1.16680162278451,4.92291666666667,3.6,4.35,6.9,0.127968944686176,2025-07-10
"95","concave.gentle","concave","gentle","CR11",7,11,96,21.7464583333333,13.62,20.81,32.19,0.643475179444143,19.8003125,2.38,15.065,44,1.55492927613979,16.5586458333333,0.69,13.345,36,1.34148245128317,4.46145833333333,3,3.95,6.8,0.140256420809232,2025-07-11
"96","concave.gentle","concave","gentle","CR11",7,12,96,22.2101041666667,14.31,20.97,32.88,0.63528705168898,20.8039583333333,4,16.155,44.75,1.50866946782243,17.679375,2.38,14.875,36.5,1.29317825371762,4.3,2.9,3.8,6.6,0.137050701336557,2025-07-12
"97","concave.gentle","concave","gentle","CR11",7,13,96,22.8614583333333,14.5,21.56,34.25,0.677718760874579,21.79375,4.31,16.25,45.88,1.60884102919985,18.739375,3,15.185,38.25,1.39197676563353,4.13125,2.6,3.6,6.4,0.147859823523095,2025-07-13
"98","concave.gentle","concave","gentle","CR11",7,14,96,23.4255208333333,14.88,22.19,34.62,0.689674422135592,22.0904166666667,3.94,16.47,46.38,1.62132922047158,18.9638541666667,2.31,15.31,39,1.40702898205939,3.96979166666667,2.4,3.35,6.3,0.149993565590552,2025-07-14
"99","concave.gentle","concave","gentle","CR11",7,15,96,22.9909375,15.62,22.78,34.12,0.556729151566986,19.705,5.56,15.56,42.75,1.25675365874619,17.41875,4.06,14.97,36.5,1.10513380600119,3.50416666666667,2.2,3.2,5.7,0.115839012860887,2025-07-15
"100","concave.gentle","concave","gentle","CR11",7,16,96,19.7169791666667,12.88,18.345,31.88,0.601246714981573,18.191875,3.38,12.095,41.75,1.42986538067507,15.7886458333333,2.25,11.75,34,1.19826470492359,3.71458333333333,2.5,3.1,5.9,0.129480906662173,2025-07-16
"101","concave.gentle","concave","gentle","CR11",7,17,96,21.5407291666667,13.62,20.5,32.5,0.656611721443243,19.840625,2.88,14.66,44.31,1.5696410767826,17.0647916666667,1.12,13.72,36.62,1.37780683992337,3.49375,2,3,5.8,0.144404497822014,2025-07-17
"102","concave.gentle","concave","gentle","CR11",7,18,96,21.5877083333333,14.81,20.875,32.38,0.531720508448313,18.4947916666667,4.75,16.06,40.62,1.18336307084422,16.5167708333333,3.5,15,34.5,1.07072198029942,3.08333333333333,1.8,2.8,5.2,0.110765544498067,2025-07-18
"103","concave.gentle","concave","gentle","CR11",7,19,96,17.6144791666667,12.75,17.815,23.5,0.366455068623689,14.3413541666667,4.12,11.56,35.38,0.913087249388267,13.22625,3.25,10.88,30.75,0.847530368058102,3.13333333333333,2.1,2.7,5.3,0.102476641183755,2025-07-19
"104","concave.gentle","concave","gentle","CR11",7,20,96,17.0786458333333,10.62,15.815,27.62,0.542961535013488,17.2040625,2.5,11.5,39.38,1.34010543557873,15.6689583333333,1.56,11.345,33.75,1.19744771961443,4.328125,3.1,3.85,6.4,0.113860709812626,2025-07-20
"105","concave.gentle","concave","gentle","CR11",7,21,96,19.9972916666667,13.31,18.155,30.75,0.584516565865501,20.5367708333333,5.75,15.25,44.88,1.41889651260487,18.0664583333333,4.75,14.185,36.94,1.21151500938461,4.22708333333333,2.9,3.75,6.4,0.130186094592112,2025-07-21
"106","concave.gentle","concave","gentle","CR11",7,22,96,21.6205208333333,15.88,20.565,30.38,0.463290916187386,21.3316666666667,9.06,16.19,39.94,1.04753346120264,18.929375,7.88,15.845,34.19,0.8750885771269,3.98645833333333,2.9,3.55,5.8,0.0983818620031093,2025-07-22
"107","concave.gentle","concave","gentle","CR11",7,23,96,20.1534375,14,18.25,31.75,0.581032105510806,18.5207291666667,3.75,12.655,45.25,1.35881880177969,15.8876041666667,2.25,11.12,36.62,1.15892988625086,3.6,2.2,3,6.2,0.129073962205002,2025-07-23
"108","concave.gentle","concave","gentle","CR11",7,24,96,19.9225,13.06,19.655,30.5,0.520248127372975,16.2975,2.56,13.88,41.75,1.19708034803397,14.348125,1,13.31,35.62,1.10910154400904,3.08958333333333,1.8,2.9,5.5,0.109829205190903,2025-07-24
"109","concave.gentle","concave","gentle","CR11",7,25,96,17.8545833333333,11.12,16.375,29.62,0.593104841858227,17.1839583333333,1.38,13.315,42.75,1.47357312398676,15.38625,0.5,14.97,36.06,1.291415781379,3.1625,1.8,2.75,5.7,0.13804119967248,2025-07-25
"110","concave.gentle","concave","gentle","CR11",7,26,96,19.3089583333333,12.75,18.565,28.88,0.509226504921983,16.9814583333333,2.88,14.09,37.5,1.21671422623189,15.0155208333333,1.38,13.095,33,1.13154697197073,2.89375,1.6,2.65,4.9,0.111870191261937,2025-07-26
"111","concave.gentle","concave","gentle","CR11",7,27,96,18.9719791666667,11.44,17.155,31.81,0.655710753716371,18.0032291666667,0.81,11.75,43.88,1.60385431792647,15.6833333333333,-0.75,11,36.31,1.4177855050409,2.82604166666667,1.2,2.25,5.5,0.152524406960221,2025-07-27
"112","concave.gentle","concave","gentle","CR11",7,28,96,20.7332291666667,11.88,18.935,33.12,0.722458711483267,19.4180208333333,0.62,13.53,46.69,1.71459301357156,16.9135416666667,-0.94,13.44,38.88,1.52234634648819,2.69375,0.9,2.15,5.4,0.16584322349949,2025-07-28
"113","concave.gentle","concave","gentle","CR11",7,29,96,20.6569791666667,13.88,20.185,32.88,0.533719037883173,18.4397916666667,4,14.41,43.81,1.24394164290237,16.8382291666667,2.5,13.905,37.88,1.17334042930587,2.29166666666667,1,2,4.9,0.115580786156934,2025-07-29
"114","concave.gentle","concave","gentle","CR11",7,30,96,19.9867708333333,14.25,18.78,28,0.491238063887661,18.4972916666667,4.38,14.34,40.88,1.1591793875899,17.3542708333333,2.88,13.78,36.5,1.05827843218,2.19895833333333,0.9,1.85,4.5,0.112268229009293,2025-07-30
"115","concave.gentle","concave","gentle","CR11",7,31,96,19.7507291666667,13.88,17.345,32,0.578397348031908,21.0566666666667,6.94,14.25,44.88,1.27523946552969,19.8290625,6.12,14.75,37.5,0.971873902979299,2.515625,1.2,1.8,5.1,0.1339786586583,2025-07-31
"116","concave.gentle","concave","gentle","CR11",8,1,96,20.6472916666667,14.5,19.94,31.25,0.500989645145615,18.496875,6.25,15.685,41.56,1.13738078527498,16.821875,4.5,15,36.25,1.04911221148725,2.09479166666667,0.9,1.85,4.5,0.109407994188046,2025-08-01
"117","concave.gentle","concave","gentle","CR11",8,2,96,19.0472916666667,12.38,17.935,28.12,0.543549221434523,16.8217708333333,2.38,12.345,42.62,1.31591020625969,15.0460416666667,0.88,11.375,35.12,1.21820420283559,1.83229166666667,0.4,1.45,4.5,0.12783191053155,2025-08-02
"118","concave.gentle","concave","gentle","CR11",8,3,96,19.2952083333333,11.75,17.845,30.19,0.620432326263673,17.3783333333333,1.38,12.845,40.25,1.44721830627704,15.1278125,0.12,13.22,34.5,1.27367712765329,1.8375,0.3,1.35,4.3,0.145338760360607,2025-08-03
"119","concave.gentle","concave","gentle","CR11",8,4,96,21.720625,14.38,19.845,32.62,0.615163325419185,21.2605208333333,4.62,14.215,46.38,1.42195141250078,18.8521875,3.25,13,38,1.23508288843162,2.07395833333333,0.4,1.4,4.6,0.144050466239545,2025-08-04
"120","concave.gentle","concave","gentle","CR11",8,5,96,21.1392708333333,13.25,19.56,32.44,0.658748518504138,18.5685416666667,2.5,15.16,42.69,1.44986644105985,16.0032291666667,0.88,14.09,35.12,1.25739164102553,1.69375,0.1,1.2,4.3,0.150851475840172,2025-08-05
"121","concave.gentle","concave","gentle","CR11",8,6,96,21.5565625,13.25,20,32.88,0.688499095861964,19.6720833333333,2.5,13.655,44.12,1.59298780650741,17.1776041666667,1.12,13.155,37.12,1.40691221051192,1.66041666666667,0,1.05,4.3,0.161859257458899,2025-08-06
"122","concave.gentle","concave","gentle","CR11",8,7,96,21.67625,13.38,20.285,32.62,0.667416090560152,19.2557291666667,2.5,14.56,43,1.49283333096915,16.875625,0.88,15.56,36.19,1.32448108684002,1.50104166666667,0,1,4,0.147927901414212,2025-08-07
"123","concave.gentle","concave","gentle","CR11",8,8,96,21.9570833333333,16.12,19.875,31.75,0.543087742835473,20.0339583333333,9.25,15.19,37.88,1.04095800258205,17.71875,8.62,14.685,29.38,0.758866338374252,1.45833333333333,0.3,0.9,3.6,0.117444151216528,2025-08-08
"124","concave.gentle","concave","gentle","CR11",8,9,96,19.2816666666667,11.88,18.375,31.12,0.589920018862702,14.0395833333333,-0.94,10,37.12,1.32420303669152,11.4628125,-2.75,8.31,30.38,1.2075228894631,0.96875,0,0.45,3.2,0.113171121982939,2025-08-09
"125","concave.gentle","concave","gentle","CR11",8,10,96,18.8739583333333,10.94,17.565,29.62,0.633714846064124,14.9438541666667,-0.5,10.37,39.31,1.45950429708075,12.4758333333333,-2.25,9.03,33.38,1.33046354264373,0.870833333333333,0,0,3,0.114189714666744,2025-08-10
"126","concave.gentle","concave","gentle","CR11",8,11,96,19.5779166666667,11.81,17.75,31.38,0.666446568656685,16.905625,1.5,10.845,40.62,1.48879784022078,14.9797916666667,0,9.88,34.88,1.35252996350347,0.947916666666667,0,0.1,3.3,0.125647264254419,2025-08-11
"127","concave.gentle","concave","gentle","CR11",8,12,96,21.2636458333333,13.38,19.69,32.62,0.661636463357752,19.4329166666667,3.75,14.435,43.25,1.48931820116215,17.6126041666667,2.62,14.435,37.25,1.34213955307548,0.930208333333333,0,0,3.2,0.123287566706997,2025-08-12
"128","concave.gentle","concave","gentle","CR11",8,13,96,21.5294791666667,14.25,20.315,32.25,0.594274516609893,19.2960416666667,4.62,15.03,42.31,1.32938346809522,17.846875,3.56,14.41,36.62,1.23755063969134,0.819791666666667,0,0.15,3,0.104562788486684,2025-08-13
"129","concave.gentle","concave","gentle","CR11",8,14,96,20.3932291666667,14.62,19.405,29.75,0.498351019785121,18.631875,5.94,13.88,41.5,1.19317966133416,17.52375,5,13.72,36.44,1.09942724572404,0.736458333333333,0,0,3,0.100438946625644,2025-08-14
"130","concave.gentle","concave","gentle","CR11",8,15,96,20.3211458333333,14.25,20.655,29.5,0.431120883793397,17.8684375,4.75,17.685,40.25,0.969878059437464,17.1017708333333,3.88,17.465,36.62,0.933325724375215,0.661458333333333,0,0.4,2.6,0.0732750434955109,2025-08-15
"131","concave.gentle","concave","gentle","CR11",8,16,96,18.4771875,13.75,17.5,26.81,0.401353977704729,17.3923958333333,6.94,14.435,38.38,0.995624591769739,16.4029166666667,6.5,13.59,35.25,0.89163188057248,0.710416666666667,0,0.3,2.8,0.0919629879623904,2025-08-16
"132","concave.gentle","concave","gentle","CR11",8,17,96,17.6070833333333,13.5,17.31,27,0.350206797198589,13.7905208333333,4.62,13.66,33.62,0.692218740301977,13.0897916666667,3.75,13,29.81,0.686716443102493,0.789583333333333,0,0.4,2.8,0.0915327470720163,2025-08-17
"133","concave.gentle","concave","gentle","CR11",8,18,96,15.1026041666667,9.19,13.625,27.25,0.548808542910683,14.5169791666667,1,8.28,41.19,1.36569220543848,13.7207291666667,0.38,8.19,36,1.26489714446274,1.659375,0.4,1.2,4.3,0.126971972706854,2025-08-18
"134","concave.gentle","concave","gentle","CR11",8,19,96,17.7688541666667,10,15.94,30.56,0.677995980648951,17.3490625,0.5,10.38,43.75,1.62379381062762,16.1251041666667,-0.38,10.41,38.44,1.49935450288595,1.70833333333333,0,1.05,4.4,0.159354968068,2025-08-19
"135","concave.gentle","concave","gentle","CR11",8,20,96,20.499375,14.44,18.595,31.19,0.574268829791949,20.4748958333333,6.12,13.75,45.06,1.33799842323806,19.2966666666667,4.94,12.38,39.25,1.22919846821781,1.81770833333333,0.4,1.25,4.3,0.130131468540596,2025-08-20
"136","concave.gentle","concave","gentle","CR11",8,21,96,21.1082291666667,15.81,20.06,30.12,0.419530439133404,19.8419791666667,8,16.625,40,0.946739703521248,18.6161458333333,7,16.5,36,0.877135331455993,1.70208333333333,0.4,1.45,3.7,0.0982408779599367,2025-08-21
"137","concave.gentle","concave","gentle","CR11",8,22,96,19.379375,12.12,18.125,30.75,0.612230657078772,18.1910416666667,1.88,12.81,43,1.49589871683692,16.748125,0.88,12.315,37.5,1.36983572706138,1.13020833333333,0,0.45,3.6,0.134532326641405,2025-08-22
"138","concave.gentle","concave","gentle","CR11",8,23,96,20.2751041666667,13.38,19.095,30.38,0.567019968451398,18.3775,4.06,13.5,41.5,1.3311035521952,17.1114583333333,3.19,12.78,36.25,1.23575938173381,1.03958333333333,0,0.45,3.3,0.118742305075402,2025-08-23
"139","concave.gentle","concave","gentle","CR11",8,24,96,19.5701041666667,14.19,19.72,28.25,0.399112433450657,16.5995833333333,5.69,14.87,37.75,0.894814666646786,15.7258333333333,4.75,14.345,34.38,0.876441327519872,0.736458333333333,0,0.5,2.7,0.0772771242289306,2025-08-24
"140","concave.gentle","concave","gentle","CR11",8,25,96,17.8953125,14.75,17.685,22.75,0.22568195644151,15.7822916666667,9.31,14.06,30.12,0.569374358072831,15.0789583333333,8.62,13.56,28,0.544392234739699,0.95625,0,0.5,4.4,0.102446097294515,2025-08-25
"141","concave.gentle","concave","gentle","CR11",8,26,96,14.6394791666667,11.5,14.185,19.56,0.246155945159845,11.8086458333333,5.12,10.88,26.69,0.554673003475836,11.1969791666667,4.5,10.38,23.5,0.517758328602773,2.428125,1.4,1.95,4.1,0.0940290073407735,2025-08-26
"142","concave.gentle","concave","gentle","CR11",8,27,96,16.1925,13.75,15.655,20.12,0.206559801884069,15.011875,11.38,13.345,25.75,0.393421878391289,14.1672916666667,11,12.72,23.75,0.341995866625231,8.29270833333333,2.9,3.6,42.6,1.09804775404222,2025-08-27
"143","concave.gentle","concave","gentle","CR11",8,28,96,14.0119791666667,12.12,13.47,17.5,0.175076150085512,12.4865625,7.19,10.625,26.56,0.464464529175685,11.2365625,6.44,9.94,22,0.369779712402527,35.9270833333333,33.5,35.1,42.2,0.200992488985671,2025-08-28
"144","concave.gentle","concave","gentle","CR11",8,29,96,13.7479166666667,9.62,13.095,20.5,0.348083345933663,14.2777083333333,3.5,9,33.25,1.02575362196006,12.6480208333333,2.5,9.065,27.38,0.879306178584676,32.1729166666667,30.4,32.2,33.4,0.0640291731527113,2025-08-29
"145","concave.gentle","concave","gentle","CR11",8,30,96,14.0242708333333,9,13.125,21.31,0.418235688212465,13.9794791666667,2.25,8.16,34.5,1.21698331348562,12.1970833333333,1.38,7.47,28.81,1.07122742679923,28.884375,27.9,28.8,30.2,0.0431574058260176,2025-08-30
"146","concave.gentle","concave","gentle","CR11",8,31,96,14.3351041666667,8.69,13.405,22.5,0.465223111792,14.1316666666667,0.5,7.5,37.12,1.36916709111482,12.37375,-0.75,6.935,31.56,1.24214279917916,26.8270833333333,26.4,26.8,27.8,0.0294123425080843,2025-08-31
"147","concave.gentle","concave","gentle","CR11",9,1,96,15.1272916666667,9.81,14.47,22.12,0.419691837635921,15.1615625,1.94,9.13,39.62,1.30974519860387,13.8419791666667,0.75,8.405,34.5,1.22633938252662,25.5052083333333,25.2,25.35,26.3,0.0291461002050659,2025-09-01
"148","concave.gentle","concave","gentle","CR11",9,2,96,15.4989583333333,10,14.785,22.25,0.438944844254395,15.9875,2.94,10.375,36.44,1.25642483072532,14.9230208333333,1.88,10.72,32.56,1.1869490053172,26.0354166666667,24.7,26.2,26.6,0.0436789314167323,2025-09-02
"149","concave.gentle","concave","gentle","CR11",9,3,96,15.7301041666667,10.12,14.715,23.81,0.46178471228465,15.8897916666667,2.31,9.375,37.81,1.35689891686734,14.5382291666667,1.12,9.31,34,1.27338335756534,24.5510416666667,24.2,24.35,25.4,0.0381879812447543,2025-09-03
"150","concave.gentle","concave","gentle","CR11",9,4,96,16.3392708333333,11,15.625,23.25,0.424172627180185,15.3503125,3,10.22,36.44,1.2037766088324,14.1542708333333,1.88,9.595,32.62,1.15192433148014,23.590625,23.2,23.4,24.4,0.0419920137822804,2025-09-04
"151","concave.gentle","concave","gentle","CR11",9,5,96,15.6316666666667,11,15.03,21.38,0.36120035222082,14.1534375,2.75,9.655,31.88,1.06747788329245,12.8708333333333,1.56,8.845,28.75,1.01588532673527,22.7010416666667,22.3,22.55,23.4,0.0367392063056725,2025-09-05
"152","concave.gentle","concave","gentle","CR11",9,6,96,15.1858333333333,10.19,14.44,21.62,0.391051233537835,13.0892708333333,1.12,8.095,35.56,1.1312403265535,11.9176041666667,-0.25,7.375,32.06,1.0964075082869,22.071875,21.7,21.9,23,0.0437973584529495,2025-09-06
"153","concave.gentle","concave","gentle","CR11",9,7,96,15.2834375,11.44,15.5,19.38,0.245261399583278,13.3813541666667,3.12,12.565,31.5,0.750452314189665,12.3767708333333,2,11.84,29.12,0.714781028529319,21.8239583333333,21,21.4,28.1,0.15004198821443,2025-09-07
"154","concave.gentle","concave","gentle","CR11",9,8,96,13.8240625,9.75,12.94,20,0.322548499621382,14.1148958333333,3.75,9.62,31,0.924414145847886,13.1995833333333,2.88,9.25,27.69,0.853866167723632,27.3875,26.4,27.6,28,0.0488070404038439,2025-09-08
"155","concave.gentle","concave","gentle","CR11",9,9,96,13.8035416666667,10.62,13.185,19.38,0.284346202192017,12.79,3.75,9.5,29,0.749109163923179,12.3328125,2.81,9.81,26.62,0.741243512783734,25.5166666666667,25.1,25.5,26.3,0.0231635426392929,2025-09-09
"156","concave.gentle","concave","gentle","CR11",9,10,96,13.2816666666667,9.5,12.12,19.38,0.339089941319547,13.4803125,4.25,8.535,32,0.982356250958175,12.8165625,3.38,7.905,29.25,0.962947137289097,25.0854166666667,24.5,25.1,25.6,0.0227003345803202,2025-09-10
"157","concave.gentle","concave","gentle","CR11",9,11,96,13.7083333333333,9.5,13.06,19,0.319372282721529,13.445625,3.38,10.91,31.88,0.913152732326211,12.8784375,2.5,12.06,27.75,0.87873150860389,23.6697916666667,23.4,23.5,24.3,0.0271092571611694,2025-09-11
"158","concave.gentle","concave","gentle","CR11",9,12,96,14.3116666666667,11.62,13.56,18.25,0.220939018074224,14.0525,7.88,11.25,26.25,0.574938898355386,13.7346875,6.94,12.25,24.62,0.540257389785326,22.725,22.4,22.7,23.4,0.0212028630969681,2025-09-12
"159","concave.gentle","concave","gentle","CR12",6,26,95,15.8888421052632,11,15.88,22.12,0.362085005553306,16.5806315789474,2.31,14.5,40.88,1.26990562126084,14.6344210526316,2.38,13.88,32,1.01371348103408,2.15578947368421,0.9,1.7,4.6,0.125698191565205,2025-06-26
"160","concave.gentle","concave","gentle","CR12",6,27,96,16.8788541666667,11.5,16.125,23.62,0.422425117151779,18.8569791666667,3.75,15.72,39.62,1.32479234652037,16.5964583333333,3.62,15.595,33.5,1.03507475977103,2.59583333333333,1.2,2.2,4.8,0.128767067227374,2025-06-27
"161","concave.gentle","concave","gentle","CR12",6,28,96,17.8541666666667,12.44,17.25,25.5,0.421576241951296,19.7453125,4.62,16.75,41.62,1.33504813758673,17.2077083333333,4.5,17.69,32.12,1.02167954342612,2.81979166666667,1.5,2.4,4.9,0.129164146480791,2025-06-28
"162","concave.gentle","concave","gentle","CR12",6,29,96,18.839375,12.88,18.125,26.12,0.451582956875909,20.3452083333333,4.12,15.81,40.88,1.37816674394085,17.6108333333333,4.12,16.78,32.19,1.02869320382821,3,1.6,2.45,5,0.130736778540539,2025-06-29
"163","concave.gentle","concave","gentle","CR12",6,30,96,19.005,13.25,18.28,26.75,0.464546940199936,20.0589583333333,3.5,15.75,43.75,1.45845175568681,17.5188541666667,3.25,16.25,35.25,1.14254427982248,3.00520833333333,1.6,2.5,5.2,0.13739724862272,2025-06-30
"164","concave.gentle","concave","gentle","CR12",7,1,96,19.531875,14.25,19.215,26.5,0.385500139727943,20.3297916666667,6.06,18.94,39.19,1.20534130147934,18.6646875,6.06,19.16,35.38,1.00234900592249,2.92395833333333,1.7,2.7,4.7,0.111957706531978,2025-07-01
"165","concave.gentle","concave","gentle","CR12",7,2,96,16.7655208333333,12.38,16.56,22.75,0.316880313540407,15.9936458333333,5.88,13.215,34.31,0.909290668692289,15.2234375,5.88,13.065,31,0.789408475913989,5.93125,2.6,5.8,7.8,0.0846731655020665,2025-07-02
"166","concave.gentle","concave","gentle","CR12",7,3,96,15.8473958333333,13.62,15.655,19.81,0.19350405979646,15.345,8.06,15,31.38,0.555895377793908,14.27875,8.12,14.155,26.12,0.436599781856959,4.765625,3.9,4.5,7.2,0.092738882213033,2025-07-03
"167","concave.gentle","concave","gentle","CR12",7,4,96,15.4938541666667,12,15.25,19.62,0.253908282661679,14.859375,5.69,12.12,28.12,0.697287504770601,13.6597916666667,5.88,11.875,24.88,0.574449125500895,7.09583333333333,4.3,6.15,14,0.331410848622666,2025-07-04
"168","concave.gentle","concave","gentle","CR12",7,5,96,14.5225,9.69,13.625,20.69,0.384667491409618,15.1296875,5,11.375,30.56,0.919106037984605,13.7660416666667,4.69,10.875,27.12,0.783609723717446,17.553125,12.1,17.8,25.6,0.236397269725714,2025-07-05
"169","concave.gentle","concave","gentle","CR12",7,6,96,15.8586458333333,9.25,14.905,25.81,0.537597657790748,17.4885416666667,3.06,14.87,39.62,1.2709915142784,15.3982291666667,2.75,16.06,31.19,1.02455202014883,14.209375,13.2,14.15,15,0.0512578219319796,2025-07-06
"170","concave.gentle","concave","gentle","CR12",7,7,96,17.9194791666667,10.81,17.185,26.5,0.542337581188244,19.2886458333333,2.75,14.72,43,1.43198938129908,16.6725,2.19,15.81,33.69,1.15513718141818,12.534375,12.1,12.3,13.4,0.0459983820510656,2025-07-07
"171","concave.gentle","concave","gentle","CR12",7,8,96,18.5254166666667,12.75,18.56,26.25,0.415772714264537,19.8973958333333,5.12,17,41.75,1.24038428048044,18.0338541666667,4.94,17.94,34.56,1.02569666493576,11.4291666666667,10.5,11.3,12.5,0.0543485475416137,2025-07-08
"172","concave.gentle","concave","gentle","CR12",7,9,96,18.4741666666667,12.62,17.75,26.5,0.466403622607379,21.7851041666667,5.81,17.22,43.75,1.44772385623808,19.674375,5.88,19,36,1.14975857317522,10.0729166666667,9.4,9.8,11.2,0.0491702905295488,2025-07-09
"173","concave.rugged","concave","rugged","CR07",6,26,95,15.7371578947368,8.88,15.12,23.25,0.525428501355923,15.9848421052632,-0.38,12.62,40.38,1.44445201009837,14.5221052631579,-0.75,13.19,34.88,1.28397431097242,0.00526315789473684,0,0,0.2,0.00312789030598136,2025-06-26
"174","concave.rugged","concave","rugged","CR07",6,27,96,17.06125,9.81,15.69,27.88,0.607720814861388,18.5653125,1.69,13.405,42.75,1.52378825854079,16.4959375,1.19,13.595,35.69,1.29572245459622,0.110416666666667,0,0,1,0.0246234433414237,2025-06-27
"175","concave.rugged","concave","rugged","CR07",6,28,96,17.7379166666667,10.75,17.06,26.88,0.534032920757903,18.7489583333333,2.75,15.53,41,1.358693059776,16.5864583333333,2.38,16.375,33.56,1.1175478617166,0.0822916666666667,0,0,0.8,0.0216123539063719,2025-06-28
"176","concave.rugged","concave","rugged","CR07",6,29,96,18.0038541666667,10.38,16.75,29,0.613249244029252,19.2161458333333,2,14.47,42.06,1.49112453421252,16.9051041666667,1.69,15.595,34.25,1.19684997736008,0.170833333333333,0,0,1.1,0.0341217076898639,2025-06-29
"177","concave.rugged","concave","rugged","CR07",6,30,96,18.0644791666667,10.38,16.625,29.62,0.643120286793151,19.0014583333333,1.12,14.78,45.88,1.6171050453243,16.6972916666667,0.62,15.56,36.88,1.32758939698962,0.190625,0,0,1.4,0.0390422096425385,2025-06-30
"178","concave.rugged","concave","rugged","CR07",7,1,96,18.4795833333333,11.75,17.56,27.88,0.548371810826702,19.8842708333333,4.19,15.875,45.12,1.41718943459445,18.2040625,4,16.345,39,1.20816232224346,0.0885416666666667,0,0,1,0.0236879286595786,2025-07-01
"179","concave.rugged","concave","rugged","CR07",7,2,96,16.4569791666667,11.31,17.035,24.5,0.350242870614783,15.0967708333333,4.5,14.12,35.25,0.877058049535037,14.3803125,4.25,13.685,32.62,0.807455846562199,0.908333333333333,0,0,6.9,0.185337924340461,2025-07-02
"180","concave.rugged","concave","rugged","CR07",7,3,96,14.3963541666667,11.5,14.25,18.75,0.241399297944428,14.206875,7.06,14.155,25.25,0.543535238138876,13.3825,6.75,13.56,21.69,0.473228691793769,2.59479166666667,2.2,2.5,3.6,0.03470962856411,2025-07-03
"181","concave.rugged","concave","rugged","CR07",7,4,96,14.5789583333333,9.88,14.595,19.94,0.324357850057627,14.7358333333333,5.12,13,27.62,0.69172612828323,13.5833333333333,4.88,12.19,24.5,0.580043738268153,3.34375,2.3,3,5.9,0.112066049016218,2025-07-04
"182","concave.rugged","concave","rugged","CR07",7,5,96,15.1498958333333,8.81,14.125,23.88,0.51037085533316,16.111875,4.31,12.28,34.12,1.04266344918031,14.6575,3.88,11.655,30,0.912323066239686,6.375,4.6,6.5,7.8,0.0539045615359773,2025-07-05
"183","concave.rugged","concave","rugged","CR07",7,6,96,16.3917708333333,8.38,14.94,28.75,0.666323228337887,17.6254166666667,2.38,14.405,39.25,1.33191495761286,15.5510416666667,1.94,14.125,32.25,1.11479464200425,5.275,4.8,5,6.5,0.0495594627783352,2025-07-06
"184","concave.rugged","concave","rugged","CR07",7,7,96,17.3408333333333,8.69,15.75,30.25,0.706069825125827,18.1040625,1.38,13.095,42.75,1.515560869619,15.8109375,0.75,13.435,34.62,1.26415398065306,5.60520833333333,4.8,5.3,6.7,0.0551387761094491,2025-07-07
"185","concave.rugged","concave","rugged","CR07",7,8,96,17.8884375,10.25,17.155,26.38,0.574444856501158,19.0004166666667,3.38,15.63,42.31,1.38677024365928,17.3292708333333,3,15.72,36.31,1.20124625749998,4.83958333333333,4.3,4.6,6.2,0.0570564349482672,2025-07-08
"186","concave.rugged","concave","rugged","CR07",7,9,96,18.2589583333333,10.25,17,29.75,0.656474259579534,20.1990625,3,15.875,46,1.59432083570148,18.2201041666667,2.88,16.59,38.75,1.34052845771301,4.04583333333333,3.3,3.75,5.4,0.0718630011596546,2025-07-09
"187","concave.rugged","concave","rugged","CR07",7,10,96,19.3894791666667,12.62,17.875,30.19,0.595023815861852,21.3073958333333,6.25,16.63,43.62,1.38199491300756,18.9154166666667,5.88,17.28,35.25,1.07700249959665,2.825,1.8,2.8,4.1,0.073119704786536,2025-07-10
"188","concave.rugged","concave","rugged","CR07",7,11,96,18.6975,10.81,17.625,29.62,0.617397427378292,19.226875,1.75,14.815,44.25,1.56671068652579,16.5595833333333,1.19,15.155,36.88,1.27580943447084,2.05104166666667,0.9,1.85,3.8,0.0920287282528147,2025-07-11
"189","concave.rugged","concave","rugged","CR07",7,12,96,19.0360416666667,11.56,18,29.38,0.589907450352786,20.0826041666667,3.5,16.595,44.19,1.48717203553018,17.59375,3.06,16.595,35.38,1.20475003094476,1.48125,0.3,1.35,3.3,0.0993544127963387,2025-07-12
"190","concave.rugged","concave","rugged","CR07",7,13,96,19.54125,11.75,18.28,30.62,0.622113179505173,21.225,3.81,17.25,45.56,1.58353807309688,18.8333333333333,3.44,17.22,38.38,1.30651056678127,1.09479166666667,0,0.8,3.2,0.113132915460853,2025-07-13
"191","concave.rugged","concave","rugged","CR07",7,14,96,19.6144791666667,11.88,18.375,30.81,0.621295757427319,21.0629166666667,3.75,16.315,46.5,1.56911177185007,18.7697916666667,3.38,17.095,38,1.28800485740583,0.788541666666667,0,0.15,2.9,0.10019574910953,2025-07-14
"192","concave.rugged","concave","rugged","CR07",7,15,96,19.6347916666667,12.69,19.125,29.38,0.51551345506218,19.7683333333333,5.12,16,45,1.32150596631489,18.0547916666667,4.75,15.875,37.38,1.08375906256118,0.521875,0,0,2.6,0.0824807676280281,2025-07-15
"193","concave.rugged","concave","rugged","CR07",7,16,96,17.8479166666667,10.88,16.56,29.06,0.588347800316638,18.2935416666667,3.12,12.53,42,1.4105010539618,16.1253125,2.75,13.185,33.75,1.14460640167767,0.538541666666667,0,0,2.3,0.0818691964819635,2025-07-16
"194","concave.rugged","concave","rugged","CR07",7,17,96,18.1472916666667,10.81,17.03,28.5,0.604993339081186,18.6952083333333,2.31,14.56,43.38,1.5204604419989,16.7416666666667,2,15.035,35.75,1.27770009648184,0.528125,0,0,2.3,0.0787331592268601,2025-07-17
"195","concave.rugged","concave","rugged","CR07",7,18,96,17.920625,11.94,17.155,26,0.452241488929544,17.785625,4.44,15.75,42.5,1.1609057528244,16.5069791666667,4.19,15.38,34.75,0.986230342118275,0.397916666666667,0,0,2.3,0.0686489155858351,2025-07-18
"196","concave.rugged","concave","rugged","CR07",7,19,96,16.3867708333333,11,16,23,0.404541745693308,15.5561458333333,4.69,13.655,37.75,1.02197631004094,14.2807291666667,4.5,13.87,33.06,0.863307926260194,1.0875,0,0.75,4.6,0.11531088793862,2025-07-19
"197","concave.rugged","concave","rugged","CR07",7,20,96,16.1942708333333,9,14.625,27.25,0.606313163553343,17.3320833333333,2.88,12.94,39.25,1.29372404556275,15.7075,2.62,13.065,34.25,1.10283592765802,2.73229166666667,1.7,2.5,4.5,0.0880153344851462,2025-07-20
"198","concave.rugged","concave","rugged","CR07",7,21,96,17.5403125,11.12,15.875,28,0.585691064550968,19.0282291666667,6.06,14.185,42.25,1.31181681463112,17.4111458333333,6,14,36.06,1.10304493703088,2.103125,1,2,3.9,0.0922365038503946,2025-07-21
"199","concave.rugged","concave","rugged","CR07",7,22,96,18.5119791666667,13.19,17.375,25.31,0.43209664843866,19.9959375,8.62,15.78,41.5,1.01614544711657,18.3041666666667,8.19,15.685,33.69,0.793386944414421,1.36041666666667,0.2,1.2,3.2,0.0895098637937422,2025-07-22
"200","concave.rugged","concave","rugged","CR07",7,23,96,17.8810416666667,11.62,16.53,27.69,0.561763620904023,18.5172916666667,3.38,12.56,41.31,1.35515258154939,16.0648958333333,2.88,12.06,34.25,1.10008534352735,1.07708333333333,0,0.75,3.2,0.112307136502347,2025-07-23
"201","concave.rugged","concave","rugged","CR07",7,24,96,17.5109375,10.69,17.405,25.5,0.487420328130322,16.7503125,2.44,15.5,44,1.28156999601028,15.006875,2,15,36.25,1.09393248164452,0.766666666666667,0,0.5,3.1,0.0910184416761032,2025-07-24
"202","concave.rugged","concave","rugged","CR07",7,25,96,17.350625,10,16.125,28.62,0.612654058901235,18.8420833333333,1.75,16.72,45.12,1.54022914902486,16.6597916666667,1.5,16.38,36.56,1.2736744741926,0.926041666666667,0,0.45,3.4,0.116220117755915,2025-07-25
"203","concave.rugged","concave","rugged","CR07",7,26,96,16.5338541666667,10.75,16.095,24,0.430748592818049,15.8175,2.81,13.815,37.25,1.14369549529799,14.5190625,2.5,13.655,32.12,1.00868777746884,0.4375,0,0,2,0.0612596215142583,2025-07-26
"204","concave.rugged","concave","rugged","CR07",7,27,96,16.8029166666667,9.5,15.405,28.62,0.620324156853514,17.7715625,1.19,12.62,44,1.56291760965322,15.7548958333333,1,12.81,34.69,1.30507006428498,0.657291666666667,0,0,2.9,0.0986614892215263,2025-07-27
"205","concave.rugged","concave","rugged","CR07",7,28,96,17.7290625,9.62,16.5,29.62,0.653068433555206,18.9958333333333,0.75,14.625,46.62,1.66642052349073,17.0088541666667,0.38,14.44,37.62,1.40689511222183,0.147916666666667,0,0,1.3,0.0322741534285899,2025-07-28
"206","concave.rugged","concave","rugged","CR07",7,29,96,17.2130208333333,11.31,17.19,24.88,0.413696380947992,17.5263541666667,4.19,15.435,41.81,1.14031279488168,16.5307291666667,4,16.22,36.5,1.0109351807009,0,0,0,0,0,2025-07-29
"207","concave.rugged","concave","rugged","CR07",7,30,96,17.2527083333333,11.5,16.125,26.75,0.504269109771206,18.5902083333333,4.38,14.19,42.75,1.2727158416466,17.245625,4.12,14.75,36.12,1.0226975832402,0.0291666666666667,0,0,0.4,0.00923815821749455,2025-07-30
"208","concave.rugged","concave","rugged","CR07",7,31,96,18.301875,12,16.125,30,0.590760295002394,21.6760416666667,7.38,14.5,46.81,1.3687788647855,20.0189583333333,7.5,15.09,37.75,1.01228122478484,0.13125,0,0,1.1,0.033057382990422,2025-07-31
"209","concave.rugged","concave","rugged","CR07",8,1,96,17.8895833333333,12.25,17.78,25.25,0.429731094944255,18.2038541666667,5.38,17.5,41.12,1.11470792502317,16.9063541666667,5.06,17.56,35.25,0.964866902008729,0,0,0,0,0,2025-08-01
"210","concave.rugged","concave","rugged","CR07",8,2,96,17.0054166666667,10.25,15.94,27.75,0.547743375304584,17.5201041666667,2.06,13.94,44.19,1.42774725556135,15.5580208333333,1.75,14.125,36.12,1.18657885436536,0.0385416666666667,0,0,0.7,0.0137625374791678,2025-08-02
"211","concave.rugged","concave","rugged","CR07",8,3,96,18.0363541666667,10.12,16.78,29,0.619009840351163,18.5103125,1.44,16.845,44,1.50485304444505,15.9894791666667,1.12,16.345,34.62,1.21813640532131,0.0395833333333333,0,0,0.5,0.0120742555132327,2025-08-03
"212","concave.rugged","concave","rugged","CR07",8,4,96,18.83,11.75,16.935,29.88,0.60230704124211,20.4590625,3.88,14.25,47.56,1.46559871214688,18.2560416666667,3.5,14.185,38.12,1.18976527685792,0.05,0,0,0.9,0.0158805850791506,2025-08-04
"213","concave.rugged","concave","rugged","CR07",8,5,96,18.9017708333333,11,17.935,29.94,0.616671224404536,19.0684375,2.31,16.405,42.56,1.45417480011895,16.593125,2,15.685,34,1.1686339801923,0.0166666666666667,0,0,0.3,0.00622436262266905,2025-08-05
"214","concave.rugged","concave","rugged","CR07",8,6,96,18.3759375,10.5,16.965,30.25,0.654101878199524,19.1092708333333,2.25,14.28,46.12,1.61266644894215,17.01375,2,14.72,37.25,1.33454863953021,0.0385416666666667,0,0,0.5,0.0113138821406963,2025-08-06
"215","concave.rugged","concave","rugged","CR07",8,7,96,18.398125,10.5,17.095,30,0.636181890031418,18.9021875,2.12,14.875,44.88,1.52487750588802,16.8939583333333,2,15.41,36.25,1.24127840225775,0,0,0,0,0,2025-08-07
"216","concave.rugged","concave","rugged","CR07",8,8,96,19.1392708333333,13,17.405,29.56,0.537053716088744,19.5029166666667,7.31,14.44,39.25,1.0977135818699,17.1323958333333,7.5,14.685,29.75,0.732316870479775,0,0,0,0,0,2025-08-08
"217","concave.rugged","concave","rugged","CR07",8,9,96,14.5786458333333,8.44,14.375,23.25,0.449695379834565,11.0051041666667,-2,8.315,31,1.1345841458862,9.56510416666667,-2.5,8.035,25.25,1.00308869483727,0,0,0,0,0,2025-08-09
"218","concave.rugged","concave","rugged","CR07",8,10,96,14.2819791666667,7.62,13.065,24.56,0.547655321631426,13.4179166666667,-1.5,10.44,39.62,1.38667350851783,11.5370833333333,-2,10.28,31.25,1.17707909485342,0,0,0,0,0,2025-08-10
"219","concave.rugged","concave","rugged","CR07",8,11,96,16.3144791666667,8.69,14.405,29,0.66810987760103,16.9723958333333,1,11.405,43,1.55926805214447,14.6673958333333,0.75,11.655,33.88,1.25213161445977,0,0,0,0,0,2025-08-11
"220","concave.rugged","concave","rugged","CR07",8,12,96,18.0544791666667,10.38,16.625,30.12,0.646472154964585,19.5729166666667,3.75,15.155,45.69,1.52993634425448,17.4164583333333,3.62,15.315,37.12,1.23765122219014,0,0,0,0,0,2025-08-12
"221","concave.rugged","concave","rugged","CR07",8,13,96,17.8782291666667,11.06,17.125,26.88,0.528587533515062,19.0552083333333,4.62,15.155,43.94,1.34253519326577,17.6516666666667,4.62,15.345,36.81,1.14160118265265,0,0,0,0,0,2025-08-13
"222","concave.rugged","concave","rugged","CR07",8,14,96,18.1033333333333,12.06,17.375,26.38,0.480422777688191,19.6315625,6.25,16.625,41.69,1.22337958820836,18.2340625,6.31,16.375,34.88,1.02610667234409,0,0,0,0,0,2025-08-14
"223","concave.rugged","concave","rugged","CR07",8,15,96,17.5917708333333,11.62,17.44,24.88,0.408835021062513,18.3252083333333,4.75,16.62,45.38,1.09476054799114,17.2254166666667,4.69,16.72,36.75,0.911751963479847,0,0,0,0,0,2025-08-15
"224","concave.rugged","concave","rugged","CR07",8,16,96,17.465625,12.69,16.75,26,0.404787084289329,18.6182291666667,8,14.47,42.81,1.02095384531905,17.1464583333333,7.94,14.06,35.12,0.818944174499482,0,0,0,0,0,2025-08-16
"225","concave.rugged","concave","rugged","CR07",8,17,96,15.0315625,11.25,15.62,20.75,0.266769059075325,13.2982291666667,4.38,12.44,28.56,0.674574232106908,12.830625,4.25,12.28,25.38,0.62070981602736,0,0,0,0,0,2025-08-17
"226","concave.rugged","concave","rugged","CR07",8,18,96,14.1485416666667,8,12.375,26.19,0.571710958960697,15.6445833333333,1.5,9.75,44.5,1.44795271316988,14.2723958333333,1.44,10.155,35.62,1.217071908102,0,0,0,0,0,2025-08-18
"227","concave.rugged","concave","rugged","CR07",8,19,96,16.4642708333333,8.62,14.655,29.19,0.675353265985299,18.1866666666667,1.25,12.28,46.5,1.64959923141016,16.4120833333333,1.25,12.345,37.88,1.36808590127237,0.0145833333333333,0,0,0.3,0.00573140905080089,2025-08-19
"228","concave.rugged","concave","rugged","CR07",8,20,96,17.9680208333333,11.94,16.25,28,0.57452754464589,20.7561458333333,6.19,14.38,47.88,1.40992994234465,19.2473958333333,6.25,14.845,40,1.16266039494116,0.00208333333333333,0,0,0.2,0.00208333333333333,2025-08-20
"229","concave.rugged","concave","rugged","CR07",8,21,96,18.0725,13.44,17.315,25.38,0.349695168005387,18.8142708333333,7.88,16.69,39.12,0.843038582403481,17.9591666666667,7.81,16.78,33.94,0.731325560898422,0,0,0,0,0,2025-08-21
"230","concave.rugged","concave","rugged","CR07",8,22,96,17.2902083333333,10,16.035,28,0.602193595728243,18.8635416666667,2.19,14.155,44.06,1.52081355896181,17.0564583333333,2.12,13.88,37.38,1.27886239863046,0,0,0,0,0,2025-08-22
"231","concave.rugged","concave","rugged","CR07",8,23,96,17.6898958333333,11.12,16.655,26.31,0.521244157163426,19.1214583333333,4.94,15.44,42.38,1.31569298313053,17.7360416666667,4.75,16,35.5,1.09080974951219,0,0,0,0,0,2025-08-23
"232","concave.rugged","concave","rugged","CR07",8,24,96,16.9577083333333,11.75,16.97,23.25,0.360017375286306,16.946875,5.88,15.75,37,0.927206629638752,16.1144791666667,5.75,15.87,33.38,0.813839056756586,0,0,0,0,0,2025-08-24
"233","concave.rugged","concave","rugged","CR07",8,25,96,16.09625,12.81,15.785,21,0.245852537905829,16.0822916666667,8.94,13.655,32.75,0.692715503854195,15.1070833333333,8.62,13.25,29,0.575580273881312,0,0,0,0,0,2025-08-25
"234","concave.rugged","concave","rugged","CR07",8,26,96,13.1747916666667,10.38,12.88,17.38,0.214344419672832,11.2021875,5.19,10.59,21.38,0.465490855882944,10.7819791666667,5.12,10.315,18.56,0.423794953621123,0,0,0,0,0,2025-08-26
"235","concave.rugged","concave","rugged","CR07",8,27,96,14.7115625,12.31,14.185,19.31,0.207909990652849,14.5554166666667,10.75,12.97,26.88,0.416103160619789,13.55,10.44,12.12,23.44,0.324306581450223,4.51458333333333,0,0,48.1,1.14579989983121,2025-08-27
"236","concave.rugged","concave","rugged","CR07",8,28,96,12.6884375,10.75,12.185,15.88,0.175433318674039,11.6679166666667,6.88,10.12,26.75,0.410565237157249,10.6828125,6.38,9.56,21.88,0.334502599546877,24.9947916666667,22.7,23.5,47.7,0.454061519596427,2025-08-28
"237","concave.rugged","concave","rugged","CR07",8,29,96,12.8746875,8.12,12.03,20.62,0.393302480385393,13.5491666666667,3.38,9.405,32.38,0.953803175228529,11.9483333333333,2.88,8.905,25.62,0.78481926999132,21.93125,20.3,22,22.6,0.0475337483988177,2025-08-29
"238","concave.rugged","concave","rugged","CR07",8,30,96,12.2554166666667,6.75,11.25,20.62,0.452701683188817,12.7323958333333,1.75,7.78,32.38,1.11677420349698,11.38875,1.38,8.03,26.25,0.951625493586558,19.6114583333333,18.4,19.55,20.2,0.034535444279026,2025-08-30
"239","concave.rugged","concave","rugged","CR07",8,31,96,11.7408333333333,5.81,10.625,21.12,0.49448408491469,12.6316666666667,-0.12,7.16,34.88,1.244614025165,11.5219791666667,-0.5,7.81,28.94,1.0884700918192,17.8145833333333,17.2,17.6,18.7,0.0431739435375644,2025-08-31
"240","concave.rugged","concave","rugged","CR07",9,1,96,12.4395833333333,6.62,11.5,20.69,0.467686094790335,14.0030208333333,1.44,8.87,36.62,1.20692880064235,13.2926041666667,1.25,9.685,31.75,1.08510540199485,16.5947916666667,16.1,16.4,17.6,0.0423635526810516,2025-09-01
"241","concave.rugged","concave","rugged","CR07",9,2,96,13.4558333333333,7.44,12.75,21.69,0.46839101848651,15.1779166666667,2.56,10.685,36.5,1.17863661681126,14.4044791666667,2.31,11.38,31.75,1.04969329135538,16.4489583333333,15.7,16.3,18.1,0.0553100271608337,2025-09-02
"242","concave.rugged","concave","rugged","CR07",9,3,96,13.1514583333333,7.12,12,22.75,0.506051167996723,14.7934375,1.88,9.63,37.62,1.26346928075984,13.8867708333333,1.62,10.215,31.31,1.10558964079497,15.1552083333333,14.5,15,16.5,0.0615741920131805,2025-09-03
"243","concave.rugged","concave","rugged","CR07",9,4,96,13.6457291666667,7.69,12.53,22.56,0.492442238682278,15.2579166666667,2.62,10.13,37.25,1.23624216525524,14.2177083333333,2.56,10.75,31.38,1.06575307448358,14.3833333333333,13.7,14.2,15.6,0.0584084729093506,2025-09-04
"244","concave.rugged","concave","rugged","CR07",9,5,96,13.6288541666667,8.25,13.095,20.12,0.403779481835781,13.8717708333333,2.38,10.28,33,1.02773096813721,12.7673958333333,2.06,10.19,27.88,0.901117048552961,13.6135416666667,13.1,13.5,14.5,0.0426022966925439,2025-09-05
"245","concave.rugged","concave","rugged","CR07",9,6,96,12.7825,7.25,11.845,20.5,0.437178352941568,13.1080208333333,0.5,8.5,35.62,1.15353043728038,12.05625,0.12,8.405,30,1.02762934314176,12.8989583333333,12.3,12.7,14.1,0.0538739348750222,2025-09-06
"246","concave.rugged","concave","rugged","CR07",9,7,96,13.6666666666667,9.12,13.5,20.12,0.316377753707393,13.43625,2.88,11.815,35.75,0.862884585627786,12.3644791666667,2.5,11.06,29.5,0.731116318861751,13.5489583333333,11.8,12.4,47.5,0.466613393242902,2025-09-07
"247","concave.rugged","concave","rugged","CR07",9,8,96,12.4586458333333,8.06,11.41,19.38,0.358518015029502,13.2152083333333,3.56,8.875,31.88,0.908124682045158,12.0613541666667,3.12,8.285,25.94,0.775405194299283,19.140625,17.6,19.1,21.4,0.0694050235333629,2025-09-08
"248","concave.rugged","concave","rugged","CR07",9,9,96,11.9010416666667,8,10.88,18.12,0.350089696500426,12.4528125,3.06,8.03,31.56,0.857150671814085,11.8616666666667,2.75,8.56,27.12,0.741825638393402,16.890625,16.4,16.8,17.6,0.0350462765810148,2025-09-09
"249","concave.rugged","concave","rugged","CR07",9,10,96,12.2452083333333,7.81,11.125,19.12,0.394706836000131,13.6071875,4.06,8.565,34.38,1.03131910404432,12.6841666666667,3.62,8.5,29.25,0.931220615533893,16.7166666666667,16.1,16.7,17.5,0.0306245897454321,2025-09-10
"250","concave.rugged","concave","rugged","CR07",9,11,96,12.2490625,7.56,12.215,18,0.338571142272838,13.4397916666667,3.19,13.315,31.94,0.894093005327023,12.8195833333333,3,13.905,26.5,0.79272430160047,15.28125,14.8,15.15,16.1,0.0378800189193899,2025-09-11
"251","concave.rugged","concave","rugged","CR07",9,12,96,12.1583333333333,9.25,11.28,16.44,0.254455587871107,13.3204166666667,7.12,9.935,31.88,0.633026008942031,12.9763541666667,7.12,10.875,27,0.521885396099659,14.1927083333333,13.7,14.2,14.9,0.0265007775319012,2025-09-12
"252","concave.rugged","concave","rugged","CR08",6,26,95,15.0158947368421,8.12,13.81,25,0.575565071089218,13.554,0.69,9.75,38.75,1.18183360489235,12.8109473684211,0.31,10.19,34.94,1.07942516195505,0,0,0,0,0,2025-06-26
"253","concave.rugged","concave","rugged","CR08",6,27,96,16.3427083333333,8.94,14.56,29.25,0.669172742743492,15.9885416666667,2.25,10.94,42.31,1.2793326280633,14.81375,2.12,11.28,35.5,1.10440637831593,0,0,0,0,0,2025-06-27
"254","concave.rugged","concave","rugged","CR08",6,28,96,17.9314583333333,10,16.06,32.5,0.713340362819418,17.6805208333333,3.5,13.185,44.12,1.32761203453788,16.2384375,3.12,13.75,35.94,1.11855160034498,0,0,0,0,0,2025-06-28
"255","concave.rugged","concave","rugged","CR08",6,29,96,18.6689583333333,10.12,16.78,32.5,0.738145294247902,17.6376041666667,3.06,12.935,42.31,1.33842356819958,16.0467708333333,2.5,13.03,34.75,1.12060927286438,0,0,0,0,0,2025-06-29
"256","concave.rugged","concave","rugged","CR08",6,30,96,18.7502083333333,10.25,16.565,34.12,0.778420676461725,17.8704166666667,2.88,11.91,47.38,1.48122890033582,16.3376041666667,2.5,12.25,39.38,1.27219847653641,0.00729166666666667,0,0,0.2,0.00370063758928802,2025-06-30
"257","concave.rugged","concave","rugged","CR08",7,1,96,19.505625,11.75,18.345,30.38,0.626973372579128,18.7039583333333,5.12,14.72,45,1.20410016339609,17.7009375,4.56,14.815,39.75,1.1021738097852,0,0,0,0,0,2025-07-01
"258","concave.rugged","concave","rugged","CR08",7,2,96,16.2558333333333,10.62,15.625,26.88,0.454200586211224,14.3339583333333,5.62,12.13,34.62,0.775926829487528,14.125625,5.62,12.28,33.56,0.738447455822664,0,0,0,0,0,2025-07-02
"259","concave.rugged","concave","rugged","CR08",7,3,96,15.2934375,12.06,14.94,21.5,0.289132809135405,14.81,8.12,13.88,29.81,0.569428402997559,14.4403125,8,13.78,26.75,0.514920417397428,0,0,0,0,0,2025-07-03
"260","concave.rugged","concave","rugged","CR08",7,4,96,15.0195833333333,10.69,14.685,20.5,0.335926805045315,14.4069791666667,5.88,12.25,27.88,0.650224760732099,14.1114583333333,5.88,12.155,27.88,0.605273698043396,0.572916666666667,0,0,3.8,0.120774902690431,2025-07-04
"261","concave.rugged","concave","rugged","CR08",7,5,96,14.2004166666667,8.75,12.94,24,0.484348787726897,13.974375,5.25,10.25,33.44,0.855341188368558,13.541875,5,10.25,30.38,0.799848797560097,4.21770833333333,2.2,4.1,6.1,0.0900535268661,2025-07-05
"262","concave.rugged","concave","rugged","CR08",7,6,96,15.26625,7.75,13.22,30.5,0.706882274033028,15.5647916666667,3.38,10.535,40.5,1.21873060919497,14.4827083333333,2.88,10.565,34.38,1.06280475999897,3.28020833333333,1.9,2.8,5.9,0.131711238777568,2025-07-06
"263","concave.rugged","concave","rugged","CR08",7,7,96,16.7947916666667,8.38,14.78,31.44,0.748687989541357,16.7529166666667,2.75,11.5,43.5,1.3617086863269,15.3798958333333,2.06,11.25,36.5,1.20128682369388,2.565625,1.3,2.15,5,0.125715741427014,2025-07-07
"264","concave.rugged","concave","rugged","CR08",7,8,96,17.0609375,10.12,16.31,28,0.554915239262628,16.7486458333333,4.5,12.78,40.25,1.09302769001329,16.0465625,3.88,13.095,36.94,1.03570155717227,1.640625,0.8,1.4,3.5,0.0797553568156364,2025-07-08
"265","concave.rugged","concave","rugged","CR08",7,9,96,17.2657291666667,9.5,15.095,32.12,0.71645578922366,18.5520833333333,4,12.47,48.06,1.47021237513397,17.4952083333333,3.56,12.75,41,1.29742291779254,0.710416666666667,0,0,3.7,0.113279261804493,2025-07-09
"266","concave.rugged","concave","rugged","CR08",7,10,96,19.4055208333333,12.5,17.22,31.62,0.639226950023059,20.1258333333333,8.25,13.75,45.12,1.23995048594786,18.4851041666667,7.75,13.935,36.5,1.02379948946199,0.230208333333333,0,0,1.6,0.0483753551069669,2025-07-10
"267","concave.rugged","concave","rugged","CR08",7,11,96,18.5458333333333,10.75,17.035,30.19,0.645985403715026,17.8110416666667,3.5,12.19,46.19,1.36926576623321,16.0259375,2.62,11.845,38,1.19048186633887,0.1125,0,0,1.3,0.0317352673374978,2025-07-11
"268","concave.rugged","concave","rugged","CR08",7,12,96,19.0154166666667,11.38,17.25,32.62,0.67451446014481,19.0726041666667,4.75,13.375,47.94,1.41355434368871,17.2629166666667,3.94,13.31,39.56,1.20142805119891,0.053125,0,0,0.7,0.0156687982639093,2025-07-12
"269","concave.rugged","concave","rugged","CR08",7,13,96,19.9135416666667,11.75,18.125,33.75,0.706480310672343,19.9361458333333,5.12,13.625,49.44,1.46828473123203,18.1235416666667,4.44,13.565,41.38,1.26453804562827,0,0,0,0,0,2025-07-13
"270","concave.rugged","concave","rugged","CR08",7,14,96,20.3658333333333,12.06,18.565,34.19,0.714153140161366,20.3211458333333,5.12,14.375,49.75,1.47492526475691,18.5129166666667,4.25,14,41,1.26701577238437,0,0,0,0,0,2025-07-14
"271","concave.rugged","concave","rugged","CR08",7,15,96,20.048125,12.81,20.12,30.75,0.470832789453963,17.954375,7,15.5,43.25,0.959365730854131,16.6064583333333,6,14.875,37.88,0.906377465073052,0,0,0,0,0,2025-07-15
"272","concave.rugged","concave","rugged","CR08",7,16,96,16.1861458333333,10,14.715,27.25,0.526755864291615,15.711875,4.44,10.905,43.69,1.22515569465734,14.7783333333333,3.75,10.685,38.88,1.12108453781848,0,0,0,0,0,2025-07-16
"273","concave.rugged","concave","rugged","CR08",7,17,96,17.8108333333333,10.38,17,26.56,0.473798241229126,17.2910416666667,4.94,12.375,42.56,1.23904261002413,16.0314583333333,3.12,11.87,37.5,1.21736046049278,0,0,0,0,0,2025-07-17
"274","concave.rugged","concave","rugged","CR08",7,18,96,18.275,12.38,17.685,25.12,0.388210949392299,17.2207291666667,6.56,14.845,41.25,0.973177246310588,16.2838541666667,4.94,14.03,36.69,0.978073746566945,0,0,0,0,0,2025-07-18
"275","concave.rugged","concave","rugged","CR08",7,19,96,15.9051041666667,10.94,15.905,22.44,0.299599330202375,14.0853125,6.44,11.815,37,0.756948498693137,13.4185416666667,5.12,11.035,35.31,0.772230450036893,0,0,0,0,0,2025-07-19
"276","concave.rugged","concave","rugged","CR08",7,20,96,15.7927083333333,9.69,15.095,23.38,0.395038124941332,16.150625,4.62,10.78,41.19,1.15248437608335,15.3338541666667,3,10.38,37.69,1.15689260113703,0,0,0,0,0,2025-07-20
"277","concave.rugged","concave","rugged","CR08",7,21,96,17.845625,12.44,17.03,25.75,0.428960616840799,19.4575,8,13.845,44.69,1.21305079730492,18.3264583333333,6.81,13.405,40.88,1.16206176402237,0,0,0,0,0,2025-07-21
"278","concave.rugged","concave","rugged","CR08",7,22,96,19.1830208333333,15,18.75,25.19,0.313878682277745,20.1113541666667,11.12,16.56,35.31,0.795856286338308,19.15375,9.62,15.56,33.69,0.791751448599653,0,0,0,0,0,2025-07-22
"279","concave.rugged","concave","rugged","CR08",7,23,96,17.295,12.31,16.815,23.94,0.369132517924761,16.845625,6.38,12.03,43.5,1.07470389447533,15.4338541666667,4.12,10.56,39.25,1.04898063896169,0,0,0,0,0,2025-07-23
"280","concave.rugged","concave","rugged","CR08",7,24,96,16.7432291666667,11,16.94,23.38,0.341237540572998,14.5702083333333,5,12.41,36.06,0.843484457619038,13.5804166666667,2.88,11.37,35.19,0.924567074088356,0,0,0,0,0,2025-07-24
"281","concave.rugged","concave","rugged","CR08",7,25,96,15.0341666666667,9.12,14.315,24.25,0.452255741641776,15.4430208333333,3.62,10.095,44.69,1.27758473917972,14.7736458333333,2.25,9.935,41.88,1.25561898588494,0.05,0,0,1,0.0174592256816707,2025-07-25
"282","concave.rugged","concave","rugged","CR08",7,26,96,16.5366666666667,11.75,16.03,23.25,0.352848983236115,16.359375,5.12,13.69,36.5,0.977713137041893,15.5419791666667,3.38,13,35.12,1.03663284009859,0,0,0,0,0,2025-07-26
"283","concave.rugged","concave","rugged","CR08",7,27,96,16.5409375,10.12,15.56,26.75,0.48564882622634,18.0542708333333,4.38,11.28,51,1.499955392208,16.6925,2.19,10.625,45.06,1.44313261083524,0,0,0,0,0,2025-07-27
"284","concave.rugged","concave","rugged","CR09",6,26,95,18.1754736842105,10.38,17.94,28.81,0.613488725133635,16.0754736842105,0.38,11.31,41.25,1.3991452659451,14.0568421052632,-0.06,11.62,34.12,1.19027304745858,1.04631578947368,0,0.2,3.5,0.123560563388548,2025-06-26
"285","concave.rugged","concave","rugged","CR09",6,27,96,19.5439583333333,11,17.655,31.62,0.726836459307193,18.5760416666667,2,12.125,43.06,1.47251582721044,16.2526041666667,1.62,12.595,36,1.22437932042342,1.48125,0,0.85,4,0.145490040805837,2025-06-27
"286","concave.rugged","concave","rugged","CR09",6,28,96,20.7629166666667,12.12,19.41,34,0.7327152835645,19.9094791666667,3.38,14.44,44,1.48623319468604,17.320625,2.88,14.595,34.75,1.20016678128738,1.70208333333333,0.2,1.1,4.2,0.146141747810872,2025-06-28
"287","concave.rugged","concave","rugged","CR09",6,29,96,22.0488541666667,12.31,20.405,35.12,0.806678631061479,20.6185416666667,2.62,14.53,44.12,1.57968430375918,17.711875,2.12,14.03,35.44,1.25884627031726,1.84166666666667,0.2,1.15,4.1,0.151618943716039,2025-06-29
"288","concave.rugged","concave","rugged","CR09",6,30,96,22.3690625,12.56,20.37,36.38,0.843633082583333,20.6469791666667,2.5,13.435,47.56,1.69166420006599,17.7602083333333,2.12,13.5,38.75,1.38223865728154,1.76979166666667,0.1,1,4.4,0.163508139931413,2025-06-30
"289","concave.rugged","concave","rugged","CR09",7,1,96,22.7010416666667,14,21.75,35.81,0.686182381373962,20.7008333333333,4.94,16.69,42.75,1.37558189973025,18.73625,4.5,16.155,37.44,1.19525159072539,1.7125,0.2,1.3,3.8,0.131758101718342,2025-07-01
"290","concave.rugged","concave","rugged","CR09",7,2,96,18.1239583333333,11.75,17.595,28.5,0.495257452966199,15.6133333333333,5.69,12.815,38.44,0.908935584185607,14.7423958333333,5.44,12.66,33.5,0.80941163037467,4.06458333333333,2,3.8,5.8,0.0694113590776455,2025-07-02
"291","concave.rugged","concave","rugged","CR09",7,3,96,16.9054166666667,13.5,16.5,23.5,0.307478244725594,15.4666666666667,8.12,14.345,31.88,0.632862867734176,14.4172916666667,7.75,13.655,27.12,0.529537233403538,3.75208333333333,3,3.6,5.6,0.0721380737286944,2025-07-03
"292","concave.rugged","concave","rugged","CR09",7,4,96,16.8089583333333,11.81,16.185,23.12,0.37181750378657,15.6229166666667,5.5,12.375,31,0.767079359510181,14.3320833333333,5.25,12.06,27.62,0.646935080338448,4.94479166666667,2.3,4.05,9.7,0.218637476280616,2025-07-04
"293","concave.rugged","concave","rugged","CR09",7,5,96,16.0110416666667,9.56,14.315,26.38,0.553849595597152,16.1008333333333,5.19,11.03,37.38,1.05224878931738,14.4170833333333,4.81,10.685,30.62,0.871687991378145,15.059375,8.7,15.5,20.3,0.201825974439202,2025-07-05
"294","concave.rugged","concave","rugged","CR09",7,6,96,18.3488541666667,9.38,16.565,32.62,0.783847277320077,18.77625,3.25,13,44.12,1.46225458467216,16.1694791666667,2.69,13.155,34.5,1.17030708379902,12.5010416666667,11.7,12.3,13.9,0.0743759828427861,2025-07-06
"295","concave.rugged","concave","rugged","CR09",7,7,96,20.6841666666667,10.88,19.31,33.75,0.798788593042157,20.4183333333333,2.5,13.685,46.38,1.64729353168528,17.211875,1.88,12.905,36.62,1.33133109515374,10.8135416666667,9.6,10.7,13,0.0947598510324392,2025-07-07
"296","concave.rugged","concave","rugged","CR09",7,8,96,21.0286458333333,12.75,20.81,32.94,0.621386212427852,20.138125,4.31,15.185,43.25,1.40057824299387,17.9320833333333,3.62,14.375,37.25,1.19904389832163,8.45,7.5,8.2,10.6,0.0855452070904054,2025-07-08
"297","concave.rugged","concave","rugged","CR09",7,9,96,20.9498958333333,12.12,19.465,34.12,0.745025866364685,21.7647916666667,3.94,14.685,48.5,1.69777782380876,19.1873958333333,3.38,14.25,40.25,1.41843642484715,7.121875,5.9,6.75,8.8,0.107750148827593,2025-07-09
"298","concave.rugged","concave","rugged","CR09",7,10,96,23.2191666666667,15,21.435,35.25,0.716962474651554,23.278125,7.88,16.375,46.75,1.48438175529395,20.1044791666667,7.38,15.87,36.62,1.14869984541822,6.159375,5.1,5.75,7.7,0.0978561659860595,2025-07-10
"299","concave.rugged","concave","rugged","CR09",7,11,96,22.4315625,13.25,21.285,34.31,0.737339461089622,20.7177083333333,3.06,14.47,47,1.62013129936271,17.4938541666667,2.25,13.56,36.94,1.30399324588069,5.01145833333333,3.7,4.6,6.8,0.118218406554952,2025-07-11
"300","concave.rugged","concave","rugged","CR09",7,12,96,22.8629166666667,13.75,21.125,36.44,0.781844632183575,21.8266666666667,4.62,15.44,48.12,1.62630351002669,18.6004166666667,3.94,14.685,39.25,1.28811452645339,4.28333333333333,2.9,3.8,6.3,0.127816228641333,2025-07-12
"301","concave.rugged","concave","rugged","CR09",7,13,96,23.83,14.12,21.935,37.56,0.824652731271159,22.8864583333333,5,15.78,49.5,1.69340353308328,19.7829166666667,4.31,15.28,40.25,1.370846101231,3.74270833333333,2.2,3.15,5.8,0.13808483909808,2025-07-13
"302","concave.rugged","concave","rugged","CR09",7,14,96,24.328125,14.38,22.345,38.31,0.841197771670608,23.0809375,4.69,16.06,50.75,1.68300936007475,20.1027083333333,4,15.75,41.69,1.38218989795788,3.2125,1.6,2.6,5.5,0.142543083668603,2025-07-14
"303","concave.rugged","concave","rugged","CR09",7,15,96,23.183125,15,22.91,36.19,0.636437578982252,19.993125,6.44,16.435,43.62,1.22329003740936,18.0241666666667,5.88,15.905,37.5,1.01146407549818,2.49479166666667,1.3,2.2,4.7,0.110435439896955,2025-07-15
"304","concave.rugged","concave","rugged","CR09",7,16,96,19.5508333333333,11.19,17.28,34.12,0.778465830790024,18.4283333333333,4.12,11.62,43.69,1.44090103135633,16.2141666666667,3.56,11.315,35.62,1.18020104653145,5.175,2.2,4.75,7.3,0.128852901307804,2025-07-16
"305","concave.rugged","concave","rugged","CR09",7,17,96,21.2707291666667,12.5,19.81,33,0.737249098635199,20.1644791666667,3.88,14.155,44.5,1.53683356594826,17.7776041666667,3.19,13.375,38.5,1.29899627027671,4.00208333333333,2.5,3.55,6.4,0.134237443192914,2025-07-17
"306","concave.rugged","concave","rugged","CR09",7,18,96,21.0540625,13.88,20.435,32.5,0.561692374954199,18.701875,5.5,15.685,42.12,1.1600456576815,17.24,4.88,15.685,35.88,1.01693856013415,3.04791666666667,1.8,2.75,5.4,0.110133284150514,2025-07-18
"307","concave.rugged","concave","rugged","CR09",7,19,96,18.3022916666667,12.44,17.44,27.62,0.500730682751109,16.105625,5.19,11.97,39.31,1.07858630481793,14.8227083333333,4.88,11.56,34,0.919282596900529,2.90625,1.9,2.4,5.2,0.106394380746287,2025-07-19
"308","concave.rugged","concave","rugged","CR09",7,20,96,18.7402083333333,11.25,17.035,30,0.64184111855891,18.5938541666667,3.25,12.405,42.88,1.41136692148315,16.6614583333333,2.75,12.065,35.5,1.20300054304255,3.078125,1.7,2.5,5.2,0.127244783481468,2025-07-20
"309","concave.rugged","concave","rugged","CR09",7,21,96,21.4345833333333,13.75,18.935,33.12,0.69881941353537,21.2769791666667,6.94,14.53,45.38,1.40930913552319,19.1602083333333,6.44,14.16,38.75,1.1892459093377,2.86041666666667,1.5,2.25,5,0.132738358648603,2025-07-21
"310","concave.rugged","concave","rugged","CR09",7,22,96,22.7227083333333,16.25,21.815,32.62,0.519431928217645,21.6879166666667,10.12,16.69,41.88,0.991466428073627,19.8139583333333,9.5,16.095,34.75,0.826434272643184,2.48229166666667,1.4,2,4.5,0.0969037638867003,2025-07-22
"311","concave.rugged","concave","rugged","CR09",7,23,96,20.5234375,13.44,18.625,32.12,0.661156712122926,18.6063541666667,4.75,12.215,44,1.32350231575921,16.3739583333333,4,12.095,36.25,1.10397789991036,2.15729166666667,0.8,1.5,4.5,0.130163062305489,2025-07-23
"312","concave.rugged","concave","rugged","CR09",7,24,96,19.65375,12.38,19.5,29.56,0.560271516453516,16.1240625,3.25,12.91,40.88,1.16793484874962,14.6776041666667,2.56,12.965,35.12,1.03778308064523,2.07916666666667,0.6,1.45,8.4,0.161631733429615,2025-07-24
"313","concave.rugged","concave","rugged","CR09",7,25,96,17.729375,9.5,15.72,32.56,0.771261936023251,17.565,2.38,11.815,45.56,1.48606965728925,15.9213541666667,1.94,12.06,38.25,1.28771355425127,4.91770833333333,3.8,4.45,7,0.107534111190098,2025-07-25
"314","concave.rugged","concave","rugged","CR09",7,26,96,19.0353125,12,18.53,30.38,0.547942042033808,17.3280208333333,3.88,13.88,40.75,1.16449599085387,15.9042708333333,3.19,13.315,34.75,1.06296271394882,3.42916666666667,2.2,3.15,5.9,0.105578156244667,2025-07-26
"315","concave.rugged","concave","rugged","CR09",7,27,96,19.5385416666667,11,17.565,33.88,0.774252936185748,19.4430208333333,2.56,11.405,46.69,1.64065294500706,17.2792708333333,1.94,11.25,39.69,1.42163295844115,3.11666666666667,1.6,2.45,5.6,0.148520973374685,2025-07-27
"316","concave.rugged","concave","rugged","CR09",7,28,96,21.8283333333333,11.75,20.125,35.62,0.834456957393663,20.8447916666667,1.81,13.685,48.62,1.74268535838087,18.6022916666667,1,12.815,40.75,1.51969341667439,2.57083333333333,0.8,1.95,5.1,0.163915338831037,2025-07-28
"317","concave.rugged","concave","rugged","CR09",7,29,96,21.1751041666667,13.75,21.435,35.12,0.573437790007416,19.3683333333333,5.25,15.095,47.88,1.24706035626338,17.9170833333333,4.5,14.28,40.12,1.1160658397688,1.97604166666667,0.7,1.6,4.8,0.118448900742001,2025-07-29
"318","concave.rugged","concave","rugged","CR09",7,30,96,20.0086458333333,12.88,19.31,30.12,0.580139986505671,18.31375,4.81,13.5,41.5,1.24262413557944,16.8847916666667,4.12,13.5,36.5,1.10898356120224,1.85833333333333,0.6,1.4,4.2,0.121139207535542,2025-07-30
"319","concave.rugged","concave","rugged","CR09",7,31,96,20.7222916666667,13,17.72,35.19,0.745008896673104,21.7045833333333,6.12,14.38,46.25,1.40729170124145,20.080625,5.81,15.03,39.38,1.16092144108867,2.459375,1,1.8,4.8,0.134029799359053,2025-07-31
"320","concave.rugged","concave","rugged","CR09",8,1,96,21.1315625,14.38,20.94,34.12,0.552298314544192,18.8161458333333,7.12,14.375,45.88,1.11170085993001,17.3563541666667,6.5,14.53,38.38,0.972926011861557,1.69583333333333,0.6,1.35,4.4,0.108810521238361,2025-08-01
"321","concave.rugged","concave","rugged","CR09",8,2,96,19.5738541666667,11.75,18.31,33.62,0.672064333703093,17.7490625,3,11.75,45.25,1.38819571682256,15.9464583333333,2.25,11.595,38,1.21043086227597,1.6125,0.2,1.05,4.5,0.136483483352639,2025-08-02
"322","concave.rugged","concave","rugged","CR09",8,3,96,20.2566666666667,11.31,18.19,34,0.767061244762356,18.5478125,2.38,12.785,45.25,1.51888187611062,16.3527083333333,1.75,12.25,38.06,1.29641637878218,1.59791666666667,0.1,1,4.3,0.149780388700194,2025-08-03
"323","concave.rugged","concave","rugged","CR09",8,4,96,23.0594791666667,14.19,20.78,35.62,0.760990458158124,22.1310416666667,5.75,13.69,45.75,1.46413847699126,19.8834375,5.19,13.37,39.38,1.25663995063385,1.79583333333333,0.2,1.05,4.1,0.145600064062385,2025-08-04
"324","concave.rugged","concave","rugged","CR09",8,5,96,22.3689583333333,12.88,20.595,36.12,0.789459931973911,19.6028125,3.38,15.655,44.81,1.46688567720215,17.2713541666667,2.5,15.155,37.62,1.25214357974382,1.43229166666667,0,0.9,4,0.146108097987465,2025-08-05
"325","concave.rugged","concave","rugged","CR09",8,6,96,22.9277083333333,12.94,20.81,37.75,0.858078873189,21.3223958333333,3.75,13.94,48.25,1.68400429183825,18.9384375,3,13.06,40.88,1.4539921852402,1.49270833333333,0,0.65,4.2,0.162398718718389,2025-08-06
"326","concave.rugged","concave","rugged","CR09",8,7,96,22.9030208333333,13.25,21.435,35.38,0.769461493168512,20.0246875,3.5,15.065,44.25,1.46276951297696,17.9319791666667,2.75,14.435,38,1.26815063943274,1.25520833333333,0,0.65,3.7,0.136657063673637,2025-08-07
"327","concave.rugged","concave","rugged","CR09",8,8,96,23.2020833333333,15.75,20.435,36,0.696455435481059,21.3023958333333,9.38,14.5,41.75,1.12829761091181,18.8733333333333,8.94,14.25,34.75,0.840098360817323,1.25208333333333,0,0.5,3.4,0.119299666609829,2025-08-08
"328","concave.rugged","concave","rugged","CR09",8,9,96,19.6042708333333,11.44,19.095,33.44,0.649650036436482,14.6111458333333,-0.25,10.465,39.06,1.30565014447827,12.6121875,-1.25,9.625,33.56,1.16337077557932,0.792708333333333,0,0.1,2.9,0.0989333994441958,2025-08-09
"329","concave.rugged","concave","rugged","CR09",8,10,96,19.0957291666667,10.25,17.31,32.75,0.741532696526162,15.6129166666667,0,10.465,42.25,1.49571306937254,13.3551041666667,-0.94,9.81,35.06,1.30767712056156,0.935416666666667,0,0.05,3.3,0.120652276632997,2025-08-10
"330","concave.rugged","concave","rugged","CR09",8,11,96,21.5555208333333,11.75,19.19,36,0.852213563416395,19.3825,2.44,11.81,46,1.64156024679561,16.7642708333333,1.62,11.25,39.12,1.39913138580842,1.20208333333333,0,0.25,3.7,0.145472454487507,2025-08-11
"331","concave.rugged","concave","rugged","CR09",8,12,96,23.5717708333333,13.5,21.465,38.12,0.862671327946641,21.9829166666667,4.81,15.095,48.12,1.64194509783758,19.3732291666667,4.12,14.31,40.75,1.38624719396669,1.30520833333333,0,0.4,3.9,0.152525305577056,2025-08-12
"332","concave.rugged","concave","rugged","CR09",8,13,96,23.6666666666667,14.62,22.655,36.12,0.728603471722341,21.6371875,6.06,15.97,47.12,1.41908176778684,19.6614583333333,5.5,15.845,40.38,1.2360208684575,1.153125,0,0.5,3.6,0.128963080574697,2025-08-13
"333","concave.rugged","concave","rugged","CR09",8,14,96,22.2595833333333,14.75,20.935,33.75,0.62436188331,20.7797916666667,7.75,15.435,44.69,1.26457383934556,19.1636458333333,7.25,15.75,38.12,1.08767540549317,1.00625,0,0.35,3.3,0.118440270126842,2025-08-14
"334","concave.rugged","concave","rugged","CR09",8,15,96,22.1742708333333,14.88,22.5,32.94,0.535798116454611,19.6894791666667,6.88,19.25,42.44,1.05694518407747,18.38,6.25,19.03,36.75,0.917440112295687,0.86875,0,0.65,3.2,0.0950682176585421,2025-08-15
"335","concave.rugged","concave","rugged","CR09",8,16,96,18.6858333333333,13.25,17.375,28.5,0.477754654853219,17.7139583333333,8.19,13.22,41.25,0.999882662843701,16.5930208333333,7.88,12.87,35,0.859402895015105,1.45,0.4,0.95,3.7,0.0974679434480897,2025-08-16
"336","concave.rugged","concave","rugged","CR09",8,17,96,17.4240625,13.25,17.19,27.62,0.364239732667399,14.2396875,6.12,12.815,33.62,0.669620366607489,13.621875,5.69,12.595,30.62,0.630770002716326,1.36041666666667,0.2,1.55,3.3,0.0966146165827247,2025-08-17
"337","concave.rugged","concave","rugged","CR09",8,18,96,16.6986458333333,9.19,14.03,32.44,0.743473793173493,17.0526041666667,2.62,9.785,46.88,1.4975817000587,15.4732291666667,2.38,9.44,40.5,1.30193119457677,2.71354166666667,1.7,1.95,5.4,0.121689673909133,2025-08-18
"338","concave.rugged","concave","rugged","CR09",8,19,96,20.4923958333333,10.62,18.25,35.81,0.852439555720939,20.525625,2.38,12.435,49.62,1.75875536516158,18.4472916666667,1.88,12.565,43,1.5326594281799,2.26979166666667,0.5,1.55,4.9,0.166511680953637,2025-08-19
"339","concave.rugged","concave","rugged","CR09",8,20,96,23.0561458333333,15.31,21.065,35.38,0.703779822679807,23.074375,8.38,15.09,49.25,1.4376703469815,21.2146875,7.81,14.5,41.25,1.22884144332444,1.86354166666667,0.4,1.15,4.4,0.14209522220929,2025-08-20
"340","concave.rugged","concave","rugged","CR09",8,21,96,22.439375,16.5,21.285,34.25,0.49376213759232,20.9497916666667,9.5,18.435,44.12,0.940236473838423,19.79375,9,17.81,38.62,0.836654984148185,1.50625,0.3,1.25,3.8,0.0979371945633903,2025-08-21
"341","concave.rugged","concave","rugged","CR09",8,22,96,21.1922916666667,12.38,19.465,34.38,0.758175925621654,20.3822916666667,3.62,14.25,45.88,1.5617387161512,18.4178125,3.06,14.06,40.38,1.35583761580044,1.51666666666667,0,0.95,4,0.149982942499925,2025-08-22
"342","concave.rugged","concave","rugged","CR09",8,23,96,23.0623958333333,14.12,21.435,36,0.758134378346871,22.10625,6.5,15,47.25,1.5411921525548,19.9777083333333,6.06,15.09,40.5,1.31308026838034,1.40833333333333,0,0.7,3.9,0.150304272291262,2025-08-23
"343","concave.rugged","concave","rugged","CR09",8,24,96,21.7296875,15.38,21.315,35,0.49524713512471,18.4077083333333,7.75,17.06,41.25,0.896230170927073,17.3433333333333,7.25,16.63,38.25,0.816963564900093,0.711458333333333,0,0.65,3.1,0.0822766752944881,2025-08-24
"344","concave.rugged","concave","rugged","CR09",8,25,96,17.7991666666667,14.62,17.5,23.19,0.240071063431385,15.7152083333333,10,13.38,29.44,0.556323673992832,14.9873958333333,9.56,13,26.88,0.499020141737251,1.478125,0,0.35,7.7,0.235086784670586,2025-08-25
"345","concave.rugged","concave","rugged","CR09",8,26,96,14.4379166666667,11.12,13.655,21.25,0.293754690767574,12.2992708333333,6.62,10.5,27,0.550591194320228,11.5504166666667,6.25,10.09,24.25,0.486976550208751,6.8875,4.7,5,15.2,0.290130982216835,2025-08-26
"346","concave.rugged","concave","rugged","CR09",8,27,96,16.2725,13.62,15.53,21.12,0.235260260883297,15.0004166666667,11.5,13.47,27.38,0.378098193312993,14.2033333333333,11.12,12.815,23.75,0.327810307881275,14.125,10.3,11.4,33.5,0.531509353617089,2025-08-27
"347","concave.rugged","concave","rugged","CR09",8,28,96,14.1501041666667,11.62,13.345,19.69,0.25799855903615,12.9070833333333,7.88,10.62,27.75,0.533314773183082,11.8585416666667,7.44,10,23.88,0.449148975479971,26.1010416666667,23.5,25.2,39.5,0.286825084204805,2025-08-28
"348","concave.rugged","concave","rugged","CR09",8,29,96,15.0953125,9.5,14.125,24.38,0.47517450518262,15.1822916666667,4.31,9.78,34.88,1.05166862484005,13.4795833333333,3.62,9.19,29.56,0.890630381383147,22.0375,20.2,22.1,23.4,0.067184121192071,2025-08-29
"349","concave.rugged","concave","rugged","CR09",8,30,96,15.9440625,8.88,14.78,26.75,0.591926393045151,15.5939583333333,2.88,9.19,37.88,1.28580470468039,13.6160416666667,2.25,8.655,31.38,1.09721070278115,18.5604166666667,18.3,18.4,20.1,0.037477454236159,2025-08-30
"350","concave.rugged","concave","rugged","CR09",8,31,96,17.2526041666667,8.88,16,29.38,0.679239403781126,16.5902083333333,1.44,9.75,41.19,1.48315792610014,14.4294791666667,0.69,8.84,34.75,1.28628064699983,15.978125,15.1,15.8,18,0.0771220712287607,2025-08-31
"351","concave.rugged","concave","rugged","CR09",9,1,96,18.51,10.5,18.035,29.12,0.604945299832533,17.8316666666667,2.88,11.905,44.5,1.42528462582738,15.9057291666667,2.06,11.16,37.62,1.25636114542621,14.2166666666667,13.2,14.2,16.3,0.0851168787076669,2025-09-01
"352","concave.rugged","concave","rugged","CR09",9,2,96,19.9342708333333,11.75,18.97,31.19,0.640052625042956,20.0104166666667,4.31,13.72,45.25,1.49003760341007,17.7259375,3.5,13.72,38.25,1.27242012448896,12.765625,11.5,12.75,14.9,0.0962889033362711,2025-09-02
"353","concave.rugged","concave","rugged","CR09",9,3,96,20.5832291666667,12.25,19.465,31.5,0.652198836440394,19.6604166666667,3.88,12.78,44.5,1.53650637495514,17.2976041666667,3,11.905,38.38,1.32604762246116,11.2895833333333,10.1,11.25,13.4,0.0959998077331164,2025-09-03
"354","concave.rugged","concave","rugged","CR09",9,4,96,20.8795833333333,13,19.845,30.88,0.618398520881684,18.9673958333333,4.5,13,43.88,1.40585303164887,16.7802083333333,3.88,12.25,37,1.19711773720721,9.503125,8.4,9.3,11.9,0.0942124922458558,2025-09-04
"355","concave.rugged","concave","rugged","CR09",9,5,96,19.3648958333333,12.38,18.315,29,0.559443136246035,17.40875,3.88,11.72,41.88,1.30759488812375,15.2394791666667,3.12,11.155,34.88,1.09998449320999,8.10729166666667,7.1,7.95,9.6,0.0902633183989588,2025-09-05
"356","concave.rugged","concave","rugged","CR09",9,6,96,18.669375,11.75,17.965,27.75,0.524780317707391,15.5198958333333,2.19,10.435,39,1.21156188609297,13.7790625,1.38,9.78,33.62,1.06665772760226,6.99791666666667,5.9,6.85,8.6,0.0896873121572294,2025-09-06
"357","concave.rugged","concave","rugged","CR09",9,7,96,17.3590625,12.25,16.94,23.88,0.351304682268032,14.7710416666667,4,13.22,36.44,0.855202288052655,13.3765625,3.31,12.53,29.38,0.717603449784832,8.18125,5.3,6.3,41.1,0.663470924580089,2025-09-07
"358","concave.rugged","concave","rugged","CR09",9,8,96,15.2875,9.62,13.5,25.69,0.511411081088051,15.886875,4.75,10,38.25,1.12862596278422,13.7625,4.38,9.185,31.38,0.913518921629672,22.1552083333333,20.3,22.4,23.7,0.0809871902323148,2025-09-08
"359","concave.rugged","concave","rugged","CR09",9,9,96,16.0671875,11,15.315,24.88,0.42801297075989,15.2485416666667,5.25,10.345,33.31,0.898068895336655,13.8635416666667,4.69,10.56,28.12,0.751496576709626,17.740625,16.8,17.6,20,0.0625057563138662,2025-09-09
"360","concave.rugged","concave","rugged","CR09",9,10,96,15.5196875,10,13.845,24.5,0.509773931945659,15.5640625,5.5,9.315,35.88,1.10310664355906,14.0280208333333,5,8.815,31.69,0.965388166406413,15.7364583333333,15.1,15.6,17,0.0547946683855239,2025-09-10
"361","concave.rugged","concave","rugged","CR09",9,11,96,16.3175,10.06,15.59,25.19,0.469551858018282,15.6091666666667,4,14.375,38.25,1.0015963756462,14.3123958333333,3.38,13.965,31.19,0.88088759494594,13.753125,12.8,13.8,15.9,0.0784296690890702,2025-09-11
"362","concave.rugged","concave","rugged","CR09",9,12,96,16.6529166666667,12.62,15.715,22.25,0.330974932687132,16.1415625,9.25,12.44,34.88,0.711394915988278,14.8205208333333,8.75,12.345,27.81,0.55555313375523,12.6833333333333,11.7,12.2,18.2,0.12104865871945,2025-09-12
"363","convex.gentle","convex","gentle","CR04",6,26,95,16.8089473684211,10.31,16.69,25.88,0.490148033348489,15.4836842105263,-0.12,14.44,38.62,1.28575761913127,14.126,-0.12,14.5,32.5,1.09653310327803,5.40526315789474,3,5.5,7.8,0.113435296325815,2025-06-26
"364","convex.gentle","convex","gentle","CR04",6,27,96,18.0344791666667,10.88,16.72,27.69,0.589948051344273,17.6160416666667,2,15.03,36.88,1.34118730522661,16.0676041666667,2.12,14.06,32.5,1.13373790584075,4.59583333333333,3.2,4.35,6.4,0.12020556831932,2025-06-27
"365","convex.gentle","convex","gentle","CR04",6,28,96,18.8851041666667,11.75,18,29.12,0.575781562556947,18.4805208333333,2.75,17.125,38.88,1.33223152696624,16.619375,3,16.28,32.75,1.09453293343754,4.590625,3.1,4.45,6.5,0.120371119519898,2025-06-28
"366","convex.gentle","convex","gentle","CR04",6,29,96,19.9685416666667,11.94,18.78,30.12,0.631215844640789,19.1554166666667,2.38,16.66,39.12,1.37410761246296,17.0332291666667,2.5,16.47,32.25,1.09830518853663,4.51354166666667,2.9,4.35,6.4,0.126825441160616,2025-06-29
"367","convex.gentle","convex","gentle","CR04",6,30,96,20.1483333333333,12.56,18.815,30.62,0.644423934690774,19.085625,2.12,17.595,41.12,1.44944775336947,17.1138541666667,2.38,16.72,33.25,1.1869179863643,4.38125,2.8,4.2,6.5,0.133568699880321,2025-06-30
"368","convex.gentle","convex","gentle","CR04",7,1,96,20.554375,13.5,19.81,30.5,0.564402723668702,19.6165625,4.69,19,41.06,1.28591876864915,18.4388541666667,5,18.19,37.12,1.12651008660142,4.21458333333333,2.8,4,6.3,0.118200869459305,2025-07-01
"369","convex.gentle","convex","gentle","CR04",7,2,96,17.3492708333333,11.62,17.22,24.62,0.421355536126415,15.8273958333333,5.12,12.88,36.56,0.9440325764338,15.0407291666667,5.06,12.875,32.5,0.823330690804655,5.875,4.4,5.85,7.3,0.0577729980029219,2025-07-02
"370","convex.gentle","convex","gentle","CR04",7,3,96,16.17375,13.38,15.845,21.88,0.256731234046595,15.0307291666667,7.94,14.38,30.12,0.583522148228755,14.3083333333333,8,13.845,25.62,0.478861260413855,5.48854166666667,4.7,5.3,7.4,0.0744257222982746,2025-07-03
"371","convex.gentle","convex","gentle","CR04",7,4,96,16.0909375,11.75,15.75,22.12,0.31487926111716,14.976875,5.62,12.41,29.69,0.720522384699511,14.0985416666667,5.69,12.53,25.75,0.607151982822162,6.7375,5,6.7,10.6,0.152675337798643,2025-07-04
"372","convex.gentle","convex","gentle","CR04",7,5,96,15.4201041666667,9.75,14.375,23.12,0.459889133636205,15.8271875,4.75,11,31.75,0.988351317509577,14.1914583333333,4.69,10.78,28.12,0.819296097900116,20.5395833333333,8.1,21.5,28.1,0.362824202171364,2025-07-05
"373","convex.gentle","convex","gentle","CR04",7,6,96,17.1557291666667,9.38,15.815,28.62,0.646426457886709,17.965625,2.44,16.375,39.56,1.35890497722108,15.4307291666667,2.38,15.125,31.19,1.08912228508073,18.009375,17.1,18.05,19.8,0.0674744611368017,2025-07-06
"374","convex.gentle","convex","gentle","CR04",7,7,96,18.6972916666667,10.5,17.81,28.5,0.619653968929269,18.6921875,1.38,16.845,41.38,1.47164374475348,15.9396875,1.38,15.25,33.25,1.18263839972257,16.0895833333333,15,16.15,18.5,0.0850629174605514,2025-07-07
"375","convex.gentle","convex","gentle","CR04",7,8,96,19.1195833333333,12.12,18.81,27.88,0.513077977826382,19.6173958333333,3.5,19.465,40.31,1.34812789495571,17.7258333333333,3.62,17.78,34.69,1.12556952120961,14.265625,13.2,14.3,16.8,0.0851962147689961,2025-07-08
"376","convex.gentle","convex","gentle","CR04",7,9,96,19.435,12,18.285,30.12,0.608911939446091,21.0689583333333,3.25,19.25,44.44,1.5484916718783,19.1669791666667,3.5,17.75,37,1.281982523759,12.5770833333333,11.2,12.65,14.4,0.103708421880799,2025-07-09
"377","convex.gentle","convex","gentle","CR04",7,10,96,21.0967708333333,14.5,19.935,30.31,0.551075294446177,21.874375,6.88,19.78,41.62,1.27330681185495,19.259375,7.12,18.19,34,0.968825113811216,10.8614583333333,9.6,10.85,13.3,0.0919974469476357,2025-07-10
"378","convex.gentle","convex","gentle","CR04",7,11,96,20.3229166666667,12.62,19.375,30.25,0.597290242794428,19.1352083333333,1.75,17.53,42,1.48324885659682,16.6223958333333,1.62,16.75,34.06,1.20898932657478,9.17083333333333,7.7,9.25,11.3,0.110569862279214,2025-07-11
"379","convex.gentle","convex","gentle","CR04",7,12,96,20.8659375,13.25,19.88,31.31,0.603727231202738,20.1892708333333,3.5,18.34,43,1.44114025916852,17.4795833333333,3.5,17.94,34.75,1.13842284636241,8.06354166666667,6.6,8.1,10.3,0.114536822697572,2025-07-12
"380","convex.gentle","convex","gentle","CR04",7,13,96,21.6097916666667,13.5,20.31,32.62,0.660943271631582,21.4698958333333,4.12,18.31,44.69,1.54638994207669,18.8433333333333,4.12,18.28,36.62,1.2404678806263,7.165625,5.6,7.05,9.3,0.128280019613413,2025-07-13
"381","convex.gentle","convex","gentle","CR04",7,14,96,22.07875,13.81,20.875,33.12,0.667153209244521,21.5264583333333,3.88,19.095,45.12,1.50227756898649,18.9655208333333,4.06,18.785,36,1.20184599304745,6.26875,4.6,6.15,8.6,0.132571666318736,2025-07-14
"382","convex.gentle","convex","gentle","CR04",7,15,96,21.1626041666667,14.44,21.12,31.12,0.49215243423774,19.1726041666667,6,16.22,38.81,1.10481752328346,17.6369791666667,6.06,16.56,33.56,0.886877247778412,5.375,4.1,5.25,7.6,0.101339710094835,2025-07-15
"383","convex.gentle","convex","gentle","CR04",7,16,96,18.5069791666667,11.38,16.875,30.38,0.633211359211147,17.6229166666667,3.06,11.41,40.69,1.36059122627431,15.5557291666667,3,11.875,32.81,1.10533361782044,6.396875,5.2,6,8.1,0.100300569397642,2025-07-16
"384","convex.gentle","convex","gentle","CR04",7,17,96,19.9925,12.56,18.935,29.5,0.60844450438169,18.9085416666667,3.38,17.12,39.5,1.38035972920079,16.8646875,3.5,16.06,33.62,1.12544579815559,5.48333333333333,4,5.4,7.6,0.126808553957236,2025-07-17
"385","convex.gentle","convex","gentle","CR04",7,18,96,19.60625,13.62,19.035,28.88,0.464896995052422,18.0766666666667,5.38,18.625,37.88,1.04907864407869,17.0469791666667,5.75,17.81,32.12,0.89183944202211,4.890625,3.7,4.95,6.9,0.0990423235443827,2025-07-18
"386","convex.gentle","convex","gentle","CR04",7,19,96,18.0877083333333,12.94,17.44,26,0.414179819388563,16.381875,5.75,13.345,36.88,0.95314206053181,15.2044791666667,5.88,13,31.62,0.770432022653861,4.746875,3.7,4.4,6.7,0.0962903267649912,2025-07-19
"387","convex.gentle","convex","gentle","CR04",7,20,96,17.6411458333333,11.25,16.5,27.12,0.517783651176103,17.2448958333333,2.5,13.94,38.12,1.25972879804449,15.80625,2.75,13.435,30.5,1.05564361811405,4.925,3.6,4.65,6.7,0.113313336729185,2025-07-20
"388","convex.gentle","convex","gentle","CR04",7,21,96,19.6283333333333,13.38,17.595,29.5,0.565371940660792,19.7763541666667,6.88,14.5,40.88,1.21267062572104,18.5914583333333,7.12,14.5,35.25,1.02162144278111,4.79791666666667,3.6,4.35,6.7,0.115886922792302,2025-07-21
"389","convex.gentle","convex","gentle","CR04",7,22,96,21.0258333333333,15.5,19.94,29.25,0.445771376249127,20.6257291666667,9.12,16.56,37.38,0.885200278963473,19.3135416666667,9.12,16.345,32.5,0.725865031119958,4.62395833333333,3.5,4.25,6.4,0.0891694718979946,2025-07-22
"390","convex.gentle","convex","gentle","CR04",7,23,96,18.9047916666667,13,17.315,28.5,0.533751062679551,16.7559375,3.5,12.935,39.69,1.15689879216367,15.0192708333333,3.56,12.155,32.5,0.942352183075513,4.36354166666667,2.9,4,6.6,0.114575109353993,2025-07-23
"391","convex.gentle","convex","gentle","CR04",7,24,96,18.0776041666667,11.75,17.905,26.44,0.469933149986206,15.0260416666667,2,13.565,35.19,1.10600984338564,14.0658333333333,2,13.62,31.25,0.970962068868443,4.1375,2.7,3.75,7.3,0.128377612547939,2025-07-24
"392","convex.gentle","convex","gentle","CR04",7,25,96,16.6944791666667,9.62,15.185,28.69,0.635562602507383,16.7120833333333,2,12.75,41.75,1.32880813992612,15.5136458333333,2.12,12.845,34.12,1.11784111242475,6.03645833333333,4.9,5.75,7.9,0.102320872487667,2025-07-25
"393","convex.gentle","convex","gentle","CR04",7,26,96,17.6784375,11.31,16.875,27.62,0.499973295956302,16.4342708333333,2.81,14.63,36.88,1.14644488380223,15.4434375,3,14.155,31.81,0.99814033033328,5.18541666666667,3.9,4.95,7.4,0.103417260413637,2025-07-26
"394","convex.gentle","convex","gentle","CR04",7,27,96,18.1614583333333,10.81,16.345,30.75,0.663272868935505,17.8925,1.75,12.345,42.25,1.46372574964555,16.4173958333333,2,12.405,35.38,1.23887390722374,4.94270833333333,3.5,4.45,7.2,0.134854899211613,2025-07-27
"395","convex.gentle","convex","gentle","CR04",7,28,96,19.685,11.12,17.81,31.94,0.713233771130267,18.8376041666667,0.75,14.215,44.5,1.58586710290854,17.3567708333333,1,14.38,37.31,1.36653857038851,4.49166666666667,2.8,4.25,6.9,0.149360234105882,2025-07-28
"396","convex.gentle","convex","gentle","CR04",7,29,96,19.4,12.88,19.12,31.12,0.493310958477902,18.1434375,4.38,15.34,40.5,1.16023595630414,17.2795833333333,4.5,15.5,34.5,1.02368598825933,3.98333333333333,2.7,3.8,6.4,0.108999302535458,2025-07-29
"397","convex.gentle","convex","gentle","CR04",7,30,96,18.5119791666667,12.62,17.59,27.25,0.486523642611531,17.3304166666667,4.88,13.625,38.5,1.11032204428813,16.7470833333333,5.31,13.565,34.44,0.958120326251366,3.81145833333333,2.6,3.45,6,0.108648695421587,2025-07-30
"398","convex.gentle","convex","gentle","CR04",7,31,96,18.4373958333333,11.75,15.88,30.69,0.635781261430205,19.9013541666667,4.75,13.72,42.88,1.26950341358371,18.9739583333333,5.38,15.88,36,1.01672987450012,4.96875,3.6,4.45,7,0.118407863544288,2025-07-31
"399","convex.gentle","convex","gentle","CR04",8,1,96,18.7932291666667,13.38,18.41,29.75,0.449261857930367,17.2827083333333,5.31,14.44,39,1.00831812891792,16.4326041666667,5.44,15.035,34.12,0.858245203848901,4.00833333333333,2.9,3.85,6.4,0.0970583414108592,2025-08-01
"400","convex.gentle","convex","gentle","CR04",8,2,96,17.6536458333333,11.12,16.28,28.81,0.5626360092838,16.1408333333333,1.94,11.155,39.5,1.27932711434452,14.7441666666667,2,11.315,33.5,1.07428058002548,3.7625,2.4,3.35,6.2,0.124896887295642,2025-08-02
"401","convex.gentle","convex","gentle","CR04",8,3,96,18.2960416666667,10.94,16.47,30.12,0.64523386687633,16.7029166666667,1.75,12.5,40.5,1.34613234077273,15.0975,2,12.53,33.06,1.10765987321779,3.66770833333333,2.2,3.25,6.1,0.134999145478669,2025-08-03
"402","convex.gentle","convex","gentle","CR04",8,4,96,20.3030208333333,13,18.215,30.88,0.620602425912164,19.911875,4.19,13,42.12,1.29105422644636,18.4183333333333,4.38,13.06,36.25,1.10694435456059,3.76354166666667,2.2,3.15,6,0.128154236430398,2025-08-04
"403","convex.gentle","convex","gentle","CR04",8,5,96,19.8019791666667,12.12,18.28,30.88,0.653072724043937,17.246875,2.38,15.38,38.62,1.28593452188374,15.6289583333333,2.38,15.5,31.88,1.06511696787014,3.365625,1.9,3.05,5.7,0.131829469565999,2025-08-05
"404","convex.gentle","convex","gentle","CR04",8,6,96,20.1094791666667,12.25,17.875,32.62,0.703514553799502,19.2786458333333,2.75,12.94,43.12,1.46031072921917,17.9888541666667,2.88,13.155,36.25,1.23669532468265,3.38854166666667,1.8,2.85,5.9,0.148012192714828,2025-08-06
"405","convex.gentle","convex","gentle","CR04",8,7,96,20.3147916666667,12.5,18.845,31.5,0.652394307820402,18.4566666666667,2.75,14.53,40.94,1.33864158255663,17.3989583333333,3,15.09,35.25,1.14879892923274,3.13125,1.6,2.7,5.6,0.135952717690263,2025-08-07
"406","convex.gentle","convex","gentle","CR04",8,8,96,20.6664583333333,14.62,18.25,31.19,0.572337944948034,19.1457291666667,7.81,14.87,36.12,0.922975733662398,17.544375,8.62,15.25,30.56,0.64780854960458,3.13333333333333,2,2.6,5.1,0.104353341503954,2025-08-08
"407","convex.gentle","convex","gentle","CR04",8,9,96,17.7070833333333,10.62,16.875,29.25,0.566304888061802,13.0955208333333,-1.12,9.81,36.19,1.22469147448281,11.5363541666667,-1.12,9.88,29.25,1.0284247569449,2.40625,1,2.1,4.8,0.124409239975285,2025-08-09
"408","convex.gentle","convex","gentle","CR04",8,10,96,17.3757291666667,9.81,15.78,30.25,0.653053686315561,13.8469791666667,-1,9.25,40,1.40479440744488,12.0870833333333,-1.12,9.125,32.38,1.17895646799857,2.45,0.9,2,5.3,0.144641116670119,2025-08-10
"409","convex.gentle","convex","gentle","CR04",8,11,96,18.9739583333333,11,16.655,31.12,0.720425320270594,16.6561458333333,1.38,11.03,39.5,1.44111062471653,14.7032291666667,1.44,11.095,32.56,1.1733218558935,2.69583333333333,1.1,2.05,5.1,0.15093216690238,2025-08-11
"410","convex.gentle","convex","gentle","CR04",8,12,96,20.2751041666667,12.25,18.22,32.62,0.712665693180652,18.95625,3.25,13.215,42.75,1.45319232866092,17.2329166666667,3.25,14.12,35.88,1.20404784137212,2.84479166666667,1.3,2.25,5.4,0.150801003065579,2025-08-12
"411","convex.gentle","convex","gentle","CR04",8,13,96,20.6254166666667,13.38,19.125,31,0.614038203077937,19.6653125,5.56,15.12,40.62,1.27403928332814,18.690625,6,15.5,35.69,1.09012167167067,2.79791666666667,1.4,2.3,5,0.13113856310757,2025-08-13
"412","convex.gentle","convex","gentle","CR04",8,14,96,19.84625,13.88,18.655,30,0.517043897021683,19.0836458333333,7.12,14.22,40.75,1.13113219673328,18.2553125,7.44,15,34.25,0.934215027855089,2.71770833333333,1.5,2.15,5.1,0.12248339299951,2025-08-14
"413","convex.gentle","convex","gentle","CR04",8,15,96,19.2840625,13.56,19.56,29.12,0.424400882620911,17.5495833333333,5.25,17.845,38.06,0.912966005937284,17.1366666666667,5.44,17.685,33.88,0.798720888971568,2.49166666666667,1.2,2.5,4.5,0.0906684081360103,2025-08-15
"414","convex.gentle","convex","gentle","CR04",8,16,96,17.423125,12.81,15.905,27.25,0.454112188407323,17.1189583333333,8.25,12.625,39.25,0.928940096825677,16.4359375,8.88,12.88,33.88,0.74323672142978,3.071875,2.2,2.6,5.4,0.0956017773659377,2025-08-16
"415","convex.gentle","convex","gentle","CR04",8,17,96,16.3377083333333,12.62,16.12,24.81,0.307515813284978,13.4309375,5.38,12.375,30.19,0.631719858626783,13.3021875,5.81,12.5,26.75,0.561428359365743,2.87395833333333,1.8,2.55,5.2,0.0956767766794024,2025-08-17
"416","convex.gentle","convex","gentle","CR04",8,18,96,15.0491666666667,9,13.12,27.25,0.58450825911253,14.8972916666667,1.75,8.75,40.5,1.31286352926454,14.2396875,2.12,9.435,34.75,1.14145716594682,3.73020833333333,2.6,3.2,6.1,0.117560359558909,2025-08-18
"417","convex.gentle","convex","gentle","CR04",8,19,96,17.8626041666667,9.81,15.5,30.94,0.735515561584628,17.9428125,1.38,10.565,43.25,1.59887219505537,16.885,1.88,11.155,36.88,1.36107677961238,3.51979166666667,1.9,2.9,6.2,0.156564121383324,2025-08-19
"418","convex.gentle","convex","gentle","CR04",8,20,96,20.0178125,14.06,17.78,31.06,0.598374024964939,20.8379166666667,6.81,13.56,45.12,1.27885451002905,19.97375,7.19,14.375,38.12,1.0721933092146,3.29270833333333,1.9,2.65,5.8,0.130310398593992,2025-08-20
"419","convex.gentle","convex","gentle","CR04",8,21,96,20.104375,15,18.88,30.12,0.424301226696173,19.5757291666667,8.81,16.53,37.88,0.869226046458528,18.9623958333333,9.06,16.75,33.25,0.745311540665338,3.14791666666667,1.8,3.1,5.1,0.103703135332437,2025-08-21
"420","convex.gentle","convex","gentle","CR04",8,22,96,18.926875,11.5,16.965,31.25,0.677122285991536,18.280625,2.75,12.28,43.19,1.45474256790355,16.9635416666667,3.06,12.5,37.25,1.21939660066714,3.08229166666667,1.5,2.5,5.7,0.144550079281617,2025-08-22
"421","convex.gentle","convex","gentle","CR04",8,23,96,19.8989583333333,13,18.095,30.44,0.612459835402882,19.0989583333333,5.5,13.25,41.5,1.29709589994955,18.204375,6.19,14.72,36.38,1.08490291639087,2.85520833333333,1.5,2.3,5.3,0.133835702102106,2025-08-23
"422","convex.gentle","convex","gentle","CR04",8,24,96,18.99125,13.62,19.09,28.56,0.399800834462413,17.0263541666667,6.38,16.06,34.06,0.842800952544233,16.6530208333333,6.44,16.125,31.25,0.746674573889909,2.51458333333333,1.4,2.4,4.4,0.0868046198779981,2025-08-24
"423","convex.gentle","convex","gentle","CR04",8,25,96,16.7972916666667,13.75,16.345,21.75,0.224387005086972,15.1488541666667,9,13.25,27.81,0.537317102088874,14.678125,8.88,12.94,25.75,0.473108174281917,3.05833333333333,2.1,2.45,6.5,0.126696095381015,2025-08-25
"424","convex.gentle","convex","gentle","CR04",8,26,96,13.9103125,11,13.125,20.44,0.264735239020152,11.6395833333333,5.62,10.47,27.75,0.5343965262755,11.2136458333333,5.75,10.38,23.44,0.448726197135214,5.646875,4.3,4.8,9.5,0.161638764491701,2025-08-26
"425","convex.gentle","convex","gentle","CR04",8,27,96,15.278125,12.88,14.685,20.06,0.214203763895748,14.0560416666667,10.88,12.41,23.5,0.361301845644242,13.461875,10.62,12.155,21,0.307002747019683,18.2552083333333,8.8,10.4,46.2,1.16144747654433,2025-08-27
"426","convex.gentle","convex","gentle","CR04",8,28,96,13.5254166666667,11.38,12.815,18.38,0.215578979536801,12.1130208333333,6.75,10,24.94,0.488268133478799,11.213125,6.62,9.685,20.75,0.389158626626253,35.41875,32.7,34.4,46.9,0.306112124352236,2025-08-28
"427","convex.gentle","convex","gentle","CR04",8,29,96,13.6544791666667,9.25,12.815,20.56,0.362702994276081,12.9634375,3.5,8.53,28.12,0.840787379355472,12.0332291666667,3.25,8.81,24.12,0.734872311005302,31.3864583333333,30,31.4,32.6,0.0554609826432983,2025-08-29
"428","convex.gentle","convex","gentle","CR04",8,30,96,13.1984375,8.12,12.03,21.5,0.451110868820131,12.6697916666667,1.94,7.315,30.25,1.06610569794568,11.8457291666667,1.88,7.81,26.12,0.935299273626058,28.6385416666667,27.4,28.6,30,0.0471413000956444,2025-08-30
"429","convex.gentle","convex","gentle","CR04",8,31,96,13.7513541666667,7.62,12.155,23.5,0.54582105824804,13.4113541666667,0.06,7.25,34.25,1.28849176262941,12.535625,0,8.28,30,1.13298987132266,26.1729166666667,25.8,26,27.3,0.0395001434226429,2025-08-31
"430","convex.gentle","convex","gentle","CR04",9,1,96,14.6630208333333,8.88,13.655,22.56,0.466731123049986,14.5623958333333,1.88,9,37.62,1.21242745075765,14.1928125,2.12,9.535,33,1.11037412399784,24.5708333333333,24,24.4,25.9,0.048799551215461,2025-09-01
"431","convex.gentle","convex","gentle","CR04",9,2,96,15.9009375,9.88,14.53,24.5,0.503853855650246,16.5797916666667,2.62,11.405,37.12,1.26487269641637,15.7151041666667,2.62,12.435,31.75,1.09237114333823,23.5416666666667,22.8,23.3,25,0.0655721556938552,2025-09-02
"432","convex.gentle","convex","gentle","CR04",9,3,96,16.3263541666667,10.12,14.715,25.69,0.541530383391165,16.17625,2.38,9.81,37.62,1.33075771723244,15.1084375,2.25,10.655,31.38,1.13652289176748,22.6364583333333,21.9,22.35,23.9,0.0690175383200548,2025-09-03
"433","convex.gentle","convex","gentle","CR04",9,4,96,16.5578125,10.75,15.215,25.5,0.497727978336971,15.5810416666667,3.38,10.375,37.62,1.1944324376989,14.8423958333333,3.62,11.185,32.69,1.02131707562575,21.6177083333333,20.9,21.4,23,0.0682486872771812,2025-09-04
"434","convex.gentle","convex","gentle","CR04",9,5,96,15.6711458333333,10.5,14.5,24.19,0.447047450035397,14.2105208333333,2.69,9.405,34.94,1.09624937105937,13.2496875,2.75,10.095,30.19,0.925869854789067,20.6395833333333,19.7,20.55,21.6,0.0525131388460258,2025-09-05
"435","convex.gentle","convex","gentle","CR04",9,6,96,15.1092708333333,9.88,14.185,22,0.411427080064431,13.0336458333333,0.94,8.25,34.12,1.04194906473599,12.4877083333333,0.88,8.595,30.56,0.925255055864478,19.46875,18.7,19.3,20.7,0.0604317887910926,2025-09-06
"436","convex.gentle","convex","gentle","CR04",9,7,96,14.7071875,10.75,14.315,21.44,0.281783663407352,12.9709375,3.06,11.87,33.25,0.752319353471652,12.4460416666667,3.19,11.53,28.75,0.659967261933371,19.915625,18,18.7,36.5,0.410557836505684,2025-09-07
"437","convex.gentle","convex","gentle","CR04",9,8,96,13.393125,9,11.88,20.88,0.393735381586059,13.665625,4.56,9.06,30,0.880478037679263,13.0157291666667,4.69,9.12,27.19,0.759592944788027,30.2885416666667,28.7,30.4,31.4,0.0631739069995263,2025-09-08
"438","convex.gentle","convex","gentle","CR04",9,9,96,13.4495833333333,9.75,12.44,19.75,0.330316664807738,13.1040625,3.88,9.5,28,0.77619888280043,12.8244791666667,3.75,10.06,26.31,0.70160647223454,26.8229166666667,26,26.8,28.4,0.0462278673137132,2025-09-09
"439","convex.gentle","convex","gentle","CR04",9,10,96,13.0041666666667,9,11.685,19.5,0.369473507189108,13.1133333333333,4.44,8.78,30.69,0.918747677723126,12.8015625,4.25,9.22,28.75,0.86690283971822,24.89375,24.1,24.8,25.9,0.0328744454959573,2025-09-10
"440","convex.gentle","convex","gentle","CR04",9,11,96,13.231875,8.62,12.315,20.38,0.37139741188493,12.9576041666667,2.88,11.06,31.19,0.883834334232518,12.8233333333333,3.12,12.56,27.5,0.818889139331216,22.821875,22.3,22.75,24,0.0436343238917624,2025-09-11
"441","convex.gentle","convex","gentle","CR04",9,12,96,13.72125,10.62,12.56,18.75,0.271441621215447,13.9920833333333,7.5,11.25,26.38,0.599143228136343,13.6783333333333,7.5,11.935,24.38,0.500611044752965,21.74375,21.3,21.6,22.7,0.0320981396684518,2025-09-12
"442","convex.gentle","convex","gentle","CR05",6,26,95,14.4211578947368,8.75,13.62,23.25,0.449712807775385,14.1268421052632,0.06,11.12,38.75,1.22990008846992,13.3289473684211,-0.44,11.12,33.62,1.13823215585399,9.1,8.2,8.8,10.8,0.0881818339243777,2025-06-26
"443","convex.gentle","convex","gentle","CR05",6,27,96,15.2030208333333,9.31,14,24.81,0.504576427360675,16.134375,1.62,12.44,38.62,1.28359036625564,15.2186458333333,1.25,12.62,34.25,1.16294246078673,8.96145833333333,8.2,8.65,10.6,0.079821206340954,2025-06-27
"444","convex.gentle","convex","gentle","CR05",6,28,96,16.2136458333333,10.25,15.06,26.06,0.50869986325202,17.0528125,2.88,14.345,40.12,1.24799524943503,15.934375,2.5,14.935,34,1.09758805358014,8.92291666666667,7.9,8.6,10.8,0.0985918305424319,2025-06-28
"445","convex.gentle","convex","gentle","CR05",6,29,96,16.7476041666667,10.25,15.285,27,0.544372138435722,17.1927083333333,2.12,13.815,40.25,1.30171218622674,16.1280208333333,1.75,13.905,33.75,1.14498065198347,8.79895833333333,7.5,8.55,10.6,0.103136075074269,2025-06-29
"446","convex.gentle","convex","gentle","CR05",6,30,96,16.9613541666667,10.25,15.375,27.88,0.580383940144701,17.16125,1.44,13.625,42.62,1.42977588608489,16.1216666666667,1.19,14.25,37.56,1.29543895109858,8.68541666666667,7.6,8.35,10.7,0.109724327280125,2025-06-30
"447","convex.gentle","convex","gentle","CR05",7,1,96,17.7048958333333,11.75,16.62,27,0.494781295713102,18.420625,4.25,15.935,39.88,1.22293019564978,17.755,4.06,16.25,36.88,1.14159686366195,8.45520833333333,7.4,8.25,10.2,0.093984295436752,2025-07-01
"448","convex.gentle","convex","gentle","CR05",7,2,96,15.0969791666667,10.94,14.815,23.5,0.317177523753463,13.8271875,4.75,12.155,29,0.727479919285246,13.6872916666667,4.69,12.69,28.5,0.699561304876114,12.571875,7.7,8.25,39.4,0.889529373800028,2025-07-02
"449","convex.gentle","convex","gentle","CR05",7,3,96,13.9830208333333,11.25,13.72,20.12,0.254373978716501,14.4326041666667,7.75,13.685,29.12,0.571561865325665,13.9792708333333,7.38,13.59,26.5,0.521955484019531,24.628125,23.6,24.55,26.3,0.0559350956309687,2025-07-03
"450","convex.gentle","convex","gentle","CR05",7,4,96,14.2963541666667,10.38,13.88,19.88,0.305152755814848,14.449375,6.12,12.09,28.88,0.652305557041949,13.9561458333333,5.88,12.5,26.31,0.597325900822723,23.7,22.6,23.6,25.9,0.104125430434442,2025-07-04
"451","convex.gentle","convex","gentle","CR05",7,5,96,14.0520833333333,9.19,13.25,21.75,0.396999240925372,14.6821875,5,11.095,34.25,0.894263114308306,14.109375,4.62,11.155,30.88,0.844089588094927,25.5635416666667,24.3,25.7,26.1,0.0357292385938614,2025-07-05
"452","convex.gentle","convex","gentle","CR05",7,6,96,14.7016666666667,8.56,13.345,25.38,0.526527324449371,15.4958333333333,2.94,12.875,36.75,1.12709105536155,14.7845833333333,2.38,12.97,32.94,1.04939508386125,22.9708333333333,21.6,23,24.3,0.0376653275650803,2025-07-06
"453","convex.gentle","convex","gentle","CR05",7,7,96,15.813125,8.75,14.035,27.75,0.618030869759656,16.3265625,1.94,12.28,39.75,1.31246958885507,15.4026041666667,1.25,11.88,34.81,1.20948434210175,20.1677083333333,19.8,20.1,21.5,0.0392778784573596,2025-07-07
"454","convex.gentle","convex","gentle","CR05",7,8,96,16.7572916666667,10.31,15.625,26.44,0.514134310715993,17.4353125,3.62,14.185,40.62,1.18727435486027,16.9286458333333,3,14.185,36.12,1.13358083874856,18.1270833333333,17.6,18.1,19.6,0.0483608323164436,2025-07-08
"455","convex.gentle","convex","gentle","CR05",7,9,96,17.165,10.25,15.655,29,0.608825587907759,18.6880208333333,3.44,13.625,43.88,1.40747206836976,18.0084375,3.19,14.31,38.69,1.28773959896385,16.3520833333333,15.5,16.2,18.1,0.0710043729606294,2025-07-09
"456","convex.gentle","convex","gentle","CR05",7,10,96,18.4596875,12.5,16.375,28.88,0.557884130370642,19.6263541666667,6.88,15.31,41.5,1.19595607096567,18.4805208333333,6.44,16.375,34.5,1.02086091301582,13.29375,12.3,12.8,16.4,0.108415749689341,2025-07-10
"457","convex.gentle","convex","gentle","CR05",7,11,96,17.7463541666667,10.81,16.375,28.69,0.589632135537565,17.3158333333333,2.25,13.44,42.38,1.36838255835983,15.9165625,1.69,12.94,35.62,1.20793502958748,11.5125,10.7,11.3,13,0.0786711175517553,2025-07-11
"458","convex.gentle","convex","gentle","CR05",7,12,96,18.17625,11.56,16.62,28.62,0.568598562834883,18.4410416666667,3.81,14.685,44,1.32841989536546,17.0845833333333,3.38,14.315,36.88,1.1647927392311,10.4229166666667,9.5,10.15,12.2,0.0882266713694656,2025-07-12
"459","convex.gentle","convex","gentle","CR05",7,13,96,18.6602083333333,11.75,17.035,29.81,0.595212717746933,19.555,4.19,15.095,45,1.42916706050836,18.2673958333333,3.75,14.75,39,1.264236917448,9.48333333333333,8.4,9.2,11.3,0.10030290381948,2025-07-13
"460","convex.gentle","convex","gentle","CR05",7,14,96,18.9852083333333,12,17.5,29.62,0.596653201954685,19.5921875,3.88,15.285,44.44,1.41346897522662,18.3607291666667,3.56,15.315,38.56,1.25150332622158,8.55104166666667,7.4,8.2,10.5,0.106427172113992,2025-07-14
"461","convex.gentle","convex","gentle","CR05",7,15,96,18.4745833333333,12.75,17.97,28.5,0.442305758652798,17.7011458333333,5.62,14.935,40.5,1.01189815196569,17.2082291666667,5.38,15.315,36.38,0.927777480065862,7.61666666666667,6.7,7.4,9.4,0.0813626636789607,2025-07-15
"462","convex.gentle","convex","gentle","CR05",7,16,96,16.2661458333333,10.44,14.785,28.19,0.551344695287573,16.6811458333333,3.31,11.62,41.5,1.29384643355994,15.5638541666667,3.06,12.03,35.25,1.11561731956953,7.66145833333333,6.7,7.3,9.7,0.101181288052192,2025-07-16
"463","convex.gentle","convex","gentle","CR05",7,17,96,17.7194791666667,11,16.22,28.5,0.590208879353201,17.8352083333333,2.75,13.63,42.75,1.39796666234099,16.6133333333333,2.38,14,36.62,1.23205400694263,7.16770833333333,5.9,6.8,9.3,0.117582509213544,2025-07-17
"464","convex.gentle","convex","gentle","CR05",7,18,96,17.5738541666667,12,16.78,27.62,0.44721465885179,16.7311458333333,4.69,15.065,39.62,1.02004598569576,16.1939583333333,4.44,15.315,35.19,0.93308503682496,6.68958333333333,5.6,6.45,8.6,0.0928883404230569,2025-07-18
"465","convex.gentle","convex","gentle","CR05",7,19,96,14.5845833333333,10.38,14.47,22,0.33175176055095,13.3595833333333,4.75,11.375,34.31,0.782162066436691,13.1505208333333,4.75,12,30.75,0.727359972805275,8.12604166666667,6.7,7.15,13,0.202247486006032,2025-07-19
"466","convex.gentle","convex","gentle","CR05",7,20,96,14.4241666666667,8.62,13,25,0.517013218524106,15.4229166666667,3.25,11.185,36.38,1.10431671853648,14.9829166666667,2.88,12.155,32.62,1.01796153070589,12.6104166666667,11.9,12.25,14.1,0.0702826244197073,2025-07-20
"467","convex.gentle","convex","gentle","CR05",7,21,96,16.85125,10.94,15,27.56,0.556238901919645,18.5046875,6.5,14.38,41.12,1.17828733830234,17.7958333333333,6.62,14.685,36.25,1.0562832333261,11.5614583333333,10.5,11.3,13.4,0.0850357225201983,2025-07-21
"468","convex.gentle","convex","gentle","CR05",7,22,96,18.01875,13.25,17.06,26.5,0.40082418516387,19.1705208333333,9.19,15.97,34.75,0.833531463768419,18.4458333333333,9,16.565,32.38,0.729906186393616,10.0895833333333,9.3,10,11.9,0.0662014331526289,2025-07-22
"469","convex.gentle","convex","gentle","CR05",7,23,96,16.5861458333333,11.38,14.785,27,0.503869508696128,16.635625,3.88,11.94,41.12,1.18387792767774,15.4305208333333,3.44,11.78,34.75,1.03473583765302,8.28541666666667,6.4,8.3,10.2,0.0777137568071189,2025-07-23
"470","convex.gentle","convex","gentle","CR05",7,24,96,16.01875,10.62,15.655,25.25,0.407750333451519,14.3340625,2.62,12.595,32.5,0.971547255513454,13.8492708333333,2.25,13.03,30.62,0.927859334147547,6.759375,5.7,6.6,8.4,0.080942611858487,2025-07-24
"471","convex.gentle","convex","gentle","CR05",7,25,96,15.1967708333333,9.38,13.905,26.62,0.539429167398434,16.5263541666667,2.12,13,43,1.33683811397562,15.8930208333333,2.12,13.815,37.62,1.1940904848295,6.7875,5.8,6.4,8.8,0.0969405904158595,2025-07-25
"472","convex.gentle","convex","gentle","CR05",7,26,96,16.0216666666667,10.56,15.345,25,0.434080891954753,15.6329166666667,3,12.935,36,1.08156229306802,15.0076041666667,2.75,12.75,32.62,1.01193071221954,6.09270833333333,5.1,5.9,7.9,0.0885463105077347,2025-07-26
"473","convex.gentle","convex","gentle","CR05",7,27,96,15.8171875,9.5,14.095,28,0.584397738850685,16.6508333333333,1.38,10.845,43.25,1.45214777160756,15.7417708333333,1.12,11.41,37.25,1.29079409968458,5.903125,4.6,5.4,8.3,0.127470783761297,2025-07-27
"474","convex.gentle","convex","gentle","CR05",7,28,96,17.2916666666667,9.75,15.5,29.12,0.644296496301353,17.9495833333333,1,12.22,44.69,1.57888541852763,16.9475,0.75,12.94,38.75,1.41240719303867,5.659375,4.2,5.15,8.1,0.14163501807215,2025-07-28
"475","convex.gentle","convex","gentle","CR05",7,29,96,17.024375,11.5,16.535,28.38,0.448873439077443,17.0585416666667,4.38,13.53,39.75,1.09909282747308,16.7422916666667,4.31,13.88,36,1.02390309813365,5.209375,4.1,4.95,7.5,0.0982754601291517,2025-07-29
"476","convex.gentle","convex","gentle","CR05",7,30,96,16.3990625,11.62,15.375,23.69,0.422650836723936,16.8620833333333,4.44,13.88,38.88,1.01833739536761,16.7363541666667,4.25,15.155,36.69,0.938686478681029,5.096875,4,4.8,7.2,0.0957822494474343,2025-07-30
"477","convex.gentle","convex","gentle","CR05",7,31,96,16.7889583333333,11.62,14.56,28.12,0.530784124502448,20.2180208333333,6.94,14.715,43,1.15989249747431,19.7953125,7.12,16.06,37.94,0.957944768134677,5.53333333333333,4.4,4.95,7.8,0.114446289657526,2025-07-31
"478","convex.gentle","convex","gentle","CR05",8,1,96,17.1360416666667,12.12,16.345,26.88,0.430814749314992,17.1304166666667,6.06,14.095,38.12,1.00557779843174,16.5946875,5.75,15.25,35.56,0.908751842503079,5.07083333333333,4.1,4.8,7.1,0.0929996777332026,2025-08-01
"479","convex.gentle","convex","gentle","CR05",8,2,96,15.8539583333333,10.12,14.72,24.81,0.488376640477594,15.7097916666667,2.31,11.155,39.75,1.21821041792875,14.9157291666667,2,11.75,34.31,1.09943897919108,4.903125,3.7,4.5,7.3,0.113094948514007,2025-08-02
"480","convex.gentle","convex","gentle","CR05",8,3,96,16.354375,9.69,14.685,27.25,0.5790630630388,16.4780208333333,1.88,11.88,41.75,1.36452111177113,15.2429166666667,1.62,11.875,35.62,1.18047389492253,4.91145833333333,3.6,4.45,7.4,0.130366132452018,2025-08-03
"481","convex.gentle","convex","gentle","CR05",8,4,96,18.0639583333333,11.62,16.095,28.75,0.556652795797744,19.2473958333333,4.38,12.815,44.25,1.27156209399188,18.2452083333333,4.19,13.5,39,1.12638529698431,5,3.6,4.45,7.4,0.121963109176505,2025-08-04
"482","convex.gentle","convex","gentle","CR05",8,5,96,17.51625,10.62,16.06,28.38,0.588132624118601,17.2294791666667,2.38,13.72,41.69,1.34514012647897,15.9145833333333,2.06,14.345,34.69,1.15980076098874,4.67291666666667,3.3,4.25,7.1,0.131743364014998,2025-08-05
"483","convex.gentle","convex","gentle","CR05",8,6,96,17.8052083333333,10.62,16.035,29.12,0.625947894865849,18.2155208333333,2.75,12.315,44.12,1.48306509650719,17.1926041666667,2.56,12.625,38.75,1.31625334878026,4.625,3.2,4,7.2,0.143078619045859,2025-08-06
"484","convex.gentle","convex","gentle","CR05",8,7,96,17.8873958333333,10.81,16.535,28.25,0.590225244039571,17.7057291666667,2.5,13.315,42.62,1.34799580554679,16.8341666666667,2.38,13.47,36.38,1.19874785427489,4.40520833333333,2.9,3.95,6.9,0.131784062074338,2025-08-07
"485","convex.gentle","convex","gentle","CR05",8,8,96,18.1846875,13.25,16.03,27.31,0.483794462871758,18.6101041666667,9.38,13.69,36.38,0.915961285557511,17.3623958333333,9.88,14.5,29.94,0.670425315790244,4.37291666666667,3.5,3.8,6.3,0.0960340670395862,2025-08-08
"486","convex.gentle","convex","gentle","CR05",8,9,96,15.5045833333333,9.12,14.595,26.25,0.524348298865737,12.5914583333333,-1,8.75,36.5,1.23508206080064,11.191875,-1.44,8.315,30.31,1.09438392218351,3.69375,2.4,3.35,6.1,0.11926136434871,2025-08-09
"487","convex.gentle","convex","gentle","CR05",8,10,96,15.3829166666667,8.5,14.065,26.12,0.577849953143507,13.7757291666667,-0.94,9.53,39.75,1.38229047891083,12.1705208333333,-1.5,9.315,33,1.21671106656962,3.78541666666667,2.4,3.35,6.4,0.134531180487617,2025-08-10
"488","convex.gentle","convex","gentle","CR05",8,11,96,16.345625,9.44,14.53,27.62,0.619826797618539,16.0013541666667,1.44,10.065,41.38,1.42630726140716,14.6190625,1.12,10.22,35.12,1.23342720788536,3.97708333333333,2.6,3.4,6.6,0.141672955226783,2025-08-11
"489","convex.gentle","convex","gentle","CR05",8,12,96,17.8947916666667,10.81,16.065,29.25,0.628309134076675,18.7409375,4.12,13.06,44.06,1.44230205609349,17.5352083333333,3.88,13.87,38.12,1.25896193471125,4.16979166666667,2.7,3.6,6.8,0.144831418877279,2025-08-12
"490","convex.gentle","convex","gentle","CR05",8,13,96,18.15125,11.69,17,28.38,0.543610377315004,18.6982291666667,4.75,14.72,41.25,1.24917210298191,18.0485416666667,4.75,14.875,36.94,1.13327867172587,4.06458333333333,2.7,3.65,6.3,0.122429528303366,2025-08-13
"491","convex.gentle","convex","gentle","CR05",8,14,96,17.485,12.19,16.315,27,0.476487928088462,18.5463541666667,6.62,13.91,41.5,1.15656151678183,17.9384375,6.88,13.965,36.12,1.00931891800776,4.00520833333333,2.8,3.5,6.4,0.115464069292203,2025-08-14
"492","convex.gentle","convex","gentle","CR05",8,15,96,17.2795833333333,12.12,17.56,26.75,0.378387069663201,17.2538541666667,5.81,17.155,35.25,0.834102763686926,17.2170833333333,5.75,18,33.88,0.79267934653183,3.84583333333333,2.8,3.8,5.7,0.0807165914087988,2025-08-15
"493","convex.gentle","convex","gentle","CR05",8,16,96,15.8985416666667,12.06,14.815,23.25,0.363554545340676,17.17375,8.12,13.685,37.31,0.910935973374484,16.758125,8.25,13.625,34.38,0.797312623212358,4.040625,3.2,3.6,6.1,0.0932782355187491,2025-08-16
"494","convex.gentle","convex","gentle","CR05",8,17,96,14.7279166666667,11.12,14.655,23.44,0.301439271060403,13.0509375,4.88,12.31,28.44,0.624706265680067,13.0142708333333,4.88,12.41,25.12,0.600951798881379,3.87604166666667,3,3.8,5.4,0.069581215825539,2025-08-17
"495","convex.gentle","convex","gentle","CR05",8,18,96,13.5683333333333,8,11.715,25.88,0.549560204280345,14.6882291666667,1.5,8.31,42.75,1.34583969903545,14.1832291666667,1.56,8.5,37.25,1.2094126138336,4.390625,3.2,3.8,7.1,0.12630093314271,2025-08-18
"496","convex.gentle","convex","gentle","CR05",8,19,96,16.1929166666667,8.88,14.465,28.12,0.646100803414231,17.6258333333333,1.38,10.405,45.12,1.57928463892999,16.8025,1.38,11.22,38.88,1.41449988837417,4.46458333333333,2.9,3.85,7.2,0.151613971711477,2025-08-19
"497","convex.gentle","convex","gentle","CR05",8,20,96,18.1167708333333,12.62,16.285,28.25,0.544241656021422,20.4076041666667,6.75,14.06,45.06,1.27479165604939,19.7857291666667,6.88,14.095,41.12,1.12461613085166,4.45520833333333,3.1,3.9,6.8,0.125077780990529,2025-08-20
"498","convex.gentle","convex","gentle","CR05",8,21,96,18.1892708333333,13.44,17.06,27,0.391781251756497,19.3251041666667,8.25,16.375,37.5,0.90182537835419,18.7572916666667,8.25,16.5,34.12,0.807710695438401,4.36979166666667,3.2,4.15,6.2,0.0987434185200381,2025-08-21
"499","convex.gentle","convex","gentle","CR05",8,22,96,16.96625,10.25,15.625,28,0.584724523720659,18.0160416666667,2.62,12.31,43.88,1.4384941983733,17.038125,2.5,12.5,38,1.2802760659712,4.378125,2.9,3.85,7,0.139030186714909,2025-08-22
"500","convex.gentle","convex","gentle","CR05",8,23,96,17.4263541666667,11.38,16.465,27.44,0.509762782804192,17.8464583333333,5,13.125,40.75,1.21224707055511,17.2321875,5.06,13.72,36,1.08255040402815,4.15208333333333,2.9,3.75,6.4,0.118719217309076,2025-08-23
"501","convex.gentle","convex","gentle","CR05",8,24,96,16.4330208333333,11.88,16.655,24.38,0.343166086834533,16.0501041666667,6.06,14.53,36.38,0.798042994142432,15.8925,6,14.87,32.94,0.753945441043432,3.88854166666667,2.9,3.7,5.9,0.078302575965148,2025-08-24
"502","convex.gentle","convex","gentle","CR05",8,25,96,15.1392708333333,12.5,14.815,19.5,0.199481468426095,15.2870833333333,9.31,13.56,28.88,0.513775176884833,15.0295833333333,9.12,13.53,27.5,0.471890605740938,4.04791666666667,3.4,3.9,5.3,0.0542286251582106,2025-08-25
"503","convex.gentle","convex","gentle","CR05",8,26,96,12.8084375,10.12,12.44,17.62,0.220309109405289,11.5384375,5.5,10.56,25,0.505092103988484,11.3952083333333,5.5,10.655,22.62,0.470102871794509,4.39270833333333,3.4,3.9,6.6,0.101309894475156,2025-08-26
"504","convex.gentle","convex","gentle","CR05",8,27,96,14.3934375,12.25,13.88,18,0.185499197764201,14.3401041666667,11.06,12.88,24.56,0.351203460261737,13.9032291666667,11,12.56,22.19,0.306787775051207,11.2270833333333,5.6,6.3,46.4,1.1656011542565,2025-08-27
"505","convex.gentle","convex","gentle","CR05",8,28,96,12.6977083333333,10.88,12.06,16.75,0.181213712590543,11.9944791666667,7.5,10.215,25.56,0.431551308921979,11.3747916666667,7.12,9.78,23.25,0.390158536692016,36.3010416666667,33.7,34.9,47,0.338723399265234,2025-08-28
"506","convex.gentle","convex","gentle","CR05",8,29,96,12.8071875,8.75,11.875,20,0.353763032216861,13.4855208333333,3.88,8.97,31.5,0.920537670281728,12.7076041666667,3.38,8.69,28,0.847798189853644,32.5416666666667,31,32.5,33.7,0.059228717153696,2025-08-29
"507","convex.gentle","convex","gentle","CR05",8,30,96,12.6086458333333,7.88,11.655,19.88,0.40811869456701,12.8671875,2.5,8.065,32.81,1.06819297018833,12.1676041666667,1.88,7.595,29.12,1.00246101495699,29.7427083333333,28.3,29.8,30.9,0.043142582651778,2025-08-30
"508","convex.gentle","convex","gentle","CR05",8,31,96,12.5426041666667,7.25,11.405,21.12,0.46430627002635,13.0869791666667,0.56,7.815,35.25,1.24058935767699,12.5705208333333,-0.06,7.905,31.62,1.18321996340227,27.2583333333333,26.6,27.2,28.3,0.0287406226761507,2025-08-31
"509","convex.gentle","convex","gentle","CR05",9,1,96,13.1826041666667,8,12.375,20.62,0.423478112195411,14.0238541666667,2.12,9.25,36.38,1.14779625203241,13.9164583333333,1.75,9.22,33.69,1.12324716253353,25.4947916666667,25.2,25.4,26.6,0.0309700545684176,2025-09-01
"510","convex.gentle","convex","gentle","CR05",9,2,96,14.139375,8.38,12.97,22.94,0.491322682505396,15.8126041666667,3,10.375,38.25,1.24203586803019,15.4492708333333,2.62,11.47,34.12,1.16053736650418,25.0447916666667,24.7,25,25.8,0.0306676365097405,2025-09-02
"511","convex.gentle","convex","gentle","CR05",9,3,96,14.6709375,8.69,13.375,23.94,0.522708765439851,15.6383333333333,2.5,9.84,39.12,1.30146967083124,15.0302083333333,2.06,10.31,34.62,1.20619821022506,23.778125,23.3,23.6,25,0.0478530995210543,2025-09-03
"512","convex.gentle","convex","gentle","CR05",9,4,96,14.9380208333333,9.31,13.97,23.12,0.47294584970144,15.0676041666667,3.12,10.47,37.5,1.15023088590707,14.4683333333333,2.88,10.905,32.12,1.05667071364547,22.6135416666667,22.1,22.4,23.9,0.0519281679904842,2025-09-04
"513","convex.gentle","convex","gentle","CR05",9,5,96,14.0220833333333,9.12,13.215,20.88,0.401305788510224,13.6304166666667,2.69,9.5,32.62,1.00998862157768,12.8948958333333,2.25,9.81,28.81,0.922010543794505,21.5322916666667,21,21.4,22.4,0.0436918734581907,2025-09-05
"514","convex.gentle","convex","gentle","CR05",9,6,96,13.5297916666667,8.38,12.53,21.38,0.424285802880069,12.5985416666667,1.06,8.28,35.88,1.05394779968242,12.0694791666667,0.62,8.28,31.5,0.98838444037182,20.2989583333333,19.7,20.1,21.5,0.052534341142428,2025-09-06
"515","convex.gentle","convex","gentle","CR05",9,7,96,13.2821875,9.38,13.09,18.62,0.2616412102012,12.6014583333333,3.12,11.62,31,0.666958334977351,12.2219791666667,2.88,11.44,28.19,0.626766024571239,20.9958333333333,18.5,19.2,45.7,0.646864767766631,2025-09-07
"516","convex.gentle","convex","gentle","CR05",9,8,96,12.2828125,8.5,11.125,18.88,0.332591357424457,13.4903125,4.38,8.97,31.62,0.871311164798124,12.94,4.06,8.815,28.38,0.803158840334225,33.009375,30.8,32.8,35.9,0.105299053295839,2025-09-08
"517","convex.gentle","convex","gentle","CR05",9,9,96,12.1427083333333,9,11.44,17.81,0.270218944657662,12.2414583333333,4,9.81,24.19,0.637590550486317,12.2929166666667,3.5,10.69,25.88,0.641042649124905,29.315625,28.5,29.2,30.7,0.0421288782118153,2025-09-09
"518","convex.gentle","convex","gentle","CR05",9,10,96,11.8653125,8.25,10.56,18.38,0.344909629440541,13.0085416666667,4.44,8.315,33.38,0.932207693464099,12.7892708333333,4,8.28,31.25,0.923395933079569,28.1979166666667,27,28.25,29.1,0.0374628227019177,2025-09-10
"519","convex.gentle","convex","gentle","CR05",9,11,96,12.1203125,8,11.78,18,0.330682821383277,13.2607291666667,3.5,10.69,32.25,0.876864695357687,13.2717708333333,3.25,11.97,28.88,0.845095499570643,25.7760416666667,25,25.7,27,0.0359624801942962,2025-09-11
"520","convex.gentle","convex","gentle","CR05",9,12,96,12.4184375,10,11.685,17.12,0.211628000757215,13.2579166666667,7.88,11.25,23.62,0.474575824378777,13.4266666666667,7.75,12.315,22.25,0.441771048572363,22.63125,22,22.5,24.9,0.0540328136981626,2025-09-12
"521","convex.gentle","convex","gentle","CR06",6,26,95,14.7886315789474,8.44,14.25,23.38,0.495356570941185,13.9773684210526,-2.12,9.31,39.38,1.43960990898416,12.3875789473684,-3,9.56,33.25,1.30716109061393,2.62421052631579,1.2,2.1,5.1,0.134011379816916,2025-06-26
"522","convex.gentle","convex","gentle","CR06",6,27,96,16.0217708333333,8.94,14.625,26.62,0.608093169273723,16.6111458333333,-0.75,11.185,42.38,1.55954577472428,14.5827083333333,-1.69,11.435,35.12,1.36217076723314,3.16875,1.6,2.6,5.8,0.14707910883054,2025-06-27
"523","convex.gentle","convex","gentle","CR06",6,28,96,17.2814583333333,10.12,16.095,28.19,0.599154648987036,17.6333333333333,1.12,12.78,42.44,1.49810068837666,15.5779166666667,0.44,13.125,34.62,1.29413525212943,3.31770833333333,1.8,2.85,5.8,0.141491078942531,2025-06-28
"524","convex.gentle","convex","gentle","CR06",6,29,96,17.8505208333333,10.12,16.285,28.88,0.634088712209555,17.7895833333333,0.38,11.97,42.44,1.54631215866401,15.700625,-0.5,12.565,34.5,1.32601704439593,3.309375,1.7,2.8,5.8,0.145684095004502,2025-06-29
"525","convex.gentle","convex","gentle","CR06",6,30,96,18.0402083333333,10.12,16.31,29.94,0.676716660161119,17.7883333333333,-0.25,11.345,44.62,1.70254927967081,15.6025,-1.19,11.595,38.5,1.49566041858414,3.21875,1.5,2.65,5.9,0.161226878527276,2025-06-30
"526","convex.gentle","convex","gentle","CR06",7,1,96,18.5107291666667,11.56,17.655,28.25,0.548808602849136,18.3336458333333,2.25,14.405,42.25,1.41028728347286,16.7528125,1.5,13.75,36.5,1.29045264144229,3.13854166666667,1.7,2.75,5.4,0.129771812144777,2025-07-01
"527","convex.gentle","convex","gentle","CR06",7,2,96,15.9885416666667,10.75,16,25.12,0.383542209849335,14.0135416666667,4.12,12.155,28.62,0.793932431434489,13.4226041666667,3.62,12.125,27.38,0.760938222888329,4.521875,3.4,4.1,6.7,0.104222298740838,2025-07-02
"528","convex.gentle","convex","gentle","CR06",7,3,96,14.8042708333333,11.75,14.5,21.25,0.273664610362264,14.411875,6.5,13.91,29.88,0.640109610825063,13.55625,6.25,13.28,26.88,0.576742197606522,4.97291666666667,4.1,4.8,7.4,0.0904724340913262,2025-07-03
"529","convex.gentle","convex","gentle","CR06",7,4,96,15.3491666666667,10.62,14.97,20.75,0.340428737250836,14.606875,4.62,12.155,28,0.720692851829149,13.8557291666667,4.19,11.75,28.5,0.688778090215725,6.45104166666667,4.3,5.65,11.1,0.218562863772237,2025-07-04
"530","convex.gentle","convex","gentle","CR06",7,5,96,15.0644791666667,9.12,13.685,25,0.515540826352077,15.2771875,4.12,11.095,34.94,1.01892478269391,14.1205208333333,3.25,10.75,30.38,0.936949936521724,16.7947916666667,10.8,17,18.9,0.196288868045458,2025-07-05
"531","convex.gentle","convex","gentle","CR06",7,6,96,16.5694791666667,8.75,14.81,28.81,0.664952847058512,16.8151041666667,1.88,12.75,40.88,1.3471491747422,14.8888541666667,0.88,12.625,34,1.18308572776863,16.6791666666667,16,16.5,18,0.0660096462027548,2025-07-06
"532","convex.gentle","convex","gentle","CR06",7,7,96,17.4125,9.12,15.56,29.38,0.69074679901602,17.4119791666667,0.69,11.47,43,1.54071798183731,15.3653125,-0.62,10.59,36.44,1.37825237320137,14.83125,13.9,14.6,16.3,0.0820156235116213,2025-07-07
"533","convex.gentle","convex","gentle","CR06",7,8,96,17.3664583333333,10.38,16.56,27,0.528254178983285,17.22375,2.06,12.47,39.12,1.32927138604694,15.9261458333333,1,12.25,35.75,1.2656138286905,13.1520833333333,12.3,13.1,14.6,0.0716959217114787,2025-07-08
"534","convex.gentle","convex","gentle","CR06",7,9,96,17.5492708333333,9.75,15.72,29.88,0.673952830433214,18.6144791666667,0.88,11.875,45.31,1.67373995463484,16.8255208333333,-0.19,12.19,38.69,1.5105124817991,12.0010416666667,10.9,11.7,13.8,0.102324890984836,2025-07-09
"535","convex.gentle","convex","gentle","CR06",7,10,96,19.1717708333333,12.62,17.185,29.5,0.592019291907827,19.8991666666667,5.25,13.785,41.75,1.36877466866072,17.9123958333333,4.38,14.22,35,1.17190498260865,10.6739583333333,9.7,10.45,12.2,0.0879748368088836,2025-07-10
"536","convex.gentle","convex","gentle","CR06",7,11,96,18.6075,10.88,17.065,29.25,0.636047174957904,17.815,0.56,12.19,43.38,1.57269803929649,15.5310416666667,-0.62,12.28,35.69,1.37782373913432,9.19895833333333,8,8.95,11,0.108037667972904,2025-07-11
"537","convex.gentle","convex","gentle","CR06",7,12,96,18.8851041666667,11.62,17.405,29.25,0.600148775319388,18.5176041666667,2.31,13.715,44,1.48299960328744,16.3728125,1.38,13.845,36.25,1.28666454500943,7.98020833333333,6.7,7.75,9.9,0.110189428120144,2025-07-12
"538","convex.gentle","convex","gentle","CR06",7,13,96,19.4836458333333,11.88,17.69,30.88,0.645080151415169,19.7970833333333,2.38,13.81,46.25,1.63514684890097,17.6353125,1.5,14.25,38.5,1.42265952727664,3.909375,1.3,3.9,8.4,0.238678186246486,2025-07-13
"539","convex.gentle","convex","gentle","CR06",7,14,96,19.898125,12.12,18.28,31.06,0.650499004012682,19.7458333333333,2.06,13.28,46,1.62384522171713,17.6340625,1.19,13.47,37.94,1.42323899019262,2.20208333333333,0.5,1.85,4.6,0.149355186909344,2025-07-14
"540","convex.gentle","convex","gentle","CR06",7,15,96,19.4797916666667,12.88,19.035,29.5,0.501581970596371,17.508125,3.69,13.625,43.19,1.22371568292743,16.2980208333333,2.94,13.84,37,1.09750653017071,1.43645833333333,0,1.35,3.8,0.115822003027205,2025-07-15
"541","convex.gentle","convex","gentle","CR06",7,16,96,17.0860416666667,10.44,15.44,29.12,0.604868143510928,16.9254166666667,2.19,10.875,42.44,1.4264496928538,15.21125,1.5,10.875,35.38,1.21210079565018,2.27916666666667,1,1.7,4.6,0.127233697355261,2025-07-16
"542","convex.gentle","convex","gentle","CR06",7,17,96,18.273125,11,16.935,28.62,0.608729106642785,17.5583333333333,1,12.065,43.38,1.5525090379336,15.7266666666667,0.12,11.47,36.38,1.38431522962465,1.60416666666667,0.1,1.15,4,0.142332670814843,2025-07-17
"543","convex.gentle","convex","gentle","CR06",7,18,96,18.210625,12,17.405,27.62,0.49013824608382,16.3728125,2.75,13.75,41.06,1.19397528831363,15.335,2.12,13.72,36.5,1.11008361665458,1.35520833333333,0,0.95,4.3,0.115135977881711,2025-07-18
"544","convex.gentle","convex","gentle","CR06",7,19,96,15.7160416666667,10.75,15.56,22.62,0.379274482815623,13.7275,3.38,11.06,32.25,0.894655512944567,13.0369791666667,2.88,10.72,29.25,0.832978698046319,2.87708333333333,1.6,2.3,6.1,0.130295540971578,2025-07-19
"545","convex.gentle","convex","gentle","CR06",7,20,96,15.9805208333333,9.12,14.44,26.88,0.601334031764866,16.5621875,1.5,10.53,40.56,1.37455325440353,15.30625,0.88,10.905,35.5,1.23992871054623,3.84375,2.6,3.45,5.8,0.107888552186886,2025-07-20
"546","convex.gentle","convex","gentle","CR06",7,21,96,17.9901041666667,11.5,16,28.25,0.58563396250873,18.7244791666667,4.19,13.19,43.75,1.40969017118071,17.0758333333333,3.56,13.06,37.12,1.24263674868454,3.10208333333333,1.8,2.6,5.4,0.127483909946791,2025-07-21
"547","convex.gentle","convex","gentle","CR06",7,22,96,18.9928125,13.75,18.155,27.12,0.424621469796795,19.2688541666667,7.5,13.91,35.62,0.985916973099819,17.864375,6.81,14.03,32,0.86956364854484,2.55416666666667,1.5,2.05,4,0.092348936233136,2025-07-22
"548","convex.gentle","convex","gentle","CR06",7,23,96,17.720625,11.88,15.875,28.62,0.562832159482565,17.0272916666667,2.06,10.25,43,1.38020718536861,15.0720833333333,1.19,10.16,35.5,1.19147066462576,2.14895833333333,0.7,1.55,4.6,0.132618655838694,2025-07-23
"549","convex.gentle","convex","gentle","CR06",7,24,96,17.2646875,10.88,16.815,26.81,0.482112014563083,14.3688541666667,0.75,11.685,40.5,1.19825980244774,13.176875,-0.25,11.75,35.5,1.11790500836621,1.58958333333333,0.3,1.35,4.1,0.115036980768988,2025-07-24
"550","convex.gentle","convex","gentle","CR06",7,25,96,16.0954166666667,9.31,14.59,27.56,0.599910499842799,16.4625,0.25,12.34,43.38,1.50091729992964,14.9432291666667,-0.19,13.75,36.38,1.3074443355934,2.09895833333333,0.6,1.75,4.6,0.139316114668356,2025-07-25
"551","convex.gentle","convex","gentle","CR06",7,26,96,16.7258333333333,10.56,16.035,26.25,0.483488027271224,14.954375,0.75,12.06,37,1.23016765200053,13.7833333333333,-0.12,11.435,34,1.16742711432083,1.16041666666667,0,0.9,3.1,0.0943523534076774,2025-07-26
"552","convex.gentle","convex","gentle","CR06",7,27,96,16.8065625,9.5,14.94,29.75,0.664376815706535,16.730625,-0.88,9.69,44,1.67859580526913,14.7998958333333,-1.75,9.28,37,1.4770299553228,1.08333333333333,0,0.15,3.6,0.138528186588622,2025-07-27
"553","convex.gentle","convex","gentle","CR06",7,28,96,18.3997916666667,9.88,16.625,30.88,0.712115146587453,17.844375,-1.12,11.72,46.25,1.77030422732695,15.9115625,-1.94,11.565,39.5,1.57404780690543,1.05520833333333,0,0.05,3.6,0.134391658834101,2025-07-28
"554","convex.gentle","convex","gentle","CR06",7,29,96,17.9185416666667,11.62,17.685,29.75,0.484524431769674,16.7011458333333,2.38,12.44,39.5,1.24127070281662,15.7438541666667,1.62,12.185,34.62,1.17627295146793,0.617708333333333,0,0,2.4,0.0781080390945697,2025-07-29
"555","convex.gentle","convex","gentle","CR06",7,30,96,16.8423958333333,10.75,15.965,24.94,0.48238224053366,15.4954166666667,1.94,11.12,40,1.24721118652237,14.5427083333333,1.12,11.5,36,1.17176873241371,0.578125,0,0,2.6,0.0777310241552758,2025-07-30
"556","convex.gentle","convex","gentle","CR06",7,31,96,17.738125,11.38,15.56,29.69,0.597759125204585,19.8876041666667,3.75,14.75,44.5,1.38507007664246,18.7276041666667,3.38,16.12,38,1.14507450865358,0.985416666666667,0,0.3,3.5,0.127380655932712,2025-07-31
"557","convex.gentle","convex","gentle","CR06",8,1,96,18.0444791666667,12.38,17.47,28.38,0.462941985817093,16.8315625,3.75,13.56,34.38,1.12261413017381,15.8033333333333,2.88,13.75,32.12,1.04406444382782,0.579166666666667,0,0,2.1,0.0695208643846962,2025-08-01
"558","convex.gentle","convex","gentle","CR06",8,2,96,16.815625,10.19,15.535,27.38,0.552925806634619,15.6386458333333,0.5,10.37,44.5,1.39228443022414,14.2241666666667,-0.25,9.94,38.38,1.26729549257349,0.625,0,0,3.1,0.090611954596452,2025-08-02
"559","convex.gentle","convex","gentle","CR06",8,3,96,17.5184375,9.88,15.78,29.38,0.645464954273835,16.7821875,-0.25,11.75,42.88,1.55435841112787,14.7485416666667,-1,11.78,35.88,1.34154156531691,0.73125,0,0,2.9,0.107261695268767,2025-08-03
"560","convex.gentle","convex","gentle","CR06",8,4,96,19.51625,12.12,17.47,30.5,0.61923903233458,19.7725,3,12.03,45.69,1.45408680723761,17.9265625,2.31,11.845,38.81,1.26933157596413,0.770833333333333,0,0,3.1,0.107410883774487,2025-08-04
"561","convex.gentle","convex","gentle","CR06",8,5,96,19.0136458333333,11,17.47,30.88,0.670913901445876,17.6152083333333,0.38,13.94,43.38,1.55184640293911,15.3351041666667,-0.44,13.315,35.75,1.3288235711407,0.665625,0,0,2.8,0.101597202236051,2025-08-05
"562","convex.gentle","convex","gentle","CR06",8,6,96,19.2714583333333,11.06,17.565,31.31,0.695570650793205,18.3819791666667,0.75,11.435,45.12,1.67471254812731,16.4089583333333,0,11.25,38.44,1.4732921161911,0.707291666666667,0,0,2.8,0.104642717029611,2025-08-06
"563","convex.gentle","convex","gentle","CR06",8,7,96,19.1713541666667,11,17.815,30.12,0.657806122783051,17.5082291666667,0.06,11.845,43.75,1.54309002331725,15.73125,-0.75,12.345,36.62,1.37063401939817,0.554166666666667,0,0,2.6,0.0832708098782387,2025-08-07
"564","convex.gentle","convex","gentle","CR06",8,8,96,19.6651041666667,13.62,17.405,30.31,0.558202098902463,19.1158333333333,6.69,13.97,39.31,1.13081630648211,17.0445833333333,6.69,13.91,31.38,0.84697005007047,0.45,0,0,2.2,0.0777140507515245,2025-08-08
"565","convex.gentle","convex","gentle","CR06",8,9,96,16.5848958333333,9.62,16,28.88,0.552725543286695,11.8325,-3.25,7.75,38.44,1.34048670462006,10.054375,-4.25,6.845,31.38,1.22059787992797,0.19375,0,0,1.7,0.0427357368224111,2025-08-09
"566","convex.gentle","convex","gentle","CR06",8,10,96,16.3023958333333,8.81,14.81,26.81,0.624789784731697,13.3523958333333,-2.62,8.375,38.38,1.53317704732311,11.338125,-3.69,7.405,32.88,1.37547998251217,0.373958333333333,0,0,1.8,0.0642985906039547,2025-08-10
"567","convex.gentle","convex","gentle","CR06",8,11,96,17.685,9.75,15.655,30.25,0.68991629609253,16.4185416666667,-0.62,9.97,44,1.63850720315972,14.3592708333333,-1.38,9.125,37.12,1.42909566274024,0.473958333333333,0,0,2.3,0.0817200612015053,2025-08-11
"568","convex.gentle","convex","gentle","CR06",8,12,96,19.2984375,11.25,17.69,31.06,0.677341493209883,18.95,1.88,13.16,45.38,1.62033634422642,16.9864583333333,1.12,12.84,38.75,1.41933919467586,0.513541666666667,0,0,2.3,0.0838443078818192,2025-08-12
"569","convex.gentle","convex","gentle","CR06",8,13,96,19.375625,12,18.28,30.12,0.600454868012357,18.564375,2.94,13.75,43.88,1.4385374198014,17.1392708333333,2.38,13.595,37.5,1.29475898018579,0.36875,0,0,2.1,0.0652645174412721,2025-08-13
"570","convex.gentle","convex","gentle","CR06",8,14,96,18.5301041666667,12.38,17.375,28.06,0.518115586380775,18.4669791666667,4.62,13.63,43,1.32519278736327,17.1822916666667,4.12,13.56,36.38,1.16795199071422,0.346875,0,0,2,0.0613437453917203,2025-08-14
"571","convex.gentle","convex","gentle","CR06",8,15,96,18.3633333333333,12.38,18.5,27.62,0.413473960938617,17.1740625,3.56,17.185,40.62,0.996005559262441,16.581875,3.12,17.315,36,0.931860162318482,0.125,0,0,1.7,0.0335736947989961,2025-08-15
"572","convex.gentle","convex","gentle","CR06",8,16,96,16.9276041666667,12.44,15.94,24.88,0.398313377926106,17.2580208333333,6.62,13.185,40.38,1.0485568363377,16.2254166666667,6.38,12.815,35.19,0.908364166344551,0.329166666666667,0,0,2.1,0.0616995526346961,2025-08-16
"573","convex.gentle","convex","gentle","CR06",8,17,96,15.7960416666667,11.75,15.97,24.69,0.331223492125953,12.6948958333333,3.19,12.53,30.94,0.731931894462454,12.151875,2.56,12.25,28.75,0.713690207998836,0.216666666666667,0,0,2.3,0.0532221978048754,2025-08-17
"574","convex.gentle","convex","gentle","CR06",8,18,96,14.59375,8.25,12.875,27.38,0.592203165151783,14.870625,0.5,8.56,43.88,1.42420965165002,13.8489583333333,0,8.845,37.5,1.27885866466637,1.03333333333333,0,0.4,3.5,0.120603986822273,2025-08-18
"575","convex.gentle","convex","gentle","CR06",8,19,96,16.8014583333333,8.75,14.815,30,0.708823338963185,17.3533333333333,-0.75,9.97,46.31,1.76323672960266,15.8258333333333,-1.38,9.81,39.88,1.56491768509117,0.96875,0,0,3.5,0.13367537678888,2025-08-19
"576","convex.gentle","convex","gentle","CR06",8,20,96,18.9932291666667,12.75,17.035,29.75,0.590737505432302,20.0483333333333,4.5,12.12,47,1.46525150277154,18.8145833333333,4.12,11.875,39.75,1.29874942308437,0.758333333333333,0,0,3,0.103519922087518,2025-08-20
"577","convex.gentle","convex","gentle","CR06",8,21,96,19.2333333333333,13.94,18.06,28.62,0.421117083425995,18.9770833333333,6.75,16.435,39.62,0.979536588391203,18.1057291666667,6.38,16.03,35.25,0.894258657791416,0.688541666666667,0,0,2.8,0.0895636325746715,2025-08-21
"578","convex.gentle","convex","gentle","CR06",8,22,96,17.6851041666667,10.5,16.25,29.12,0.60984970816788,18.069375,0.88,12.19,45.62,1.58304586364845,16.4270833333333,0.19,11.72,39.38,1.40677888819735,0.814583333333333,0,0,3.1,0.112145925912761,2025-08-22
"579","convex.gentle","convex","gentle","CR06",8,23,96,18.6548958333333,11.56,17.41,29,0.587519148526907,18.6065625,2.88,12.56,46,1.50581342641716,17.2022916666667,2.5,12.905,39,1.3419375759984,0.669791666666667,0,0,2.8,0.0948581557830809,2025-08-23
"580","convex.gentle","convex","gentle","CR06",8,24,96,18.0814583333333,12.5,18.44,28.38,0.412412031533581,15.9767708333333,4.38,14.38,37.06,0.944054043562382,15.2446875,3.81,14.565,33.88,0.901205271819077,0.220833333333333,0,0,1.8,0.0416469251478306,2025-08-24
"581","convex.gentle","convex","gentle","CR06",8,25,96,16.2758333333333,13.25,15.94,21,0.223878866970564,15.3745833333333,8.69,13.655,29.81,0.60664178273383,14.769375,8.12,13.03,27.88,0.565282975490494,0.484375,0,0,2.6,0.0818820306342574,2025-08-25
"582","convex.gentle","convex","gentle","CR06",8,26,96,13.67,10.44,13.06,19.88,0.274123083508633,11.4941666666667,5,10.315,27.06,0.573624741069675,10.8647916666667,4.38,9.815,23.88,0.534183936124351,3.70416666666667,1.2,1.7,11,0.341487704521234,2025-08-26
"583","convex.gentle","convex","gentle","CR06",8,27,96,15.816875,13.12,15.06,20,0.233320158423473,14.9275,11.5,13.28,24.75,0.377344629348618,14.1554166666667,11,12.59,22.88,0.345435045963105,14.5760416666667,10.6,12,32.4,0.516849312916663,2025-08-27
"584","convex.gentle","convex","gentle","CR06",8,28,96,13.8486458333333,11.75,13.09,18.69,0.222569505199059,12.5358333333333,7.12,10.62,25.38,0.478050974183851,11.5717708333333,6.38,10,23.56,0.440022676718068,28.7875,26.6,27.6,39.3,0.265039925823831,2025-08-28
"585","convex.gentle","convex","gentle","CR06",8,29,96,14.1792708333333,9.25,13.12,22.31,0.422879079518666,13.9895833333333,3.44,9.565,32.12,0.989623088767455,12.7735416666667,2.31,9.06,28.38,0.921043851213892,25.6072916666667,24.5,25.6,26.6,0.0433580763957846,2025-08-29
"586","convex.gentle","convex","gentle","CR06",8,30,96,14.5195833333333,8.38,13.185,23.81,0.527843031323114,13.8002083333333,1.56,8.16,35,1.21803624830081,12.3707291666667,0.44,7.53,30.25,1.13755258452575,23.3833333333333,22.7,23.3,24.4,0.0325005622983296,2025-08-30
"587","convex.gentle","convex","gentle","CR06",8,31,96,14.6345833333333,7.88,13.06,24.81,0.580766449810202,13.9897916666667,-0.12,7.875,37.94,1.39990530678478,12.55625,-1.5,6.905,34.25,1.31857957242473,21.54375,21,21.4,22.5,0.0462831791846519,2025-08-31
"588","convex.gentle","convex","gentle","CR06",9,1,96,14.8453125,8.62,14,23.38,0.489889934673949,14.4226041666667,0.75,9.435,39.75,1.28582751398433,13.3725,-0.38,8.465,36.25,1.24794448538246,19.925,19.5,19.8,21.1,0.0409856628762243,2025-09-01
"589","convex.gentle","convex","gentle","CR06",9,2,96,15.740625,9.19,14.405,25.12,0.541073997203304,16.9009375,1.75,12.435,40.31,1.3922743138014,15.760625,0.75,13,36.44,1.29694706310036,18.884375,18.4,18.65,19.9,0.048334727558536,2025-09-02
"590","convex.gentle","convex","gentle","CR06",9,3,96,16.1098958333333,9.31,14.595,25.75,0.572076731886977,16.2892708333333,1.19,9.78,41.38,1.48496698117931,14.7446875,0.06,9.06,36.62,1.36542136476547,17.8135416666667,17.3,17.55,18.8,0.0520125615661497,2025-09-03
"591","convex.gentle","convex","gentle","CR06",9,4,96,16.1459375,9.81,14.94,24.38,0.511598492046394,15.3586458333333,1.5,10.065,40,1.32531201738175,14.0991666666667,0.62,9.81,35.69,1.23298385280852,16.3333333333333,15.5,16.1,17.6,0.0533456674334301,2025-09-04
"592","convex.gentle","convex","gentle","CR06",9,5,96,15.2915625,9.62,14.185,23.25,0.461020067686602,14.2713541666667,1.31,9.095,37.62,1.23146929091598,12.8632291666667,0.38,9,32.69,1.13037163480889,14.9489583333333,14.4,14.65,16.1,0.054066941768991,2025-09-05
"593","convex.gentle","convex","gentle","CR06",9,6,96,14.7238541666667,9,13.69,22.75,0.455000659576148,12.6996875,-0.31,7.75,37.12,1.20530849269742,11.5873958333333,-1.44,7.405,32.75,1.13932201527533,13.95,13.3,13.7,15.2,0.0576209635340862,2025-09-06
"594","convex.gentle","convex","gentle","CR06",9,7,96,14.5470833333333,10.19,14.345,20.88,0.294934794929717,13.0664583333333,2.06,12.065,35.25,0.821283427838024,12.2492708333333,1.38,11.465,30.56,0.759730406431096,13.6427083333333,12.4,13,21.8,0.221427509779134,2025-09-07
"595","convex.gentle","convex","gentle","CR06",9,8,96,13.685625,8.88,12.155,22.5,0.438444739674006,14.3871875,3.62,9.315,34.81,1.0173656717996,13.4241666666667,3,8.685,30.38,0.931720144088656,21.8270833333333,21.1,21.8,22.5,0.0364089577934104,2025-09-08
"596","convex.gentle","convex","gentle","CR06",9,9,96,13.9470833333333,9.94,13.155,21.19,0.346505990830298,12.7326041666667,3.38,9,30.38,0.782817115900761,12.1233333333333,2.44,9.25,28.38,0.777671141917173,20.1458333333333,19.6,19.9,21.4,0.0515104457696865,2025-09-09
"597","convex.gentle","convex","gentle","CR06",9,10,96,13.4135416666667,8.88,12,21.25,0.423039725312235,13.6816666666667,4.19,8.31,33.88,1.02320788633345,12.8539583333333,3.25,7.75,30.94,0.994923986331728,20.4052083333333,19.5,20.3,21.2,0.0350241079775043,2025-09-10
"598","convex.gentle","convex","gentle","CR06",9,11,96,13.7420833333333,8.69,13.03,20.62,0.40142347910408,13.8984375,3,12.75,34,0.975911509687012,13.2690625,2.31,13.56,30.5,0.924913735642376,18.6552083333333,18.1,18.6,19.5,0.0308814155088527,2025-09-11
"599","convex.gentle","convex","gentle","CR06",9,12,96,13.8875,10.81,12.94,18.81,0.262223162291406,13.9098958333333,7.12,11.19,30.12,0.622652758942828,13.5296875,6.31,11.62,26.75,0.579077882626748,17.1958333333333,16.6,17.2,18,0.0308830798315686,2025-09-12
"600","convex.rugged","convex","rugged","CR01",6,26,95,16.4028421052632,11.44,16.38,23.62,0.37434397004556,15.6677894736842,2.38,14.5,37.62,1.13694073096723,14.8693684210526,2.44,14.69,33.12,1.01416668290083,0,0,0,0,0,2025-06-26
"601","convex.rugged","convex","rugged","CR01",6,27,96,17.5315625,12.19,16.75,24.38,0.418216774357053,17.6272916666667,4.25,15.81,38,1.16035787808972,16.5986458333333,4.38,15.905,34.06,1.01406271670764,0,0,0,0,0,2025-06-27
"602","convex.rugged","convex","rugged","CR01",6,28,96,18.6502083333333,13,17.94,27.25,0.445344312370409,19.1066666666667,4.94,17.065,39.12,1.21790015278911,17.7559375,4.88,16.935,33.25,1.02784797516296,0,0,0,0,0,2025-06-28
"603","convex.rugged","convex","rugged","CR01",6,29,96,19.6310416666667,13.5,18.5,27.25,0.467366114592665,19.3997916666667,4.75,16.905,39.12,1.19429147478164,18.03875,4.62,16.685,32.44,0.990011964419109,0,0,0,0,0,2025-06-29
"604","convex.rugged","convex","rugged","CR01",6,30,96,19.5853125,13.62,18.47,27.88,0.482048260330674,19.1184375,4.19,17.06,40.75,1.30108318004894,17.7783333333333,4.06,16.87,34.81,1.11404515864352,0,0,0,0,0,2025-06-30
"605","convex.rugged","convex","rugged","CR01",7,1,96,20.3261458333333,14.81,19.75,27.88,0.419756073950382,20.1779166666667,7.25,19.125,40.94,1.11653831335519,19.3426041666667,7.31,19.215,37,1.00576722094959,0,0,0,0,0,2025-07-01
"606","convex.rugged","convex","rugged","CR01",7,2,96,17.1578125,12.56,17,24.12,0.332171721704467,15.26875,6.12,13.28,35.38,0.816983087420773,14.8698958333333,6.19,13.155,31.62,0.750830745971626,0.00104166666666667,0,0,0.1,0.00104166666666667,2025-07-02
"607","convex.rugged","convex","rugged","CR01",7,3,96,16.1838541666667,13.81,15.94,20.88,0.210335486500486,14.9628125,8.25,14.155,29.38,0.54705849584441,14.4035416666667,8.38,13.94,26.12,0.466940865070678,0,0,0,0,0,2025-07-03
"608","convex.rugged","convex","rugged","CR01",7,4,96,15.8880208333333,12.62,15.47,20.88,0.24885732806625,14.3852083333333,6,12.41,26.75,0.629460991558656,13.9092708333333,6.19,12.47,26.25,0.566092393053909,0.363541666666667,0,0,2.3,0.0740601905468141,2025-07-04
"609","convex.rugged","convex","rugged","CR01",7,5,96,14.8153125,10.25,14.09,21.5,0.364784902768507,14.4770833333333,5.06,10.935,31.38,0.863412242168769,13.9722916666667,4.94,10.845,28.62,0.800691073210241,10.0802083333333,0.9,10.5,16.1,0.275755023302318,2025-07-05
"610","convex.rugged","convex","rugged","CR01",7,6,96,16.1021875,10.12,15.095,25.81,0.486762492138354,16.7105208333333,3.62,13.69,37.12,1.18700975448068,15.5859375,3.5,13.38,31.69,1.02662134901683,8.79895833333333,7.6,8.7,10.5,0.0803705070456681,2025-07-06
"611","convex.rugged","convex","rugged","CR01",7,7,96,17.715625,11.25,16.655,25.75,0.495638318110481,17.8813541666667,3.12,15,37.75,1.25693250090748,16.3142708333333,2.88,14.97,33.06,1.07279555434429,7.53854166666667,6.5,7.2,9.5,0.0806412049084931,2025-07-07
"612","convex.rugged","convex","rugged","CR01",7,8,96,18.2659375,12.81,17.815,25.75,0.397838446287996,18.888125,5.88,17.035,37,1.09579516622714,18.148125,5.88,17.5,34.12,0.994254330400294,5.00104166666667,4,4.8,7.3,0.0880527004236701,2025-07-08
"613","convex.rugged","convex","rugged","CR01",7,9,96,18.7577083333333,13,17.625,27.62,0.463928388850828,20.824375,6.25,16.935,42.75,1.33771462298759,20.0358333333333,6.62,17.185,37.25,1.17511302803389,3.053125,1.5,2.7,5.6,0.123747701777348,2025-07-09
"614","convex.rugged","convex","rugged","CR01",7,10,96,20.5155208333333,15.31,19.25,27.62,0.422211202807473,21.3758333333333,9.56,18.065,39.12,1.06928715255533,19.8110416666667,9.69,18.435,34.12,0.85196357922895,1.24166666666667,0,0.9,4.3,0.113638649631446,2025-07-10
"615","convex.rugged","convex","rugged","CR01",7,11,96,19.5790625,13.62,18.625,27.62,0.454666449895565,18.7021875,4.06,15.78,41.38,1.2699257230932,17.2591666666667,3.81,16.065,35,1.08996009973111,0.429166666666667,0,0,1.8,0.0630704956925232,2025-07-11
"616","convex.rugged","convex","rugged","CR01",7,12,96,20.1839583333333,14.38,19.185,28.12,0.455604006246698,19.8471875,5.88,16.875,41.38,1.23641156903799,18.2226041666667,5.62,17,35.38,1.03265426447076,0.1625,0,0,1.2,0.0323850869946203,2025-07-12
"617","convex.rugged","convex","rugged","CR01",7,13,96,20.766875,14.75,19.685,29,0.475112390039304,20.9416666666667,6.75,17.185,41.5,1.30050426848172,19.4482291666667,6.75,17.53,36.12,1.0966366343418,0.065625,0,0,0.5,0.01464702569951,2025-07-13
"618","convex.rugged","convex","rugged","CR01",7,14,96,21.3842708333333,15.25,20.25,29.5,0.480520339876373,21.5873958333333,6.75,18.16,44.12,1.292887105192,20.1028125,6.88,18.595,37.62,1.08324220638789,0.0197916666666667,0,0,0.4,0.00778265498189734,2025-07-14
"619","convex.rugged","convex","rugged","CR01",7,15,96,20.8232291666667,15.88,20.625,28.88,0.361098728262021,18.97375,8.25,17.155,38.5,0.903996296302186,18.3410416666667,8.25,17.625,34.5,0.782846603344289,0,0,0,0,0,2025-07-15
"620","convex.rugged","convex","rugged","CR01",7,16,96,17.8385416666667,12.75,16.655,26.5,0.429001364328553,16.8047916666667,4.38,11.06,38.81,1.21113737847658,15.7052083333333,4.38,11.5,33.94,1.03891969003872,0.0229166666666667,0,0,0.8,0.00976468379967331,2025-07-16
"621","convex.rugged","convex","rugged","CR01",7,17,96,19.45625,14.06,18.72,26.38,0.425769742822936,18.8507291666667,5.5,16.19,37.88,1.15876353154339,17.7864583333333,5.31,16.595,33.38,1.0020476839685,0,0,0,0,0,2025-07-17
"622","convex.rugged","convex","rugged","CR01",7,18,96,19.8782291666667,15.25,19.44,26.5,0.350953088120365,18.9653125,8.19,17.81,37.25,0.906262083441827,18.33,8.38,18.12,33.5,0.778412027841117,0,0,0,0,0,2025-07-18
"623","convex.rugged","convex","rugged","CR01",7,19,96,17.7021875,14,17.785,22,0.274037358315871,15.4492708333333,7.06,12.625,34.62,0.824364511289455,15.0015625,7.12,12.69,32.62,0.73969439113964,0,0,0,0,0,2025-07-19
"624","convex.rugged","convex","rugged","CR01",7,20,96,17.6471875,12.94,17.125,24.69,0.359927676187973,17.5753125,5.12,13.685,35.62,1.06761856806014,16.8851041666667,5.25,13.78,32.06,0.945974063973397,0,0,0,0,0,2025-07-20
"625","convex.rugged","convex","rugged","CR01",7,21,96,19.5876041666667,15,18.345,27.44,0.401696450398775,20.4980208333333,8.88,15.97,40.12,1.10797395525425,19.7546875,9,16,36.25,0.971414718845449,0,0,0,0,0,2025-07-21
"626","convex.rugged","convex","rugged","CR01",7,22,96,21.210625,16.88,20.62,27.62,0.334864590743441,20.8739583333333,10.62,16.47,38.38,0.83748112677303,19.8722916666667,10.44,16.59,34.12,0.719912434964707,0,0,0,0,0,2025-07-22
"627","convex.rugged","convex","rugged","CR01",7,23,96,19.0948958333333,14.56,18.215,25.62,0.368325186307206,17.0101041666667,5.69,13.5,38.19,1.01020586418991,15.91,5.56,13.56,32.88,0.865090351228976,0,0,0,0,0,2025-07-23
"628","convex.rugged","convex","rugged","CR01",7,24,96,18.3796875,13.69,18.5,24.69,0.325567199154064,15.4114583333333,4.69,13.75,33.19,0.907985382967964,15.1647916666667,4.62,14.47,31.38,0.849516270756465,0.126041666666667,0,0,3,0.0544760689384642,2025-07-24
"629","convex.rugged","convex","rugged","CR01",7,25,96,16.1951041666667,11,15.38,25,0.439446970903953,16.763125,3.75,13.625,39.31,1.21482284565559,16.4380208333333,4.12,14,35.38,1.06658218504322,0.392708333333333,0,0.1,2.4,0.0602852283205013,2025-07-25
"630","convex.rugged","convex","rugged","CR01",7,26,96,17.9433333333333,13,17.625,25.12,0.374145625165402,17.5319791666667,5.56,15.595,37.75,1.0239702103392,16.8626041666667,5.88,15.655,34.12,0.901635420115489,0.00208333333333333,0,0,0.2,0.00208333333333333,2025-07-26
"631","convex.rugged","convex","rugged","CR01",7,27,96,18.333125,12.75,17.25,27.5,0.462258360595879,19.0046875,4.62,14.25,42.25,1.3431169312749,18.1069791666667,4.88,14.31,37,1.16540154889672,0,0,0,0,0,2025-07-27
"632","convex.rugged","convex","rugged","CR01",7,28,96,19.9102083333333,13.38,19,28.5,0.497821569774354,20.2510416666667,4.31,16.625,42.62,1.41822214254177,19.4566666666667,4.75,16.935,38.38,1.24883722819054,0,0,0,0,0,2025-07-28
"633","convex.rugged","convex","rugged","CR01",7,29,96,20.1272916666667,15,19.685,28.62,0.374797825008161,19.4022916666667,7.25,16.62,41,1.03675814186269,18.9397916666667,7.5,17.345,36.5,0.928802154673203,0,0,0,0,0,2025-07-29
"634","convex.rugged","convex","rugged","CR01",7,30,96,19.2898958333333,14.62,18.94,25.62,0.343270981865705,18.4090625,7.62,15.185,40,0.975318190073735,18.1651041666667,7.88,15.595,35.75,0.860767813034362,0,0,0,0,0,2025-07-30
"635","convex.rugged","convex","rugged","CR01",7,31,96,18.739375,13.75,17.155,28.25,0.450139812892968,20.4873958333333,6.75,14.375,42.38,1.24306162290962,19.9344791666667,7.38,15.87,38.75,1.02856842335866,0,0,0,0,0,2025-07-31
"636","convex.rugged","convex","rugged","CR01",8,1,96,19.9714583333333,15.31,19.75,28.38,0.351863023437284,18.3939583333333,8.5,16.59,41.5,0.904948608591809,17.8025,8.69,17.41,37.06,0.782454681721164,0,0,0,0,0,2025-08-01
"637","convex.rugged","convex","rugged","CR01",8,2,96,18.2608333333333,13.38,17.685,25,0.379105238903055,16.8971875,4.75,13.66,40.62,1.09940275555784,16.09375,5,14.315,34.12,0.938698231338242,0,0,0,0,0,2025-08-02
"638","convex.rugged","convex","rugged","CR01",8,3,96,18.5227083333333,12.94,17.625,26,0.424500415327599,17.4921875,4.25,14.22,38.88,1.18844251795768,16.3439583333333,4.69,14.69,33.88,0.984667495298547,0,0,0,0,0,2025-08-03
"639","convex.rugged","convex","rugged","CR01",8,4,96,20.3901041666667,14.94,19.315,27.62,0.428015219816485,20.9782291666667,6.5,16,42.25,1.21372835224513,19.803125,6.75,16.625,37.12,1.04916226305634,0,0,0,0,0,2025-08-04
"640","convex.rugged","convex","rugged","CR01",8,5,96,20.0532291666667,14.25,19.375,27.38,0.432093523999462,18.2855208333333,4.88,16.94,38.88,1.15265594208713,17.0880208333333,5,17.41,33.12,0.956685806777841,0,0,0,0,0,2025-08-05
"641","convex.rugged","convex","rugged","CR01",8,6,96,20.24,14.19,19.125,28.38,0.478375838627387,20.39375,6.25,15.035,42.5,1.35969933668595,19.4836458333333,6.88,16.035,36.88,1.15801342407863,0,0,0,0,0,2025-08-06
"642","convex.rugged","convex","rugged","CR01",8,7,96,20.7385416666667,14.75,20.125,28.25,0.448588233296306,19.8871875,6,16.155,41.19,1.21390559424331,19.1925,6.38,17.12,35.56,1.04278633158156,0,0,0,0,0,2025-08-07
"643","convex.rugged","convex","rugged","CR01",8,8,96,20.5914583333333,16.12,19.595,26.75,0.361921740206853,19.1252083333333,8.75,15.5,35.38,0.858301285117503,17.7547916666667,9.06,15.78,32,0.639738707269004,0,0,0,0,0,2025-08-08
"644","convex.rugged","convex","rugged","CR01",8,9,96,17.8946875,12.69,17.715,25.94,0.39108499976631,13.5491666666667,1.25,10.87,33.38,1.05829590001488,12.4269791666667,1.38,11.31,28.94,0.906059730416903,0,0,0,0,0,2025-08-09
"645","convex.rugged","convex","rugged","CR01",8,10,96,17.3903125,11.81,16.75,25.31,0.431386317207435,14.6014583333333,1.38,11.405,38.12,1.23135327048581,13.2739583333333,1.38,11.845,32.5,1.04663543518851,0,0,0,0,0,2025-08-10
"646","convex.rugged","convex","rugged","CR01",8,11,96,18.406875,12.88,17.5,25.06,0.433023167822016,16.5116666666667,3.75,12.905,37.69,1.16952323531994,15.2708333333333,4.06,13.94,31.81,0.971121646068086,0,0,0,0,0,2025-08-11
"647","convex.rugged","convex","rugged","CR01",8,12,96,19.4040625,13.88,18.5,27.25,0.439395532215351,19.4386458333333,5.94,15.72,41,1.23816333116619,18.3964583333333,6.25,16.41,36.12,1.02554451710332,0,0,0,0,0,2025-08-12
"648","convex.rugged","convex","rugged","CR01",8,13,96,20.2907291666667,15,19.94,26.75,0.398075090024562,20.5354166666667,7.75,17.185,40.38,1.11747125945877,20.0814583333333,8.19,18.59,36.94,0.977632781163913,0,0,0,0,0,2025-08-13
"649","convex.rugged","convex","rugged","CR01",8,14,96,20.0996875,15.56,19.56,26.56,0.347300032491405,20.2829166666667,9.75,15.905,38.88,0.97536125692271,19.969375,10.5,17.31,35.25,0.806785352827678,0,0,0,0,0,2025-08-14
"650","convex.rugged","convex","rugged","CR01",8,15,96,19.9067708333333,15.38,20.47,26.44,0.305877601896449,18.3011458333333,7.69,18.25,37.12,0.829108415521404,18.0832291666667,8.25,18.47,35.12,0.728067685528168,0,0,0,0,0,2025-08-15
"651","convex.rugged","convex","rugged","CR01",8,16,96,17.3338541666667,13.62,16.685,22.44,0.288309172871933,16.5353125,8.31,13.125,36.38,0.821298033297508,16.221875,9,13.94,31.12,0.677441042823797,0,0,0,0,0,2025-08-16
"652","convex.rugged","convex","rugged","CR01",8,17,96,16.2830208333333,13.69,16.09,21.81,0.216075802965094,13.6304166666667,7,12.185,26.25,0.53658185385998,13.8519791666667,7.5,12.685,25,0.475157859728846,0,0,0,0,0,2025-08-17
"653","convex.rugged","convex","rugged","CR01",8,18,96,14.6661458333333,10.25,13.815,22.75,0.391612399276837,15.34625,3.5,9.69,40.12,1.23036917910275,15.0555208333333,4.12,10.81,36,1.07484225556011,0,0,0,0,0,2025-08-18
"654","convex.rugged","convex","rugged","CR01",8,19,96,17.254375,11.62,16.315,25.69,0.446213474904561,18.8901041666667,4.38,12.935,41.94,1.36645279264778,18.4486458333333,5.38,14.845,37.75,1.16224852609024,0,0,0,0,0,2025-08-19
"655","convex.rugged","convex","rugged","CR01",8,20,96,19.5422916666667,15.12,18.435,26.5,0.386012665662541,21.5045833333333,9.75,15.28,41.5,1.09821920163471,21.1144791666667,10.56,16.34,37.38,0.91984830068189,0,0,0,0,0,2025-08-20
"656","convex.rugged","convex","rugged","CR01",8,21,96,19.9651041666667,16.25,19.44,26.5,0.294479059616213,19.9482291666667,10.69,17.405,36.12,0.79122607769596,19.6605208333333,11.44,17.72,33.88,0.679718746172959,0,0,0,0,0,2025-08-21
"657","convex.rugged","convex","rugged","CR01",8,22,96,18.7375,13.5,18.095,25.5,0.406052590362814,18.7854166666667,5.38,14.405,40.75,1.22356589808005,18.0638541666667,6.06,15.125,35,1.03737159816089,0,0,0,0,0,2025-08-22
"658","convex.rugged","convex","rugged","CR01",8,23,96,19.4732291666667,14.38,18.75,26,0.393825243292254,19.7469791666667,7.12,15.685,39.75,1.14795975691842,19.19,7.88,17.06,35,0.956539507259041,0,0,0,0,0,2025-08-23
"659","convex.rugged","convex","rugged","CR01",8,24,96,19.1702083333333,15.25,19.38,25.69,0.279890289407354,17.5211458333333,8.62,16.155,33.12,0.727817993891518,17.484375,9,16.845,30.62,0.643558293078345,0,0,0,0,0,2025-08-24
"660","convex.rugged","convex","rugged","CR01",8,25,96,17.1002083333333,14.69,17.03,20.19,0.163756878733696,15.1755208333333,9.69,13.185,27.12,0.512602532956751,14.8797916666667,9.69,13.44,25.25,0.451060737613919,0.208333333333333,0,0,2.9,0.0589131584106482,2025-08-25
"661","convex.rugged","convex","rugged","CR01",8,26,96,14.4269791666667,12.12,13.97,18.44,0.191185826281317,11.6914583333333,6.62,10.625,23.62,0.446463490854443,11.629375,7.12,10.815,21,0.379414883449364,2.08854166666667,0,0,8.7,0.292789329806248,2025-08-26
"662","convex.rugged","convex","rugged","CR01",8,27,96,15.6202083333333,13.5,15.09,19.25,0.181727032814079,14.0263541666667,10.75,12.38,25.75,0.391882689207745,13.5629166666667,10.5,12.19,22.75,0.338312015900026,10.8614583333333,4.9,8.3,31.2,0.638977681623783,2025-08-27
"663","convex.rugged","convex","rugged","CR01",8,28,96,13.4184375,11.62,12.94,16.75,0.173800041899146,11.81,6.88,10.03,22.88,0.441011770340597,10.9979166666667,6.81,9.655,19.62,0.349372649433974,28.2041666666667,24.3,27.15,40.1,0.332128029196239,2025-08-28
"664","convex.rugged","convex","rugged","CR01",8,29,96,12.9010416666667,9.5,12.59,16.5,0.248013930316117,12.5538541666667,4.12,9.09,25.62,0.746845197706684,11.8167708333333,4.06,9.405,22.75,0.642887239007561,22.3854166666667,19.3,22.55,24.2,0.115156064647704,2025-08-29
"665","convex.rugged","convex","rugged","CR01",8,30,96,12.0748958333333,8.25,11.5,17,0.302009062066013,12.5519791666667,3.12,8.63,28.62,0.923004243634536,12.0817708333333,3.38,9.75,24,0.776706779253544,17.8072916666667,16.2,17.9,19.2,0.0624472547903265,2025-08-30
"666","convex.rugged","convex","rugged","CR01",8,31,96,12.3480208333333,7.69,11.56,19.19,0.378388249157786,13.5598958333333,1.62,8.935,33.19,1.15097169564852,13.0021875,2,10.25,28.25,0.957837146945414,14.80625,14.3,14.75,16.1,0.0386394858715932,2025-08-31
"667","convex.rugged","convex","rugged","CR01",9,1,96,13.7526041666667,9.12,13.345,19.88,0.35249636817812,15.2894791666667,3.75,10.5,36.44,1.107165808057,15.2225,4.62,11.53,33.44,0.967699988397158,12.9666666666667,12.5,12.8,14.4,0.0452736965835482,2025-09-01
"668","convex.rugged","convex","rugged","CR01",9,2,96,14.9879166666667,10.38,14.685,20.38,0.336563089308372,16.6121875,4.69,13.31,34.75,1.06501255246623,16.1419791666667,5.25,14.5,31.38,0.894666367049061,11.44375,10.8,11.4,13.2,0.0506062478806857,2025-09-02
"669","convex.rugged","convex","rugged","CR01",9,3,96,15.0045833333333,10.5,14.56,20.62,0.340992485790372,16.1426041666667,4.38,11.44,34.81,1.09601502307534,15.713125,4.88,12.75,31.12,0.91858730583,9.82916666666667,9.2,9.7,11.3,0.0513398691441913,2025-09-03
"670","convex.rugged","convex","rugged","CR01",9,4,96,15.2857291666667,11.12,15,20.5,0.31474086893628,15.8345833333333,5.62,12.5,34.5,0.972686886348464,15.6732291666667,6.5,14.065,29.62,0.8097293447368,8.28229166666667,7.6,8.1,10.1,0.0610219041717209,2025-09-04
"671","convex.rugged","convex","rugged","CR01",9,5,96,14.5325,10.69,14.22,19.12,0.287461896788536,14.11625,4,10.815,31.75,0.900175254013682,13.7565625,4.56,12,28.19,0.745955789635325,6.915625,6.1,6.8,8,0.0623432793863871,2025-09-05
"672","convex.rugged","convex","rugged","CR01",9,6,96,14.0896875,10.12,13.72,18.5,0.292903098053319,13.2270833333333,2.25,9.22,33.81,0.937951434195479,13.0508333333333,2.69,10.125,28.88,0.80482218078906,5.790625,4.9,5.7,7.2,0.0688259648099287,2025-09-06
"673","convex.rugged","convex","rugged","CR01",9,7,96,14.1477083333333,11,14.12,17.75,0.202814055750077,12.9864583333333,4.12,11.715,32.5,0.70855223623453,12.6272916666667,4.5,11.815,27.25,0.602735221594148,6.66875,3.6,4.6,34.8,0.726811578933584,2025-09-07
"674","convex.rugged","convex","rugged","CR01",9,8,96,12.2464583333333,8.75,11.345,17,0.270782733971006,12.7602083333333,4.19,9.06,27.38,0.79891454567902,12.3677083333333,4.44,9.185,25.94,0.701542621642994,26.2947916666667,23,26.5,28.6,0.139149750455761,2025-09-08
"675","convex.rugged","convex","rugged","CR01",9,9,96,12.2922916666667,9.31,11.72,16.62,0.251976723686873,12.6251041666667,4.75,8.97,26.62,0.689880122353961,12.8747916666667,5.19,9.91,25.25,0.629429496267214,21.1208333333333,19.7,21.1,22.9,0.0687915212203718,2025-09-09
"676","convex.rugged","convex","rugged","CR01",9,10,96,11.9066666666667,8.81,11.09,16.62,0.272637566542211,12.9814583333333,4.88,9.405,28.25,0.83586555594384,13.1854166666667,5.12,10.06,27,0.791515547672693,18.190625,16.1,18.4,19.4,0.071728015230171,2025-09-10
"677","convex.rugged","convex","rugged","CR01",9,11,96,11.9492708333333,8.44,11.53,16.31,0.251318987421193,12.7347916666667,3.56,11.435,29.69,0.776025297719748,13.0939583333333,3.81,12.5,26.75,0.717736688131864,14.5322916666667,13.6,14.4,16.1,0.0517351299016024,2025-09-11
"678","convex.rugged","convex","rugged","CR01",9,12,96,12.3961458333333,9.88,11.72,16.38,0.205866768883467,13.3239583333333,8.12,10.47,27.06,0.541327690408294,13.444375,8.38,11.5,23.5,0.447408983503614,12.4947916666667,11.9,12.5,13.7,0.044730425290147,2025-09-12
"679","convex.rugged","convex","rugged","CR02",6,26,96,14.9598958333333,9.5,13.56,24,0.484739677260221,14.998125,0.12,9.785,44.12,1.4031862576008,13.5275,-0.38,9.845,36.62,1.21588686858317,5.1625,4,4.75,7.7,0.116220166894487,2025-06-26
"680","convex.rugged","convex","rugged","CR02",6,27,96,15.3242708333333,9.88,13.88,24.12,0.476267209588947,16.2685416666667,1.44,10.53,41.88,1.37556493162703,14.8897916666667,0.88,10.375,35.25,1.21359423385883,5.234375,4,4.75,7.4,0.116121799004095,2025-06-27
"681","convex.rugged","convex","rugged","CR02",6,28,96,16.52875,10.75,15.215,26.81,0.512582176766415,18.1591666666667,2.62,13.125,44.25,1.47041049038489,16.203125,2.25,12.845,36.69,1.2236672423543,5.334375,4,4.9,7.7,0.126402900506986,2025-06-28
"682","convex.rugged","convex","rugged","CR02",6,29,96,17.370625,11,15.75,27.38,0.568689510230365,18.3172916666667,1.75,12.06,44.88,1.55451710558639,16.2884375,1.12,11.87,36.12,1.28704444613173,5.21770833333333,3.8,4.7,7.5,0.13488945109538,2025-06-29
"683","convex.rugged","convex","rugged","CR02",6,30,96,17.5810416666667,11.44,15.78,27.81,0.577858635492543,18.5508333333333,1.88,11.38,46.75,1.64731896528627,16.6414583333333,1.25,11.37,38.88,1.40002411460409,5.05833333333333,3.6,4.45,7.6,0.144517244362493,2025-06-30
"684","convex.rugged","convex","rugged","CR02",7,1,96,18.4228125,12.5,17.155,27.88,0.501421416048457,19.3514583333333,4.69,15.44,46.12,1.39198605416208,17.8172916666667,4.25,15.155,39.81,1.21960535642491,4.98541666666667,3.7,4.6,7.4,0.120942743872138,2025-07-01
"685","convex.rugged","convex","rugged","CR02",7,2,96,15.5176041666667,11.25,15.125,22.12,0.334543441990371,14.2911458333333,5.12,11.88,36.25,0.820404022602552,13.8270833333333,4.75,11.41,33.62,0.787041622607327,6.81875,5.1,6.6,8.4,0.0712715418343016,2025-07-02
"686","convex.rugged","convex","rugged","CR02",7,3,96,14.9876041666667,12.38,14.56,21.62,0.248634020162715,15.1826041666667,7.62,14,33.94,0.686840133803585,14.3070833333333,7.31,13.685,29.25,0.585703803590975,6.471875,5.7,6.2,9,0.0928909840794338,2025-07-03
"687","convex.rugged","convex","rugged","CR02",7,4,96,15.6211458333333,11.75,14.44,22.62,0.350782017013905,15.4475,5.5,12,38.12,0.896581213726351,14.2432291666667,5.25,11.655,32,0.742538889270296,7.7125,5.7,7.1,11.5,0.19311760120387,2025-07-04
"688","convex.rugged","convex","rugged","CR02",7,5,96,13.8594791666667,9.75,12.94,20.69,0.355708040201304,13.7021875,4.69,10.37,32.62,0.858579587436871,13.0032291666667,4.12,10.095,28.75,0.793997761370409,11.0072916666667,9.7,11,14,0.0592394189172629,2025-07-05
"689","convex.rugged","convex","rugged","CR02",7,6,96,14.5491666666667,8.88,12.97,27.12,0.541429367723915,15.971875,2.69,10.595,44.75,1.35535334222913,14.5272916666667,2.12,10.345,35.62,1.14526311309993,9.521875,8.7,9.2,11.1,0.0805028484431212,2025-07-06
"690","convex.rugged","convex","rugged","CR02",7,7,96,16.4516666666667,9.75,14.845,27.12,0.596227571696799,17.6222916666667,1.5,10.69,45.5,1.58436349552325,15.55625,0.88,10.44,37.75,1.33719768882212,8.96041666666667,8,8.55,10.9,0.101431412815991,2025-07-07
"691","convex.rugged","convex","rugged","CR02",7,8,96,16.7204166666667,11.25,15.75,26.81,0.480231233517978,17.7361458333333,3.44,12.345,44.19,1.33982428287692,16.4484375,2.81,12.25,36.94,1.18768015556907,8.36875,7.4,8,10.5,0.0938259925924843,2025-07-08
"692","convex.rugged","convex","rugged","CR02",7,9,96,16.7665625,10.94,15.125,27.75,0.532733410423721,19.7997916666667,3,12.44,49.75,1.67711033581291,17.9430208333333,2.5,12.405,41.06,1.42768137324271,8.11666666666667,6.9,7.6,10.3,0.122444640791174,2025-07-09
"693","convex.rugged","convex","rugged","CR02",7,10,96,18.4527083333333,13.25,16.56,27.75,0.508731081357941,20.8623958333333,6.38,13.435,46.62,1.46288655668738,18.7263541666667,5.75,13.31,38.12,1.18094142790224,7.60833333333333,6.5,7.1,9.9,0.112844663713686,2025-07-10
"694","convex.rugged","convex","rugged","CR02",7,11,96,17.723125,11.75,16.315,27.5,0.529138540055786,18.094375,1.81,11.44,46.31,1.56602384263865,15.996875,1.12,11.125,37.19,1.31868377286519,6.88958333333333,5.6,6.4,9.2,0.122702385329288,2025-07-11
"695","convex.rugged","convex","rugged","CR02",7,12,96,18.0479166666667,12.25,16.56,28.06,0.521850807910052,19.1913541666667,3.75,13.09,47.88,1.53831493607105,17.0890625,3,12.815,38.75,1.27519605542969,6.63229166666667,5.4,6.15,9,0.126936705387794,2025-07-12
"696","convex.rugged","convex","rugged","CR02",7,13,96,18.5526041666667,12.5,16.815,29.25,0.552626508593116,20.1516666666667,4.25,12.905,51,1.63275737249198,18.2470833333333,3.62,12.685,41.75,1.39116169993481,6.38020833333333,5.1,5.8,8.9,0.136341770893945,2025-07-13
"697","convex.rugged","convex","rugged","CR02",7,14,96,19.1877083333333,13,17.41,29.25,0.564501594312828,20.641875,4.12,13.56,49.19,1.63166774621736,18.7116666666667,3.5,13.37,40.75,1.39124960921691,6.05104166666667,4.6,5.5,8.7,0.139658062936333,2025-07-14
"698","convex.rugged","convex","rugged","CR02",7,15,96,18.3403125,13.44,17.75,28.38,0.4159145084726,17.5070833333333,5.81,14.72,43.5,1.05270261954175,16.628125,5.25,14.375,37.25,0.960478377160788,5.521875,4.5,5.4,7.9,0.0920192953283131,2025-07-15
"699","convex.rugged","convex","rugged","CR02",7,16,96,15.5938541666667,10.75,14.28,26.88,0.463130636192038,15.9554166666667,3.25,10.715,45,1.37815511149159,14.7471875,2.69,10.5,37.25,1.18417692659905,7.20729166666667,5.9,7,9.1,0.0894334604126122,2025-07-16
"700","convex.rugged","convex","rugged","CR02",7,17,96,17.2594791666667,11.62,15.815,26.88,0.506210819791891,17.9835416666667,3.06,12.315,44.5,1.465911510481,16.4297916666667,2.38,12.22,37.62,1.29196742377838,6.378125,5.1,6,8.9,0.126527536051983,2025-07-17
"701","convex.rugged","convex","rugged","CR02",7,18,96,17.891875,12.75,17.09,26.12,0.4254495381178,18.2363541666667,5.38,14.13,43.25,1.1935004457605,16.9228125,4.75,13.905,37.12,1.06010443774573,6.08958333333333,4.9,5.75,8.4,0.105625529861296,2025-07-18
"702","convex.rugged","convex","rugged","CR02",7,19,96,15.4130208333333,11.94,14.905,21.25,0.292656845029806,14.2983333333333,5.69,11.12,38.38,0.854499323327556,13.8261458333333,5.5,10.62,33.62,0.808311571010068,5.82708333333333,5,5.5,8,0.0818170719363259,2025-07-19
"703","convex.rugged","convex","rugged","CR02",7,20,96,15.2008333333333,10.75,14.44,23.88,0.367816925841746,16.1886458333333,2.62,11.095,44.94,1.26256472493277,15.1885416666667,2,10.905,36.94,1.14504479705487,6.10416666666667,5,5.7,8.5,0.105661208282285,2025-07-20
"704","convex.rugged","convex","rugged","CR02",7,21,96,17.1563541666667,12.5,15.655,26.38,0.438199493937019,19.49,6.5,13.75,47.25,1.3536703759934,18.0885416666667,6.19,13.595,39,1.17679579064359,6.20833333333333,5.1,5.75,8.6,0.116582049514519,2025-07-21
"705","convex.rugged","convex","rugged","CR02",7,22,96,18.8052083333333,14.62,18.03,26.75,0.365151614124208,20.4845833333333,9.06,15.535,46.88,0.992245823618474,19.0617708333333,8.62,15.345,38.56,0.841332172478377,6.10520833333333,5.1,5.75,8.5,0.08958199458404,2025-07-22
"706","convex.rugged","convex","rugged","CR02",7,23,96,16.009375,12.19,14.905,24,0.378626436404404,15.556875,3.75,9.935,42.25,1.16029839923794,14.599375,3.06,9.845,35.81,1.05460965810857,5.765625,4.7,5.3,8.2,0.103086449466438,2025-07-23
"707","convex.rugged","convex","rugged","CR02",7,24,96,15.5532291666667,11.12,15.155,23.56,0.359502808921744,13.5677083333333,2.25,11,35.25,0.984037182821212,13.031875,1.62,10.75,32.5,0.968997552552673,5.84583333333333,4.6,5.35,10.4,0.138783220036655,2025-07-24
"708","convex.rugged","convex","rugged","CR02",7,25,96,13.79875,9.38,12.81,24.5,0.412618729590371,14.65,2,9.845,45.5,1.31341298237862,14.2238541666667,1.5,10,38.88,1.20768112195231,8.87604166666667,8,8.75,10.3,0.0676151518053089,2025-07-25
"709","convex.rugged","convex","rugged","CR02",7,26,96,15.8173958333333,10.62,15.125,24.75,0.416238330134914,16.55875,3.12,12.81,45.81,1.2187666800478,15.3665625,2.62,12.655,38,1.10765216003686,7.37083333333333,6.3,7.15,10,0.0936810175058729,2025-07-26
"710","convex.rugged","convex","rugged","CR02",7,27,96,15.8732291666667,10.38,14.44,27.12,0.50827267026855,18.0247916666667,2,10.375,48.94,1.63947997999557,16.498125,1.44,10.5,40.75,1.43039245406376,6.95625,5.7,6.4,9.5,0.130710042198673,2025-07-27
"711","convex.rugged","convex","rugged","CR02",7,28,96,17.3144791666667,10.88,15.75,27.5,0.563419966408773,18.8496875,1.12,11.53,49.06,1.73530586219708,17.3004166666667,0.38,11.815,42.69,1.53529749472059,6.44375,4.9,5.9,9,0.144957741119701,2025-07-28
"712","convex.rugged","convex","rugged","CR02",7,29,96,17.7451041666667,12.5,16.59,27.62,0.448143318700958,18.239375,4.25,12.25,48.25,1.32619885198675,17.1114583333333,3.62,12.16,41.75,1.1860848167503,6.01354166666667,4.8,5.65,8.8,0.112240146205899,2025-07-29
"713","convex.rugged","convex","rugged","CR02",7,30,96,16.5966666666667,12.25,16,24.44,0.372440141978178,16.6003125,4,12.66,44.62,1.15810272335043,15.9301041666667,3.38,12.75,38.88,1.08410449436867,5.73333333333333,4.6,5.4,8.1,0.0976889382426217,2025-07-30
"714","convex.rugged","convex","rugged","CR02",7,31,96,16.0230208333333,11.69,14.56,26.12,0.414380829582229,18.8836458333333,5.25,12.47,46.81,1.31301555555075,18.5133333333333,4.94,13.53,40.19,1.12345872653779,7.50520833333333,6.5,7.2,9.4,0.0870492121308536,2025-07-31
"715","convex.rugged","convex","rugged","CR02",8,1,96,16.7997916666667,12.75,15.97,26.38,0.384880619995853,16.6383333333333,5.81,12.285,46.62,1.07772463432312,15.9279166666667,5.25,12.465,40.38,0.984922462402216,6.20520833333333,5.3,5.9,9,0.0907735976722126,2025-08-01
"716","convex.rugged","convex","rugged","CR02",8,2,96,15.7047916666667,11,14.5,22.5,0.401672325954708,15.6233333333333,2.5,10.25,42.12,1.28079042606395,14.675625,1.75,9.905,37.75,1.18293124635689,5.91145833333333,4.8,5.5,8.1,0.106456788363837,2025-08-02
"717","convex.rugged","convex","rugged","CR02",8,3,96,15.3414583333333,10.44,14.185,24.81,0.441666153074015,15.8486458333333,1.94,10.375,45.19,1.38318464075988,14.8335416666667,1.38,10.435,38.56,1.23952373935327,5.76979166666667,4.6,5.35,8.3,0.117597661836639,2025-08-03
"718","convex.rugged","convex","rugged","CR02",8,4,96,17.7247916666667,12.75,16.44,25.38,0.440695945306733,19.831875,4.69,11.91,45.38,1.39515167156752,18.5392708333333,4.12,11.655,39.69,1.2444402342404,5.93645833333333,4.6,5.4,8.1,0.116961905176117,2025-08-04
"719","convex.rugged","convex","rugged","CR02",8,5,96,16.6952083333333,11.44,15.28,25.38,0.469266667986849,16.436875,2.5,11.815,44.25,1.35439529227263,15.3921875,1.94,12.25,38.19,1.21699670964904,5.509375,4.3,5.1,8,0.118220338858154,2025-08-05
"720","convex.rugged","convex","rugged","CR02",8,6,96,17.4938541666667,11.88,16,26.75,0.500126351793813,18.9082291666667,3.12,11.41,45.81,1.57205110315741,17.5764583333333,2.56,11.155,40,1.40151561115639,5.59583333333333,4.2,5.05,8,0.134302263395731,2025-08-06
"721","convex.rugged","convex","rugged","CR02",8,7,96,17.8621875,12.19,16.595,26.88,0.482305483087119,18.2510416666667,2.69,12.47,45,1.43476204151462,17.0673958333333,2.06,12.53,38.38,1.29177990939463,5.39791666666667,4,4.95,7.8,0.122715788874868,2025-08-07
"722","convex.rugged","convex","rugged","CR02",8,8,96,17.8713541666667,14,16.06,25.56,0.391825535709489,18.9784375,8.31,13.03,42.62,1.05924394097581,17.7248958333333,8.06,13.38,36.38,0.836942351590468,5.378125,4.5,4.85,7.4,0.0948359979237472,2025-08-08
"723","convex.rugged","convex","rugged","CR02",8,9,96,16.648125,10.81,15.685,25.56,0.485450263783486,14.4738541666667,-0.75,9.56,41.75,1.42821337729764,12.6516666666667,-1.62,8.905,36.12,1.27728663774846,4.90833333333333,3.6,4.55,7.2,0.122909418460095,2025-08-09
"724","convex.rugged","convex","rugged","CR02",8,10,96,16.1289583333333,10.12,15.09,25.62,0.504708063940221,14.6859375,-0.62,9.315,42.62,1.50906558443189,12.8707291666667,-1.5,8.875,36.12,1.34307886540649,4.884375,3.5,4.45,7.4,0.13289397011026,2025-08-10
"725","convex.rugged","convex","rugged","CR02",8,11,96,17.2996875,11.44,15.685,26.25,0.52306023128411,17.2313541666667,1.81,9.72,43.94,1.5660593537784,15.8515625,1,9.625,39,1.42698667551873,5.0625,3.7,4.5,7.5,0.137699217722555,2025-08-11
"726","convex.rugged","convex","rugged","CR02",8,12,96,18.1386458333333,12.38,16.595,27.38,0.512495113793388,18.9303125,3.5,12.185,46.62,1.53257558593487,17.65625,2.75,12.035,42.12,1.38800025950817,5.17291666666667,3.8,4.6,7.7,0.135768436493735,2025-08-12
"727","convex.rugged","convex","rugged","CR02",8,13,96,18.9332291666667,13.62,17.5,27.19,0.465919377268055,20.0051041666667,5.75,14.625,45,1.35768005489686,19.0840625,5.31,14.565,40.81,1.25114533999891,5.21458333333333,4,4.85,7.4,0.118182314988425,2025-08-13
"728","convex.rugged","convex","rugged","CR02",8,14,96,17.6107291666667,13.38,16.685,25.19,0.371232042060554,18.1822916666667,6.69,13.065,43.38,1.12944433511443,17.665625,6.25,13.315,38.81,1.03727099367003,5.00833333333333,4,4.6,7.3,0.104321814284801,2025-08-14
"729","convex.rugged","convex","rugged","CR02",8,15,96,17.4172916666667,13.38,17.25,25.38,0.339839051145508,16.614375,5.44,16.47,42.88,0.877762054293949,16.4,5,16.97,37.5,0.835426157140826,4.96875,4,4.9,7.2,0.0789502466580594,2025-08-15
"730","convex.rugged","convex","rugged","CR02",8,16,96,15.27375,12.38,14.685,21.88,0.265615317160977,15.8155208333333,7.5,11.97,38.5,0.907180262046253,15.5189583333333,7.38,11.78,35.25,0.84009312452636,5.89166666666667,5.2,5.7,7.5,0.0617306448582864,2025-08-16
"731","convex.rugged","convex","rugged","CR02",8,17,96,15.0910416666667,12.12,14.62,21.5,0.258289603507324,13.246875,5.38,12.405,28.5,0.678809834888085,12.9627083333333,5,12.22,28.88,0.669176167361168,5.72916666666667,4.5,5.1,8.4,0.125349657158317,2025-08-17
"732","convex.rugged","convex","rugged","CR02",8,18,96,13.8717708333333,9.56,12.685,23.88,0.417835509553313,14.8498958333333,2.38,8.845,43.81,1.34746470427679,14.2844791666667,2.12,8.81,39.12,1.23614165100731,6.790625,5.9,6.5,8.6,0.0857254660954416,2025-08-18
"733","convex.rugged","convex","rugged","CR02",8,19,96,16.0786458333333,10.25,14.47,26.38,0.517654409962212,18.1546875,1.62,9.94,47.75,1.67779562428407,17.2590625,1.12,10,42.5,1.54289038022715,5.95833333333333,4.5,5.4,8.4,0.137726421762355,2025-08-19
"734","convex.rugged","convex","rugged","CR02",8,20,96,18.2459375,13.81,16.685,26.25,0.43522114710651,21.1564583333333,7.06,13.06,47.94,1.38277453556601,20.3320833333333,6.69,13.405,41.75,1.25192473672267,5.76041666666667,4.6,5.15,8,0.116955899308419,2025-08-20
"735","convex.rugged","convex","rugged","CR02",8,21,96,18.8490625,14.62,17.97,26.5,0.35027107541827,20.1409375,8.5,16.56,44.88,0.996258406798546,19.3407291666667,8,16.375,39.88,0.893427711425875,5.7875,4.5,5.9,7.7,0.0952173183790546,2025-08-21
"736","convex.rugged","convex","rugged","CR02",8,22,96,16.9770833333333,11.69,15.75,25.88,0.463307874710765,17.9820833333333,2.62,11.715,44.94,1.49845520538936,17.0883333333333,2.12,11.655,40.31,1.38448853424721,5.509375,4.2,5.05,7.8,0.126283568795814,2025-08-22
"737","convex.rugged","convex","rugged","CR02",8,23,96,18.0060416666667,13.06,16.815,25.94,0.431535596485802,18.7761458333333,5.38,12.78,42.88,1.34307939708768,17.933125,5,12.97,40,1.24103786603119,5.35416666666667,4.2,4.9,7.5,0.116198150733642,2025-08-23
"738","convex.rugged","convex","rugged","CR02",8,24,96,17.4695833333333,13.38,17.44,24.38,0.316396927476191,16.7598958333333,6.12,15.56,39.25,0.865491956427192,16.3527083333333,5.38,15.44,35.69,0.83516909832006,5.07395833333333,4.1,5,7,0.0774914368736488,2025-08-24
"739","convex.rugged","convex","rugged","CR02",8,25,96,15.6513541666667,13.5,15.41,18.62,0.155525609937105,15.0658333333333,9.31,13.25,28.12,0.523772806869901,14.5704166666667,8.94,12.75,27,0.495886675223022,5.58229166666667,4.7,5,8.5,0.124604592081071,2025-08-25
"740","convex.rugged","convex","rugged","CR02",8,26,96,13.6854166666667,11.19,13.185,18.62,0.213801428442594,12.0392708333333,5.75,10.47,27.94,0.589231458349424,11.2552083333333,5.38,10.12,25.38,0.519039978752243,7.79479166666667,6.9,7.4,10.1,0.0960784788833179,2025-08-26
"741","convex.rugged","convex","rugged","CR02",8,27,96,15.2286458333333,13.25,14.75,18.94,0.178802033267786,14.78625,11.25,12.97,27.88,0.40167670102848,13.9589583333333,10.88,12.41,24.19,0.341585874460359,10.0104166666667,8.5,9.4,13.3,0.161933758161057,2025-08-27
"742","convex.rugged","convex","rugged","CR02",8,28,96,13.2183333333333,11.38,12.685,17.25,0.176169691587169,12.3644791666667,7,10.25,26,0.493890655510604,11.4851041666667,6.38,9.655,23.75,0.442982886356889,26.6395833333333,13.5,26.7,28,0.140124311716126,2025-08-28
"743","convex.rugged","convex","rugged","CR02",8,29,96,13.099375,9.56,12.345,18.5,0.298032650561039,13.1088541666667,3.75,8.815,32.94,0.893008564007181,12.3414583333333,3,8.06,30,0.851066616375029,25.3260416666667,24.9,25.2,26.5,0.0402907413852645,2025-08-29
"744","convex.rugged","convex","rugged","CR02",8,30,96,12.7271875,8.5,11.44,20.25,0.380480902508646,13.0282291666667,2.12,7.125,34.88,1.18934188637784,12.2340625,1.38,6.935,31.5,1.10889332157926,23.2666666666667,22.9,23.15,24.9,0.0453704698252481,2025-08-30
"745","convex.rugged","convex","rugged","CR02",8,31,96,13.5275,8.31,12.095,22.12,0.455878561853806,13.9702083333333,0.38,7,40.38,1.43083912151171,12.9426041666667,-0.44,6.72,35.69,1.32225951487085,21.1427083333333,20.6,21,22.8,0.0512078836718156,2025-08-31
"746","convex.rugged","convex","rugged","CR02",9,1,96,14.4370833333333,9.38,13.41,22,0.421052120910692,15.1441666666667,1.62,8.94,42.38,1.35528141431524,14.3639583333333,0.81,8.88,38.25,1.2747894088138,19.4583333333333,18.8,19.4,21.2,0.0567130872815601,2025-09-01
"747","convex.rugged","convex","rugged","CR02",9,2,96,15.3394791666667,10.38,14.185,22.75,0.420253744616098,17.0322916666667,2.88,10.87,42.5,1.39343918908072,16.1777083333333,2.25,11.25,37.94,1.28688992937726,18.1104166666667,17.4,18,20,0.0657693865533376,2025-09-02
"748","convex.rugged","convex","rugged","CR02",9,3,96,15.5352083333333,10.5,14.185,23.12,0.436721010224146,16.6455208333333,2.5,9.625,42.5,1.46272583253993,15.6428125,1.88,9.5,37.5,1.34675785720586,16.8375,16.1,16.65,18.6,0.0684933406930794,2025-09-03
"749","convex.rugged","convex","rugged","CR02",9,4,96,15.7036458333333,11,14.56,23.06,0.4056293874899,15.7377083333333,3,10.34,41.62,1.28934753728836,14.9165625,2.56,10.06,37.88,1.18093657847116,15.5510416666667,14.8,15.4,17.4,0.0665733138883443,2025-09-04
"750","convex.rugged","convex","rugged","CR02",9,5,96,14.2898958333333,10.19,13.31,21.19,0.353320883639231,14.1369791666667,2.38,9.065,38,1.20057510999199,13.2516666666667,1.62,8.875,33.56,1.10563189111701,14.484375,13.8,14.3,15.5,0.0587390923991612,2025-09-05
"751","convex.rugged","convex","rugged","CR02",9,6,96,14.2515625,9.94,13.53,21.06,0.344281393990955,13.0103125,0.81,8,36.69,1.10303895858101,12.2536458333333,0.25,7.59,31.5,1.04157652016731,13.41875,12.7,13.25,15,0.0623781707347252,2025-09-06
"752","convex.rugged","convex","rugged","CR02",9,7,96,13.2551041666667,10.38,13.12,17.19,0.186060497305882,12.2539583333333,3,11.815,27.56,0.632430938590917,11.9926041666667,2.62,11.56,26,0.629614112617272,14.0104166666667,11.9,12.6,31.6,0.493893587086831,2025-09-07
"753","convex.rugged","convex","rugged","CR02",9,8,96,12.3282291666667,9.25,11.53,19.12,0.267840617489227,13.3175,4.62,9.25,32.62,0.880273855912755,12.795,4.19,9.25,30.06,0.820182786110254,27.2625,26.6,27.2,28.6,0.0348948923020538,2025-09-08
"754","convex.rugged","convex","rugged","CR02",9,9,96,12.9764583333333,10,12.25,19.06,0.28031940503892,13.063125,4.12,9.28,29.88,0.779127032191585,12.821875,3.5,9.59,28.38,0.758804119034416,24.7677083333333,24.1,24.7,26.5,0.0488574455096165,2025-09-09
"755","convex.rugged","convex","rugged","CR02",9,10,96,12.2653125,9.12,11.285,18.12,0.28772763502051,13.0510416666667,4.62,8.44,31.62,0.943794453805677,12.6728125,4.12,8.155,31,0.92579241429533,22.9270833333333,22.4,22.9,24,0.0289236429220636,2025-09-10
"756","convex.rugged","convex","rugged","CR02",9,11,96,12.6084375,8.75,11.75,18.06,0.31471043945903,13.1165625,2.88,10.065,34.06,0.933685500932656,12.8326041666667,2.44,10.37,30.19,0.895472545603517,20.878125,20.3,20.8,22.4,0.0442333109820935,2025-09-11
"757","convex.rugged","convex","rugged","CR02",9,12,96,13.1995833333333,10.62,12.44,17.31,0.217463190909599,14.2742708333333,7.88,11.31,27.12,0.612566389971425,13.9804166666667,7.5,11.935,26.12,0.550664668486987,18.9572916666667,18.5,18.9,20.4,0.0382095099208536,2025-09-12
"758","convex.rugged","convex","rugged","CR03",6,26,95,16.2458947368421,10.38,15.62,24.44,0.470847404917464,14.4975789473684,0,10.12,41.12,1.32070322741761,12.73,-1.56,9.88,34.44,1.21655019563495,3.83578947368421,2.7,3.5,6.2,0.109021051517921,2025-06-26
"759","convex.rugged","convex","rugged","CR03",6,27,96,17.3097916666667,10.94,16.06,26.62,0.541496322320834,17.0571875,1.5,11,42.44,1.43602741280649,14.7576041666667,0.12,10.5,34.19,1.24573870800174,4.04166666666667,2.7,3.5,6.4,0.124249207229165,2025-06-27
"760","convex.rugged","convex","rugged","CR03",6,28,96,18.6058333333333,11.94,17.375,28.56,0.55312411495948,18.6314583333333,2.88,13.5,43.62,1.46846526713137,15.9075,1.44,13,34.56,1.23893789402987,4.06875,2.7,3.6,6.4,0.130209956130238,2025-06-28
"761","convex.rugged","convex","rugged","CR03",6,29,96,19.6852083333333,12.25,18.56,29.75,0.604654823584067,19.2042708333333,2.38,13.16,44.62,1.56784364671471,16.3042708333333,0.75,12.715,35.38,1.30727383694244,4.04166666666667,2.6,3.5,6.4,0.138504438673148,2025-06-29
"762","convex.rugged","convex","rugged","CR03",6,30,96,20.0555208333333,12.5,18.78,30.25,0.627171925661167,19.3348958333333,1.81,12.88,47.31,1.67642097355871,16.4305208333333,0.12,12.815,37.81,1.43682694670449,3.890625,2.4,3.3,6.5,0.148686339208097,2025-06-30
"763","convex.rugged","convex","rugged","CR03",7,1,96,20.8836458333333,14,19.905,30.12,0.544318927405867,19.8132291666667,4.38,16.125,47.06,1.37967786011547,17.5579166666667,2.94,15.06,39.25,1.24010776021459,3.76770833333333,2.4,3.3,6.3,0.121652499700908,2025-07-01
"764","convex.rugged","convex","rugged","CR03",7,2,96,17.2646875,11.94,16.75,26.25,0.412558553875142,15.2739583333333,5.75,12.84,38.19,0.862991742341806,14.2488541666667,4.75,12.31,33.25,0.804981023937173,6.61770833333333,4.6,6.5,7.8,0.0536598037932367,2025-07-02
"765","convex.rugged","convex","rugged","CR03",7,3,96,16.2889583333333,13.25,16.03,21.5,0.264039532159729,15.4325,7.88,14.53,31.25,0.631793881556263,14.22875,6.88,13.815,27.31,0.570818553720821,5.77395833333333,5.1,5.7,7.4,0.0612237195976712,2025-07-03
"766","convex.rugged","convex","rugged","CR03",7,4,96,16.28125,12.25,15.815,21.75,0.320129779398754,15.44,5.75,12.5,32.12,0.769137019253374,14.2754166666667,4.88,11.91,31,0.717713931623317,5.59479166666667,3.7,5.35,7.4,0.103971253108507,2025-07-04
"767","convex.rugged","convex","rugged","CR03",7,5,96,14.9877083333333,9.56,13.94,22.5,0.444619896780727,14.7764583333333,5.12,10.97,31.75,0.916094063334362,13.5761458333333,4.06,10.47,30.38,0.850445721240417,9.93020833333333,6.5,9.9,11.1,0.0981754582151784,2025-07-05
"768","convex.rugged","convex","rugged","CR03",7,6,96,16.4089583333333,9,14.78,29.12,0.658677211085049,17.2904166666667,3.25,11.25,41.88,1.39698217124236,15.0854166666667,2,10.845,34.38,1.18356300202037,9.96770833333333,9,9.7,11.9,0.0881647032207666,2025-07-06
"769","convex.rugged","convex","rugged","CR03",7,7,96,18.7476041666667,10.38,17.435,30,0.687782091166702,18.5983333333333,2.38,11.75,44.31,1.55103618213893,15.9391666666667,0.56,10.565,36.19,1.36741789633468,10.003125,9.2,9.8,11.4,0.0685125984860872,2025-07-07
"770","convex.rugged","convex","rugged","CR03",7,8,96,19.3055208333333,12.25,18.905,29.62,0.551221766389033,18.4304166666667,4,13.28,42.12,1.29935612358268,16.7415625,2.25,12.875,36.75,1.23151836578506,8.80729166666667,7.8,8.7,10.6,0.0750328114143585,2025-07-08
"771","convex.rugged","convex","rugged","CR03",7,9,96,19.0955208333333,11.62,17.935,30.5,0.629822201828805,20.0585416666667,3.06,12.56,47.75,1.65552743741515,17.7338541666667,1.38,12.62,39,1.4657253186951,8.06458333333333,6.8,7.75,9.8,0.102885764946639,2025-07-09
"772","convex.rugged","convex","rugged","CR03",7,10,96,21.3552083333333,14.62,19.72,31,0.590913468803432,21.9096875,7.19,14.41,45.5,1.45462747275664,19.0080208333333,5.44,14,35.94,1.19828179823357,7.35208333333333,6.2,6.9,9,0.10159883234525,2025-07-10
"773","convex.rugged","convex","rugged","CR03",7,11,96,20.5735416666667,13,19.655,30.5,0.596535170857046,19.1654166666667,2.62,12.81,45.25,1.54119485371574,16.1447916666667,0.75,12.06,35.81,1.32807205088811,6.315625,5,5.95,8.2,0.113519533493796,2025-07-11
"774","convex.rugged","convex","rugged","CR03",7,12,96,20.7340625,13.56,19.78,30.81,0.586471301292385,20.3690625,4.38,14.185,47.38,1.55709708734959,17.3211458333333,2.69,13.345,37.69,1.30632637332168,5.65729166666667,4.3,5.15,7.9,0.127352811426432,2025-07-12
"775","convex.rugged","convex","rugged","CR03",7,13,96,21.5155208333333,13.88,20.25,32.12,0.63349823920385,21.4015625,4.5,14,49.38,1.6763932234568,18.3642708333333,2.88,13.435,40.5,1.41831650379231,5.09479166666667,3.6,4.45,7.6,0.146489399889449,2025-07-13
"776","convex.rugged","convex","rugged","CR03",7,14,96,22.1080208333333,14.38,20.845,32.19,0.636831789803401,21.4476041666667,4.38,14.5,50,1.63869727051806,18.4988541666667,2.62,13.75,39.88,1.40626988773299,4.475,2.9,3.9,7.2,0.149406721472137,2025-07-14
"777","convex.rugged","convex","rugged","CR03",7,15,96,21.2829166666667,14.94,21.125,31.12,0.484871635134991,18.4346875,5.88,15.5,44.25,1.11711503782913,16.7575,4.25,14.655,37.25,1.01864170396299,3.71458333333333,2.5,3.5,6.2,0.105838124977866,2025-07-15
"778","convex.rugged","convex","rugged","CR03",7,16,96,17.8184375,11.5,16.5,29.25,0.563182399485691,17.5934375,3.5,11.625,44.81,1.46053442535064,15.218125,2.19,11.06,35.88,1.21349449460309,5.06354166666667,3.9,4.7,6.9,0.0866420316497242,2025-07-16
"779","convex.rugged","convex","rugged","CR03",7,17,96,19.8009375,12.75,18.81,28.88,0.57608930149085,18.7394791666667,3.5,13,43.25,1.47767442175398,16.4641666666667,1.62,12.405,36.38,1.33826651807172,3.86354166666667,2.4,3.35,6.2,0.13762649517701,2025-07-17
"780","convex.rugged","convex","rugged","CR03",7,18,96,19.985625,13.88,19.5,28.25,0.472436522527612,18.0863541666667,5,14.69,42.88,1.15412799466333,16.3278125,3.44,14.25,36.75,1.08083270979359,3.54895833333333,2.3,3.25,6,0.110053762695691,2025-07-18
"781","convex.rugged","convex","rugged","CR03",7,19,96,17.7440625,12.94,17.25,24.31,0.379303972963967,15.8188541666667,5.94,12.44,39.62,0.966795244811521,14.3123958333333,4.81,11.5,32.38,0.844987474535939,3.38125,2.4,3,5.7,0.101828809084901,2025-07-19
"782","convex.rugged","convex","rugged","CR03",7,20,96,17.0186458333333,11.25,16.185,25.25,0.458282970593259,16.7010416666667,2.75,10.84,40.56,1.29770644910623,15.0575,1.38,10.465,35.69,1.18488905950445,3.67916666666667,2.4,3.25,5.8,0.116941249557003,2025-07-20
"783","convex.rugged","convex","rugged","CR03",7,21,96,19.4652083333333,13.38,18.06,28.62,0.526452314095791,20.3654166666667,6.38,14.19,45.88,1.38963951463272,18.1777083333333,5.12,13.31,38.75,1.21683224491399,3.86145833333333,2.6,3.25,6.4,0.132365206110755,2025-07-21
"784","convex.rugged","convex","rugged","CR03",7,22,96,21.3641666666667,16.19,20.655,28.56,0.413231400136146,21.1530208333333,9.75,16.28,38.94,0.968113785085526,19.1144791666667,8.38,15,36.06,0.853697117878688,3.67083333333333,2.5,3.3,5.3,0.0957188484741452,2025-07-22
"785","convex.rugged","convex","rugged","CR03",7,23,96,18.9136458333333,13.31,17.625,27.75,0.503028854980308,17.4048958333333,4,11.31,42.62,1.28278038037372,14.978125,2.38,10.12,35.69,1.09321213403939,3.26666666666667,1.8,2.65,5.8,0.128764938382796,2025-07-23
"786","convex.rugged","convex","rugged","CR03",7,24,96,18.1291666666667,12.12,18.12,27.06,0.44955944971762,14.6316666666667,2.62,12.125,38.12,1.05240150044014,13.1008333333333,0.94,11.06,32.62,1.01179985177825,3.05208333333333,1.7,2.65,6.1,0.129827645248461,2025-07-24
"787","convex.rugged","convex","rugged","CR03",7,25,96,15.8695833333333,9.25,14.625,27.69,0.586201661993031,16.3746875,2.31,10.87,45,1.42746963553539,14.7255208333333,1.19,11.185,37.75,1.24378894516996,5.45833333333333,4.5,5.05,7.8,0.104279763165477,2025-07-25
"788","convex.rugged","convex","rugged","CR03",7,26,96,17.5957291666667,11.25,16.875,27.06,0.489355079187018,16.3984375,2.88,13.03,37.81,1.17107832232532,14.7080208333333,1.38,12.155,34.62,1.12519791260884,4.421875,3.1,4.2,6.7,0.107750148827593,2025-07-26
"789","convex.rugged","convex","rugged","CR03",7,27,96,17.66625,10.5,16.22,29.75,0.624557883099802,18.314375,1.62,10.53,47.25,1.6552435410231,15.9885416666667,0.06,10.25,39.44,1.45946674486529,4.41458333333333,2.9,3.8,7.4,0.156657655349275,2025-07-27
"790","convex.rugged","convex","rugged","CR03",7,28,96,19.6111458333333,11.25,18.345,30.81,0.675860771337021,19.5334375,1,11.935,49.25,1.7835690295228,17.0053125,-0.75,11.155,41.19,1.58903552587122,4.25208333333333,2.5,3.6,7.2,0.16797281504329,2025-07-28
"791","convex.rugged","convex","rugged","CR03",7,29,96,19.6296875,13.44,18.75,30.38,0.491926428253397,18.0486458333333,4.5,13.25,42.31,1.21185817358723,16.6725,2.94,12.12,38.25,1.19442285850208,3.65416666666667,2.4,3.25,6.1,0.112749884921039,2025-07-29
"792","convex.rugged","convex","rugged","CR03",7,30,96,18.3351041666667,12.69,17.875,25.19,0.439058302356576,17.0492708333333,4.62,13.405,43.62,1.17451824058782,15.7325,3.25,12.78,38.06,1.14518992142804,3.46041666666667,2.2,3.1,6.1,0.112609392883085,2025-07-30
"793","convex.rugged","convex","rugged","CR03",7,31,96,18.6725,12.75,16.685,30.06,0.55110642300166,20.9173958333333,5.62,13.715,47.62,1.44427716884813,19.2523958333333,4.5,14.47,40.38,1.16377368203608,4.29583333333333,2.8,3.7,6.8,0.133901612435644,2025-07-31
"794","convex.rugged","convex","rugged","CR03",8,1,96,19.3685416666667,14,19.06,29.75,0.45216879851461,17.365,6.5,13.185,41.62,1.03435050389715,15.9503125,4.81,12.845,38.06,1.00351899969257,2.96458333333333,1.4,2.7,5.8,0.0830606833579103,2025-08-01
"795","convex.rugged","convex","rugged","CR03",8,2,96,17.5751041666667,11.44,16.12,27.12,0.505741530329295,16.4414583333333,2.38,10.5,46.38,1.38150062209229,14.4503125,0.88,9.845,36.69,1.22096819912326,2.13854166666667,0.7,1.55,5.3,0.139653155815018,2025-08-02
"796","convex.rugged","convex","rugged","CR03",8,3,96,17.9794791666667,11.12,16.75,28.5,0.566686010437223,17.4220833333333,2.25,11.405,46.25,1.51815826438365,14.824375,0.88,10.845,37.69,1.28116726358882,2.22083333333333,0.7,1.65,5.3,0.154883350748818,2025-08-03
"797","convex.rugged","convex","rugged","CR03",8,4,96,20.3988541666667,13.88,19.03,29.62,0.545198436226529,20.8904166666667,4.88,12.535,47,1.44793887777991,18.5939583333333,3.5,11.685,41.38,1.26827622066786,2.49270833333333,0.9,1.8,5.2,0.146757683020634,2025-08-04
"798","convex.rugged","convex","rugged","CR03",8,5,96,19.716875,12.44,18.5,29,0.583101137606189,18.0734375,2.56,13.535,45.62,1.44809767702173,15.2519791666667,1,13.19,36.62,1.2119247108711,2.11875,0.5,1.65,5.1,0.15151510042862,2025-08-05
"799","convex.rugged","convex","rugged","CR03",8,6,96,19.9067708333333,12.44,18.535,30.5,0.611703142492259,19.9707291666667,2.94,12.25,47.69,1.66461413686971,17.5165625,1.38,11.185,40.12,1.46006792701366,2.19791666666667,0.4,1.5,5.2,0.170763116720689,2025-08-06
"800","convex.rugged","convex","rugged","CR03",8,7,96,20.1894791666667,12.81,19.22,29.81,0.574472266782696,18.6821875,2.94,12.87,46.12,1.46619137685955,16.5026041666667,1.38,12.25,37.38,1.33292626114461,1.97916666666667,0.4,1.45,4.9,0.148552346691671,2025-08-07
"801","convex.rugged","convex","rugged","CR03",8,8,96,20.3023958333333,15.12,18.53,28.88,0.466175432511206,20.1352083333333,8.5,13.75,41.5,1.12898575600511,17.4877083333333,7.62,13.685,32.31,0.821660565604462,2.06666666666667,0.9,1.4,4.5,0.122328170453701,2025-08-08
"802","convex.rugged","convex","rugged","CR03",8,9,96,17.9280208333333,11.25,17.125,28,0.524999720546953,14.3880208333333,-0.5,10.22,41.62,1.35312766040249,11.9702083333333,-2.38,8.25,34.62,1.24958281616522,1.43958333333333,0,1.05,4.3,0.13451895423957,2025-08-09
"803","convex.rugged","convex","rugged","CR03",8,10,96,17.2914583333333,10.12,16.315,27.5,0.565346811335297,15.2333333333333,-0.5,10,43.5,1.52782175428467,12.4666666666667,-2.25,8.31,36,1.36746324934314,1.67291666666667,0,1.15,4.7,0.155818996197586,2025-08-10
"804","convex.rugged","convex","rugged","CR03",8,11,96,18.8307291666667,11.5,17.38,29.25,0.607409444640445,18.0819791666667,2,10.87,47.12,1.61841727170292,15.5079166666667,0.31,9.75,37.88,1.4320029289507,2.13958333333333,0.4,1.4,5.3,0.169451379759326,2025-08-11
"805","convex.rugged","convex","rugged","CR03",8,12,96,20.2569791666667,12.88,18.875,30.5,0.605121365233536,20.2257291666667,3.88,13.19,47.56,1.61837313905364,17.6945833333333,2.38,12.095,40.19,1.42754039421653,2.54791666666667,0.9,1.85,5.6,0.166892254129136,2025-08-12
"806","convex.rugged","convex","rugged","CR03",8,13,96,20.8764583333333,14,19.845,29.88,0.542191176129742,20.3464583333333,5.25,14.69,46.06,1.40888606131002,18.4294791666667,3.75,13.625,40.38,1.29919441444709,2.61354166666667,1.1,2.15,5.3,0.141317576535495,2025-08-13
"807","convex.rugged","convex","rugged","CR03",8,14,96,19.8110416666667,14.19,19.06,28.25,0.453623701169182,19.2189583333333,7.12,14.25,43,1.21178476353667,17.65125,5.88,13.625,38.44,1.10980611403326,2.57916666666667,1.3,2.2,5.2,0.126386318333862,2025-08-14
"808","convex.rugged","convex","rugged","CR03",8,15,96,19.6891666666667,14.25,20.185,27.12,0.376221946750019,17.995625,6,17.5,42,0.940133410331476,16.9427083333333,4.62,17.56,37.62,0.910551710998765,2.85416666666667,1.7,2.8,5.1,0.0889623006428707,2025-08-15
"809","convex.rugged","convex","rugged","CR03",8,16,96,17.1015625,12.81,16.25,24,0.360652501022756,17.1984375,8.25,12.94,40.88,0.991559558510187,16.0215625,7.38,12.38,35.19,0.859789630636535,3.96458333333333,2.8,3.6,6.1,0.0886172922645693,2025-08-16
"810","convex.rugged","convex","rugged","CR03",8,17,96,16.1886458333333,12.5,15.56,23.62,0.315715062095599,13.266875,5.12,11.63,30.56,0.660095575756854,12.5722916666667,4,11.435,28.25,0.695258999436552,3.89375,2.8,3.55,6.1,0.097432078231048,2025-08-17
"811","convex.rugged","convex","rugged","CR03",8,18,96,14.0310416666667,8.88,13.06,24.31,0.464302804042119,14.908125,2.12,9.095,44.12,1.32987324050093,13.9923958333333,1.25,8.47,38.5,1.24148493381698,4.82604166666667,4,4.35,7.1,0.0947092132236587,2025-08-18
"812","convex.rugged","convex","rugged","CR03",8,19,96,16.9596875,9.88,15.655,28.19,0.588326377620125,17.9573958333333,1.19,10.19,48.25,1.65951563851958,16.7476041666667,-0.12,9.59,42.75,1.59563570585733,4.5,2.9,3.9,7.5,0.156776743710351,2025-08-19
"813","convex.rugged","convex","rugged","CR03",8,20,96,19.6502083333333,14.12,18.345,28.12,0.485841442692846,20.9041666666667,6.88,13.25,46.69,1.36104552712265,19.80375,5.5,12.31,41.31,1.31287912026577,4.62916666666667,3.3,4.05,7.1,0.125637991749153,2025-08-20
"814","convex.rugged","convex","rugged","CR03",8,21,96,20.3514583333333,15.75,19.685,28,0.37113593939154,19.975,9,17.31,38.06,0.908181586390987,18.946875,7.75,16.155,38.88,0.889642143121594,4.68333333333333,3.4,4.6,6.3,0.0944242324433438,2025-08-21
"815","convex.rugged","convex","rugged","CR03",8,22,96,18.5089583333333,12,17.655,28.25,0.529935850949977,18.5691666666667,2.75,12.565,45.56,1.50114101826749,16.9710416666667,1.25,12.19,39.62,1.40845191143462,4.45208333333333,2.9,4,7,0.139256950176695,2025-08-22
"816","convex.rugged","convex","rugged","CR03",8,23,96,19.73875,13.5,18.875,27.75,0.496973455157898,19.3252083333333,5.81,13.5,43.12,1.34864168165901,17.8854166666667,4.69,12.53,39,1.29201747853471,4.26770833333333,2.9,3.8,6.6,0.127178342037784,2025-08-23
"817","convex.rugged","convex","rugged","CR03",8,24,96,19.1848958333333,14.38,19.185,26.75,0.357201199961875,16.8563541666667,6.38,15.56,36.06,0.824209285078412,16.0041666666667,5,15.185,36.88,0.85907477344773,3.88645833333333,2.8,3.85,5.7,0.0790516679760479,2025-08-24
"818","convex.rugged","convex","rugged","CR03",8,25,96,16.791875,14.12,16.62,20.38,0.187881209699995,15.598125,9.5,14.06,30,0.549221145352392,14.6792708333333,8.5,13.12,27.25,0.512844690350665,4.09375,3.3,3.75,5.7,0.0762873793912595,2025-08-25
"819","convex.rugged","convex","rugged","CR03",8,26,96,14.1509375,11.25,13.655,18.75,0.237899114238311,12.10875,6,10.56,25.44,0.547756673992667,11.2625,5.12,10,23.75,0.540017381136778,5.52708333333333,4.6,4.95,8.1,0.105469700964957,2025-08-26
"820","convex.rugged","convex","rugged","CR03",8,27,96,15.715625,13.38,15.12,19.25,0.19592738386404,14.8898958333333,11.62,13.56,24.81,0.353726387681104,14.1017708333333,10.94,12.62,23.5,0.341688723981797,9.04166666666667,6.7,7.6,22.6,0.345604183224087,2025-08-27
"821","convex.rugged","convex","rugged","CR03",8,28,96,13.5580208333333,11.25,12.94,17.69,0.212592684626811,12.886875,7.75,10.78,28.25,0.479789160394457,11.7189583333333,6.5,9.815,25.62,0.457699613225353,29.7458333333333,22.6,29.2,35.9,0.16255172366203,2025-08-28
"822","convex.rugged","convex","rugged","CR03",8,29,96,13.3447916666667,9,12.685,19.5,0.345528706857226,13.3830208333333,4.19,9.53,31.5,0.845890259770367,12.3944791666667,2.75,8.25,29.12,0.85138721772938,27.0822916666667,26,27,28.2,0.0429451606567074,2025-08-29
"823","convex.rugged","convex","rugged","CR03",8,30,96,12.953125,7.62,12.09,20.5,0.432595373129522,13.0646875,2.38,7.965,31.88,1.07433885169917,12.08375,1,6.815,30.12,1.10077182102999,24.7635416666667,24.2,24.7,26,0.0383348528970365,2025-08-30
"824","convex.rugged","convex","rugged","CR03",8,31,96,13.6644791666667,7.38,12.685,22.5,0.504268857334941,13.7045833333333,0.88,8.03,36.62,1.271043551063,12.534375,-0.88,6.63,34.12,1.28862438394813,22.9489583333333,22.3,22.9,24.2,0.0492486261200006,2025-08-31
"825","convex.rugged","convex","rugged","CR03",9,1,96,14.7598958333333,8.75,14.25,22.12,0.460452401839177,14.7633333333333,2.12,9.75,36.88,1.20533256554664,13.9057291666667,0.5,8.37,36.88,1.26748882088561,21.521875,20.9,21.5,22.8,0.0473694680378932,2025-09-01
"826","convex.rugged","convex","rugged","CR03",9,2,96,16.1792708333333,10,15.5,24.25,0.47502472799881,16.983125,3.38,11.5,40.62,1.28915508771691,15.9117708333333,1.62,11.685,36.62,1.30217665275242,20.4270833333333,19.7,20.4,21.7,0.0545612316308569,2025-09-02
"827","convex.rugged","convex","rugged","CR03",9,3,96,16.6844791666667,10.25,15.75,25.25,0.510496100939448,16.7314583333333,2.88,10.53,40.38,1.36876670044419,15.3023958333333,1.12,9.44,36.88,1.35589180325077,19.2083333333333,18.4,19.05,20.5,0.0689785541720941,2025-09-03
"828","convex.rugged","convex","rugged","CR03",9,4,96,17.0992708333333,11,16.25,24.88,0.484651218520961,16.1278125,3.38,10.84,40.56,1.25714633688733,14.5083333333333,1.75,9.875,36,1.20568859689808,17.8875,17,17.8,19.5,0.0711473945720148,2025-09-04
"829","convex.rugged","convex","rugged","CR03",9,5,96,15.9089583333333,10.38,15.06,23.25,0.442973764597946,14.8552083333333,2.88,9.75,37,1.16894962390487,13.2239583333333,1.31,8.53,33.25,1.12088907262923,16.5635416666667,15.7,16.5,17.8,0.0650762001336157,2025-09-05
"830","convex.rugged","convex","rugged","CR03",9,6,96,15.5320833333333,10,14.91,22.62,0.421231249691158,13.6227083333333,1.5,8.97,36.12,1.09521669808819,12.0592708333333,-0.19,7.535,31.62,1.06404349441168,15.0604166666667,14.2,15,16.7,0.0704695897873354,2025-09-06
"831","convex.rugged","convex","rugged","CR03",9,7,96,15.0194791666667,10.88,14.72,19.94,0.276776295514246,13.5341666666667,3.31,12.56,33.88,0.765632760134918,12.2052083333333,1.88,11.655,28.62,0.689615818853733,15.540625,13,13.9,43.4,0.582130799578568,2025-09-07
"832","convex.rugged","convex","rugged","CR03",9,8,96,13.0601041666667,9.12,12.03,20.12,0.344673901782529,13.9789583333333,5.38,9.94,31.31,0.86172012134195,13.1923958333333,4.5,8.88,30.75,0.846298334865613,29.9875,28.3,30,31.1,0.0514749555864945,2025-09-08
"833","convex.rugged","convex","rugged","CR03",9,9,96,13.3638541666667,9.69,12.815,19.38,0.310816778042909,13.0254166666667,4.88,9.625,28.38,0.676798739109518,12.5475,3.31,9.625,27.38,0.723836104474177,26.734375,26,26.6,28.2,0.0463545670690375,2025-09-09
"834","convex.rugged","convex","rugged","CR03",9,10,96,12.5264583333333,8.62,11.44,18.62,0.340160758536889,13.1205208333333,5.12,8.47,29.25,0.868521042905188,12.5314583333333,3.81,7.785,29.5,0.915138111271202,24.9614583333333,24.2,24.9,25.8,0.02846087618035,2025-09-10
"835","convex.rugged","convex","rugged","CR03",9,11,96,12.97,8.31,12.405,18.75,0.352138236661823,13.0454166666667,3.5,10.625,32.5,0.842201713512084,12.6151041666667,2.44,10.66,29,0.876272232928541,22.9114583333333,22.3,22.8,24.1,0.038470477165017,2025-09-11
"836","convex.rugged","convex","rugged","CR03",9,12,96,13.7097916666667,10.75,13.06,17.94,0.245435701872517,14.1353125,8.38,11.5,27.31,0.564351532717695,13.6783333333333,7.12,11.815,25.81,0.550237661304757,21.2260416666667,20.7,21.15,22.3,0.0402090150837576,2025-09-12
